<?xml version="1.0" encoding="utf-8"?>
<COLLADA xmlns="http://www.collada.org/2005/11/COLLADASchema" version="1.4.1">
  <asset>
    <contributor>
      <author/>
      <authoring_tool>FBX COLLADA exporter</authoring_tool>
      <comments/>
    </contributor>
    <created>2026-10-02T09:24:23Z</created>
    <keywords/>
    <modified>2026-10-02T09:24:23Z</modified>
    <revision/>
    <subject/>
    <title/>
    <unit meter="0.001000" name="centimeter"/>
    <up_axis>Z_UP</up_axis>
  </asset>
  <library_materials>
    <material id="OpaqueFBXASC040240FBXASC044245FBXASC044247FBXASC041FBXASC032FBXASC0401FBXASC041" name="OpaqueFBXASC040240FBXASC044245FBXASC044247FBXASC041FBXASC032FBXASC0401FBXASC041">
      <instance_effect url="#OpaqueFBXASC040240FBXASC044245FBXASC044247FBXASC041FBXASC032FBXASC0401FBXASC041-fx"/>
    </material>
  </library_materials>
  <library_effects>
    <effect id="OpaqueFBXASC040240FBXASC044245FBXASC044247FBXASC041FBXASC032FBXASC0401FBXASC041-fx" name="OpaqueFBXASC040240FBXASC044245FBXASC044247FBXASC041FBXASC032FBXASC0401FBXASC041">
      <profile_COMMON>
        <technique sid="standard">
          <phong>
            <emission>
              <color sid="emission">0.000000  0.000000 0.000000 1.000000</color>
            </emission>
            <ambient>
              <color sid="ambient">0.941176  0.960784 0.968627 1.000000</color>
            </ambient>
            <diffuse>
              <color sid="diffuse">0.941176  0.960784 0.968627 1.000000</color>
            </diffuse>
            <specular>
              <color sid="specular">0.172877  0.172877 0.172877 1.000000</color>
            </specular>
            <shininess>
              <float sid="shininess">19.999998</float>
            </shininess>
            <transparency>
              <float sid="transparency">0.000000</float>
            </transparency>
          </phong>
        </technique>
      </profile_COMMON>
    </effect>
  </library_effects>
  <library_geometries>
    <geometry id="top_cover-lib" name="top_coverMesh">
      <mesh>
        <source id="top_cover-POSITION">
          <float_array id="top_cover-POSITION-array" count="4299">
-8.557449 -8.684730 4.597677
10.224886 -7.133941 4.515320
7.133941 10.224886 4.515320
-10.332031 7.065673 4.394004
2.251260 2.378540 6.609997
-0.074998 -10.342930 4.988882
10.321289 -0.074998 5.046171
-10.286368 0.074998 5.096481
0.074998 10.342930 4.988882
-6.849213 10.257477 4.383841
-6.931008 10.407280 0.690015
8.343820 -8.909585 1.841820
8.173750 9.291788 1.710180
-2.251260 -2.378540 6.609997
10.226552 -6.842955 4.438151
-7.176439 -10.258938 4.402244
-10.407280 -6.931008 0.690015
2.378540 -2.251260 6.609997
10.257476 6.849213 4.383841
-10.226552 6.842955 4.438151
6.842955 10.226552 4.438151
-6.903749 10.393293 4.447368
-10.377538 -6.941768 4.444438
10.393293 6.903749 4.447368
6.903749 -10.393293 4.447368
6.849213 -10.257476 4.383841
-6.931005 -10.407282 0.690015
-10.407282 6.931005 0.690015
-2.378540 2.251260 6.609997
10.407282 -6.931004 0.690015
10.407280 6.931008 0.690015
-5.761242 5.888519 6.489909
-10.257477 -6.849213 4.383841
6.931008 -10.407280 0.690015
-4.470244 7.638207 6.438783
6.783961 6.109713 6.438783
6.109713 -6.783961 6.438783
-6.996160 -6.996148 6.187709
5.761242 -5.888519 6.489909
-5.888519 -5.761242 6.489909
6.931004 10.407282 0.690015
3.274141 0.075001 6.309996
-8.350933 8.478209 4.109997
8.350933 -8.478209 4.109997
-6.842955 -10.226552 4.438151
5.888519 5.761242 6.489909
-7.053496 -10.171928 2.109997
-10.171928 7.053495 2.109997
8.478209 8.350933 4.109997
-6.870301 10.270073 2.109997
-10.270073 -6.870301 2.109997
0.074999 6.748525 6.516273
-0.074999 -6.748525 6.516273
-6.748525 0.074999 6.516273
10.171928 -7.053495 2.109997
8.686888 8.559613 4.584512
7.053495 10.171928 2.359997
8.478209 8.350933 2.259997
7.053495 10.171928 2.109997
8.557449 8.684730 4.597677
-8.463735 7.473468 5.485770
6.748525 -0.074999 6.516273
9.839763 6.830636 2.259997
-8.173750 -9.291788 1.710180
-9.291788 8.173750 1.710180
0.075002 -10.350000 2.359997
-0.075002 10.350000 2.359997
-4.079773 -10.421947 5.145958
-10.350000 -0.075002 2.359997
10.350000 0.075002 2.359997
4.079773 10.421947 5.145958
10.421947 -4.079773 5.145958
-3.274141 -0.075001 6.309996
-4.949418 10.290797 4.938445
4.949417 -10.290797 4.938445
-10.290797 -4.949418 4.938445
10.290797 4.949418 4.938445
-8.563061 -8.690343 2.359997
4.078561 10.284103 5.060926
0.075001 -3.274141 6.309996
-0.000001 3.100000 6.309996
6.671359 -10.330213 2.359997
-8.684730 8.557449 4.597677
8.684730 -8.557449 4.597677
10.270073 6.870301 2.109997
8.950900 -4.909429 5.747176
-8.950900 4.909429 5.747176
-8.559613 8.686888 4.584512
8.559613 -8.686888 4.584512
-5.928852 -4.610977 6.724915
-8.690344 8.563061 2.359997
8.690343 -8.563061 2.359997
-4.909429 -8.950900 5.747176
-10.350000 -4.762400 1.251798
10.349999 4.762400 1.251798
-4.579758 10.499999 1.343428
6.594069 9.937753 2.259997
-5.080803 -10.350001 1.000123
10.350001 -5.080802 1.000123
-10.500001 4.762396 1.251798
5.080802 10.350001 1.000123
5.080806 -10.499999 1.000123
10.402255 4.081513 5.165909
4.901803 -10.373996 5.083891
-8.361341 4.677206 6.187709
-5.928854 4.610975 6.724915
-4.677206 -8.361341 6.187709
-4.078561 -10.284103 5.060926
-4.081513 10.402255 5.165909
10.035868 -6.613391 4.109997
-10.171928 7.053495 3.959997
4.708144 -8.273722 6.056022
-4.708144 8.273722 6.056022
7.670368 -7.797644 5.529207
-10.050000 0.074998 3.959997
-10.402255 -4.081512 5.165909
-7.670368 7.797644 5.529207
10.050000 -0.074998 3.959997
8.273722 4.708144 6.056022
-8.273722 -4.708144 6.056022
4.677205 8.361341 6.187709
-0.074998 -10.050000 3.959997
8.361341 -4.677205 6.187709
4.909429 8.950900 5.747176
0.074998 10.050000 3.959997
-10.421947 4.079773 5.145958
-7.670365 -7.797647 5.529207
4.610975 5.928854 6.724915
5.928854 -4.610975 6.724915
-9.056967 -4.876301 5.868725
8.783503 8.645742 4.703746
8.645742 -8.783503 4.703746
6.613391 10.035868 4.109997
-6.613392 -10.035868 4.109997
3.048247 -0.564085 6.609997
10.284103 -4.078561 5.060926
-8.478209 -8.350933 4.109997
9.056877 4.876276 5.868771
-10.285105 4.950571 4.944946
10.330213 6.671360 3.959997
-10.330213 -6.671359 3.959997
6.886351 -9.922803 3.959997
-6.613395 10.035866 3.959997
6.745117 6.872399 6.126067
-8.645742 8.783503 4.703746
-6.830636 9.839763 2.109997
-9.839763 -6.830636 2.259997
-8.686888 -8.559613 4.584512
6.830636 -9.839763 2.259997
10.171928 -7.053495 2.359997
-7.053496 -10.171928 2.359997
-9.839766 6.830632 2.259997
-2.378539 -2.251261 6.609997
4.876276 -9.056877 5.868771
-2.251260 -2.378540 6.309996
2.378539 2.251261 6.309996
9.185721 -8.067684 1.710180
-10.330216 6.671356 2.359997
9.988108 0.075002 4.875149
-9.988108 -0.075002 4.875149
-1.246353 -3.028569 6.309996
0.075002 -9.913003 4.978035
9.839766 -6.830632 2.259997
6.870301 -10.270073 2.109997
-6.594070 -9.937753 2.259997
-0.075002 9.913003 4.978035
-1.246354 3.028568 6.309996
3.028568 1.246354 6.309996
-10.330213 -6.671359 2.359997
10.330213 6.671360 2.359997
7.473357 8.463600 5.485878
8.463600 -7.473357 5.485878
-2.747063 1.783051 6.309996
1.141093 2.882344 6.609997
-6.671360 10.330213 2.359997
-0.075001 6.748525 6.516273
6.582091 6.709373 5.888433
-8.396434 8.269151 4.589467
8.396433 -8.269151 4.589467
-9.601987 -7.771280 4.679708
-7.570250 4.499037 6.299052
-4.499037 -7.570250 6.299052
7.570250 -4.499037 6.299052
-8.343820 8.909585 1.841820
8.909585 8.343820 1.841820
-9.015651 -8.449886 1.841820
2.747062 -1.783051 6.309996
-6.109713 6.783961 6.438783
-6.748525 -0.075001 6.516273
6.748525 0.075001 6.516273
0.075001 -6.748525 6.516273
5.888521 -5.761240 6.489909
-5.761240 -5.888521 6.489909
0.075002 -10.342930 4.988882
-5.888521 5.761240 6.489909
-0.075002 10.342930 4.988882
-7.748020 0.074999 5.990272
-4.610975 -5.928854 6.724915
-9.922804 -6.886351 3.959997
9.922803 6.886352 3.959997
1.246354 -3.028568 6.309996
-10.035868 6.613392 4.109997
-6.671360 10.330213 3.959997
6.671359 -10.330213 3.959997
-5.805742 -5.678464 6.205308
10.171928 -7.053495 3.959997
-6.910126 8.874892 5.485770
4.610977 -5.928852 6.724915
5.928852 4.610977 6.724915
-4.610977 5.928852 6.724915
10.342930 0.075002 4.988882
-10.342930 -0.075002 4.988882
-6.647479 -10.419569 4.560683
4.470243 -7.638207 6.438783
7.638207 4.470243 6.438783
-2.251261 2.378539 6.309996
7.748020 0.075001 5.990272
2.378539 2.251261 6.609997
-0.075002 7.748020 5.990272
8.269151 8.396434 4.589467
0.075001 -6.629665 6.230468
-8.269151 -8.396433 4.589467
1.246353 3.028569 6.609997
10.500001 -4.388173 1.408899
4.388173 10.500001 1.408899
-4.388174 -10.500001 1.408899
5.761240 5.888521 6.489909
4.388177 -10.350000 1.408899
-3.028568 -1.246354 6.309996
-7.317011 10.148527 0.801044
10.148527 7.317011 0.801044
-10.148527 -7.317011 0.801044
-6.671356 -10.330216 3.959997
6.671356 10.330216 3.959997
-10.171928 7.053495 4.109997
10.171928 -7.053495 4.109997
-7.053496 -10.171928 4.109997
7.053495 10.171928 4.109997
-5.313157 10.349999 0.684997
7.797644 7.670368 5.529207
-7.638207 -4.470243 6.438783
2.251261 -2.378539 6.309996
0.074998 7.982817 6.232941
-5.805744 5.678462 6.205308
5.805744 -5.678462 6.205308
-10.350001 5.313153 0.684997
-10.349999 -5.313157 0.684997
10.349999 5.313157 0.684997
10.481748 -6.620563 4.446587
6.620563 10.481748 4.446587
4.285357 -6.851373 6.472679
-1.141093 -2.882344 6.609997
7.053499 -10.171925 4.109997
-10.171925 -7.053499 4.109997
10.171925 7.053499 4.109997
-7.053499 10.171925 4.109997
3.702645 8.469204 6.056022
-3.489921 6.239199 6.576028
-2.192031 2.192031 6.609997
2.594686 1.696351 6.609997
-7.797644 -7.670368 5.529207
6.239198 3.489921 6.576028
-6.239199 -3.489921 6.576028
-9.929961 7.535576 0.975806
9.929961 -7.535576 0.975806
7.535576 9.929961 0.975806
-7.535577 -9.929961 0.975806
2.192031 -2.192030 6.609997
5.805742 5.678465 6.205308
0.000000 -3.100000 6.609997
-6.582092 -6.709373 5.888433
7.317011 -10.148527 0.801044
-0.564086 3.048247 6.609997
-3.028569 1.246353 6.609997
-10.429456 6.535907 4.593923
8.874745 6.910030 5.485878
6.910030 -8.874745 5.485878
-3.100000 -0.000001 6.309996
-8.463733 -7.473472 5.485769
-6.239200 3.489918 6.576028
6.239200 -3.489918 6.576028
-3.489918 -6.239200 6.576028
5.463009 -8.756418 5.747176
-5.463009 8.756418 5.747176
6.745120 -6.872397 6.126067
-4.876301 9.056967 5.868725
-8.756418 -5.463009 5.747176
8.756418 5.463009 5.747176
-9.190425 4.308541 5.868725
4.308524 9.190333 5.868771
-7.797647 7.670365 5.529207
7.797647 -7.670365 5.529207
0.075001 -3.274141 6.609997
3.028569 -1.246353 6.609997
-7.924625 9.540913 1.496410
-9.540913 -7.924625 1.496410
9.540913 7.924625 1.496410
-5.320289 -7.300681 6.438783
7.924625 -9.540913 1.496410
-0.075001 3.274141 6.609997
-8.690344 8.563061 3.959997
8.690343 -8.563061 3.959997
8.563061 8.690344 3.959997
-2.251261 2.378539 6.609997
-2.594686 -1.696351 6.609997
-6.629665 -0.075001 6.230468
0.074999 6.629665 6.230468
6.629665 -0.074999 6.230468
6.671356 10.330216 4.109997
10.330216 -6.671356 4.109997
-6.671356 -10.330216 4.109997
-10.330216 6.671356 4.109997
-6.582094 6.709371 5.888433
6.582094 -6.709371 5.888433
4.929489 -10.492428 4.897517
10.373996 4.901804 5.083891
-4.901804 10.373996 5.083891
8.341846 -8.469122 4.382288
-8.341846 8.469122 4.382288
-8.563061 -8.690343 3.959997
-2.882344 1.141093 6.609997
3.206364 0.666976 6.609997
1.783051 2.747063 6.309996
-8.478209 -8.350933 2.259997
-0.075002 10.350000 4.109997
0.075002 -10.350000 4.109997
-10.350000 -0.075002 4.109997
10.350000 0.075002 4.109997
9.262820 -3.199998 5.883238
-10.350000 0.074998 4.109997
0.075002 -10.350000 3.959997
10.350000 0.075002 3.959997
0.074998 10.350000 4.109997
8.508796 -5.994939 5.747176
-5.994939 -8.508796 5.747176
-8.508796 5.994939 5.747176
-8.563061 -8.690343 4.109997
-8.690344 8.563061 4.109997
8.690343 -8.563061 4.109997
8.563061 8.690344 4.109997
-0.074999 -7.748020 5.990272
10.373998 -4.901800 5.083891
4.901800 10.373998 5.083891
8.563061 8.690344 2.359997
-8.640623 -8.778610 4.718749
3.489918 6.239200 6.576028
-3.199998 -9.262820 5.883238
-6.745120 6.872397 6.126067
-10.350001 4.388174 1.408899
10.499999 4.388177 1.408899
-10.499999 -4.388177 1.408899
7.178185 -10.259737 4.394575
10.259737 7.178185 4.394575
-7.178185 10.259737 4.394575
3.048246 0.564086 6.609997
-3.206364 -0.666976 6.609997
-0.074998 -10.034778 4.756625
-8.350933 8.478209 2.259997
8.350933 -8.478209 2.259997
-10.429454 -6.535911 4.593923
-4.930893 10.350000 1.136195
-1.246353 -3.028569 6.609997
-1.141094 2.882344 6.309996
5.994939 8.508796 5.747176
-6.609958 -9.794924 5.044935
-8.469122 -8.341846 4.382288
8.469122 8.341846 4.382288
-6.872397 -6.745120 6.126067
6.872397 6.745120 6.126067
2.251261 -2.378539 6.609997
0.074998 10.050000 2.259997
10.050000 -0.074998 2.259997
-0.074998 -10.050000 2.259997
-10.050000 0.074998 2.259997
5.313157 -10.349999 0.684997
-5.313153 -10.350001 0.684997
5.313153 10.350001 0.684997
10.350001 -5.313153 0.684997
-7.982817 -0.075001 6.232941
7.982817 0.075002 6.232941
3.200002 -9.160174 5.766486
-3.200002 9.160174 5.766486
-9.361622 -7.819711 4.623002
9.361622 7.819712 4.623002
-7.819712 9.361622 4.623002
7.819711 -9.361622 4.623002
-10.267550 -4.080015 5.077528
-4.080015 10.267550 5.077528
4.080015 -10.267550 5.077528
10.267550 4.080015 5.077528
4.762707 -4.889984 6.609997
10.157547 7.073948 0.739580
7.073948 -10.157547 0.739580
-7.073948 10.157547 0.739580
-10.157547 -7.073948 0.739580
8.690340 8.563064 3.959997
8.563064 -8.690340 3.959997
-8.690340 -8.563064 3.959997
-8.563064 8.690340 3.959997
-0.074998 -10.350000 4.109997
-10.350000 -0.075002 3.959997
10.350000 -0.074998 4.109997
-0.075002 10.350000 3.959997
1.141094 -2.882343 6.609997
-9.794923 6.609957 5.044936
6.609845 9.794706 5.045120
9.794706 -6.609845 5.045120
-9.160174 -3.200002 5.766486
9.160174 3.200002 5.766486
-6.594073 9.937751 2.259997
0.074998 10.034778 4.756625
-3.048247 -0.564086 6.609997
-6.997783 10.088885 2.259997
6.997783 -10.088885 2.259997
-10.088888 6.997779 2.259997
7.670365 7.797647 5.529207
-8.864392 5.442479 5.868725
8.864305 -5.442445 5.868771
5.442445 8.864306 5.868771
-6.872399 6.745117 6.126067
6.872399 -6.745117 6.126067
-6.745117 -6.872399 6.126067
6.830636 -9.839763 2.109997
10.330216 -6.671356 2.359997
-6.671356 -10.330216 2.359997
6.671356 10.330216 2.359997
-0.075002 7.982817 6.232941
0.075001 -7.982817 6.232941
7.982817 -0.074998 6.232941
-0.074999 -7.982817 6.232941
-7.982817 0.074999 6.232941
-10.492428 -4.929489 4.897517
0.074999 3.274141 6.309996
-9.839763 -6.830636 2.109997
9.839763 6.830636 2.109997
-6.830632 -9.839766 2.109997
6.830632 9.839766 2.109997
6.187030 -5.625079 6.618158
5.625079 6.187030 6.618158
-6.187030 5.625079 6.618158
9.922806 -6.886348 3.959997
-9.922806 6.886348 3.959997
6.886348 9.922806 3.959997
-6.886348 -9.922806 3.959997
-6.886352 9.922804 4.109997
6.613395 -10.035865 4.109997
10.035865 6.613395 4.109997
-10.035866 -6.613395 4.109997
-8.343817 -8.909588 1.841820
-8.611541 -5.998084 5.868725
-9.839766 6.830632 2.109997
9.839766 -6.830632 2.109997
-6.784181 -3.200001 6.662579
-10.171925 -7.053499 2.359997
10.171925 7.053499 2.359997
4.950570 10.285105 4.944946
-4.950571 -10.285105 4.944946
2.882344 -1.141093 6.309996
9.386739 7.925473 4.757433
7.925472 -9.386739 4.757433
-7.925473 9.386739 4.757433
10.285105 -4.950571 4.944946
-10.284103 4.078561 5.060926
-9.913003 0.074998 4.978035
9.913003 -0.074998 4.978035
8.909588 -8.343817 1.841820
-5.442479 -8.864392 5.868725
-4.924668 -10.497443 4.870464
-6.679017 -10.328677 0.684997
6.679016 10.328678 0.684997
10.328677 -6.679017 0.684997
-10.328678 6.679017 0.684997
-10.497443 4.924668 4.870464
-2.882344 1.141093 6.309996
10.492428 4.929489 4.897517
-4.929489 10.492428 4.897517
1.141094 -2.882343 6.309996
3.274141 -0.074999 6.609997
-3.274141 0.074999 6.609997
4.081512 -10.402255 5.165909
-3.199999 -6.784182 6.662579
10.336187 6.599103 4.379081
-6.599103 10.336187 4.379081
6.599103 -10.336187 4.379081
-10.336187 -6.599103 4.379081
-8.690340 -8.563064 2.359997
-8.563064 8.690340 2.359997
8.690340 8.563064 2.359997
8.563064 -8.690340 2.359997
-7.564486 -7.437210 5.367801
7.564486 7.437210 5.367801
-8.690340 -8.563064 4.109997
8.690340 8.563064 4.109997
8.563064 -8.690340 4.109997
-8.563064 8.690340 4.109997
-8.909589 8.343817 1.841820
8.343817 8.909589 1.841820
-0.074999 -3.274141 6.609997
-10.350000 0.074998 3.959997
-0.074998 -10.350000 3.959997
10.350000 -0.074998 3.959997
0.074998 10.350000 3.959997
2.594686 1.696351 6.309996
-7.564489 7.437207 5.367801
7.564489 -7.437207 5.367801
7.968816 5.665758 6.187709
5.665758 -7.968816 6.187709
5.678462 5.805744 6.205308
-5.678462 -5.805744 6.205308
-0.074998 -10.350000 2.359997
0.074998 10.350000 2.359997
10.350000 -0.074998 2.359997
-10.350000 0.074998 2.359997
6.632981 -10.462708 4.495646
10.462708 6.632981 4.495646
-6.632981 10.462708 4.495646
-1.696350 -2.594686 6.609997
-1.783052 2.747062 6.609997
10.497443 -4.924668 4.870464
4.924668 10.497443 4.870464
6.784181 3.200001 6.662579
3.200001 -6.784181 6.662579
-3.200001 6.784181 6.662579
-4.889984 -4.762707 6.609997
4.889984 4.762707 6.609997
-10.046898 7.198294 4.363100
-7.198294 -10.046898 4.363100
10.046898 -7.198294 4.363100
7.198294 10.046898 4.363100
6.679020 -10.328675 0.684997
-6.679021 10.328675 0.684997
-10.328675 -6.679020 0.684997
10.328675 6.679020 0.684997
-8.821130 -0.075002 5.594236
-9.359063 7.816214 4.628511
7.816214 9.359063 4.628511
-7.816214 -9.359063 4.628511
9.359063 -7.816214 4.628511
-5.678465 5.805742 6.205308
5.678464 -5.805742 6.205308
3.200001 -7.982816 6.232941
-3.200002 7.982816 6.232941
10.350001 -6.468479 2.109997
-10.350002 6.468479 2.109997
-6.468479 -10.350002 2.109997
6.468479 10.350002 2.109997
-7.133941 -10.224886 4.515320
-2.378539 -2.251261 6.309996
-7.473469 -8.463736 5.485769
3.206364 -0.666974 6.309996
-3.206364 0.666974 6.309996
-6.997780 -10.088887 2.259997
6.997779 10.088888 2.259997
10.088887 -6.997779 2.259997
-9.160175 3.199998 5.766486
-3.199998 -9.160175 5.766486
9.160175 -3.199998 5.766486
-3.200002 8.053408 6.368031
8.053408 3.200002 6.368031
3.200001 -8.053408 6.368031
-5.665758 7.968816 6.187709
-9.823895 7.429510 0.975806
7.429510 9.823895 0.975806
9.823895 -7.429510 0.975806
-7.429510 -9.823895 0.975806
-10.350001 5.080802 1.000123
-4.889986 4.762705 6.609997
4.762705 4.889986 6.609997
4.889986 -4.762705 6.609997
-4.762705 -4.889986 6.609997
3.199999 6.784182 6.662579
-6.784182 3.199999 6.662579
6.784182 -3.199999 6.662579
10.153824 -7.301975 4.420979
7.301975 10.153824 4.420979
8.053409 -3.199998 6.368031
3.199998 8.053409 6.368031
-8.053409 3.199999 6.368031
-3.199999 -7.982817 6.232941
-7.982817 3.199999 6.232941
7.982817 -3.199999 6.232941
1.696350 2.594686 6.609997
-10.479582 6.635584 4.443129
0.075002 -8.821130 5.594236
4.068714 -10.343508 4.947988
-4.068714 10.343508 4.947988
10.343508 4.068714 4.947988
-10.343508 -4.068714 4.947988
4.388177 -10.499999 1.408899
7.982816 3.200002 6.232941
-7.982816 -3.200001 6.232941
-0.564085 -3.048247 6.309996
-10.499999 -5.080806 1.000123
10.499999 5.080806 1.000123
-7.367910 6.583800 6.187709
6.583800 7.367910 6.187709
7.367910 -6.583800 6.187709
-6.620563 -10.481748 4.446587
8.821130 -0.074998 5.594236
0.074998 8.821130 5.594236
-10.481708 -6.633597 4.435363
9.604877 -7.775464 4.673222
7.775464 9.604877 4.673222
-9.604877 7.775464 4.673222
4.388173 10.350001 1.408899
-4.388174 -10.350001 1.408899
10.350001 -4.388174 1.408899
-10.153822 -7.301979 4.420979
-0.075001 6.629665 6.230468
6.629665 0.075001 6.230468
0.666976 -3.206364 6.609997
10.046896 7.198298 4.363100
-7.198298 10.046896 4.363100
7.198297 -10.046896 4.363100
-10.046896 -7.198297 4.363100
3.632953 7.738627 6.299052
-6.617683 -4.967143 6.618158
-4.388178 10.350000 1.408899
3.489920 -6.239198 6.576028
2.192030 2.192031 6.309996
10.171925 7.053499 3.959997
-10.171925 -7.053499 3.959997
-2.192031 2.192031 6.309996
2.192031 -2.192030 6.309996
-7.053499 10.171925 3.959997
7.053499 -10.171925 3.959997
-4.285357 6.851373 6.472679
6.851373 4.285357 6.472679
-6.851373 -4.285357 6.472679
-3.200002 9.262819 5.883238
-9.262819 -3.200002 5.883238
-4.762707 4.889984 6.609997
-10.171928 7.053495 2.359997
-6.629665 0.074999 6.230468
-0.074999 -6.629665 6.230468
-2.882344 -1.141094 6.309996
5.080802 10.500001 1.000123
10.500001 -5.080802 1.000123
-5.080802 -10.500001 1.000123
1.141093 2.882344 6.309996
-8.053408 -3.200001 6.368031
-10.373996 -4.901803 5.083891
-7.968816 -5.665758 6.187709
0.074999 3.274141 6.609997
-4.967140 -6.617685 6.618158
9.540916 -7.924621 1.496410
0.074998 9.160174 5.766486
-7.053499 10.171925 2.359997
7.053499 -10.171925 2.359997
6.709373 -6.582091 5.888433
-6.709373 6.582092 5.888433
-8.478212 8.350930 4.109997
8.478212 -8.350930 4.109997
-8.350930 -8.478212 4.109997
8.350929 8.478212 4.109997
9.823892 7.429514 0.975806
7.429514 -9.823892 0.975806
-7.429514 9.823892 0.975806
-9.823892 -7.429514 0.975806
-10.288901 7.037041 4.506894
10.228143 7.137330 4.508962
7.137329 -10.228143 4.508962
-7.137330 10.228143 4.508962
3.274141 0.075001 6.609997
-3.274141 -0.075001 6.609997
7.883677 -5.665830 6.056022
-7.883678 5.665830 6.056022
5.665830 7.883678 6.056022
-5.665830 -7.883678 6.056022
10.050000 0.075002 4.109997
-0.075002 10.050000 4.109997
-10.050000 -0.075002 4.109997
0.075002 -10.050000 4.109997
-9.185721 8.067684 1.710180
-8.067684 -9.185721 1.710180
8.067684 9.185721 1.710180
-4.901800 -10.373998 5.083891
-3.199999 -8.053409 6.368031
-10.373998 4.901800 5.083891
-10.500001 4.388174 1.408899
-6.488461 -10.343396 4.412617
6.488460 10.343396 4.412617
-10.343397 6.488461 4.412617
10.343396 -6.488460 4.412617
-6.671360 10.330213 4.109997
10.330213 6.671360 4.109997
6.671359 -10.330213 4.109997
-10.330213 -6.671359 4.109997
-1.696350 -2.594686 6.309996
4.066695 10.347798 4.924934
-4.066695 -10.347798 4.924934
-10.347798 4.066695 4.924934
10.347798 -4.066695 4.924934
-7.507797 7.507776 5.868725
7.507710 7.507731 5.868771
7.507731 -7.507710 5.868771
-10.330216 6.671356 3.959997
-8.909585 -8.343820 1.841820
-8.449886 9.015651 1.841820
9.015651 8.449886 1.841820
8.449886 -9.015651 1.841820
10.330216 -6.671356 3.959997
-7.053496 -10.171928 3.959997
7.053495 10.171928 3.959997
3.100000 0.000001 6.309996
-7.507795 -7.507778 5.868725
10.232097 6.652038 2.259997
-10.232097 -6.652038 2.259997
0.000000 -3.100000 6.309996
7.387009 -8.394423 5.376287
-8.394423 -7.387009 5.376287
8.394423 7.387009 5.376287
-7.387009 8.394423 5.376287
4.974568 6.570673 6.472679
-10.350000 -4.388177 1.408899
10.349999 4.388177 1.408899
-4.967143 6.617683 6.618158
6.617683 4.967143 6.618158
4.967143 -6.617683 6.618158
-7.638209 4.470241 6.438783
4.470241 7.638209 6.438783
7.638209 -4.470241 6.438783
-2.192031 -2.192031 6.309996
7.210945 -10.042461 2.109997
10.042461 7.210945 2.109997
-7.210945 10.042461 2.109997
-10.042461 -7.210945 2.109997
9.262819 3.200002 5.883238
3.200002 -9.262819 5.883238
-10.034778 0.074998 4.756625
10.034778 -0.074998 4.756625
10.409535 -6.904919 4.399132
6.904919 10.409535 4.399132
6.570673 -4.974569 6.472679
-4.974569 -6.570673 6.472679
-6.570674 4.974569 6.472679
4.499040 -7.570248 6.299052
-7.570248 -4.499040 6.299052
-4.499040 7.570248 6.299052
7.570248 4.499040 6.299052
0.075001 -7.748020 5.990272
-7.748020 -0.075001 5.990272
-6.928102 9.759618 2.259997
-6.601690 -9.661278 4.949173
-9.661278 6.601690 4.949173
9.661278 -6.601689 4.949173
6.601689 9.661278 4.949173
-5.695712 9.504035 5.485770
5.695647 -9.503872 5.485878
9.503872 5.695648 5.485878
-1.696351 2.594686 6.309996
-0.074998 -9.817755 5.056455
0.074998 9.817755 5.056455
5.759660 -10.405590 4.868651
10.405590 5.759660 4.868651
-5.759660 10.405590 4.868651
-6.904919 -10.409535 4.399132
2.378540 -2.251260 6.309996
-2.378540 2.251260 6.309996
2.251260 2.378540 6.309996
-9.661276 -6.601693 4.949173
6.601693 -9.661276 4.949173
9.661275 6.601693 4.949173
-6.601693 9.661276 4.949173
-6.898996 4.258673 6.618158
4.258673 6.898996 6.618158
6.898996 -4.258673 6.618158
-10.405590 -5.759660 4.868651
10.424654 -5.754460 4.849410
5.754460 10.424654 4.849410
9.595265 -5.100964 5.376287
-5.100964 -9.595265 5.376287
-9.595265 5.100964 5.376287
5.100964 9.595265 5.376287
-5.754460 -10.424654 4.849410
10.419569 -6.647478 4.560683
6.647478 10.419569 4.560683
-6.886348 -9.922806 4.109997
-6.613395 10.035866 4.109997
-10.292731 -7.039466 4.500553
6.709371 6.582094 5.888433
-6.709371 -6.582094 5.888433
6.850241 10.271132 4.343512
-10.271132 6.850241 4.343512
10.271132 -6.850241 4.343512
-6.850241 -10.271132 4.343512
1.696351 -2.594686 6.309996
-10.270441 -5.752134 4.780960
5.752134 -10.270441 4.780960
-5.752134 10.270441 4.780960
10.270441 5.752134 4.780960
-10.153824 7.301975 4.420979
-6.652038 10.232097 2.259997
6.652038 -10.232097 2.259997
-8.350930 -8.478212 2.259997
8.478212 -8.350930 2.259997
-8.478212 8.350930 2.259997
8.350929 8.478212 2.259997
5.080806 -10.349999 1.000123
6.594073 -9.937750 2.109997
-6.594073 9.937751 2.109997
-9.937753 6.594070 2.109997
9.937753 -6.594069 2.109997
-8.338506 -8.211231 4.667825
9.434847 7.818559 1.496410
7.818558 -9.434847 1.496410
-9.434847 -7.818558 1.496410
-7.818559 9.434847 1.496410
9.937750 6.594073 2.109997
-9.937751 -6.594073 2.109997
-5.080806 10.499999 1.000123
2.882343 1.141094 6.609997
10.088885 6.997783 2.259997
-10.088885 -6.997783 2.259997
-8.211231 8.338506 4.667825
8.338506 8.211231 4.667825
8.211231 -8.338506 4.667825
6.886351 -9.922803 4.109997
-9.922804 -6.886351 4.109997
9.922803 6.886352 4.109997
2.747062 1.783052 6.609997
-1.783051 -2.747062 6.309996
1.783052 -2.747062 6.609997
-2.747062 -1.783052 6.609997
9.015654 -8.449883 1.841820
8.469125 -8.341843 4.382288
8.341843 8.469125 4.382288
-8.469125 8.341843 4.382288
-8.655600 -8.655566 4.815480
-0.075001 3.274141 6.309996
6.613395 -10.035865 3.959997
-10.035866 -6.613395 3.959997
10.035865 6.613395 3.959997
-3.199999 -6.748526 6.516273
-10.424654 5.754460 4.849410
-6.749648 6.061220 6.299052
-6.061220 -6.749648 6.299052
6.061220 6.749648 6.299052
6.749648 -6.061220 6.299052
10.499999 6.468483 0.684997
-6.468483 10.499999 0.684997
6.468483 -10.499999 0.684997
-10.499999 -6.468483 0.684997
-8.341843 -8.469125 4.382288
-10.286483 -6.622360 4.475838
6.622360 -10.286482 4.475838
-6.622360 10.286483 4.475838
10.286482 6.622360 4.475838
-5.115960 5.576948 6.576028
5.115960 -5.576948 6.576028
-5.576948 -5.115960 6.576028
5.576948 5.115960 6.576028
4.068052 -10.492301 5.011167
-7.641944 -9.731613 4.651410
10.424615 3.200002 5.181075
-10.424615 -3.200002 5.181075
-3.200002 10.424615 5.181075
-6.314051 -9.222635 5.485769
-9.222635 6.314051 5.485770
6.313970 9.222479 5.485878
9.222479 -6.313970 5.485878
-10.349999 -6.468483 2.109997
6.468483 -10.349999 2.109997
10.349999 6.468483 2.109997
-6.468483 10.349999 2.109997
-0.075002 10.034778 4.756625
0.075002 -10.034778 4.756625
-0.666975 -3.206364 6.609997
0.666974 3.206364 6.609997
-0.666976 3.206364 6.309996
10.232100 -6.652034 2.259997
-10.232100 6.652034 2.259997
2.594686 -1.696350 6.609997
-2.594686 1.696350 6.609997
-2.882344 -1.141094 6.609997
-0.564085 -3.048247 6.609997
0.564085 3.048247 6.609997
-9.504036 -5.695712 5.485769
6.748526 -3.199999 6.516273
-6.748526 3.199999 6.516273
3.199999 6.748526 6.516273
-6.652034 -10.232100 2.259997
6.652034 10.232100 2.259997
-3.274141 0.074999 6.309996
-0.074999 -3.274141 6.309996
3.274141 -0.074999 6.309996
-7.437207 -7.564489 5.367801
7.437207 7.564489 5.367801
7.437209 -7.564486 5.367801
-7.437210 7.564486 5.367801
9.103623 6.308104 5.376287
-9.103623 -6.308104 5.376287
6.308104 -9.103623 5.376287
-6.308104 9.103623 5.376287
-9.937751 -6.594073 2.259997
6.594069 9.937753 2.109997
-6.594070 -9.937753 2.109997
9.937750 6.594073 2.259997
0.075002 -10.050000 2.259997
-10.050000 -0.075002 2.259997
10.050000 0.075002 2.259997
-0.075002 10.050000 2.259997
-6.464295 -6.464289 6.438783
9.922806 -6.886348 4.109997
-9.922806 6.886348 4.109997
6.613391 10.035868 3.959997
-4.000002 10.499999 1.459997
-6.830632 -9.839766 2.259997
6.830632 9.839766 2.259997
9.937753 -6.594069 2.259997
-9.937753 6.594070 2.259997
6.594073 -9.937750 2.259997
-5.998084 8.611541 5.868725
8.611458 5.998041 5.868771
5.998041 -8.611458 5.868771
-0.564086 3.048247 6.309996
0.564086 -3.048246 6.609997
2.594686 -1.696350 6.309996
-3.199998 -10.465993 5.120945
-3.048247 0.564085 6.309996
8.732771 -8.732767 2.703962
6.886348 9.922806 4.109997
-6.886352 9.922804 3.959997
-10.035868 6.613392 3.959997
-6.613392 -10.035868 3.959997
10.035868 -6.613391 3.959997
5.576950 -5.115958 6.576028
-5.115958 -5.576950 6.576028
-5.576950 5.115958 6.576028
5.115958 5.576950 6.576028
4.762396 10.350001 1.251798
-4.762396 -10.350001 1.251798
10.350001 -4.762396 1.251798
-10.350001 4.762396 1.251798
10.499999 4.762400 1.251798
4.762400 -10.499999 1.251798
-10.499999 -4.762400 1.251798
-6.926988 -10.244602 0.703486
-10.244602 6.926988 0.703486
6.926988 10.244602 0.703486
10.244601 -6.926988 0.703486
6.646182 -10.424887 4.554367
10.424887 6.646182 4.554367
-6.646182 10.424887 4.554367
0.074998 7.748020 5.990272
-3.199998 -10.286369 5.096481
3.199998 10.286369 5.096481
-7.871051 -6.965140 5.747176
7.871050 6.965140 5.747176
-6.965140 7.871051 5.747176
6.965140 -7.871050 5.747176
6.308100 9.103626 5.376287
-9.103626 6.308101 5.376287
9.103625 -6.308100 5.376287
-6.308101 -9.103625 5.376287
-6.637331 -10.488062 0.684997
10.488062 -6.637331 0.684997
6.637331 10.488062 0.684997
-10.488062 6.637331 0.684997
9.952476 -3.809202 5.485878
3.809202 9.952476 5.485878
-9.952651 3.809218 5.485770
-1.141094 2.882344 6.609997
9.160174 0.075002 5.766486
-9.160174 -0.075002 5.766486
-0.075002 9.160174 5.766486
0.075002 -9.160174 5.766486
-9.160174 0.074998 5.766486
9.160174 -0.074998 5.766486
-0.074998 -9.160174 5.766486
8.655601 -8.655565 4.815480
8.655565 8.655601 4.815480
-8.655601 8.655565 4.815480
10.286369 -3.199998 5.096481
-6.783963 6.109711 6.438783
6.109711 6.783963 6.438783
6.783963 -6.109711 6.438783
6.525123 10.290559 4.510732
-10.290559 6.525123 4.510732
10.290559 -6.525123 4.510732
-6.525123 -10.290559 4.510732
-5.500000 -3.200001 6.759997
6.749645 6.061222 6.299052
6.061222 -6.749645 6.299052
-6.749646 -6.061222 6.299052
-6.061222 6.749646 6.299052
7.748020 -0.074999 5.990272
2.882343 1.141094 6.309996
-10.333351 -7.066682 4.386390
-10.286369 3.199998 5.096481
3.200001 -6.748524 6.516273
3.199999 5.500001 6.759997
-5.500001 3.199999 6.759997
5.500000 -3.199999 6.759997
-3.200001 5.499999 6.759997
3.200001 -5.499999 6.759997
5.499999 3.200001 6.759997
-7.300679 -5.320292 6.438783
5.065547 -9.718189 5.485878
9.718189 5.065547 5.485878
-9.718358 -5.065596 5.485769
-5.065596 9.718357 5.485770
-7.924621 -9.540916 1.496410
-9.540916 7.924621 1.496410
7.924621 9.540916 1.496410
-3.199999 -5.500001 6.759997
-8.299087 6.533671 5.868725
-6.533672 -8.299087 5.868725
8.299009 -6.533621 5.868771
6.533621 8.299009 5.868771
-2.594686 1.696350 6.309996
-4.470241 -7.638209 6.438783
7.317007 10.148530 0.801044
-7.317008 -10.148529 0.801044
10.148529 -7.317008 0.801044
-10.148530 7.317008 0.801044
10.371682 -3.199998 5.228228
3.199998 10.371682 5.228228
-10.371682 3.199998 5.228228
-10.286368 -3.200002 5.096481
3.200002 -10.286368 5.096481
10.286368 3.200002 5.096481
-3.200002 10.286368 5.096481
6.609848 -9.794703 5.045120
9.794703 6.609848 5.045120
-6.609961 9.794921 5.044936
-8.963910 -7.879550 5.044935
3.199998 9.160175 5.766486
-0.074999 -5.500000 6.609997
0.074999 5.500000 6.609997
-5.500000 0.074999 6.609997
5.500000 -0.074999 6.609997
5.500000 0.075001 6.609997
-5.500000 -0.075001 6.609997
-0.075001 5.500000 6.609997
0.075001 -5.500000 6.609997
-0.075002 8.821130 5.594236
8.821130 0.075002 5.594236
-8.821130 0.074998 5.594236
-0.074998 -8.821130 5.594236
6.748524 3.200001 6.516273
-3.200001 6.748525 6.516273
-6.748525 -3.200001 6.516273
-3.028569 1.246353 6.309996
-1.246354 3.028568 6.609997
1.246353 3.028569 6.309996
3.028569 -1.246353 6.309996
4.499037 7.570250 6.299052
-8.469204 3.702645 6.056022
8.469204 -3.702645 6.056022
-3.702645 -8.469204 6.056022
0.564086 -3.048246 6.309996
-10.113094 -7.055366 4.435594
7.055366 -10.113094 4.435594
-7.055366 10.113094 4.435594
10.113094 7.055366 4.435594
4.579758 -10.349999 1.343428
10.500001 -4.579754 1.343428
4.579754 10.500001 1.343428
-4.579754 -10.500001 1.343428
-3.809218 -9.952652 5.485769
-8.546856 -3.682392 6.187709
-3.682392 8.546856 6.187709
3.682392 -8.546856 6.187709
8.546856 3.682392 6.187709
9.595263 5.100967 5.376287
5.100967 -9.595263 5.376287
-5.100967 9.595264 5.376287
-9.595264 -5.100967 5.376287
5.747791 10.286452 4.764952
10.286451 -5.747791 4.764952
-10.286452 5.747791 4.764952
-5.747791 -10.286451 4.764952
0.075002 -10.050000 3.959997
-10.050000 -0.075002 3.959997
-0.074998 -10.050000 4.109997
-0.075002 10.050000 3.959997
10.050000 0.075002 3.959997
-10.050000 0.074998 4.109997
8.350933 -8.478209 3.959997
10.050000 -0.074998 4.109997
8.478209 8.350933 3.959997
0.074998 10.050000 4.109997
-8.478212 8.350930 3.959997
-8.350933 8.478209 3.959997
8.350929 8.478212 3.959997
-8.350930 -8.478212 3.959997
8.478212 -8.350930 3.959997
-8.478209 -8.350933 3.959997
-5.313157 10.499999 0.684997
-5.313153 -10.500001 0.684997
5.313153 10.500001 0.684997
10.500001 -5.313153 0.684997
10.499999 5.313157 0.684997
-10.499999 -5.313157 0.684997
-10.500001 5.313153 0.684997
5.313157 -10.499999 0.684997
-10.497397 4.065648 4.983594
-4.065648 -10.497397 4.983594
4.065647 10.497397 4.983594
10.497397 -4.065648 4.983594
3.200002 -10.424615 5.181075
9.817755 0.075002 5.056455
-9.817755 -0.075002 5.056455
-9.794922 -6.609961 5.044935
4.889984 4.762707 6.309996
-4.889984 -4.762707 6.309996
4.889986 -4.762705 6.309996
-4.889986 4.762705 6.309996
-10.342930 0.074998 4.988882
-8.528102 8.655376 4.685043
8.528102 -8.655376 4.685043
2.192030 2.192031 6.609997
-2.192031 -2.192031 6.609997
8.655376 8.528102 4.685043
-8.655376 -8.528102 4.685043
-3.100000 -0.000001 6.609997
3.100000 0.000001 6.609997
4.342251 -9.089843 5.747176
-4.342251 9.089843 5.747176
-9.089843 -4.342251 5.747176
9.089843 4.342251 5.747176
5.065544 9.718191 5.485878
9.718191 -5.065544 5.485878
-5.065592 -9.718360 5.485769
-9.718359 5.065592 5.485770
2.882344 -1.141093 6.609997
-1.696351 2.594686 6.609997
1.696351 -2.594686 6.609997
7.697574 -9.758775 4.527873
9.758775 7.697574 4.527873
-7.697574 9.758775 4.527873
-4.308541 -9.190426 5.868725
9.190333 -4.308524 5.868771
6.696685 -10.478140 4.360159
-6.696685 10.478140 4.360159
10.478139 6.696685 4.360159
-10.241750 -0.075002 5.135777
-0.075002 10.241750 5.135777
10.241750 0.075002 5.135777
0.075002 -10.241750 5.135777
-0.074998 -10.241750 5.135777
0.074998 10.241750 5.135777
1.696350 2.594686 6.309996
-2.594686 -1.696351 6.309996
-7.782508 -8.885087 4.949173
-8.885088 7.782508 4.949173
7.782508 8.885088 4.949173
8.885087 -7.782508 4.949173
10.298095 -7.133707 4.331584
7.133707 10.298095 4.331584
-9.291785 -8.173753 1.710180
-8.173754 9.291785 1.710180
9.291785 8.173754 1.710180
8.173753 -9.291785 1.710180
4.342247 9.089845 5.747176
-9.089845 4.342247 5.747176
-4.342247 -9.089844 5.747176
9.089844 -4.342247 5.747176
3.199998 9.262820 5.883238
-9.262820 3.199998 5.883238
-6.583803 7.367907 6.187709
6.583803 -7.367907 6.187709
7.367907 6.583803 6.187709
-7.879547 -8.963912 5.044935
-9.190424 -4.308544 5.868725
-4.308545 9.190423 5.868725
4.308527 -9.190332 5.868771
9.190332 4.308527 5.868771
-7.818555 -9.434850 1.496410
9.434850 -7.818555 1.496410
-9.434850 7.818555 1.496410
7.818555 9.434850 1.496410
3.048247 -0.564085 6.309996
-10.173333 7.050559 4.286736
-7.050559 -10.173333 4.286736
7.050558 10.173333 4.286736
10.173332 -7.050559 4.286736
-6.259624 3.476036 6.724915
6.259624 -3.476036 6.724915
3.476036 6.259624 6.724915
-3.476036 -6.259624 6.724915
10.270073 6.870301 4.109997
6.870301 -10.270073 4.109997
-6.870301 10.270073 4.109997
-10.270073 -6.870301 4.109997
-10.350000 -5.080806 1.000123
10.349999 5.080806 1.000123
-10.500001 5.080802 1.000123
-1.141093 -2.882344 6.309996
-6.583800 -7.367910 6.187709
7.879391 8.963721 5.045120
8.963721 -7.879391 5.045120
3.833572 -9.841661 5.376287
9.841661 3.833572 5.376287
-9.841661 -3.833572 5.376287
-3.833572 9.841661 5.376287
-8.963911 7.879546 5.044936
7.535580 -9.929958 0.975806
-7.535580 9.929958 0.975806
9.929958 7.535580 0.975806
-9.929958 -7.535580 0.975806
-5.665755 -7.968818 6.187709
-7.968818 5.665755 6.187709
7.968818 -5.665755 6.187709
5.665755 7.968818 6.187709
-4.677209 8.361340 6.187709
-8.361340 -4.677208 6.187709
4.677208 -8.361340 6.187709
8.361340 4.677209 6.187709
5.732097 -10.325812 4.706972
-10.325812 -5.732097 4.706972
-5.732097 10.325812 4.706972
10.325812 5.732097 4.706972
-3.048247 0.564085 6.609997
-4.762400 10.499999 1.251798
6.870297 10.270075 2.359997
-6.870297 -10.270075 2.359997
-10.042464 7.210941 0.801044
10.042464 -7.210941 0.801044
7.210941 10.042464 0.801044
-7.210941 -10.042464 0.801044
7.879395 -8.963718 5.045120
8.963718 7.879395 5.045120
-7.879549 8.963908 5.044936
-5.500000 -0.075001 6.309996
0.074999 5.500000 6.309996
5.500000 0.075001 6.309996
-0.074999 -5.500000 6.309996
-10.492301 -4.068052 5.011167
-4.068052 10.492301 5.011167
10.492301 4.068052 5.011167
-8.273724 4.708141 6.056022
4.708141 8.273724 6.056022
-4.708141 -8.273723 6.056022
8.273723 -4.708141 6.056022
-7.883676 -5.665833 6.056022
5.665833 -7.883675 6.056022
7.883675 5.665833 6.056022
-5.665833 7.883676 6.056022
1.246354 -3.028568 6.609997
3.028568 1.246354 6.609997
-3.028568 -1.246354 6.609997
-5.920604 -5.920601 6.618158
-3.206364 -0.666976 6.309996
-0.666975 -3.206364 6.309996
3.206364 -0.666974 6.609997
0.666976 -3.206364 6.309996
-3.206364 0.666974 6.609997
3.206364 0.666976 6.309996
-8.626704 8.626701 1.884997
-8.626701 -8.626704 1.884997
8.626701 8.626704 1.884997
6.870301 -10.270073 2.359997
-6.870301 10.270073 2.359997
0.666974 3.206364 6.309996
-0.666976 3.206364 6.609997
-1.783051 -2.747062 6.609997
-2.747063 1.783051 6.609997
2.747062 1.783052 6.309996
2.747062 -1.783051 6.609997
1.783052 -2.747062 6.309996
-1.783052 2.747062 6.309996
1.783051 2.747063 6.609997
-2.747062 -1.783052 6.309996
-8.732767 -8.732771 2.692515
-8.732771 8.732767 2.703962
8.732767 8.732771 2.703962
-8.732767 -8.732771 1.884997
-8.732771 8.732767 1.884997
8.732771 -8.732767 1.884997
8.732767 8.732771 1.884997
7.050562 -10.173330 4.286736
-7.050562 10.173330 4.286736
-10.173330 -7.050562 4.286736
10.173330 7.050562 4.286736
0.564085 3.048247 6.309996
3.048246 0.564086 6.309996
-3.048247 -0.564086 6.309996
3.833569 9.841662 5.376287
-3.833569 -9.841662 5.376287
-9.841662 3.833569 5.376287
9.841662 -3.833569 5.376287
-9.185718 -8.067688 1.710180
-8.067688 9.185718 1.710180
9.185718 8.067688 1.710180
8.067688 -9.185718 1.710180
-4.762707 4.889984 6.309996
4.762707 -4.889984 6.309996
-4.762705 -4.889986 6.309996
4.762705 4.889986 6.309996
-10.029893 7.149593 4.459945
10.029893 -7.149593 4.459945
-7.149593 -10.029893 4.459945
7.149593 10.029893 4.459945
-4.762400 10.350000 1.251798
-0.000001 3.100000 6.609997
-6.870297 -10.270075 2.109997
10.270075 -6.870297 2.109997
6.870297 10.270075 2.109997
-10.270075 6.870297 2.109997
-10.330881 6.668121 4.312207
10.330880 -6.668121 4.312207
-6.668121 -10.330880 4.312207
6.668121 10.330881 4.312207
10.270075 -6.870297 2.359997
-3.200002 10.342929 4.988882
-10.342929 -3.200002 4.988882
3.200002 -10.342929 4.988882
10.342929 3.200002 4.988882
8.498091 8.625374 4.730271
-8.498091 -8.625373 4.730271
-8.625374 8.498091 4.730271
8.625373 -8.498091 4.730271
8.619633 -8.492351 2.259997
10.250000 0.075002 2.259997
-0.075002 10.250000 2.259997
-10.250000 -0.075002 2.259997
-8.492351 -8.619633 2.259997
0.075002 -10.250000 2.259997
-8.619633 8.492351 2.259997
8.492351 8.619633 2.259997
0.074998 10.250000 2.259997
10.250000 -0.074998 2.259997
-8.492354 8.619630 2.259997
-8.619630 -8.492354 2.259997
-10.250000 0.074998 2.259997
8.492354 -8.619630 2.259997
-0.074998 -10.250000 2.259997
8.619630 8.492354 2.259997
6.259623 3.476038 6.724915
3.476038 -6.259623 6.724915
-3.476039 6.259623 6.724915
-6.259623 -3.476038 6.724915
9.952475 3.809206 5.485878
3.809206 -9.952475 5.485878
8.885085 7.782511 4.949173
-7.782511 8.885085 4.949173
-8.885085 -7.782511 4.949173
7.782511 -8.885085 4.949173
-9.952650 -3.809222 5.485769
-3.809222 9.952649 5.485770
8.338190 9.091133 4.688971
-9.091133 8.338190 4.688971
9.091133 -8.338190 4.688971
-3.702649 8.469202 6.056022
-8.469202 -3.702648 6.056022
8.469202 3.702649 6.056022
3.702648 -8.469202 6.056022
7.387006 8.394426 5.376287
-8.394426 7.387006 5.376287
8.394426 -7.387006 5.376287
-7.387006 -8.394426 5.376287
-7.317008 -10.148529 4.358709
-3.682389 -8.546858 6.187709
-8.546858 3.682389 6.187709
3.682389 8.546858 6.187709
8.546857 -3.682389 6.187709
-10.453013 6.650509 4.506589
-7.321028 -6.521789 6.056022
7.321027 6.521790 6.056022
-6.521790 7.321028 6.056022
6.521789 -7.321027 6.056022
3.199999 5.500001 6.609997
5.500000 -3.199999 6.609997
-5.500001 3.199999 6.609997
-3.199999 -5.500001 6.609997
8.626704 -8.626701 1.884997
9.291788 -8.173750 1.710180
-3.199998 -10.371682 5.228228
10.465992 3.200002 5.120945
-3.200002 10.465992 5.120945
-10.465992 -3.200002 5.120945
-4.258673 -6.898996 6.618158
8.449883 9.015654 1.841820
-9.015654 8.449883 1.841820
-8.449883 -9.015654 1.841820
-10.410556 6.922825 4.331833
-7.860206 9.385404 4.524078
7.860206 -9.385404 4.524078
-7.994251 7.994225 5.485770
7.994127 -7.994101 5.485878
7.994101 7.994127 5.485878
-6.922773 10.410547 4.331855
10.410547 6.922773 4.331855
6.922773 -10.410547 4.331855
9.385404 7.860206 4.524078
-9.385404 -7.860206 4.524078
5.499999 3.200001 6.609997
-5.500000 -3.200001 6.609997
-3.200001 5.499999 6.609997
3.200001 -5.499999 6.609997
-9.065415 -8.307005 4.755880
-10.350001 3.999998 1.459997
10.499999 4.000002 1.459997
-10.499999 -4.000002 1.459997
-7.994250 -7.994227 5.485769
-10.034778 -0.075002 4.756625
10.034778 0.075002 4.756625
10.461222 -4.943628 4.976976
4.943628 10.461222 4.976976
-10.461222 4.943628 4.976976
-4.943628 -10.461222 4.976976
-10.270073 -6.870301 3.959997
10.270073 6.870301 3.959997
-10.270075 6.870297 3.959997
-10.410543 -6.922855 4.331831
6.897458 -10.361193 4.505774
10.361193 6.897458 4.505774
-6.897458 10.361193 4.505774
3.199998 10.321290 5.046171
-3.199998 -10.321290 5.046171
1.918219 2.435249 6.459996
-1.918219 -2.435249 6.459996
2.435248 1.918220 6.459996
-2.435248 -1.918220 6.459996
-10.148900 -7.277212 4.481767
-10.133749 7.244145 4.536631
10.270073 6.870301 2.359997
-10.270073 -6.870301 2.359997
5.320292 -7.300679 6.438783
7.300679 5.320292 6.438783
-5.320292 7.300679 6.438783
-10.321290 3.199998 5.046171
10.321290 -3.199998 5.046171
10.241750 -0.074998 5.135777
5.500000 -0.074999 6.309996
0.075001 -5.500000 6.309996
-0.075001 5.500000 6.309996
-5.500000 0.074999 6.309996
10.386822 -6.902712 4.461698
-6.902712 -10.386822 4.461698
6.902712 10.386822 4.461698
</float_array>
          <technique_common>
            <accessor source="#top_cover-POSITION-array" count="1433" stride="3">
              <param name="X" type="float"/>
              <param name="Y" type="float"/>
              <param name="Z" type="float"/>
            </accessor>
          </technique_common>
        </source>
        <source id="top_cover-Normal0">
          <float_array id="top_cover-Normal0-array" count="25758">
0.032556 -0.000559 0.999470
0.032556 0.000559 0.999470
-0.000559 -0.032556 0.999470
-0.000000 0.037455 -0.999298
-0.000000 -0.000000 -1.000000
-0.022910 0.019416 -0.999549
-0.000000 -0.000000 -1.000000
0.037455 0.000000 -0.999298
-0.000000 -0.000000 -1.000000
-0.000559 -0.032556 0.999470
0.000559 0.032556 0.999470
-0.000559 0.032556 0.999470
0.707108 -0.707106 0.000002
0.707108 -0.707106 0.000006
0.707107 -0.707107 -0.000000
0.000000 -0.037455 -0.999298
-0.000000 -0.000000 -1.000000
-0.000377 -0.033172 -0.999450
0.296885 0.000000 -0.954913
0.158245 0.003669 -0.987393
0.291911 0.010227 -0.956391
0.000000 0.000000 1.000000
0.000000 0.000000 1.000000
0.000000 0.000000 1.000000
0.000000 0.000000 1.000000
0.000000 0.000000 1.000000
0.000000 0.000000 1.000000
-0.496054 0.609607 -0.618312
-0.375921 0.459994 -0.804418
-0.536454 0.562777 -0.628888
0.040752 -0.084220 -0.995614
0.019416 -0.022910 -0.999549
0.033172 0.000377 -0.999450
0.000000 0.000000 1.000000
0.000000 0.000000 1.000000
0.000000 0.000000 1.000000
-0.707106 0.707107 -0.000003
-0.707106 0.707107 -0.000000
-0.707107 0.707107 0.000000
0.000000 0.000000 1.000000
0.000000 0.000000 1.000000
0.000000 0.000000 1.000000
0.001533 0.999996 0.002200
-0.000357 0.999974 0.007205
-0.172725 0.980357 0.095217
-0.999995 -0.001167 0.002775
-0.970903 0.164947 0.173605
-0.999981 0.000837 0.006109
0.003000 -0.999996 0.000000
0.192563 -0.981266 -0.006010
0.147741 -0.989026 -0.000000
0.981266 -0.192562 0.006010
0.989026 -0.147741 -0.000000
0.999996 -0.002999 -0.000000
0.172718 -0.980359 0.095212
-0.001527 -0.999996 0.002197
0.000711 -0.999977 0.006719
0.963654 0.030146 0.265447
0.974765 -0.015343 0.222706
0.999996 -0.001533 0.002200
0.999996 -0.001533 0.002200
0.999973 0.000224 0.007329
0.980357 0.172725 0.095218
-0.030146 0.963654 0.265447
0.015343 0.974765 0.222706
0.001533 0.999996 0.002200
0.008247 0.441091 -0.897424
-0.001884 0.678892 -0.734236
0.007048 0.687096 -0.726532
-0.000000 -0.000000 -1.000000
-0.000000 0.037455 -0.999298
-0.000000 -0.000000 -1.000000
-0.989026 0.147741 0.000000
-0.981266 0.192562 -0.006010
-0.999996 0.002999 0.000000
-0.437281 -0.000000 -0.899325
-0.633129 -0.000714 -0.774046
-0.441091 0.008247 -0.897424
0.028195 -0.963386 0.266631
-0.022411 -0.975802 0.217506
-0.001527 -0.999996 0.002197
-0.963597 -0.030250 0.265643
-0.974745 0.015475 0.222784
-0.999995 -0.001167 0.002775
0.147741 0.989026 -0.000000
0.192562 0.981266 -0.006010
0.002999 0.999996 -0.000000
0.999996 0.003000 -0.000000
0.989026 0.147741 -0.000000
0.989026 0.147741 -0.000000
-0.000000 -0.000000 -1.000000
-0.000000 -0.000000 -1.000000
-0.000000 -0.000000 -1.000000
-0.296885 -0.000000 -0.954913
-0.158245 -0.003669 -0.987393
-0.291911 -0.010227 -0.956391
-0.999996 -0.003000 0.000000
-0.989026 -0.147741 0.000000
-0.989026 -0.147741 0.000000
-0.441091 -0.008247 -0.897424
-0.678892 0.001884 -0.734236
-0.437281 -0.000000 -0.899325
0.441570 -0.007581 -0.897195
0.724968 0.001232 -0.688781
0.686137 -0.007393 -0.727435
0.700462 -0.713690 -0.000000
0.592322 -0.805701 -0.000000
0.555059 -0.831789 -0.006007
-0.002999 -0.999996 0.000000
-0.147741 -0.989026 0.000000
-0.192562 -0.981266 -0.006010
-0.080528 -0.167648 -0.982552
-0.008547 -0.152915 -0.988202
-0.023198 -0.268312 -0.963053
-0.294607 -0.008332 0.955582
-0.159751 0.003220 0.987152
-0.294897 0.009548 0.955481
-0.753570 0.626122 0.200260
-0.658395 0.672522 0.337980
-0.706188 0.708011 0.004303
0.008332 -0.294607 0.955582
-0.003220 -0.159751 0.987152
-0.009548 -0.294897 0.955481
-0.654272 -0.739238 0.159548
-0.647666 -0.671633 0.359775
-0.707742 -0.706454 0.004905
-0.008332 0.294607 0.955582
0.003220 0.159751 0.987152
0.009548 0.294897 0.955481
0.708011 0.706188 0.004303
0.672522 0.658395 0.337980
0.712727 0.645728 0.273962
0.581295 -0.791549 0.188535
0.704599 -0.709594 0.004206
0.706188 -0.708011 0.004303
0.294607 0.008332 0.955582
0.159751 -0.003220 0.987152
0.294897 -0.009548 0.955481
-0.010227 0.291911 -0.956391
-0.000000 0.296885 -0.954913
-0.003669 0.158245 -0.987393
-0.003000 0.999996 -0.000000
-0.192563 0.981266 -0.006010
-0.147741 0.989026 0.000000
-0.751320 -0.641632 0.154361
-0.708004 -0.706207 0.001536
-0.707742 -0.706454 0.004905
0.000000 0.000000 1.000000
0.000000 0.000000 1.000000
0.000000 0.000000 1.000000
0.000000 0.000000 1.000000
0.000000 0.000000 1.000000
0.000000 0.000000 1.000000
-0.581295 0.791549 0.188535
-0.704599 0.709594 0.004206
-0.706188 0.708011 0.004303
-0.000000 -0.000000 -1.000000
-0.000000 -0.000000 -1.000000
-0.000000 -0.000000 -1.000000
-0.000000 -0.000000 -1.000000
0.000000 -0.037455 -0.999298
-0.000000 -0.000000 -1.000000
0.708187 -0.706022 0.001897
0.708011 -0.706199 0.001878
0.743262 -0.628336 0.229685
-0.995720 -0.092396 -0.001979
-1.000000 -0.000000 0.000000
-0.995792 0.091638 -0.000868
-0.000000 -0.000000 -1.000000
-0.000000 -0.000000 -1.000000
-0.000000 -0.000000 -1.000000
0.791549 0.581295 0.188535
0.709594 0.704599 0.004206
0.708011 0.706188 0.004303
0.000000 -0.149719 -0.988729
0.003669 -0.158245 -0.987393
0.010227 -0.291911 -0.956391
0.496054 -0.609607 -0.618312
0.375921 -0.459994 -0.804418
0.536454 -0.562777 -0.628888
0.713690 0.700462 -0.000000
0.805701 0.592322 -0.000000
0.805701 0.592322 -0.000000
0.286590 0.219976 -0.932457
0.347540 0.271173 -0.897597
0.302338 0.169648 -0.937982
0.581295 -0.791549 0.188535
0.704566 -0.709619 0.005204
0.704127 -0.710054 0.005240
-0.000000 1.000000 -0.000000
-0.000000 1.000000 -0.000000
-0.092396 0.995720 -0.001979
-0.075962 0.441845 0.893869
-0.007119 0.445859 0.895075
-0.039733 0.520336 0.853037
-0.200343 0.490236 0.848252
-0.130451 0.424932 0.895776
-0.142520 0.510513 0.847976
0.443247 -0.007579 0.896368
0.446144 0.006673 0.894936
0.294607 0.008332 0.955582
0.289628 0.230279 0.929025
0.394349 0.210835 0.894448
0.320805 0.309084 0.895294
-0.007581 -0.443248 0.896367
0.006673 -0.446144 0.894936
0.008332 -0.294607 0.955582
0.230279 -0.289628 0.929025
0.210835 -0.394348 0.894448
0.309084 -0.320805 0.895294
-0.273803 -0.531149 0.801818
-0.323282 -0.415784 0.850066
-0.377846 -0.475060 0.794701
-0.445859 -0.007119 0.895075
-0.520336 -0.039733 0.853037
-0.441845 -0.075962 0.893869
-0.441091 0.008247 -0.897424
-0.633129 -0.000714 -0.774046
-0.686538 0.008264 -0.727047
-0.460679 0.246153 -0.852750
-0.525906 0.278178 -0.803766
-0.463126 0.369110 -0.805774
0.037455 0.000000 -0.999298
0.019416 0.022910 -0.999549
0.033172 -0.000377 -0.999450
0.084220 0.040752 -0.995614
0.022910 0.019416 -0.999549
-0.000377 0.033172 -0.999450
0.092025 -0.995756 -0.001397
0.000000 -1.000000 0.000000
-0.091638 -0.995792 -0.000868
0.706022 0.708187 0.001897
0.706199 0.708011 0.001878
0.628336 0.743262 0.229685
-0.000000 -0.000000 -1.000000
-0.000000 -0.000000 -1.000000
-0.000000 -0.000000 -1.000000
-0.040752 0.084220 -0.995614
-0.019416 0.022910 -0.999549
-0.033172 -0.000377 -0.999450
0.713690 -0.700461 -0.000000
0.805701 -0.592322 -0.000000
0.831790 -0.555059 0.006007
0.460679 -0.246153 -0.852750
0.525906 -0.278178 -0.803766
0.463126 -0.369110 -0.805774
-0.805701 0.592322 0.000000
-0.713690 0.700461 0.000000
-0.831790 0.555059 -0.006007
-0.592322 0.805701 0.000000
-0.555059 0.831789 -0.006007
-0.700462 0.713690 0.000000
0.246153 0.460679 -0.852750
0.278178 0.525906 -0.803766
0.369110 0.463126 -0.805774
0.700461 0.713690 -0.000000
0.555059 0.831790 -0.006007
0.592322 0.805701 -0.000000
-0.084220 -0.040752 -0.995614
-0.022910 -0.019416 -0.999549
0.000377 -0.033172 -0.999450
-0.037455 -0.000000 -0.999298
-0.019416 -0.022910 -0.999549
-0.033172 0.000377 -0.999450
-0.092396 0.995720 -0.001979
-0.000000 1.000000 -0.000000
0.091638 0.995792 -0.000868
0.589587 0.807661 -0.008423
0.703457 0.709660 -0.039134
0.769978 0.638031 -0.007115
0.807661 -0.589587 -0.008423
0.709660 -0.703457 -0.039134
0.638031 -0.769978 -0.007115
0.995792 -0.091638 -0.000868
0.995720 0.092396 -0.001979
1.000000 0.000000 -0.000000
-0.805701 -0.592322 0.000000
-0.713690 -0.700462 0.000000
-0.713690 -0.700462 0.000000
-0.700461 -0.713690 0.000000
-0.700461 -0.713690 0.000000
-0.555059 -0.831790 -0.006007
0.000000 -1.000000 0.000000
0.000000 -1.000000 0.000000
0.092025 -0.995756 -0.001397
0.707107 -0.707107 -0.000000
0.707107 -0.707107 -0.000000
0.638031 -0.769978 -0.007115
0.707107 0.707107 -0.000000
0.707107 0.707107 -0.000000
0.769978 0.638031 -0.007115
1.000000 0.000000 -0.000000
0.995720 0.092396 -0.001979
1.000000 0.000000 -0.000000
-0.001375 -0.438275 -0.898840
0.000439 -0.678075 -0.734992
-0.006388 -0.686716 -0.726897
0.008247 -0.441091 -0.897424
-0.001884 -0.678892 -0.734236
0.000000 -0.437281 -0.899325
-0.000000 0.437281 -0.899325
-0.001884 0.678892 -0.734236
0.008247 0.441091 -0.897424
-0.008247 0.441091 -0.897424
0.001884 0.678892 -0.734236
-0.000000 0.437281 -0.899325
0.441212 0.000000 -0.897403
0.724968 0.001232 -0.688781
0.441570 -0.007581 -0.897195
0.441091 0.008247 -0.897424
0.678892 -0.001884 -0.734236
0.437281 0.000000 -0.899325
0.000000 0.000000 1.000000
0.000000 0.000000 1.000000
0.000000 0.000000 1.000000
-0.807661 0.589587 -0.008423
-0.713689 0.700339 -0.013182
-0.714289 0.699702 -0.014386
-0.711222 -0.669832 -0.213278
-0.709432 -0.704753 -0.005411
-0.811285 -0.584544 0.011200
-0.286590 -0.219976 -0.932457
-0.347540 -0.271173 -0.897597
-0.302338 -0.169648 -0.937982
-0.592322 -0.805701 0.000000
-0.700461 -0.713690 0.000000
-0.555059 -0.831790 -0.006007
0.000000 0.000000 1.000000
0.000000 0.000000 1.000000
0.000000 0.000000 1.000000
-0.589587 -0.807661 -0.008423
-0.703457 -0.709660 -0.039134
-0.769978 -0.638031 -0.007115
-0.589587 -0.807661 -0.008423
-0.700339 -0.713689 -0.013182
-0.699702 -0.714289 -0.014386
-0.000000 -0.000000 -1.000000
-0.000000 -0.000000 -1.000000
-0.000000 -0.000000 -1.000000
-0.000000 -0.000000 -1.000000
-0.000000 -0.000000 -1.000000
-0.000000 -0.000000 -1.000000
-0.246153 -0.460679 -0.852750
-0.369110 -0.463126 -0.805774
-0.304586 -0.396131 -0.866203
0.000000 0.000000 1.000000
0.000000 0.000000 1.000000
0.000000 0.000000 1.000000
-0.659995 0.455623 0.597340
-0.530596 0.274543 0.801931
-0.627601 0.505183 0.592374
-0.445859 -0.007119 0.895075
-0.692804 0.004945 0.721109
-0.691916 -0.007309 0.721941
-0.000000 -0.000000 -1.000000
-0.037455 -0.000000 -0.999298
-0.019416 0.022910 -0.999549
-0.037455 -0.000000 -0.999298
-0.000000 -0.000000 -1.000000
-0.019416 -0.022910 -0.999549
-0.713690 -0.700462 0.000000
-0.805701 -0.592322 0.000000
-0.805701 -0.592322 0.000000
-0.000000 -0.000000 -1.000000
-0.000000 -0.000000 -1.000000
-0.000000 -0.000000 -1.000000
0.589587 0.807661 -0.008423
0.700339 0.713689 -0.013182
0.699702 0.714289 -0.014386
-0.707106 -0.707107 -0.000000
-0.707107 -0.707107 0.000000
-0.654272 -0.739238 0.159548
-0.708187 0.706022 0.001897
-0.708011 0.706199 0.001878
-0.753570 0.626122 0.200260
0.807661 -0.589587 -0.008423
0.713689 -0.700339 -0.013182
0.714289 -0.699702 -0.014386
0.002999 0.999996 -0.000000
0.147741 0.989026 -0.000000
0.002999 0.999996 -0.000000
-0.003000 0.999996 -0.000000
-0.003000 0.999996 -0.000000
-0.192563 0.981266 -0.006010
-0.192562 -0.981266 -0.006010
-0.002999 -0.999996 0.000000
-0.002999 -0.999996 0.000000
0.147741 -0.989026 -0.000000
0.003000 -0.999996 0.000000
0.003000 -0.999996 0.000000
-0.001527 -0.999996 0.002197
-0.032372 -0.985239 0.168093
-0.160850 -0.965354 0.205471
-0.245669 -0.375210 0.893792
-0.323282 -0.415784 0.850066
-0.243252 -0.471270 0.847781
0.981266 -0.192562 0.006010
0.999996 -0.002999 -0.000000
0.999996 -0.002999 -0.000000
0.999996 0.003000 -0.000000
0.999996 0.003000 -0.000000
0.989026 0.147741 -0.000000
-0.989026 0.147741 0.000000
-0.999996 0.002999 0.000000
-0.999996 0.002999 0.000000
-0.999996 -0.003000 0.000000
-0.999996 -0.003000 0.000000
-0.989026 -0.147741 0.000000
0.245663 0.375201 0.893797
0.221961 0.280653 0.933792
0.320805 0.309084 0.895294
0.001533 0.999996 0.002200
0.032372 0.985239 0.168093
0.160850 0.965354 0.205471
0.999996 -0.001533 0.002200
0.985239 -0.032372 0.168093
0.965354 -0.160850 0.205471
0.375202 -0.245663 0.893797
0.280653 -0.221961 0.933792
0.309084 -0.320805 0.895294
0.037455 0.000000 -0.999298
-0.000000 -0.000000 -1.000000
0.019416 0.022910 -0.999549
-0.000000 -0.000000 -1.000000
-0.000000 -0.000000 -1.000000
-0.000000 -0.000000 -1.000000
0.023046 -0.964672 -0.262444
0.169876 -0.985142 -0.025237
0.000341 -0.999981 -0.006123
0.245492 -0.450323 -0.858454
0.323752 -0.415773 -0.849892
0.279851 -0.526150 -0.803025
-0.245492 0.450323 -0.858454
-0.323752 0.415773 -0.849892
-0.279851 0.526150 -0.803025
-0.023046 0.964672 -0.262444
-0.169876 0.985142 -0.025237
-0.000341 0.999981 -0.006123
0.964672 0.023046 -0.262444
0.985142 0.169876 -0.025237
0.999981 0.000341 -0.006123
0.450323 0.245492 -0.858454
0.415773 0.323752 -0.849892
0.526150 0.279851 -0.803025
-0.964672 -0.023046 -0.262444
-0.985142 -0.169876 -0.025237
-0.999981 -0.000341 -0.006123
-0.450323 -0.245492 -0.858454
-0.415773 -0.323752 -0.849892
-0.526150 -0.279851 -0.803025
0.805701 0.592322 -0.000000
0.713690 0.700462 -0.000000
0.713690 0.700462 -0.000000
0.700461 0.713690 -0.000000
0.700461 0.713690 -0.000000
0.555059 0.831790 -0.006007
-0.246153 -0.460679 -0.852750
-0.278178 -0.525906 -0.803766
-0.369110 -0.463126 -0.805774
0.000566 -0.999985 -0.005476
-0.190148 -0.981308 0.029620
-0.024228 -0.976711 -0.213187
-0.000000 -0.000000 -1.000000
-0.022910 0.019416 -0.999549
-0.000000 -0.000000 -1.000000
-0.000000 -0.000000 -1.000000
-0.000000 -0.000000 -1.000000
-0.000000 -0.000000 -1.000000
-0.000000 -0.000000 -1.000000
-0.000377 -0.033172 -0.999450
-0.000000 -0.000000 -1.000000
-0.000000 -0.000000 -1.000000
-0.000000 -0.000000 -1.000000
-0.000000 -0.000000 -1.000000
-0.807661 0.589587 -0.008423
-0.709660 0.703457 -0.039134
-0.638031 0.769978 -0.007115
-0.638031 0.769978 -0.007115
-0.707107 0.707107 0.000000
-0.694697 0.719287 0.004739
-0.707107 -0.707106 -0.000003
-0.707107 -0.707107 0.000000
-0.707107 -0.707107 0.000000
0.000000 0.000000 1.000000
0.000000 0.000000 1.000000
0.000000 0.000000 1.000000
0.707107 0.707106 -0.000003
0.707107 0.707107 -0.000000
0.707107 0.707107 -0.000000
0.000000 0.000000 1.000000
0.000000 0.000000 1.000000
0.000000 0.000000 1.000000
-1.000000 -0.000000 0.000000
-1.000000 -0.000000 0.000000
-0.995720 -0.092396 -0.001979
-0.707107 -0.707107 0.000000
-0.707107 -0.707107 0.000000
-0.769978 -0.638031 -0.007115
-0.040752 0.084220 -0.995614
-0.088232 -0.006855 -0.996076
-0.167350 0.080918 -0.982571
-0.460679 0.246153 -0.852750
-0.463126 0.369110 -0.805774
-0.396131 0.304586 -0.866203
0.460679 -0.246153 -0.852750
0.463126 -0.369110 -0.805774
0.396131 -0.304586 -0.866203
0.040752 -0.084220 -0.995614
0.088232 0.006855 -0.996076
0.167350 -0.080918 -0.982571
0.669832 -0.711222 -0.213277
0.704753 -0.709432 -0.005411
0.584544 -0.811285 0.011200
0.707106 0.707108 0.000002
0.707106 0.707108 0.000006
0.707107 0.707107 -0.000000
-0.707106 -0.707108 0.000002
-0.707106 -0.707108 0.000006
-0.707107 -0.707107 -0.000000
-0.669832 0.711222 -0.213278
-0.704753 0.709432 -0.005411
-0.584544 0.811285 0.011200
-0.195625 -0.190220 0.962054
-0.129748 -0.240632 0.961905
-0.120404 -0.125109 0.984810
-0.159422 -0.007743 0.987180
-0.159751 0.003220 0.987152
-0.294607 -0.008332 0.955582
0.555059 -0.831789 -0.006007
0.700462 -0.713690 -0.000000
0.700462 -0.713690 -0.000000
0.713690 -0.700461 -0.000000
0.713690 -0.700461 -0.000000
0.805701 -0.592322 -0.000000
-0.713690 0.700461 0.000000
-0.713690 0.700461 0.000000
-0.805701 0.592322 0.000000
-0.700462 0.713690 0.000000
-0.555059 0.831789 -0.006007
-0.700462 0.713690 0.000000
0.084220 0.040752 -0.995614
-0.006855 0.088232 -0.996076
0.080918 0.167350 -0.982571
0.228693 0.274450 -0.934011
0.217038 0.386570 -0.896358
0.309472 0.366692 -0.877362
-0.962363 -0.173625 0.209074
-0.999986 -0.001064 0.005143
-0.995348 -0.096344 0.000088
0.995720 0.092396 -0.001979
0.979651 0.200434 0.010454
0.999981 0.006123 0.000911
0.995441 0.095380 -0.000641
0.980357 0.172725 0.095218
0.999980 0.001284 0.006266
-0.995720 -0.092396 -0.001979
-0.979651 -0.200434 0.010454
-0.999981 -0.006123 0.000911
-0.095381 0.995441 -0.000642
-0.172725 0.980357 0.095217
-0.001514 0.999981 0.005908
0.092025 -0.995756 -0.001397
0.199751 -0.979796 0.009941
0.004897 -0.999988 0.000893
0.000000 0.000000 1.000000
0.000000 0.000000 1.000000
0.000000 0.000000 1.000000
0.000000 0.000000 1.000000
0.000000 0.000000 1.000000
0.000000 0.000000 1.000000
-0.160850 -0.965354 0.205471
-0.137484 -0.990501 0.002593
-0.006133 -0.999974 0.003694
0.166626 0.986011 0.004340
0.091638 0.995792 -0.000868
0.003533 0.999994 0.000563
-0.986011 0.166626 0.004340
-0.995792 0.091638 -0.000868
-0.999994 0.003533 0.000563
0.965354 -0.160850 0.205471
0.990501 -0.137484 0.002593
0.999974 -0.006133 0.003694
-0.970903 0.164947 0.173605
-0.990540 0.137204 0.002582
-0.999971 0.006501 0.004028
0.986011 -0.166626 0.004340
0.995792 -0.091638 -0.000868
0.999994 -0.003533 0.000563
-0.166626 -0.986011 0.004340
-0.091638 -0.995792 -0.000868
-0.003533 -0.999994 0.000563
0.160850 0.965354 0.205471
0.137484 0.990501 0.002593
0.006133 0.999974 0.003694
0.172718 -0.980359 0.095212
0.000711 -0.999977 0.006719
0.095380 -0.995441 -0.000641
-0.092396 0.995720 -0.001979
-0.200434 0.979651 0.010454
-0.006003 0.999982 0.000894
0.999996 -0.001533 0.002200
0.980357 0.172725 0.095218
0.957545 0.051837 0.283586
0.435279 0.289060 0.852629
0.531513 0.282062 0.798708
0.464786 0.369372 0.804697
0.369372 -0.464786 0.804697
0.289060 -0.435279 0.852629
0.282062 -0.531513 0.798708
0.051837 -0.957545 0.283586
-0.001527 -0.999996 0.002197
0.172718 -0.980359 0.095212
-0.375211 0.245669 0.893792
-0.280655 0.221963 0.933791
-0.309092 0.320813 0.895288
-0.506885 0.151582 0.848581
-0.416578 0.165542 0.893901
-0.471270 0.243252 0.847781
-0.182354 0.052916 0.981808
-0.223395 0.163266 0.960957
-0.258156 0.076816 0.963044
-0.007743 0.159422 0.987180
0.003220 0.159751 0.987152
-0.008332 0.294607 0.955582
-0.151583 -0.506885 0.848581
-0.165542 -0.416578 0.893901
-0.243252 -0.471270 0.847781
-0.007581 -0.443248 0.896367
-0.007753 -0.640244 0.768133
0.002010 -0.760886 0.648882
-0.000566 0.999985 -0.005476
0.190148 0.981308 0.029620
0.024228 0.976711 -0.213187
0.158037 0.507468 -0.847054
0.115264 0.792345 -0.599085
0.278178 0.525906 -0.803766
0.001533 0.999996 0.002200
-0.172725 0.980357 0.095217
-0.051837 0.957545 0.283586
-0.200343 0.490236 0.848252
-0.170101 0.754110 0.634337
-0.282073 0.531531 0.798693
0.000000 0.000000 1.000000
0.000000 0.000000 1.000000
0.000000 0.000000 1.000000
0.000000 0.000000 1.000000
0.000000 0.000000 1.000000
0.000000 0.000000 1.000000
0.000000 0.000000 1.000000
0.000000 0.000000 1.000000
0.000000 0.000000 1.000000
0.000000 0.000000 1.000000
0.000000 0.000000 1.000000
0.000000 0.000000 1.000000
-0.189908 0.683589 -0.704727
-0.245492 0.450323 -0.858454
-0.279851 0.526150 -0.803025
-0.008247 0.441091 -0.897424
-0.008717 0.730344 -0.683024
0.001884 0.678892 -0.734236
0.189908 -0.683589 -0.704727
0.245492 -0.450323 -0.858454
0.279851 -0.526150 -0.803025
0.008247 -0.441091 -0.897424
0.008717 -0.730344 -0.683024
-0.001884 -0.678892 -0.734236
-0.274450 0.228693 -0.934011
-0.386570 0.217038 -0.896358
-0.366692 0.309472 -0.877362
-0.219976 0.286590 -0.932457
-0.271173 0.347540 -0.897597
-0.169648 0.302338 -0.937982
0.000000 0.000000 1.000000
0.000000 0.000000 1.000000
0.000000 0.000000 1.000000
0.976711 -0.024228 -0.213187
0.969992 0.001746 -0.243130
0.999985 0.000566 -0.005476
-0.956134 -0.051524 0.288364
-0.999995 -0.001167 0.002775
-0.962363 -0.173625 0.209074
-0.756661 -0.169340 0.631497
-0.487059 -0.207016 0.848480
-0.698092 -0.117378 0.706321
0.274450 -0.228693 -0.934011
0.386570 -0.217038 -0.896358
0.366692 -0.309472 -0.877362
0.219976 -0.286590 -0.932457
0.271173 -0.347540 -0.897597
0.169648 -0.302338 -0.937982
0.000000 0.000000 1.000000
0.000000 0.000000 1.000000
0.000000 0.000000 1.000000
-0.976718 0.023999 -0.213181
-0.928885 -0.004196 -0.370344
-0.999672 -0.004591 -0.025189
-0.441091 -0.008247 -0.897424
-0.730344 -0.008717 -0.683024
-0.678892 0.001884 -0.734236
-0.683589 -0.189908 -0.704727
-0.450323 -0.245492 -0.858454
-0.526150 -0.279851 -0.803025
0.441091 0.008247 -0.897424
0.730344 0.008717 -0.683024
0.678892 -0.001884 -0.734236
0.683589 0.189908 -0.704727
0.450323 0.245492 -0.858454
0.526150 0.279851 -0.803025
0.151578 0.506873 0.848589
0.165538 0.416568 0.893906
0.243241 0.471255 0.847793
-0.007119 0.445859 0.895075
0.004946 0.692804 0.721109
-0.007309 0.691916 0.721941
0.024228 0.976711 -0.213187
-0.002924 0.953999 -0.299794
-0.000566 0.999985 -0.005476
0.000000 0.000000 1.000000
0.000000 0.000000 1.000000
0.000000 0.000000 1.000000
0.443247 -0.007579 0.896368
0.692563 -0.004463 0.721343
0.691689 0.006864 0.722163
0.506873 -0.151578 0.848589
0.416568 -0.165538 0.893906
0.471255 -0.243241 0.847793
-0.158037 -0.507468 -0.847054
-0.115264 -0.792345 -0.599085
-0.278178 -0.525906 -0.803766
-0.001375 -0.438275 -0.898840
-0.006388 -0.686716 -0.726897
-0.006962 -0.435941 -0.899948
-0.024228 -0.976711 -0.213187
0.002924 -0.953999 -0.299794
0.000566 -0.999985 -0.005476
0.000000 0.000000 1.000000
0.000000 0.000000 1.000000
0.000000 0.000000 1.000000
-0.999995 -0.001167 0.002775
-0.986317 0.032916 0.161540
-0.970903 0.164947 0.173605
-0.471270 0.243252 0.847781
-0.781697 0.162877 0.602014
-0.506885 0.151582 0.848581
0.246153 0.460679 -0.852750
0.369110 0.463126 -0.805774
0.304586 0.396131 -0.866203
0.609607 0.496054 -0.618312
0.459994 0.375921 -0.804418
0.562777 0.536454 -0.628888
0.159422 0.007743 0.987180
0.159751 -0.003220 0.987152
0.294607 0.008332 0.955582
0.052916 0.182354 0.981808
0.163265 0.223395 0.960957
0.076816 0.258156 0.963045
0.007743 -0.159422 0.987180
-0.003220 -0.159751 0.987152
0.008332 -0.294607 0.955582
0.182354 -0.052916 0.981808
0.223395 -0.163265 0.960957
0.258156 -0.076816 0.963045
-0.120404 -0.125109 0.984810
-0.241293 -0.133505 0.961225
-0.195625 -0.190220 0.962054
-0.521636 -0.283983 0.804518
-0.415150 -0.317079 0.852708
-0.487059 -0.207016 0.848480
0.252067 0.755553 0.604650
0.163553 0.777515 0.607224
0.274793 0.531208 0.801440
0.628336 0.743262 0.229685
0.672522 0.658395 0.337980
0.708011 0.706188 0.004303
0.743262 -0.628336 0.229685
0.706188 -0.708011 0.004303
0.708005 -0.706205 0.001531
0.755554 -0.252067 0.604650
0.777515 -0.163553 0.607224
0.531208 -0.274794 0.801440
0.000000 0.000000 1.000000
0.000000 0.000000 1.000000
0.000000 0.000000 1.000000
0.000000 0.000000 1.000000
0.000000 0.000000 1.000000
0.000000 0.000000 1.000000
0.000000 0.000000 1.000000
0.000000 0.000000 1.000000
0.000000 0.000000 1.000000
0.000000 0.000000 1.000000
0.000000 0.000000 1.000000
0.000000 0.000000 1.000000
-0.000000 -0.000000 -1.000000
-0.000000 -0.000000 -1.000000
-0.000000 -0.000000 -1.000000
-0.000000 -0.000000 -1.000000
-0.037455 -0.000000 -0.999298
-0.000000 -0.000000 -1.000000
-0.507468 0.158037 -0.847054
-0.792345 0.115264 -0.599085
-0.525906 0.278178 -0.803766
-0.999672 -0.004591 -0.025189
-0.981308 0.190148 0.029620
-0.976718 0.023999 -0.213181
0.000000 0.000000 1.000000
0.000000 0.000000 1.000000
0.000000 0.000000 1.000000
0.707106 -0.707107 -0.000003
0.707106 -0.707107 -0.000000
0.707107 -0.707107 -0.000000
0.443247 -0.007579 0.896368
0.691689 0.006864 0.722163
0.446144 0.006673 0.894936
0.490222 0.200335 0.848262
0.754108 0.170102 0.634340
0.531513 0.282062 0.798708
0.999985 0.000566 -0.005476
0.981308 -0.190148 0.029620
0.976711 -0.024228 -0.213187
0.507468 -0.158037 -0.847054
0.792345 -0.115264 -0.599085
0.525906 -0.278178 -0.803766
0.000000 0.000000 1.000000
0.000000 0.000000 1.000000
0.000000 0.000000 1.000000
0.000000 0.000000 1.000000
0.000000 0.000000 1.000000
0.000000 0.000000 1.000000
0.000000 0.000000 1.000000
0.000000 0.000000 1.000000
0.000000 0.000000 1.000000
0.000000 0.000000 1.000000
0.000000 0.000000 1.000000
0.000000 0.000000 1.000000
0.000000 0.000000 1.000000
0.000000 0.000000 1.000000
0.000000 0.000000 1.000000
0.000000 0.000000 1.000000
0.000000 0.000000 1.000000
0.000000 0.000000 1.000000
0.000000 0.000000 1.000000
0.000000 0.000000 1.000000
0.000000 0.000000 1.000000
0.000000 0.000000 1.000000
0.000000 0.000000 1.000000
0.000000 0.000000 1.000000
0.707107 -0.707107 -0.000000
0.707107 -0.707106 -0.000001
0.707107 -0.707107 -0.000000
0.707107 -0.707107 -0.000000
0.707107 -0.707107 -0.000000
0.707107 -0.707107 -0.000000
-0.289071 0.435297 0.852616
-0.282073 0.531531 0.798693
-0.369386 0.464803 0.804681
-0.706188 0.708011 0.004303
-0.658395 0.672522 0.337980
-0.645728 0.712727 0.273962
-0.000000 -0.000000 -1.000000
-0.000000 -0.000000 -1.000000
-0.000000 -0.000000 -1.000000
-0.000000 -0.000000 -1.000000
-0.000000 -0.000000 -1.000000
-0.000000 -0.000000 -1.000000
-0.000000 -0.000000 -1.000000
-0.000000 -0.000000 -1.000000
-0.000000 -0.000000 -1.000000
-0.000000 -0.000000 -1.000000
-0.000000 -0.000000 -1.000000
-0.000000 -0.000000 -1.000000
-0.707108 0.707106 0.000002
-0.707108 0.707106 0.000006
-0.707107 0.707107 -0.000000
0.711222 0.669832 -0.213278
0.709432 0.704753 -0.005411
0.811285 0.584544 0.011200
0.000000 0.000000 1.000000
0.000000 0.000000 1.000000
0.000000 0.000000 1.000000
0.000000 0.000000 1.000000
0.000000 0.000000 1.000000
0.000000 0.000000 1.000000
0.000000 0.000000 1.000000
0.000000 0.000000 1.000000
0.000000 0.000000 1.000000
0.000000 0.000000 1.000000
0.000000 0.000000 1.000000
0.000000 0.000000 1.000000
0.000000 0.000000 1.000000
0.000000 0.000000 1.000000
0.000000 0.000000 1.000000
0.000000 0.000000 1.000000
0.000000 0.000000 1.000000
0.000000 0.000000 1.000000
-0.000000 -0.000000 -1.000000
-0.000000 -0.000000 -1.000000
-0.000000 -0.000000 -1.000000
-0.000000 -0.000000 -1.000000
-0.000000 -0.000000 -1.000000
-0.000000 -0.000000 -1.000000
-0.707107 0.707107 0.000000
-0.707107 0.707107 0.000000
-0.707107 0.707107 0.000000
-0.839223 -0.543787 0.000000
-0.924754 -0.380566 0.000000
-0.839223 -0.543787 0.000000
0.200335 -0.490222 0.848262
0.170102 -0.754108 0.634340
0.282062 -0.531513 0.798708
-0.007581 -0.443248 0.896367
0.002010 -0.760886 0.648882
0.006673 -0.446144 0.894936
-0.000000 -0.000000 -1.000000
-0.000000 0.037455 -0.999298
0.022910 0.019416 -0.999549
0.707107 -0.707107 -0.000000
0.707107 -0.707107 -0.000000
0.707107 -0.707107 -0.000000
0.204422 0.978883 -0.000000
0.380566 0.924754 -0.000000
0.204422 0.978883 -0.000000
-0.707107 0.707107 0.000000
-0.707107 0.707107 0.000000
-0.707107 0.707107 0.000000
-0.638031 0.769978 -0.007115
-0.709660 0.703457 -0.039134
-0.707108 0.707106 -0.000005
0.706188 -0.708011 0.004303
0.707107 -0.707107 -0.000000
0.707106 -0.707107 -0.000001
0.000000 0.000000 1.000000
0.000000 0.000000 1.000000
0.000000 0.000000 1.000000
0.000000 0.000000 1.000000
0.000000 0.000000 1.000000
0.000000 0.000000 1.000000
0.000000 -1.000000 0.000000
0.000000 -1.000000 0.000000
0.000000 -1.000000 0.000000
0.000000 -1.000000 0.000000
0.000000 -1.000000 0.000000
0.000000 -1.000000 0.000000
-0.000000 1.000000 -0.000000
-0.000000 1.000000 -0.000000
-0.000000 1.000000 -0.000000
-0.000000 1.000000 -0.000000
-0.000000 1.000000 -0.000000
-0.000000 1.000000 -0.000000
-0.543787 -0.839223 0.000000
-0.380566 -0.924754 0.000000
-0.543787 -0.839223 0.000000
-0.000000 -0.000000 -1.000000
-0.000000 -0.000000 -1.000000
-0.000000 -0.000000 -1.000000
-1.000000 -0.000000 0.000000
-1.000000 -0.000000 0.000000
-1.000000 -0.000000 0.000000
-1.000000 -0.000000 0.000000
-1.000000 -0.000000 0.000000
-1.000000 -0.000000 0.000000
-0.000000 -0.000000 -1.000000
-0.000000 -0.000000 -1.000000
-0.000000 -0.000000 -1.000000
-0.000000 -0.000000 -1.000000
-0.000000 -0.000000 -1.000000
-0.000000 -0.000000 -1.000000
-0.000000 -0.000000 -1.000000
-0.000000 -0.000000 -1.000000
-0.000000 -0.000000 -1.000000
-0.000000 -0.000000 -1.000000
-0.000000 -0.000000 -1.000000
-0.000000 -0.000000 -1.000000
-0.000000 -0.000000 -1.000000
-0.000000 -0.000000 -1.000000
-0.000000 -0.000000 -1.000000
-0.000000 -0.000000 -1.000000
-0.000000 -0.000000 -1.000000
-0.000000 -0.000000 -1.000000
1.000000 0.000000 -0.000000
1.000000 0.000000 -0.000000
1.000000 0.000000 -0.000000
1.000000 0.000000 -0.000000
1.000000 0.000000 -0.000000
1.000000 0.000000 -0.000000
0.000000 -1.000000 0.000000
-0.184665 -0.982802 0.000000
0.000000 -1.000000 0.000000
-0.204422 0.978883 0.000000
-0.380566 0.924754 0.000000
-0.204422 0.978883 0.000000
-0.000000 -0.000000 -1.000000
-0.000000 -0.000000 -1.000000
-0.037455 -0.000000 -0.999298
-0.000000 -0.000000 -1.000000
-0.000000 -0.000000 -1.000000
-0.000000 -0.000000 -1.000000
0.000000 0.000000 1.000000
0.000000 0.000000 1.000000
0.000000 0.000000 1.000000
0.000000 0.000000 1.000000
0.000000 0.000000 1.000000
0.000000 0.000000 1.000000
0.000000 0.000000 1.000000
0.000000 0.000000 1.000000
0.000000 0.000000 1.000000
0.000000 0.000000 1.000000
0.000000 0.000000 1.000000
0.000000 0.000000 1.000000
0.435279 0.289060 0.852629
0.464786 0.369372 0.804697
0.380635 0.371173 0.846963
0.435271 0.699931 0.566247
0.274793 0.531208 0.801440
0.504443 0.628226 0.592342
0.699931 -0.435272 0.566247
0.531208 -0.274794 0.801440
0.628226 -0.504443 0.592342
0.369372 -0.464786 0.804697
0.371173 -0.380635 0.846963
0.289060 -0.435279 0.852629
0.707107 -0.707107 -0.000000
0.548110 -0.836406 -0.000000
0.707107 -0.707107 -0.000000
-0.924754 0.380566 0.000000
-0.924754 0.380566 0.000000
-0.978883 0.204422 0.000000
-0.704779 -0.704779 -0.081076
-0.784148 -0.620573 -0.000833
-0.620573 -0.784148 -0.000833
-0.369975 -0.929042 0.000000
-0.184665 -0.982802 0.000000
-0.184665 -0.982802 0.000000
0.000000 0.000000 1.000000
0.000000 0.000000 1.000000
0.000000 0.000000 1.000000
0.000000 0.000000 1.000000
0.000000 0.000000 1.000000
0.000000 0.000000 1.000000
1.000000 0.000000 -0.000000
1.000000 0.000000 -0.000000
1.000000 0.000000 -0.000000
1.000000 0.000000 -0.000000
1.000000 0.000000 -0.000000
1.000000 0.000000 -0.000000
-0.707106 0.707107 -0.000003
-0.707107 0.707107 0.000000
-0.707107 0.707107 0.000000
-0.707107 0.707107 0.000000
-0.707107 0.707107 0.000000
-0.707107 0.707107 0.000000
0.707106 0.707108 0.000004
0.707106 0.707107 0.000002
0.707106 0.707107 0.000001
-0.707107 -0.707106 0.000001
-0.707107 -0.707107 0.000000
-0.707107 -0.707106 0.000001
0.707107 0.707106 0.000001
0.707107 0.707107 -0.000000
0.707107 0.707106 0.000001
-0.707106 -0.707108 0.000004
-0.707106 -0.707107 0.000002
-0.707106 -0.707107 0.000001
-0.468546 -0.375877 0.799488
-0.415150 -0.317079 0.852708
-0.521636 -0.283983 0.804518
-0.751320 -0.641632 0.154361
-0.835758 -0.517380 0.183922
-0.787171 -0.616733 -0.001585
0.337512 -0.107640 -0.935147
0.203296 -0.174228 -0.963491
0.253616 -0.080615 -0.963940
0.291614 -0.008920 -0.956495
0.296885 0.000000 -0.954913
0.441570 -0.007581 -0.897195
0.107640 0.337512 -0.935147
0.174228 0.203296 -0.963491
0.080615 0.253616 -0.963940
0.008920 0.291614 -0.956495
-0.000000 0.296885 -0.954913
0.008247 0.441091 -0.897424
-0.337512 0.107640 -0.935147
-0.203296 0.174228 -0.963491
-0.253616 0.080615 -0.963940
-0.291614 0.008920 -0.956495
-0.296885 -0.000000 -0.954913
-0.441091 0.008247 -0.897424
-0.753570 0.626122 0.200260
-0.706188 0.708011 0.004303
-0.708005 0.706205 0.001531
0.712642 -0.701217 -0.020894
0.710092 -0.702979 -0.039870
0.807661 -0.589587 -0.008423
0.628336 0.743262 0.229685
0.708011 0.706188 0.004303
0.706205 0.708005 0.001531
-0.701217 -0.712642 -0.020894
-0.702979 -0.710092 -0.039870
-0.589587 -0.807661 -0.008423
-0.654272 -0.739238 0.159548
-0.707742 -0.706454 0.004905
-0.707107 -0.707107 -0.000000
0.701217 0.712642 -0.020894
0.702979 0.710092 -0.039870
0.589587 0.807661 -0.008423
-0.982802 0.184665 0.000000
-1.000000 -0.000000 0.000000
-0.982802 0.184665 0.000000
-0.836406 0.548110 0.000000
-0.836406 0.548110 0.000000
-0.929042 0.369975 0.000000
-0.141551 0.113710 0.983379
-0.087021 0.162698 0.982831
-0.128193 0.239741 0.962336
-0.230280 0.289628 0.929025
-0.167235 0.322173 0.931792
-0.210841 0.394358 0.894443
0.000000 -1.000000 0.000000
0.000000 -1.000000 0.000000
0.000000 -1.000000 0.000000
0.000000 -1.000000 0.000000
0.000000 -1.000000 0.000000
0.000000 -1.000000 0.000000
0.000000 -1.000000 0.000000
0.000000 -1.000000 0.000000
0.000000 -1.000000 0.000000
0.000000 -1.000000 0.000000
0.000000 -1.000000 0.000000
0.000000 -1.000000 0.000000
-1.000000 -0.000000 0.000000
-1.000000 -0.000000 0.000000
-1.000000 -0.000000 0.000000
-1.000000 -0.000000 0.000000
-1.000000 -0.000000 0.000000
-1.000000 -0.000000 0.000000
-0.707107 -0.707107 0.000000
-0.707107 -0.707107 0.000000
-0.707107 -0.707107 0.000000
-0.707107 -0.707107 0.000000
-0.707107 -0.707107 0.000000
-0.707107 -0.707107 0.000000
0.707107 -0.707107 -0.000000
0.707107 -0.707107 -0.000000
0.707107 -0.707107 -0.000000
0.707107 -0.707107 -0.000000
0.707107 -0.707107 -0.000000
0.707107 -0.707107 -0.000000
1.000000 0.000000 -0.000000
1.000000 0.000000 -0.000000
1.000000 0.000000 -0.000000
1.000000 0.000000 -0.000000
1.000000 0.000000 -0.000000
1.000000 0.000000 -0.000000
0.707107 0.707107 -0.000000
0.707107 0.707107 -0.000000
0.707107 0.707107 -0.000000
0.707107 0.707107 -0.000000
0.707107 0.707107 -0.000000
0.707107 0.707107 -0.000000
-1.000000 -0.000000 0.000000
-1.000000 -0.000000 0.000000
-1.000000 -0.000000 0.000000
-1.000000 -0.000000 0.000000
-1.000000 -0.000000 0.000000
-1.000000 -0.000000 0.000000
-0.000000 1.000000 -0.000000
-0.000000 1.000000 -0.000000
-0.000000 1.000000 -0.000000
-0.000000 1.000000 -0.000000
-0.000000 1.000000 -0.000000
-0.000000 1.000000 -0.000000
-0.032556 -0.000559 0.999470
-0.000559 -0.032556 0.999470
-0.032556 0.000559 0.999470
-0.129748 -0.240632 0.961905
-0.088905 -0.157870 0.983450
-0.120404 -0.125109 0.984810
-0.000000 -0.000000 -1.000000
-0.000000 -0.000000 -1.000000
-0.000000 -0.000000 -1.000000
-0.000000 -0.000000 -1.000000
-0.000000 -0.000000 -1.000000
-0.000000 -0.000000 -1.000000
-0.000000 -0.000000 -1.000000
-0.000000 -0.000000 -1.000000
-0.000000 -0.000000 -1.000000
-0.000000 -0.000000 -1.000000
-0.000000 -0.000000 -1.000000
-0.000000 -0.000000 -1.000000
0.380566 -0.924754 -0.000000
0.543787 -0.839223 -0.000000
0.380566 -0.924754 -0.000000
-0.000000 1.000000 -0.000000
0.184665 0.982802 -0.000000
0.184665 0.982802 -0.000000
-0.000000 -0.000000 -1.000000
-0.000000 -0.000000 -1.000000
-0.000000 -0.000000 -1.000000
-0.000000 -0.000000 -1.000000
-0.000000 -0.000000 -1.000000
-0.000000 -0.000000 -1.000000
-0.000000 -0.000000 -1.000000
-0.000000 -0.000000 -1.000000
-0.000000 -0.000000 -1.000000
-0.000000 -0.000000 -1.000000
-0.000000 -0.000000 -1.000000
-0.000000 -0.000000 -1.000000
-0.000000 -0.000000 -1.000000
-0.000000 -0.000000 -1.000000
-0.000000 -0.000000 -1.000000
-0.000000 -0.000000 -1.000000
-0.000000 -0.000000 -1.000000
-0.000000 -0.000000 -1.000000
-0.707107 0.707107 0.000000
-0.707107 0.707106 -0.000001
-0.707107 0.707107 0.000000
-0.707107 0.707107 0.000000
-0.707107 0.707107 0.000000
-0.707107 0.707107 0.000000
-0.000000 -0.000000 -1.000000
-0.000000 -0.000000 -1.000000
-0.000000 -0.000000 -1.000000
-0.000000 -0.000000 -1.000000
-0.000000 -0.000000 -1.000000
-0.000000 -0.000000 -1.000000
-0.230280 0.289628 0.929025
-0.210841 0.394358 0.894443
-0.309092 0.320813 0.895288
-0.289071 0.435297 0.852616
-0.369386 0.464803 0.804681
-0.371182 0.380648 0.846954
-0.000559 -0.032556 0.999470
0.000559 -0.032556 0.999470
0.032556 -0.000559 0.999470
0.043936 -0.077994 0.995985
0.087021 -0.162698 0.982831
0.141551 -0.113710 0.983379
-0.000559 -0.032556 0.999470
0.032556 0.000559 0.999470
0.000559 0.032556 0.999470
0.077994 0.043936 0.995985
0.162698 0.087021 0.982831
0.113710 0.141551 0.983379
-0.043936 0.077994 0.995985
-0.087021 0.162698 0.982831
-0.141551 0.113710 0.983379
-0.032556 0.000559 0.999470
-0.000559 -0.032556 0.999470
-0.000559 0.032556 0.999470
-0.000000 1.000000 -0.000000
-0.000000 1.000000 -0.000000
-0.000000 1.000000 -0.000000
-0.000000 1.000000 -0.000000
-0.000000 1.000000 -0.000000
-0.000000 1.000000 -0.000000
0.000000 -1.000000 0.000000
0.000000 -1.000000 0.000000
0.000000 -1.000000 0.000000
0.000000 -1.000000 0.000000
0.000000 -1.000000 0.000000
0.000000 -1.000000 0.000000
-0.518308 -0.640866 0.566257
-0.273803 -0.531149 0.801818
-0.377846 -0.475060 0.794701
-0.160850 -0.965354 0.205471
-0.377802 -0.911598 0.162035
-0.402001 -0.915639 -0.000037
0.128193 -0.239741 0.962336
0.066923 -0.255976 0.964364
0.102212 -0.346110 0.932610
0.141551 -0.113710 0.983379
0.087021 -0.162698 0.982831
0.128193 -0.239741 0.962336
0.239741 0.128193 0.962336
0.255976 0.066923 0.964364
0.346110 0.102212 0.932610
0.113710 0.141551 0.983379
0.162698 0.087021 0.982831
0.239741 0.128193 0.962336
-0.707107 -0.707107 0.000000
-0.707107 -0.707107 0.000000
-0.707107 -0.707107 0.000000
-0.785793 0.618490 0.000000
-0.785793 0.618490 0.000000
-0.839223 0.543787 0.000000
-0.000000 1.000000 -0.000000
-0.000000 1.000000 -0.000000
-0.000000 1.000000 -0.000000
-0.000000 1.000000 -0.000000
-0.000000 1.000000 -0.000000
-0.000000 1.000000 -0.000000
0.839223 0.543787 -0.000000
0.924754 0.380566 -0.000000
0.839223 0.543787 -0.000000
0.707107 -0.707107 -0.000000
0.707107 -0.707107 -0.000000
0.707107 -0.707107 -0.000000
-1.000000 -0.000000 0.000000
-1.000000 -0.000000 0.000000
-1.000000 -0.000000 0.000000
-1.000000 -0.000000 0.000000
-1.000000 -0.000000 0.000000
-1.000000 -0.000000 0.000000
-0.707106 0.707107 0.000001
-0.707107 0.707107 0.000000
-0.707106 0.707107 0.000001
0.707108 -0.707106 0.000004
0.707107 -0.707106 0.000002
0.707107 -0.707106 0.000001
1.000000 0.000000 -0.000000
1.000000 0.000000 -0.000000
1.000000 0.000000 -0.000000
1.000000 0.000000 -0.000000
1.000000 0.000000 -0.000000
1.000000 0.000000 -0.000000
0.707106 -0.707107 0.000001
0.707107 -0.707107 -0.000000
0.707106 -0.707107 0.000001
-0.707108 0.707106 0.000004
-0.707107 0.707106 0.000002
-0.707107 0.707106 0.000001
0.543787 0.839223 -0.000000
0.380566 0.924754 -0.000000
0.543787 0.839223 -0.000000
-0.000000 -0.000000 -1.000000
0.000000 -0.037455 -0.999298
-0.022910 -0.019416 -0.999549
0.965354 -0.160850 0.205471
0.999974 -0.006133 0.003694
0.999988 -0.002171 0.004454
-0.995792 0.091638 -0.000868
-1.000000 -0.000000 0.000000
-0.999994 0.003533 0.000563
0.160850 0.965354 0.205471
0.006133 0.999974 0.003694
0.002171 0.999988 0.004454
-0.091638 -0.995792 -0.000868
0.000000 -1.000000 0.000000
-0.003533 -0.999994 0.000563
-0.160850 -0.965354 0.205471
-0.006133 -0.999974 0.003694
-0.002171 -0.999988 0.004454
0.091638 0.995792 -0.000868
-0.000000 1.000000 -0.000000
0.003533 0.999994 0.000563
-0.174228 -0.203296 -0.963491
-0.080528 -0.167648 -0.982552
-0.082934 -0.251294 -0.964351
-0.707107 0.707107 0.000000
-0.707107 0.707107 0.000000
-0.707107 0.707107 0.000000
-0.092396 0.995720 -0.001979
-0.006003 0.999982 0.000894
-0.000000 1.000000 -0.000000
0.000711 -0.999977 0.006719
0.000000 -1.000000 0.000000
0.095380 -0.995441 -0.000641
0.926782 0.375598 0.001266
0.929042 0.369975 -0.000000
0.982801 0.184665 -0.000000
-0.000000 -0.000000 -1.000000
-0.000000 -0.000000 -1.000000
0.037455 0.000000 -0.999298
0.694697 -0.719287 0.004739
0.523684 -0.851855 0.009957
0.638031 -0.769978 -0.007115
-0.369749 0.929117 -0.005191
-0.617221 0.786790 -0.000504
-0.581295 0.791549 0.188535
-0.719287 -0.694697 0.004739
-0.851855 -0.523684 0.009957
-0.769978 -0.638031 -0.007115
0.929117 0.369749 -0.005191
0.786790 0.617221 -0.000504
0.791549 0.581295 0.188535
-0.929423 -0.368997 -0.003781
-0.787171 -0.616733 -0.001585
-0.835758 -0.517380 0.183922
0.719287 0.694697 0.004739
0.851855 0.523684 0.009957
0.769978 0.638031 -0.007115
-0.000000 -0.000000 -1.000000
-0.000000 -0.000000 -1.000000
-0.000000 -0.000000 -1.000000
-0.000000 -0.000000 -1.000000
-0.000000 -0.000000 -1.000000
-0.000000 -0.000000 -1.000000
-0.000000 -0.000000 -1.000000
-0.000000 -0.000000 -1.000000
-0.000000 -0.000000 -1.000000
-0.000000 -0.000000 -1.000000
-0.000000 -0.000000 -1.000000
-0.000000 -0.000000 -1.000000
0.628841 -0.515499 -0.582082
0.670179 -0.448224 -0.591570
0.752814 -0.626597 -0.201615
0.000000 0.000000 1.000000
0.000000 0.000000 1.000000
0.000000 0.000000 1.000000
0.000000 0.000000 1.000000
0.000000 0.000000 1.000000
0.000000 0.000000 1.000000
-0.628841 0.515499 -0.582082
-0.670179 0.448224 -0.591570
-0.752814 0.626597 -0.201615
0.515499 0.628841 -0.582082
0.448224 0.670179 -0.591570
0.626596 0.752814 -0.201615
0.000000 0.000000 1.000000
0.000000 0.000000 1.000000
0.000000 0.000000 1.000000
-0.515499 -0.628841 -0.582082
-0.448224 -0.670179 -0.591570
-0.626596 -0.752814 -0.201615
0.000000 0.000000 1.000000
0.000000 0.000000 1.000000
0.000000 0.000000 1.000000
-0.000000 1.000000 -0.000000
-0.095381 0.995441 -0.000642
-0.000000 1.000000 -0.000000
0.092025 -0.995756 -0.001397
0.000000 -1.000000 0.000000
0.000000 -1.000000 0.000000
0.707107 -0.707107 -0.000000
0.707108 -0.707106 0.000006
0.707107 -0.707106 -0.000001
-0.609607 -0.496054 -0.618312
-0.459994 -0.375921 -0.804418
-0.562777 -0.536454 -0.628888
-0.445859 -0.007119 0.895075
-0.441845 -0.075962 0.893869
-0.360727 -0.026818 0.932286
-0.195625 -0.190220 0.962054
-0.241293 -0.133505 0.961225
-0.318328 -0.176072 0.931486
0.785793 -0.618490 -0.000000
0.785793 -0.618490 -0.000000
0.839223 -0.543787 -0.000000
0.707107 0.707107 -0.000000
0.707107 0.707107 -0.000000
0.707107 0.707107 -0.000000
0.000328 -0.297820 -0.954622
-0.023198 -0.268312 -0.963053
0.001137 -0.148874 -0.988856
1.000000 0.000000 -0.000000
1.000000 0.000000 -0.000000
1.000000 0.000000 -0.000000
-0.707107 -0.707107 0.000000
-0.707107 -0.707107 0.000000
-0.707107 -0.707107 0.000000
-0.707107 -0.707107 0.000000
-0.707107 -0.707107 0.000000
-0.707107 -0.707107 0.000000
0.707107 0.707107 -0.000000
0.707107 0.707107 -0.000000
0.707107 0.707107 -0.000000
0.707107 0.707107 -0.000000
0.707107 0.707107 -0.000000
0.707107 0.707107 -0.000000
-0.999937 0.009015 0.006647
-0.999971 0.006501 0.004028
-0.990540 0.137204 0.002582
0.999648 -0.017300 -0.020096
0.999812 -0.015609 -0.011509
0.986011 -0.166626 0.004340
0.999812 0.015609 -0.011509
0.999981 0.006123 0.000911
0.979651 0.200434 0.010454
-1.000000 -0.000000 0.000000
-1.000000 -0.000000 0.000000
-0.995348 -0.096344 0.000088
1.000000 0.000000 -0.000000
0.995441 0.095380 -0.000641
1.000000 0.000000 -0.000000
-0.979651 -0.200434 0.010454
-0.999812 -0.015609 -0.011509
-0.999981 -0.006123 0.000911
0.915872 -0.401469 -0.001177
0.912999 -0.370729 0.170275
0.832698 -0.538451 0.129167
0.777515 -0.163553 0.607224
0.755554 -0.252067 0.604650
0.965354 -0.160850 0.205471
0.163553 0.777515 0.607224
0.252067 0.755553 0.604650
0.160850 0.965354 0.205471
0.401469 0.915872 -0.001177
0.370729 0.912999 0.170275
0.538451 0.832698 0.129167
-0.077754 0.256235 -0.963482
-0.054736 0.176209 -0.982830
-0.166623 0.203986 -0.964690
-0.000000 0.037455 -0.999298
0.000377 0.033172 -0.999450
-0.003669 0.158245 -0.987393
0.375598 0.926782 0.001266
0.369975 0.929042 -0.000000
0.527727 0.845600 -0.080406
0.704779 0.704779 0.081076
0.620573 0.784148 -0.000833
0.784148 0.620573 -0.000833
-0.155590 0.969609 -0.188814
-0.169876 0.985142 -0.025237
-0.023046 0.964672 -0.262444
-0.584544 0.811285 0.011200
-0.640493 0.738767 -0.209741
-0.669832 0.711222 -0.213278
0.811285 0.584544 0.011200
0.738767 0.640493 -0.209741
0.711222 0.669832 -0.213278
0.969609 0.155590 -0.188814
0.985142 0.169876 -0.025237
0.964672 0.023046 -0.262444
-0.969609 -0.155590 -0.188814
-0.985142 -0.169876 -0.025237
-0.964672 -0.023046 -0.262444
-0.811285 -0.584544 0.011200
-0.738767 -0.640493 -0.209741
-0.711222 -0.669832 -0.213278
0.155590 -0.969609 -0.188814
0.169876 -0.985142 -0.025237
0.023046 -0.964672 -0.262444
0.584544 -0.811285 0.011200
0.640493 -0.738767 -0.209741
0.669832 -0.711222 -0.213277
-0.107640 -0.337512 -0.935147
-0.174228 -0.203296 -0.963491
-0.082934 -0.251294 -0.964351
-0.078816 -0.438419 -0.895308
-0.006962 -0.435941 -0.899948
-0.045425 -0.517877 -0.854248
0.077754 -0.256235 -0.963482
0.054736 -0.176209 -0.982830
0.166623 -0.203986 -0.964690
0.022910 -0.019416 -0.999549
-0.000377 -0.033172 -0.999450
-0.000000 -0.000000 -1.000000
0.836406 -0.548110 -0.000000
0.707107 -0.707107 -0.000000
0.836406 -0.548110 -0.000000
-0.000000 -0.000000 -1.000000
-0.000000 -0.000000 -1.000000
-0.000000 -0.000000 -1.000000
-0.929042 -0.369975 0.000000
-0.982801 -0.184665 0.000000
-0.926782 -0.375598 0.001266
-0.784148 -0.620573 -0.000833
-0.704779 -0.704779 0.081076
-0.620573 -0.784148 -0.000833
-0.707107 0.707107 -0.000000
-0.707107 0.707106 -0.000001
-0.707107 0.707107 0.000000
-0.707107 0.707107 -0.000000
-0.707108 0.707106 0.000006
-0.707107 0.707106 -0.000001
-0.044441 -0.084839 -0.995403
-0.033172 0.000377 -0.999450
-0.019416 -0.022910 -0.999549
-0.256235 -0.077754 -0.963482
-0.176209 -0.054736 -0.982830
-0.203986 -0.166623 -0.964690
0.044441 0.084839 -0.995403
0.033172 -0.000377 -0.999450
0.019416 0.022910 -0.999549
0.256235 0.077754 -0.963482
0.176209 0.054736 -0.982830
0.203986 0.166623 -0.964690
0.807661 -0.589587 -0.008423
0.898254 -0.439431 0.006406
0.773394 -0.633926 0.000243
-0.915543 0.402220 -0.000332
-0.842003 0.493857 0.217109
-0.787313 0.616552 -0.001308
0.915872 -0.401469 -0.001177
0.832698 -0.538451 0.129167
0.786451 -0.617645 -0.003031
-0.807661 0.589587 -0.008423
-0.898254 0.439431 0.006406
-0.773394 0.633926 0.000243
0.401469 0.915872 -0.001177
0.538451 0.832698 0.129167
0.617645 0.786451 -0.003031
-0.589587 -0.807661 -0.008423
-0.439431 -0.898254 0.006406
-0.633926 -0.773394 0.000243
-0.402001 -0.915639 -0.000037
-0.566551 -0.790745 0.231823
-0.616456 -0.787386 -0.002273
0.589587 0.807661 -0.008423
0.439431 0.898254 0.006406
0.633926 0.773394 0.000243
-0.707107 0.707107 0.000000
-0.707107 0.707107 0.000000
-0.548110 0.836406 0.000000
-0.836406 0.548110 0.000000
-0.836406 0.548110 0.000000
-0.707107 0.707107 0.000000
0.707107 -0.707107 -0.000000
0.707107 -0.707106 -0.000001
0.707107 -0.707107 -0.000000
-0.707107 0.707107 0.000000
-0.707107 0.707107 0.000000
-0.707107 0.707107 0.000000
-0.184665 0.982801 0.000000
-0.000000 1.000000 -0.000000
-0.000000 1.000000 -0.000000
-0.548110 0.836406 0.000000
-0.369975 0.929042 0.000000
-0.548110 0.836406 0.000000
0.707107 -0.707107 -0.000000
0.707107 -0.707107 -0.000000
0.707107 -0.707107 -0.000000
0.707106 -0.707107 -0.000003
0.707107 -0.707107 -0.000000
0.707107 -0.707107 -0.000000
-0.694697 0.719287 0.004739
-0.523684 0.851855 0.009957
-0.638031 0.769978 -0.007115
0.369749 -0.929117 -0.005191
0.617221 -0.786790 -0.000504
0.581295 -0.791549 0.188535
0.548110 -0.836406 -0.000000
0.369975 -0.929042 -0.000000
0.548110 -0.836406 -0.000000
0.000000 -1.000000 0.000000
0.184665 -0.982801 -0.000000
0.184665 -0.982801 -0.000000
-0.839223 0.543787 0.000000
-0.924754 0.380566 0.000000
-0.839223 0.543787 0.000000
-0.000000 -0.000000 -1.000000
0.037455 0.000000 -0.999298
0.019416 -0.022910 -0.999549
-0.970903 0.164947 0.173605
-0.925045 0.357548 0.128264
-0.915543 0.402220 -0.000332
-0.759799 0.218721 0.612263
-0.530596 0.274543 0.801931
-0.714530 0.382846 0.585556
0.289628 0.230279 0.929025
0.322171 0.167233 0.931793
0.394349 0.210835 0.894448
0.490222 0.200335 0.848262
0.424921 0.130447 0.895782
0.510500 0.142516 0.847985
0.230279 -0.289628 0.929025
0.167233 -0.322171 0.931793
0.210835 -0.394348 0.894448
0.200335 -0.490222 0.848262
0.130447 -0.424921 0.895782
0.142516 -0.510500 0.847985
-0.000000 -0.000000 -1.000000
-0.000000 -0.000000 -1.000000
-0.000000 -0.000000 -1.000000
-0.000000 -0.000000 -1.000000
-0.000000 -0.000000 -1.000000
-0.000000 -0.000000 -1.000000
-0.319378 -0.305461 0.897046
-0.397974 -0.219889 0.890654
-0.415150 -0.317079 0.852708
-0.323282 -0.415784 0.850066
-0.245669 -0.375210 0.893792
-0.319378 -0.305461 0.897046
0.149719 0.000000 -0.988729
0.291614 -0.008920 -0.956495
0.158011 -0.007790 -0.987407
0.033172 0.000377 -0.999450
0.019416 -0.022910 -0.999549
0.037455 0.000000 -0.999298
-0.033172 -0.000377 -0.999450
-0.019416 0.022910 -0.999549
-0.037455 -0.000000 -0.999298
-0.149719 -0.000000 -0.988729
-0.291614 0.008920 -0.956495
-0.158011 0.007790 -0.987407
-0.000377 0.033172 -0.999450
0.022910 0.019416 -0.999549
-0.000000 0.037455 -0.999298
0.007790 0.158011 -0.987407
-0.000000 0.149719 -0.988729
0.008920 0.291614 -0.956495
-0.169648 0.302338 -0.937982
-0.271173 0.347540 -0.897597
-0.175735 0.409321 -0.895306
-0.084992 0.436967 -0.895453
-0.175735 0.409321 -0.895306
-0.151969 0.504906 -0.849691
0.169648 -0.302338 -0.937982
0.271173 -0.347540 -0.897597
0.175735 -0.409321 -0.895306
0.084992 -0.436967 -0.895453
0.175735 -0.409321 -0.895306
0.151969 -0.504906 -0.849691
-0.707107 -0.707107 0.000000
-0.707107 -0.707107 0.000000
-0.707107 -0.707107 0.000000
-0.054736 0.176209 -0.982830
-0.114808 0.134855 -0.984192
-0.166623 0.203986 -0.964690
-0.026818 0.360727 0.932286
-0.007119 0.445859 0.895075
-0.075962 0.441845 0.893869
-0.128193 0.239741 0.962336
-0.066923 0.255976 0.964364
-0.102213 0.346113 0.932608
0.436967 0.084992 -0.895453
0.409321 0.175735 -0.895306
0.504906 0.151969 -0.849691
0.302338 0.169648 -0.937982
0.347540 0.271173 -0.897597
0.409321 0.175735 -0.895306
-0.436967 -0.084992 -0.895453
-0.409321 -0.175735 -0.895306
-0.504906 -0.151969 -0.849691
-0.302338 -0.169648 -0.937982
-0.347540 -0.271173 -0.897597
-0.409321 -0.175735 -0.895306
-0.440417 0.082304 0.894013
-0.416578 0.165542 0.893901
-0.506885 0.151582 0.848581
-0.294607 -0.008332 0.955582
-0.294897 0.009548 0.955481
-0.445859 -0.007119 0.895075
-0.008332 0.294607 0.955582
0.009548 0.294897 0.955481
-0.007119 0.445859 0.895075
0.082302 0.440406 0.894018
0.165538 0.416568 0.893906
0.151578 0.506873 0.848589
-0.707107 -0.707107 0.000000
-0.707107 -0.707107 0.000000
-0.707107 -0.707107 0.000000
-0.707107 -0.707107 0.000000
-0.707107 -0.707107 0.000000
-0.707107 -0.707107 0.000000
0.707107 0.707107 -0.000000
0.707107 0.707107 -0.000000
0.707107 0.707107 -0.000000
0.707107 0.707107 -0.000000
0.707107 0.707107 -0.000000
0.707107 0.707107 -0.000000
1.000000 0.000000 -0.000000
1.000000 0.000000 -0.000000
1.000000 0.000000 -0.000000
0.204422 -0.978883 -0.000000
0.113750 -0.993509 -0.000000
0.204422 -0.978883 -0.000000
0.839223 -0.543787 -0.000000
0.924754 -0.380566 -0.000000
0.839223 -0.543787 -0.000000
0.924754 -0.380566 -0.000000
0.924754 -0.380566 -0.000000
0.978883 -0.204422 -0.000000
-0.581295 0.791549 0.188535
-0.704566 0.709619 0.005204
-0.704127 0.710054 0.005240
0.638031 -0.769978 -0.007115
0.707107 -0.707107 -0.000000
0.694697 -0.719287 0.004739
-0.751320 -0.641632 0.154361
-0.708010 -0.706200 0.001878
-0.708187 -0.706023 0.001897
0.769978 0.638031 -0.007115
0.707107 0.707107 -0.000000
0.719287 0.694697 0.004739
0.791549 0.581295 0.188535
0.709619 0.704566 0.005204
0.710054 0.704127 0.005240
-0.769978 -0.638031 -0.007115
-0.707107 -0.707107 0.000000
-0.719287 -0.694697 0.004739
-0.129748 -0.240632 0.961905
-0.221296 -0.283954 0.932951
-0.166580 -0.321211 0.932242
-0.003220 -0.159751 0.987152
-0.067781 -0.263748 0.962207
-0.009548 -0.294897 0.955481
0.704599 -0.709594 0.004206
0.707108 -0.707106 -0.000001
0.706188 -0.708011 0.004303
-0.707107 0.707107 0.000000
-0.707107 0.707107 0.000000
-0.638031 0.769978 -0.007115
-0.204422 0.978883 0.000000
-0.113750 0.993509 0.000000
-0.113750 0.993509 0.000000
-1.000000 -0.000000 0.000000
-1.000000 -0.000000 0.000000
-1.000000 -0.000000 0.000000
-0.707107 -0.707107 0.000000
-0.707107 -0.707107 0.000000
-0.707107 -0.707107 0.000000
-0.000000 -0.000000 -1.000000
-0.000000 -0.000000 -1.000000
-0.000000 -0.000000 -1.000000
0.707107 0.707107 -0.000000
0.707107 0.707107 -0.000000
0.707107 0.707107 -0.000000
-0.000000 -0.000000 -1.000000
-0.000000 -0.000000 -1.000000
-0.000000 -0.000000 -1.000000
-0.707107 0.707107 0.000000
-0.707107 0.707107 0.000000
-0.707107 0.707107 0.000000
-0.000000 -0.000000 -1.000000
-0.000000 -0.000000 -1.000000
-0.000000 -0.000000 -1.000000
0.707107 0.707107 -0.000000
0.707107 0.707107 -0.000000
0.707107 0.707107 -0.000000
-0.543787 0.839223 0.000000
-0.380566 0.924754 0.000000
-0.543787 0.839223 0.000000
0.784148 0.620573 -0.000833
0.704779 0.704779 -0.081076
0.845600 0.527727 -0.080405
0.620573 0.784148 -0.000833
0.704779 0.704779 -0.081076
0.784148 0.620573 -0.000833
0.000000 -1.000000 0.000000
0.000000 -1.000000 0.000000
0.000000 -1.000000 0.000000
-0.000000 1.000000 -0.000000
-0.000000 1.000000 -0.000000
-0.000000 1.000000 -0.000000
-1.000000 -0.000000 0.000000
-1.000000 -0.000000 0.000000
-1.000000 -0.000000 0.000000
1.000000 0.000000 -0.000000
1.000000 0.000000 -0.000000
1.000000 0.000000 -0.000000
0.000000 -1.000000 0.000000
0.000000 -1.000000 0.000000
0.000000 -1.000000 0.000000
-0.000000 1.000000 -0.000000
-0.000000 1.000000 -0.000000
-0.000000 1.000000 -0.000000
-0.113759 -0.972832 -0.201635
-0.244817 -0.765848 -0.594593
-0.146086 -0.783765 -0.603631
-0.213589 -0.964948 -0.152496
-0.369148 -0.901747 -0.224905
-0.344486 -0.740786 -0.576684
-0.964948 0.213589 -0.152496
-0.901747 0.369148 -0.224905
-0.740786 0.344486 -0.576684
-0.972832 0.113759 -0.201635
-0.765849 0.244817 -0.594593
-0.783765 0.146086 -0.603631
0.113759 0.972832 -0.201635
0.244817 0.765848 -0.594593
0.146086 0.783765 -0.603631
0.213589 0.964948 -0.152496
0.369148 0.901747 -0.224905
0.344486 0.740786 -0.576684
0.972832 -0.113759 -0.201635
0.765849 -0.244817 -0.594593
0.783765 -0.146086 -0.603631
0.964948 -0.213589 -0.152496
0.901747 -0.369148 -0.224905
0.740786 -0.344486 -0.576684
0.707107 0.707107 -0.000000
0.707106 0.707108 0.000006
0.707106 0.707107 -0.000001
0.707107 0.707107 -0.000000
0.707106 0.707107 -0.000001
0.707107 0.707107 -0.000000
-0.707107 -0.707107 0.000000
-0.707106 -0.707107 -0.000001
-0.707107 -0.707107 0.000000
-0.707107 -0.707107 -0.000000
-0.707106 -0.707108 0.000006
-0.707106 -0.707107 -0.000001
0.051837 -0.957545 0.283586
0.174103 -0.929335 0.325613
0.170102 -0.754108 0.634340
-0.006224 -0.888752 0.458346
0.028195 -0.963386 0.266631
0.002010 -0.760886 0.648882
0.957545 0.051837 0.283586
0.929335 0.174103 0.325613
0.754108 0.170102 0.634340
0.441834 0.075960 0.893875
0.520323 0.039731 0.853045
0.510500 0.142516 0.847985
-0.075962 0.441845 0.893869
-0.039733 0.520336 0.853037
-0.142520 0.510513 0.847976
-0.051837 0.957545 0.283586
-0.174103 0.929335 0.325613
-0.170101 0.754110 0.634337
-0.335270 0.328307 -0.883068
-0.481204 0.447564 -0.753743
-0.331368 0.331368 -0.883397
-0.684441 0.684440 -0.251162
-0.708637 0.705398 -0.015718
-0.657362 0.701984 -0.274032
0.335270 -0.328307 -0.883068
0.481204 -0.447564 -0.753743
0.331368 -0.331368 -0.883397
0.684441 -0.684440 -0.251162
0.708637 -0.705398 -0.015718
0.657362 -0.701984 -0.274032
-0.000000 -0.000000 -1.000000
-0.000000 -0.000000 -1.000000
-0.000000 -0.000000 -1.000000
0.707107 -0.707107 -0.000000
0.707107 -0.707107 -0.000000
0.707107 -0.707107 -0.000000
0.836406 -0.548110 -0.000000
0.836406 -0.548110 -0.000000
0.929042 -0.369975 -0.000000
0.929042 -0.369975 -0.000000
0.982802 -0.184665 -0.000000
0.982802 -0.184665 -0.000000
0.924754 0.380566 -0.000000
0.839223 0.543787 -0.000000
0.924754 0.380566 -0.000000
0.978883 0.204422 -0.000000
0.993509 0.113750 -0.000000
0.978883 0.204422 -0.000000
-0.704779 -0.704779 -0.081076
-0.620573 -0.784148 -0.000833
-0.527727 -0.845600 -0.080405
0.618490 0.785793 -0.000000
0.618490 0.785793 -0.000000
0.543787 0.839223 -0.000000
0.000000 0.000000 1.000000
0.000000 0.000000 1.000000
0.000000 0.000000 1.000000
0.707107 -0.707107 -0.000000
0.707107 -0.707107 -0.000000
0.707107 -0.707107 -0.000000
-1.000000 -0.000000 0.000000
-1.000000 -0.000000 0.000000
-1.000000 -0.000000 0.000000
0.000341 -0.999981 -0.006123
-0.002391 -0.954099 -0.299483
0.023046 -0.964672 -0.262444
-0.000341 0.999981 -0.006123
0.002391 0.954099 -0.299483
-0.023046 0.964672 -0.262444
1.000000 0.000000 -0.000000
1.000000 0.000000 -0.000000
1.000000 0.000000 -0.000000
0.000000 -1.000000 0.000000
0.000000 -1.000000 0.000000
0.000000 -1.000000 0.000000
0.999981 0.000341 -0.006123
0.954099 -0.002391 -0.299483
0.964672 0.023046 -0.262444
-0.000000 1.000000 -0.000000
-0.000000 1.000000 -0.000000
-0.000000 1.000000 -0.000000
-0.999981 -0.000341 -0.006123
-0.954099 0.002391 -0.299483
-0.964672 -0.023046 -0.262444
0.440406 -0.082302 0.894018
0.416568 -0.165538 0.893906
0.506873 -0.151578 0.848589
0.294607 0.008332 0.955582
0.294897 -0.009548 0.955481
0.443247 -0.007579 0.896368
0.000000 0.000000 1.000000
0.000000 0.000000 1.000000
0.000000 0.000000 1.000000
-0.000000 1.000000 -0.000000
-0.000000 1.000000 -0.000000
-0.000000 1.000000 -0.000000
-0.000000 -0.000000 -1.000000
-0.000000 -0.000000 -1.000000
-0.000000 -0.000000 -1.000000
1.000000 0.000000 -0.000000
1.000000 0.000000 -0.000000
1.000000 0.000000 -0.000000
-0.000000 1.000000 -0.000000
-0.000000 1.000000 -0.000000
-0.000000 1.000000 -0.000000
-0.000000 -0.000000 -1.000000
-0.000000 -0.000000 -1.000000
-0.000000 -0.000000 -1.000000
1.000000 0.000000 -0.000000
1.000000 0.000000 -0.000000
1.000000 0.000000 -0.000000
0.000000 0.000000 1.000000
0.000000 0.000000 1.000000
0.000000 0.000000 1.000000
-0.507468 0.158037 -0.847054
-0.525906 0.278178 -0.803766
-0.460679 0.246153 -0.852750
-0.357492 0.029750 -0.933442
-0.438419 0.078816 -0.895308
-0.337512 0.107640 -0.935147
0.158037 0.507468 -0.847054
0.278178 0.525906 -0.803766
0.246153 0.460679 -0.852750
0.029750 0.357492 -0.933442
0.078816 0.438419 -0.895308
0.107640 0.337512 -0.935147
0.507468 -0.158037 -0.847054
0.525906 -0.278178 -0.803766
0.460679 -0.246153 -0.852750
0.357492 -0.029750 -0.933442
0.438419 -0.078816 -0.895308
0.337512 -0.107640 -0.935147
0.705945 0.708183 -0.010909
0.666006 0.685971 -0.293051
0.626596 0.752814 -0.201615
0.707106 -0.707107 0.000001
0.707106 -0.707107 0.000001
0.707106 -0.707108 -0.000001
-0.707107 -0.707106 0.000001
-0.707107 -0.707106 0.000001
-0.707108 -0.707106 -0.000001
0.708183 -0.705945 -0.010909
0.685971 -0.666006 -0.293051
0.752814 -0.626597 -0.201615
0.707107 0.707106 0.000001
0.707107 0.707106 0.000001
0.707108 0.707106 -0.000001
-0.708183 0.705945 -0.010909
-0.685971 0.666006 -0.293051
-0.752814 0.626597 -0.201615
-0.705945 -0.708183 -0.010909
-0.666006 -0.685971 -0.293051
-0.626596 -0.752814 -0.201615
-0.707106 0.707107 0.000001
-0.707106 0.707107 0.000001
-0.707106 0.707108 -0.000001
1.000000 0.000000 -0.000000
1.000000 0.000000 -0.000000
1.000000 0.000000 -0.000000
-1.000000 -0.000000 0.000000
-1.000000 -0.000000 0.000000
-1.000000 -0.000000 0.000000
0.777515 -0.163553 0.607224
0.965354 -0.160850 0.205471
0.985239 -0.032372 0.168093
0.506873 -0.151578 0.848589
0.520144 -0.046727 0.852799
0.440406 -0.082302 0.894018
0.163553 0.777515 0.607224
0.160850 0.965354 0.205471
0.032372 0.985239 0.168093
0.151578 0.506873 0.848589
0.046727 0.520144 0.852799
0.082302 0.440406 0.894018
0.000000 0.000000 1.000000
0.000000 0.000000 1.000000
0.000000 0.000000 1.000000
-0.707107 0.707107 0.000000
-0.707107 0.707107 0.000000
-0.707107 0.707107 0.000000
-0.468546 -0.375877 0.799488
-0.485208 -0.490118 0.724125
-0.415150 -0.317079 0.852708
-0.707742 -0.706454 0.004905
-0.647666 -0.671633 0.359775
-0.751320 -0.641632 0.154361
0.001137 -0.148874 -0.988856
-0.023198 -0.268312 -0.963053
-0.008547 -0.152915 -0.988202
0.000377 -0.033172 -0.999450
-0.022910 -0.019416 -0.999549
0.000000 -0.037455 -0.999298
0.008332 -0.294607 0.955582
-0.009548 -0.294897 0.955481
-0.007581 -0.443248 0.896367
-0.082304 -0.440417 0.894013
-0.165542 -0.416578 0.893901
-0.151583 -0.506885 0.848581
0.707107 0.707107 -0.000000
0.707107 0.707107 -0.000000
0.707107 0.707107 -0.000000
0.054736 -0.176209 -0.982830
0.114808 -0.134855 -0.984192
0.166623 -0.203986 -0.964690
0.995792 -0.091638 -0.000868
1.000000 0.000000 -0.000000
0.999994 -0.003533 0.000563
-0.970903 0.164947 0.173605
-0.999985 0.002806 0.004751
-0.999981 0.000837 0.006109
-0.995720 -0.092396 -0.001979
-1.000000 -0.000000 0.000000
-1.000000 -0.000000 0.000000
0.995441 0.095380 -0.000641
0.999980 0.001284 0.006266
1.000000 0.000000 -0.000000
0.995720 0.092396 -0.001979
1.000000 0.000000 -0.000000
1.000000 0.000000 -0.000000
-0.999986 -0.001064 0.005143
-1.000000 -0.000000 0.000000
-0.995348 -0.096344 0.000088
0.397150 -0.913462 0.088649
0.369749 -0.929117 -0.005191
0.581295 -0.791549 0.188535
0.442731 -0.678283 0.586448
0.645728 -0.712727 0.273962
0.459676 -0.587812 0.665714
0.913462 0.397150 0.088649
0.929117 0.369749 -0.005191
0.791549 0.581295 0.188535
0.678283 0.442731 0.586448
0.712727 0.645728 0.273962
0.587812 0.459676 0.665714
-0.397150 0.913462 0.088649
-0.369749 0.929117 -0.005191
-0.581295 0.791549 0.188535
-0.442735 0.678286 0.586441
-0.645728 0.712727 0.273962
-0.459670 0.587814 0.665716
-0.000000 -0.000000 -1.000000
-0.000000 -0.000000 -1.000000
-0.000000 -0.000000 -1.000000
-0.982802 0.184665 0.000000
-1.000000 -0.000000 0.000000
-1.000000 -0.000000 0.000000
-0.978883 -0.204422 0.000000
-0.993509 -0.113750 0.000000
-0.978883 -0.204422 0.000000
-0.924754 -0.380566 0.000000
-0.839223 -0.543787 0.000000
-0.924754 -0.380566 0.000000
-0.006019 0.412296 -0.911030
-0.037513 0.592621 -0.804608
-0.000000 0.411580 -0.911374
-0.000000 0.965565 -0.260161
-0.000721 0.999969 -0.007845
0.036760 0.959243 -0.280181
0.000000 0.000000 1.000000
0.000000 0.000000 1.000000
0.000000 0.000000 1.000000
-0.707107 -0.707107 0.000000
-0.707107 -0.707107 0.000000
-0.707107 -0.707107 0.000000
0.707107 0.707107 -0.000000
0.707107 0.707107 -0.000000
0.707107 0.707107 -0.000000
0.000000 0.000000 1.000000
0.000000 0.000000 1.000000
0.000000 0.000000 1.000000
-0.962363 -0.173625 0.209074
-0.929423 -0.368997 -0.003781
-0.930971 -0.355556 0.082909
-0.521636 -0.283983 0.804518
-0.692647 -0.403760 0.597677
-0.468546 -0.375877 0.799488
0.199751 -0.979796 0.009941
0.015609 -0.999791 -0.013224
0.004897 -0.999988 0.000893
-0.000000 1.000000 -0.000000
-0.095381 0.995441 -0.000642
-0.000000 1.000000 -0.000000
-0.204422 -0.978883 0.000000
-0.113750 -0.993509 0.000000
-0.204422 -0.978883 0.000000
-0.380566 -0.924754 0.000000
-0.543787 -0.839223 0.000000
-0.380566 -0.924754 0.000000
-0.000000 -0.000000 -1.000000
-0.000000 -0.000000 -1.000000
-0.000000 -0.000000 -1.000000
-0.000000 -0.000000 -1.000000
-0.000000 -0.000000 -1.000000
-0.000000 -0.000000 -1.000000
-0.158037 -0.507468 -0.847054
-0.278178 -0.525906 -0.803766
-0.246153 -0.460679 -0.852750
0.003990 -0.349296 -0.937004
-0.078816 -0.438419 -0.895308
-0.107640 -0.337512 -0.935147
-0.252066 -0.755559 0.604643
-0.273803 -0.531149 0.801818
-0.444122 -0.679981 0.583422
-0.151583 -0.506885 0.848581
-0.243252 -0.471270 0.847781
-0.163553 -0.777517 0.607221
0.684440 0.684441 -0.251162
0.705398 0.708637 -0.015718
0.701984 0.657362 -0.274032
0.332322 0.339296 -0.880023
0.569542 0.522567 -0.634465
0.434047 0.484018 -0.759823
-0.684440 -0.684441 -0.251162
-0.705398 -0.708637 -0.015718
-0.701984 -0.657362 -0.274032
-0.332322 -0.339296 -0.880023
-0.569542 -0.522567 -0.634465
-0.434047 -0.484018 -0.759823
0.176209 0.054736 -0.982830
0.134855 0.114808 -0.984192
0.203986 0.166623 -0.964690
-0.707107 0.707107 0.000000
-0.707107 0.707107 0.000000
-0.707107 0.707107 0.000000
-0.176209 -0.054736 -0.982830
-0.134855 -0.114808 -0.984192
-0.203986 -0.166623 -0.964690
0.707107 -0.707107 -0.000000
0.707107 -0.707107 -0.000000
0.707107 -0.707107 -0.000000
0.543787 -0.839223 -0.000000
0.380566 -0.924754 -0.000000
0.543787 -0.839223 -0.000000
-0.707107 -0.707107 0.000000
-0.707107 -0.707107 0.000000
-0.707107 -0.707107 0.000000
0.000000 0.000000 1.000000
0.000000 0.000000 1.000000
0.000000 0.000000 1.000000
-1.000000 -0.000000 0.000000
-1.000000 -0.000000 0.000000
-1.000000 -0.000000 0.000000
0.000000 0.000000 1.000000
0.000000 0.000000 1.000000
0.000000 0.000000 1.000000
-0.000000 1.000000 -0.000000
-0.000000 1.000000 -0.000000
-0.000000 1.000000 -0.000000
1.000000 0.000000 -0.000000
1.000000 0.000000 -0.000000
1.000000 0.000000 -0.000000
0.000000 0.000000 1.000000
0.000000 0.000000 1.000000
0.000000 0.000000 1.000000
0.000000 -1.000000 0.000000
0.000000 -1.000000 0.000000
0.000000 -1.000000 0.000000
0.000000 0.000000 1.000000
0.000000 0.000000 1.000000
0.000000 0.000000 1.000000
-0.534025 -0.106299 -0.838760
-0.411952 0.017222 -0.911043
-0.713355 -0.020989 -0.700489
0.000000 -1.000000 0.000000
0.000000 -1.000000 0.000000
0.095380 -0.995441 -0.000641
-0.009015 -0.999937 0.006647
-0.006133 -0.999974 0.003694
-0.137484 -0.990501 0.002593
0.015609 0.999812 -0.011509
0.166626 0.986011 0.004340
0.017300 0.999648 -0.020096
-0.015609 -0.999812 -0.011509
-0.166626 -0.986011 0.004340
-0.017300 -0.999648 -0.020096
0.009015 0.999937 0.006647
0.006133 0.999974 0.003694
0.137484 0.990501 0.002593
-0.999812 0.015609 -0.011509
-0.986011 0.166626 0.004340
-0.999648 0.017300 -0.020096
0.999937 -0.009015 0.006647
0.999974 -0.006133 0.003694
0.990501 -0.137484 0.002593
0.149719 0.000000 -0.988729
0.158245 0.003669 -0.987393
0.296885 0.000000 -0.954913
0.000000 -1.000000 0.000000
0.000000 -1.000000 0.000000
0.000000 -1.000000 0.000000
-0.000000 1.000000 -0.000000
-0.000000 1.000000 -0.000000
-0.000000 1.000000 -0.000000
-0.149719 -0.000000 -0.988729
-0.158245 -0.003669 -0.987393
-0.296885 -0.000000 -0.954913
-0.084992 0.436967 -0.895453
-0.100615 0.343415 -0.933779
-0.175735 0.409321 -0.895306
-0.008247 0.441091 -0.897424
-0.000000 0.437281 -0.899325
-0.010227 0.291911 -0.956391
0.084992 -0.436967 -0.895453
0.100615 -0.343415 -0.933779
0.175735 -0.409321 -0.895306
0.008247 -0.441091 -0.897424
0.000000 -0.437281 -0.899325
0.010227 -0.291911 -0.956391
0.762159 0.254267 -0.595367
0.683589 0.189908 -0.704727
0.526150 0.279851 -0.803025
0.738767 0.640493 -0.209741
0.609607 0.496054 -0.618312
0.711222 0.669832 -0.213278
-0.762159 -0.254267 -0.595367
-0.683589 -0.189908 -0.704727
-0.526150 -0.279851 -0.803025
-0.738767 -0.640493 -0.209741
-0.609607 -0.496054 -0.618312
-0.711222 -0.669832 -0.213278
0.640493 -0.738767 -0.209741
0.496054 -0.609607 -0.618312
0.669832 -0.711222 -0.213277
0.254267 -0.762159 -0.595367
0.189908 -0.683589 -0.704727
0.279851 -0.526150 -0.803025
-0.254267 0.762159 -0.595367
-0.189908 0.683589 -0.704727
-0.279851 0.526150 -0.803025
-0.640493 0.738767 -0.209741
-0.496054 0.609607 -0.618312
-0.669832 0.711222 -0.213278
0.775080 0.106295 -0.622858
0.932155 0.095615 -0.349205
0.964672 0.023046 -0.262444
0.504906 0.151969 -0.849691
0.516224 0.045998 -0.855217
0.436967 0.084992 -0.895453
0.106295 -0.775080 -0.622858
0.095615 -0.932155 -0.349205
0.023046 -0.964672 -0.262444
0.151969 -0.504906 -0.849691
0.045998 -0.516224 -0.855217
0.084992 -0.436967 -0.895453
-0.151969 0.504906 -0.849691
-0.045998 0.516224 -0.855217
-0.084992 0.436967 -0.895453
-0.106295 0.775080 -0.622858
-0.095615 0.932155 -0.349205
-0.023046 0.964672 -0.262444
-0.775080 -0.106295 -0.622858
-0.932155 -0.095615 -0.349205
-0.964672 -0.023046 -0.262444
-0.504906 -0.151969 -0.849691
-0.516224 -0.045998 -0.855217
-0.436967 -0.084992 -0.895453
-0.707107 -0.707107 0.000000
-0.707107 -0.707107 0.000000
-0.707107 -0.707107 0.000000
0.008855 0.084886 -0.996351
-0.084839 0.044441 -0.995403
-0.054736 0.176209 -0.982830
0.002916 0.002373 -0.999993
-0.000000 -0.000000 -1.000000
-0.020958 0.022680 -0.999523
-0.144675 0.206978 -0.967589
-0.337438 0.237153 -0.910985
-0.108089 0.087973 -0.990241
0.002373 -0.002916 -0.999993
-0.000000 -0.000000 -1.000000
0.022680 0.020958 -0.999523
0.206978 0.144675 -0.967589
0.237153 0.337438 -0.910985
0.087973 0.108089 -0.990241
-0.206978 -0.144675 -0.967589
-0.237153 -0.337438 -0.910985
-0.085806 -0.108207 -0.990418
-0.014673 0.016791 -0.999751
-0.085806 -0.108207 -0.990418
-0.000282 0.000014 -1.000000
-0.002916 -0.002373 -0.999993
-0.000000 -0.000000 -1.000000
0.020958 -0.022680 -0.999523
0.144675 -0.206978 -0.967589
0.337438 -0.237153 -0.910985
0.108089 -0.087973 -0.990241
0.707107 -0.707107 -0.000000
0.707107 -0.707107 -0.000000
0.707107 -0.707107 -0.000000
-0.000000 -0.000000 -1.000000
-0.000000 -0.000000 -1.000000
-0.000000 -0.000000 -1.000000
-0.707107 -0.707107 0.000000
-0.707107 -0.707107 0.000000
-0.707107 -0.707107 0.000000
-0.000000 -0.000000 -1.000000
-0.000000 -0.000000 -1.000000
-0.000000 -0.000000 -1.000000
-0.707107 0.707107 0.000000
-0.707107 0.707107 0.000000
-0.707107 0.707107 0.000000
-0.000000 -0.000000 -1.000000
-0.000000 -0.000000 -1.000000
-0.000000 -0.000000 -1.000000
0.707107 0.707107 -0.000000
0.707107 0.707107 -0.000000
0.707107 0.707107 -0.000000
-0.000000 -0.000000 -1.000000
-0.000000 -0.000000 -1.000000
-0.000000 -0.000000 -1.000000
0.000000 0.000000 1.000000
0.000000 0.000000 1.000000
0.000000 0.000000 1.000000
-1.000000 -0.000000 0.000000
-1.000000 -0.000000 0.000000
-1.000000 -0.000000 0.000000
-0.000000 -0.000000 -1.000000
-0.000000 -0.000000 -1.000000
-0.000000 -0.000000 -1.000000
0.000000 -1.000000 0.000000
0.000000 -1.000000 0.000000
0.000000 -1.000000 0.000000
0.000000 -1.000000 0.000000
0.000000 -1.000000 0.000000
0.000000 -1.000000 0.000000
0.000000 0.000000 1.000000
0.000000 0.000000 1.000000
0.000000 0.000000 1.000000
-1.000000 -0.000000 0.000000
-1.000000 -0.000000 0.000000
-1.000000 -0.000000 0.000000
-0.000000 -0.000000 -1.000000
-0.000000 -0.000000 -1.000000
-0.000000 -0.000000 -1.000000
-0.184665 0.982801 0.000000
-0.184665 0.982801 0.000000
-0.000000 1.000000 -0.000000
-0.000000 -0.000000 -1.000000
-0.000000 -0.000000 -1.000000
-0.000000 -0.000000 -1.000000
-0.375211 0.245669 0.893792
-0.416017 0.327655 0.848276
-0.471270 0.243252 0.847781
-0.416017 0.327655 0.848276
-0.466987 0.377683 0.799549
-0.530596 0.274543 0.801931
0.327646 0.416001 0.848287
0.377668 0.466958 0.799573
0.274793 0.531208 0.801440
0.245663 0.375201 0.893797
0.327646 0.416001 0.848287
0.243241 0.471255 0.847793
0.531208 -0.274794 0.801440
0.416001 -0.327646 0.848288
0.466958 -0.377668 0.799573
0.375202 -0.245663 0.893797
0.416001 -0.327646 0.848288
0.471255 -0.243241 0.847793
0.436967 0.084992 -0.895453
0.343415 0.100615 -0.933779
0.409321 0.175735 -0.895306
0.296885 0.000000 -0.954913
0.291911 0.010227 -0.956391
0.441091 0.008247 -0.897424
-0.436967 -0.084992 -0.895453
-0.343415 -0.100615 -0.933779
-0.409321 -0.175735 -0.895306
-0.296885 -0.000000 -0.954913
-0.291911 -0.010227 -0.956391
-0.441091 -0.008247 -0.897424
-0.195089 -0.980786 0.000000
0.211011 -0.977064 -0.028632
0.195090 -0.980785 -0.000000
0.646660 -0.762689 0.011697
0.832274 -0.554364 0.000962
0.526691 -0.847318 -0.068187
0.000000 -0.965565 -0.260161
0.000721 -0.999969 -0.007845
-0.036760 -0.959243 -0.280181
0.006029 -0.419545 -0.907714
-0.073547 -0.741467 -0.666947
0.054618 -0.581995 -0.811356
0.982801 0.184665 -0.000000
0.929042 0.369975 -0.000000
0.982801 0.184665 -0.000000
0.982802 -0.184665 -0.000000
0.982802 -0.184665 -0.000000
1.000000 0.000000 -0.000000
0.106439 -0.699386 0.706774
0.113121 -0.684293 0.720379
0.001928 -0.707193 0.707018
0.555059 -0.831789 -0.006007
0.592322 -0.805701 -0.000000
0.382685 -0.923878 -0.001057
-0.555059 0.831789 -0.006007
-0.592322 0.805701 0.000000
-0.382685 0.923878 -0.001057
-0.106439 0.699386 0.706774
-0.113121 0.684293 0.720379
-0.001928 0.707193 0.707018
0.693226 -0.139217 0.707147
0.693350 -0.138807 0.707106
0.707193 -0.001927 0.707018
0.923879 -0.382684 0.001057
0.981266 -0.192562 0.006010
0.831790 -0.555059 0.006007
-0.228693 -0.274450 -0.934011
-0.217038 -0.386570 -0.896358
-0.309472 -0.366692 -0.877362
-0.707107 0.707107 0.000000
-0.707107 0.707107 0.000000
-0.707107 0.707107 0.000000
-0.440417 0.082304 0.894013
-0.346763 0.098554 0.932761
-0.416578 0.165542 0.893901
-0.300300 0.162589 0.939885
-0.280655 0.221963 0.933791
-0.375211 0.245669 0.893792
0.440406 -0.082302 0.894018
0.346761 -0.098553 0.932762
0.416568 -0.165538 0.893906
0.300298 -0.162588 0.939886
0.280653 -0.221961 0.933792
0.375202 -0.245663 0.893797
0.162588 0.300298 0.939886
0.221961 0.280653 0.933792
0.245663 0.375201 0.893797
0.082302 0.440406 0.894018
0.098553 0.346761 0.932762
0.165538 0.416568 0.893906
0.203296 -0.174228 -0.963491
0.124858 -0.123902 -0.984408
0.167350 -0.080918 -0.982571
-0.707107 -0.707107 0.000000
-0.707107 -0.707107 0.000000
-0.707107 -0.707107 0.000000
-0.203296 0.174228 -0.963491
-0.124858 0.123902 -0.984408
-0.167350 0.080918 -0.982571
0.707107 0.707107 -0.000000
0.707107 0.707107 -0.000000
0.707107 0.707107 -0.000000
0.707107 -0.707107 -0.000000
0.707107 -0.707107 -0.000000
0.707107 -0.707107 -0.000000
0.174228 0.203296 -0.963491
0.123902 0.124858 -0.984408
0.080918 0.167350 -0.982571
-0.555570 0.831470 0.000000
-0.831470 0.555570 0.000000
-0.555570 0.831470 0.000000
0.195089 0.980786 -0.000000
-0.195090 0.980785 0.000000
-0.195090 0.980786 0.000000
-0.693226 0.139217 0.707147
-0.679390 0.127719 0.722577
-0.707193 0.001927 0.707018
-0.923879 0.382684 -0.001057
-0.981266 0.192562 -0.006010
-0.989026 0.147741 0.000000
0.106343 0.699354 0.706820
0.002118 0.707192 0.707018
0.113024 0.684353 0.720338
0.382684 0.923879 -0.001057
0.192562 0.981266 -0.006010
0.147741 0.989026 -0.000000
-0.106343 -0.699354 0.706820
-0.002118 -0.707192 0.707018
-0.113024 -0.684353 0.720338
-0.382684 -0.923879 -0.001057
-0.192562 -0.981266 -0.006010
-0.147741 -0.989026 0.000000
0.010227 -0.291911 -0.956391
0.000000 -0.296885 -0.954913
0.000000 -0.149719 -0.988729
-1.000000 -0.000000 0.000000
-1.000000 -0.000000 0.000000
-1.000000 -0.000000 0.000000
-0.003669 0.158245 -0.987393
-0.000000 0.296885 -0.954913
-0.000000 0.149719 -0.988729
1.000000 0.000000 -0.000000
1.000000 0.000000 -0.000000
1.000000 0.000000 -0.000000
-0.291614 0.008920 -0.956495
-0.149719 -0.000000 -0.988729
-0.296885 -0.000000 -0.954913
0.000000 -1.000000 0.000000
0.000000 -1.000000 0.000000
0.000000 -1.000000 0.000000
0.008920 0.291614 -0.956495
-0.000000 0.149719 -0.988729
-0.000000 0.296885 -0.954913
-1.000000 -0.000000 0.000000
-1.000000 -0.000000 0.000000
-1.000000 -0.000000 0.000000
0.291614 -0.008920 -0.956495
0.149719 0.000000 -0.988729
0.296885 0.000000 -0.954913
-0.000000 1.000000 -0.000000
-0.000000 1.000000 -0.000000
-0.000000 1.000000 -0.000000
-0.974745 0.015475 0.222784
-0.963597 -0.030250 0.265643
-0.911586 -0.007742 0.411036
-0.698092 -0.117378 0.706321
-0.956134 -0.051524 0.288364
-0.756661 -0.169340 0.631497
-0.000000 -0.000000 -1.000000
-0.000000 -0.000000 -1.000000
-0.000000 -0.000000 -1.000000
-0.000000 -0.000000 -1.000000
-0.000000 -0.000000 -1.000000
-0.000000 -0.000000 -1.000000
0.831470 0.555570 -0.000000
0.555570 0.831470 -0.000000
0.831470 0.555570 -0.000000
0.980785 0.195090 -0.000000
0.980785 0.195090 -0.000000
0.980786 -0.195089 -0.000000
-0.831470 -0.555570 0.000000
-0.555570 -0.831470 0.000000
-0.831470 -0.555570 0.000000
-0.980785 -0.195090 0.000000
-0.980785 -0.195090 0.000000
-0.980786 0.195089 0.000000
-0.195090 0.980786 0.000000
0.195090 0.980785 -0.000000
0.195089 0.980786 -0.000000
0.555570 0.831470 -0.000000
0.555570 0.831470 -0.000000
0.831470 0.555570 -0.000000
0.195090 -0.980785 -0.000000
-0.195090 -0.980785 0.000000
-0.195089 -0.980786 0.000000
-0.555570 -0.831470 0.000000
-0.555570 -0.831470 0.000000
-0.831470 -0.555570 0.000000
0.159751 -0.003220 0.987152
0.182354 -0.052916 0.981808
0.258156 -0.076816 0.963045
0.077760 -0.045025 0.995955
0.043936 -0.077994 0.995985
0.141551 -0.113710 0.983379
0.003220 0.159751 0.987152
0.052916 0.182354 0.981808
0.076816 0.258156 0.963045
0.045025 0.077760 0.995955
0.077994 0.043936 0.995985
0.113710 0.141551 0.983379
-0.159751 0.003220 0.987152
-0.182354 0.052916 0.981808
-0.258156 0.076816 0.963044
-0.077760 0.045025 0.995955
-0.043936 0.077994 0.995985
-0.141551 0.113710 0.983379
-0.833374 0.552710 0.000000
-0.833374 0.552710 0.000000
-0.708637 0.705398 -0.015718
-0.980574 0.196150 0.000000
-0.980574 0.196149 0.000000
-1.000000 0.000720 0.000000
0.980574 -0.196150 -0.000000
0.980574 -0.196149 -0.000000
1.000000 -0.000720 -0.000000
0.833374 -0.552710 -0.000000
0.833374 -0.552710 -0.000000
0.708637 -0.705398 -0.015718
-0.196150 -0.980574 0.000000
-0.196149 -0.980574 0.000000
-0.000720 -1.000000 0.000000
-0.552710 -0.833374 0.000000
-0.552710 -0.833374 0.000000
-0.705398 -0.708637 -0.015718
0.552710 0.833374 -0.000000
0.552710 0.833374 -0.000000
0.705398 0.708637 -0.015718
0.196150 0.980574 -0.000000
0.196149 0.980574 -0.000000
0.000720 1.000000 -0.000000
0.196150 -0.980574 -0.000000
0.196150 -0.980574 -0.000000
0.000721 -0.999969 -0.007845
0.552711 -0.833373 -0.000000
0.552711 -0.833373 -0.000000
0.705486 -0.708724 -0.000000
-0.196150 0.980574 0.000000
-0.196150 0.980574 0.000000
-0.000721 0.999969 -0.007845
-0.552711 0.833373 0.000000
-0.552711 0.833373 0.000000
-0.705486 0.708724 0.000000
-0.980574 -0.196150 0.000000
-0.980574 -0.196150 0.000000
-0.999969 -0.000721 -0.007845
-0.833373 -0.552711 0.000000
-0.833373 -0.552711 0.000000
-0.708724 -0.705486 0.000000
0.833373 0.552711 -0.000000
0.833373 0.552711 -0.000000
0.708724 0.705486 -0.000000
0.980574 0.196150 -0.000000
0.980574 0.196150 -0.000000
0.999969 0.000721 -0.007845
0.769978 0.638031 -0.007115
0.703457 0.709660 -0.039134
0.707106 0.707108 -0.000005
-0.265322 -0.365805 -0.892071
-0.142088 0.145167 -0.979152
-0.151772 0.151772 -0.976694
-0.441845 -0.075962 0.893869
-0.346113 -0.102213 0.932608
-0.360727 -0.026818 0.932286
-0.487059 -0.207016 0.848480
-0.424932 -0.130451 0.895777
-0.510513 -0.142520 0.847976
0.980785 0.195090 -0.000000
0.980786 -0.195089 -0.000000
0.980785 -0.195090 -0.000000
0.832293 -0.554336 -0.000000
0.832274 -0.554364 0.000962
0.646660 -0.762689 0.011697
-0.831470 0.555570 0.000000
-0.831470 0.555570 0.000000
-0.555570 0.831470 0.000000
-0.980785 0.195090 0.000000
-0.980785 -0.195090 0.000000
-0.980786 0.195089 0.000000
-0.164401 -0.082135 0.982968
-0.159422 -0.007743 0.987180
-0.255977 -0.066923 0.964364
-0.032556 -0.000559 0.999470
-0.032556 0.000559 0.999470
-0.159422 -0.007743 0.987180
0.000000 0.000000 1.000000
0.000000 0.000000 1.000000
0.000000 0.000000 1.000000
0.923879 0.382685 -0.000000
0.805701 0.592322 -0.000000
0.923879 0.382685 -0.000000
0.000000 0.000000 1.000000
0.000000 0.000000 1.000000
0.000000 0.000000 1.000000
-0.923879 -0.382685 0.000000
-0.805701 -0.592322 0.000000
-0.923879 -0.382685 0.000000
-0.158037 -0.507468 -0.847054
-0.064911 -0.751457 -0.656582
-0.115264 -0.792345 -0.599085
0.002924 -0.953999 -0.299794
-0.024228 -0.976711 -0.213187
-0.007115 -0.911220 -0.411858
-0.002924 0.953999 -0.299794
0.024228 0.976711 -0.213187
0.007115 0.911220 -0.411858
0.158037 0.507468 -0.847054
0.064911 0.751457 -0.656582
0.115264 0.792345 -0.599085
-0.000000 -0.000000 -1.000000
-0.000000 -0.000000 -1.000000
-0.000000 -0.000000 -1.000000
-0.000000 -0.000000 -1.000000
-0.000000 -0.000000 -1.000000
-0.000000 -0.000000 -1.000000
0.380635 0.371173 0.846963
0.464786 0.369372 0.804697
0.493726 0.498451 0.712588
0.587812 0.459676 0.665714
0.712727 0.645728 0.273962
0.672522 0.658395 0.337980
0.459676 -0.587812 0.665714
0.645728 -0.712727 0.273962
0.658395 -0.672522 0.337980
0.369372 -0.464786 0.804697
0.498451 -0.493726 0.712587
0.371173 -0.380635 0.846963
-0.371182 0.380648 0.846954
-0.369386 0.464803 0.804681
-0.498452 0.493729 0.712585
-0.459670 0.587814 0.665716
-0.645728 0.712727 0.273962
-0.658395 0.672522 0.337980
-0.507468 0.158037 -0.847054
-0.751457 0.064911 -0.656582
-0.792345 0.115264 -0.599085
-0.928885 -0.004196 -0.370344
-0.976718 0.023999 -0.213181
-0.915101 0.007142 -0.403161
0.507468 -0.158037 -0.847054
0.751457 -0.064911 -0.656582
0.792345 -0.115264 -0.599085
0.969992 0.001746 -0.243130
0.976711 -0.024228 -0.213187
0.911524 -0.008327 -0.411163
0.980201 0.000000 -0.198008
0.999969 0.000721 -0.007845
0.972173 -0.030585 -0.232259
0.419545 -0.006029 -0.907715
0.551155 -0.084031 -0.830160
0.714504 -0.023540 -0.699235
-0.980201 -0.000000 -0.198008
-0.999969 -0.000721 -0.007845
-0.972173 0.030585 -0.232259
-0.412297 0.006019 -0.911030
-0.562309 0.067069 -0.824203
-0.717705 0.025201 -0.695891
0.707106 -0.707107 -0.000001
0.708005 -0.706205 0.001531
0.706188 -0.708011 0.004303
-0.712642 0.701217 -0.020894
-0.710092 0.702979 -0.039870
-0.807661 0.589587 -0.008423
-0.166580 -0.321211 0.932242
-0.221296 -0.283954 0.932951
-0.245669 -0.375210 0.893792
-0.082304 -0.440417 0.894013
-0.098554 -0.346764 0.932761
-0.165542 -0.416578 0.893901
-0.022411 -0.975802 0.217506
0.028195 -0.963386 0.266631
-0.006224 -0.888752 0.458346
-0.032372 -0.985239 0.168093
-0.089205 -0.867096 0.490089
-0.163553 -0.777517 0.607221
-0.154546 0.096882 -0.983224
-0.099754 0.066867 -0.992763
-0.281147 0.265409 -0.922233
-0.009170 -0.034409 -0.999366
-0.003033 -0.001955 -0.999994
-0.099754 0.066867 -0.992763
0.000233 0.000010 -1.000000
0.100200 -0.066908 -0.992715
0.009170 0.034409 -0.999366
0.154546 -0.096882 -0.983224
0.100200 -0.066908 -0.992715
0.281147 -0.265409 -0.922233
0.000010 -0.000233 -1.000000
-0.066908 -0.100200 -0.992715
0.034409 -0.009170 -0.999366
-0.096882 -0.154546 -0.983224
-0.066908 -0.100200 -0.992715
-0.265409 -0.281147 -0.922233
-0.034409 0.009170 -0.999366
-0.001955 0.003033 -0.999994
0.066867 0.099754 -0.992763
0.096882 0.154546 -0.983224
0.066867 0.099754 -0.992763
0.265409 0.281147 -0.922233
-0.986317 0.032916 0.161540
-0.867096 0.089205 0.490089
-0.781697 0.162877 0.602014
-0.911586 -0.007742 0.411036
-0.759835 0.055099 0.647777
-0.974745 0.015475 0.222784
-0.000000 -0.000000 -1.000000
-0.000000 -0.000000 -1.000000
-0.000000 -0.000000 -1.000000
-0.000000 -0.000000 -1.000000
-0.000000 -0.000000 -1.000000
-0.000000 -0.000000 -1.000000
0.722745 0.068905 0.687671
0.963654 0.030146 0.265447
0.698089 0.117379 0.706325
0.974765 -0.015343 0.222706
0.963654 0.030146 0.265447
0.911586 0.007742 0.411036
-0.068907 0.722748 0.687668
-0.030146 0.963654 0.265447
-0.117378 0.698092 0.706322
0.015343 0.974765 0.222706
-0.030146 0.963654 0.265447
-0.007742 0.911586 0.411036
-0.000000 -0.000000 -1.000000
-0.000000 -0.000000 -1.000000
-0.000000 -0.000000 -1.000000
-0.000000 -0.000000 -1.000000
-0.000000 -0.000000 -1.000000
-0.000000 -0.000000 -1.000000
0.978883 -0.204422 -0.000000
0.993509 -0.113750 -0.000000
0.978883 -0.204422 -0.000000
0.000000 -1.000000 0.000000
0.000000 -1.000000 0.000000
0.000000 -1.000000 0.000000
-0.978883 0.204422 0.000000
-0.993509 0.113750 0.000000
-0.978883 0.204422 0.000000
-0.000000 1.000000 -0.000000
-0.000000 1.000000 -0.000000
-0.000000 1.000000 -0.000000
0.075960 -0.441834 0.893875
0.039731 -0.520323 0.853045
0.142516 -0.510500 0.847985
0.067414 -0.723459 0.687068
0.028195 -0.963386 0.266631
0.117379 -0.698089 0.706325
0.007743 -0.159422 0.987180
-0.000559 -0.032556 0.999470
-0.003220 -0.159751 0.987152
-0.003220 -0.159751 0.987152
-0.044500 -0.177878 0.983046
-0.067781 -0.263748 0.962207
-0.863630 -0.369878 -0.342540
-0.927336 -0.370684 -0.051391
-0.969609 -0.155590 -0.188814
-0.683589 -0.189908 -0.704727
-0.762159 -0.254267 -0.595367
-0.932155 -0.095615 -0.349205
0.369878 -0.863630 -0.342540
0.370684 -0.927336 -0.051391
0.155590 -0.969609 -0.188814
0.189908 -0.683589 -0.704727
0.254267 -0.762159 -0.595367
0.095615 -0.932155 -0.349205
-0.369878 0.863630 -0.342540
-0.370684 0.927336 -0.051391
-0.155590 0.969609 -0.188814
-0.189908 0.683589 -0.704727
-0.254267 0.762159 -0.595367
-0.095615 0.932155 -0.349205
0.863630 0.369878 -0.342540
0.927336 0.370684 -0.051391
0.969609 0.155590 -0.188814
0.683589 0.189908 -0.704727
0.762159 0.254267 -0.595367
0.932155 0.095615 -0.349205
-0.707107 0.707107 0.000000
-0.707107 0.707107 0.000000
-0.707107 0.707107 0.000000
0.000000 0.000000 1.000000
0.000000 0.000000 1.000000
0.000000 0.000000 1.000000
0.707107 0.707107 -0.000000
0.707107 0.707107 -0.000000
0.707107 0.707107 -0.000000
0.000000 0.000000 1.000000
0.000000 0.000000 1.000000
0.000000 0.000000 1.000000
0.707107 -0.707107 -0.000000
0.707107 -0.707107 -0.000000
0.707107 -0.707107 -0.000000
0.000000 0.000000 1.000000
0.000000 0.000000 1.000000
0.000000 0.000000 1.000000
-0.707107 -0.707107 0.000000
-0.707107 -0.707107 0.000000
-0.707107 -0.707107 0.000000
0.000000 0.000000 1.000000
0.000000 0.000000 1.000000
0.000000 0.000000 1.000000
0.225649 0.225649 -0.947716
0.332322 0.339296 -0.880023
0.225649 0.225649 -0.947716
0.336203 0.336203 -0.879736
0.569542 0.522567 -0.634465
0.332322 0.339296 -0.880023
-0.336203 -0.336203 -0.879736
-0.569542 -0.522567 -0.634465
-0.332322 -0.339296 -0.880023
-0.225649 -0.225649 -0.947716
-0.332322 -0.339296 -0.880023
-0.225649 -0.225649 -0.947716
-0.707107 0.707106 0.000001
-0.707107 0.707106 0.000002
-0.707107 0.707107 0.000000
0.000000 0.000000 1.000000
0.000000 0.000000 1.000000
0.000000 0.000000 1.000000
0.707107 -0.707106 0.000001
0.707107 -0.707106 0.000002
0.707107 -0.707107 -0.000000
0.000000 0.000000 1.000000
0.000000 0.000000 1.000000
0.000000 0.000000 1.000000
-0.707106 -0.707107 0.000001
-0.707106 -0.707107 0.000002
-0.707107 -0.707107 0.000000
0.000000 0.000000 1.000000
0.000000 0.000000 1.000000
0.000000 0.000000 1.000000
0.707106 0.707107 0.000001
0.707106 0.707107 0.000002
0.707107 0.707107 -0.000000
0.000000 0.000000 1.000000
0.000000 0.000000 1.000000
0.000000 0.000000 1.000000
-0.365805 0.265322 -0.892071
0.145167 0.142088 -0.979152
0.151772 0.151772 -0.976694
0.638031 -0.769978 -0.007115
0.709660 -0.703457 -0.039134
0.707108 -0.707106 -0.000005
0.265322 0.365805 -0.892071
0.142088 -0.145167 -0.979152
0.151772 -0.151772 -0.976694
-0.769978 -0.638031 -0.007115
-0.703457 -0.709660 -0.039134
-0.707106 -0.707108 -0.000005
-1.000000 -0.000000 0.000000
-1.000000 -0.000000 0.000000
-1.000000 -0.000000 0.000000
-0.204422 -0.978883 0.000000
-0.113750 -0.993509 0.000000
-0.113750 -0.993509 0.000000
-0.000000 1.000000 -0.000000
-0.000000 1.000000 -0.000000
-0.000000 1.000000 -0.000000
-0.000000 -0.000000 -1.000000
-0.000000 -0.000000 -1.000000
-0.000000 -0.000000 -1.000000
-1.000000 -0.000000 0.000000
-1.000000 -0.000000 0.000000
-1.000000 -0.000000 0.000000
-0.000000 -0.000000 -1.000000
-0.000000 -0.000000 -1.000000
-0.000000 -0.000000 -1.000000
0.000000 -1.000000 0.000000
0.000000 -1.000000 0.000000
0.000000 -1.000000 0.000000
-0.000000 -0.000000 -1.000000
-0.000000 -0.000000 -1.000000
-0.000000 -0.000000 -1.000000
-0.000000 -0.000000 -1.000000
-0.000000 -0.000000 -1.000000
-0.000000 -0.000000 -1.000000
1.000000 0.000000 -0.000000
1.000000 0.000000 -0.000000
1.000000 0.000000 -0.000000
-0.982801 -0.184665 0.000000
-0.982801 -0.184665 0.000000
-0.929042 -0.369975 0.000000
-0.000000 -0.000000 -1.000000
-0.000000 -0.000000 -1.000000
-0.000000 -0.000000 -1.000000
0.335270 -0.328307 -0.883068
0.525899 -0.570200 -0.631112
0.481204 -0.447564 -0.753743
-0.707107 -0.707106 -0.000003
-0.707107 -0.707106 -0.000000
-0.707107 -0.707107 0.000000
-0.335270 0.328307 -0.883068
-0.525899 0.570200 -0.631112
-0.481204 0.447564 -0.753743
0.707107 0.707106 -0.000003
0.707107 0.707106 -0.000000
0.707107 0.707107 -0.000000
0.322171 0.167233 0.931793
0.424921 0.130447 0.895782
0.394349 0.210835 0.894448
0.346110 0.102212 0.932610
0.360726 0.026817 0.932286
0.441834 0.075960 0.893875
0.167233 -0.322171 0.931793
0.130447 -0.424921 0.895782
0.210835 -0.394348 0.894448
0.102212 -0.346110 0.932610
0.026817 -0.360726 0.932286
0.075960 -0.441834 0.893875
-0.028510 -0.028510 -0.999187
-0.028510 -0.028510 -0.999187
-0.000000 -0.000000 -1.000000
-0.225649 -0.225649 -0.947716
-0.225649 -0.225649 -0.947716
-0.113953 -0.113953 -0.986929
0.113953 0.113953 -0.986929
0.113953 0.113953 -0.986929
0.225649 0.225649 -0.947716
0.028510 0.028510 -0.999187
0.028510 0.028510 -0.999187
-0.000000 -0.000000 -1.000000
-1.000000 -0.000000 0.000000
-1.000000 -0.000000 0.000000
-1.000000 -0.000000 0.000000
0.000000 0.000000 1.000000
0.000000 0.000000 1.000000
0.000000 0.000000 1.000000
1.000000 0.000000 -0.000000
1.000000 0.000000 -0.000000
1.000000 0.000000 -0.000000
0.000000 0.000000 1.000000
0.000000 0.000000 1.000000
0.000000 0.000000 1.000000
0.000000 -1.000000 0.000000
0.000000 -1.000000 0.000000
0.000000 -1.000000 0.000000
0.000000 0.000000 1.000000
0.000000 0.000000 1.000000
0.000000 0.000000 1.000000
-0.000000 1.000000 -0.000000
-0.000000 1.000000 -0.000000
-0.000000 1.000000 -0.000000
0.000000 0.000000 1.000000
0.000000 0.000000 1.000000
0.000000 0.000000 1.000000
0.170102 -0.754108 0.634340
0.174103 -0.929335 0.325613
0.258267 -0.735483 0.626388
0.172718 -0.980359 0.095212
0.369749 -0.929117 -0.005191
0.397150 -0.913462 0.088649
0.754108 0.170102 0.634340
0.929335 0.174103 0.325613
0.735483 0.258267 0.626388
0.980357 0.172725 0.095218
0.929117 0.369749 -0.005191
0.913462 0.397150 0.088649
-0.172725 0.980357 0.095217
-0.369749 0.929117 -0.005191
-0.397150 0.913462 0.088649
-0.170101 0.754110 0.634337
-0.174103 0.929335 0.325613
-0.258266 0.735490 0.626381
-0.000000 -0.000000 -1.000000
-0.000000 -0.000000 -1.000000
-0.000000 -0.000000 -1.000000
0.479864 0.854577 0.198564
0.375598 0.926782 0.001266
0.620573 0.784148 -0.000833
-0.000000 -0.000000 -1.000000
-0.000377 -0.033172 -0.999450
-0.000000 -0.000000 -1.000000
-0.618490 0.785793 0.000000
-0.618490 0.785793 0.000000
-0.543787 0.839223 0.000000
0.911586 0.007742 0.411036
0.759831 -0.055099 0.647782
0.974765 -0.015343 0.222706
0.985239 -0.032372 0.168093
0.759831 -0.055099 0.647782
0.867096 -0.089205 0.490089
-0.007742 0.911586 0.411036
0.055099 0.759831 0.647782
0.015343 0.974765 0.222706
0.032372 0.985239 0.168093
0.055099 0.759831 0.647782
0.089205 0.867096 0.490089
0.032556 0.000559 0.999470
0.032556 -0.000559 0.999470
0.159422 0.007743 0.987180
0.077994 0.043936 0.995985
0.159422 0.007743 0.987180
0.162698 0.087021 0.982831
0.043936 -0.077994 0.995985
0.007743 -0.159422 0.987180
0.087021 -0.162698 0.982831
0.000559 -0.032556 0.999470
-0.000559 -0.032556 0.999470
0.007743 -0.159422 0.987180
-0.043936 0.077994 0.995985
-0.007743 0.159422 0.987180
-0.087021 0.162698 0.982831
-0.000559 0.032556 0.999470
0.000559 0.032556 0.999470
-0.007743 0.159422 0.987180
-0.000000 -0.000000 -1.000000
0.019416 0.022910 -0.999549
-0.000000 -0.000000 -1.000000
-0.707107 0.707107 0.000000
-0.707107 0.707107 0.000000
-0.707107 0.707107 0.000000
0.707107 -0.707107 -0.000000
0.707107 -0.707107 -0.000000
0.707107 -0.707107 -0.000000
-0.000000 -0.000000 -1.000000
-0.019416 -0.022910 -0.999549
-0.000000 -0.000000 -1.000000
0.752814 -0.626597 -0.201615
0.832557 -0.553197 0.028669
0.708183 -0.705945 -0.010909
0.740786 -0.344486 -0.576684
0.901747 -0.369148 -0.224905
0.752814 -0.626597 -0.201615
0.344486 0.740786 -0.576684
0.369148 0.901747 -0.224905
0.626596 0.752814 -0.201615
0.626596 0.752814 -0.201615
0.553197 0.832557 0.028669
0.705945 0.708183 -0.010909
-0.752814 0.626597 -0.201615
-0.832557 0.553197 0.028669
-0.708183 0.705945 -0.010909
-0.740786 0.344486 -0.576684
-0.901747 0.369148 -0.224905
-0.752814 0.626597 -0.201615
-0.344486 -0.740786 -0.576684
-0.369148 -0.901747 -0.224905
-0.626596 -0.752814 -0.201615
-0.626596 -0.752814 -0.201615
-0.553197 -0.832557 0.028669
-0.705945 -0.708183 -0.010909
-0.523684 0.851855 0.009957
-0.200434 0.979651 0.010454
-0.382644 0.923825 -0.011479
0.206978 0.144675 -0.967589
0.087973 0.108089 -0.990241
0.022680 0.020958 -0.999523
0.523684 -0.851855 0.009957
0.199751 -0.979796 0.009941
0.382644 -0.923825 -0.011479
-0.206978 -0.144675 -0.967589
-0.085806 -0.108207 -0.990418
-0.014673 0.016791 -0.999751
0.851855 0.523684 0.009957
0.979651 0.200434 0.010454
0.923825 0.382644 -0.011479
0.144675 -0.206978 -0.967589
0.108089 -0.087973 -0.990241
0.020958 -0.022680 -0.999523
-0.851855 -0.523684 0.009957
-0.979651 -0.200434 0.010454
-0.923825 -0.382644 -0.011479
-0.144675 0.206978 -0.967589
-0.108089 0.087973 -0.990241
-0.020958 0.022680 -0.999523
0.419545 -0.006029 -0.907715
0.714504 -0.023540 -0.699235
0.420205 0.000000 -0.907429
0.000000 -1.000000 0.000000
0.000000 -1.000000 0.000000
0.000000 -1.000000 0.000000
0.752814 -0.626597 -0.201615
0.685971 -0.666006 -0.293051
0.628841 -0.515499 -0.582082
0.366692 -0.309472 -0.877362
0.463126 -0.369110 -0.805774
0.526995 -0.495298 -0.690620
-0.626596 -0.752814 -0.201615
-0.666006 -0.685971 -0.293051
-0.515499 -0.628841 -0.582082
-0.309472 -0.366692 -0.877362
-0.369110 -0.463126 -0.805774
-0.495298 -0.526995 -0.690620
0.626596 0.752814 -0.201615
0.666006 0.685971 -0.293051
0.515499 0.628841 -0.582082
0.309472 0.366692 -0.877362
0.369110 0.463126 -0.805774
0.495298 0.526995 -0.690620
-0.752814 0.626597 -0.201615
-0.685971 0.666006 -0.293051
-0.628841 0.515499 -0.582082
-0.366692 0.309472 -0.877362
-0.463126 0.369110 -0.805774
-0.526995 0.495298 -0.690620
-0.000000 -0.000000 -1.000000
0.028510 -0.028510 -0.999187
0.028510 -0.028510 -0.999187
0.113953 -0.113953 -0.986929
0.113953 -0.113953 -0.986929
0.225649 -0.225649 -0.947716
-0.000000 -0.000000 -1.000000
-0.028510 0.028510 -0.999187
-0.028510 0.028510 -0.999187
-0.113953 0.113953 -0.986929
-0.113953 0.113953 -0.986929
-0.225649 0.225649 -0.947716
-0.003669 0.158245 -0.987393
-0.077754 0.256235 -0.963482
-0.010227 0.291911 -0.956391
-0.031664 0.353176 -0.935021
-0.100615 0.343415 -0.933779
-0.084992 0.436967 -0.895453
0.003669 -0.158245 -0.987393
0.077754 -0.256235 -0.963482
0.010227 -0.291911 -0.956391
0.031664 -0.353176 -0.935021
0.100615 -0.343415 -0.933779
0.084992 -0.436967 -0.895453
-0.986011 0.166626 0.004340
-0.940170 0.340617 -0.007773
-0.995792 0.091638 -0.000868
-0.000000 -0.000000 -1.000000
-0.000000 -0.000000 -1.000000
-0.000000 -0.000000 -1.000000
-0.000000 -0.000000 -1.000000
-0.000000 -0.000000 -1.000000
-0.000000 -0.000000 -1.000000
0.986011 -0.166626 0.004340
0.940170 -0.340617 -0.007773
0.995792 -0.091638 -0.000868
-0.000000 -0.000000 -1.000000
-0.000000 -0.000000 -1.000000
-0.000000 -0.000000 -1.000000
0.166626 0.986011 0.004340
0.340617 0.940170 -0.007773
0.091638 0.995792 -0.000868
-0.000000 -0.000000 -1.000000
-0.000000 -0.000000 -1.000000
-0.000000 -0.000000 -1.000000
-0.166626 -0.986011 0.004340
-0.340617 -0.940170 -0.007773
-0.091638 -0.995792 -0.000868
-0.375537 -0.804700 0.459816
-0.252066 -0.755559 0.604643
-0.444122 -0.679981 0.583422
-0.654272 -0.739238 0.159548
-0.518308 -0.640866 0.566257
-0.647666 -0.671633 0.359775
-0.000000 -0.000000 -1.000000
0.028510 0.028510 -0.999187
-0.000000 -0.000000 -1.000000
-0.000000 -0.000000 -1.000000
-0.000000 -0.000000 -1.000000
-0.000000 -0.000000 -1.000000
-0.485208 -0.490118 0.724125
-0.379862 -0.375708 0.845310
-0.415150 -0.317079 0.852708
-0.415150 -0.317079 0.852708
-0.379862 -0.375708 0.845310
-0.319378 -0.305461 0.897046
0.978883 -0.204422 -0.000000
0.993509 -0.113750 -0.000000
0.993509 -0.113750 -0.000000
-0.000000 -0.000000 -1.000000
-0.000000 -0.000000 -1.000000
-0.000000 -0.000000 -1.000000
-0.978883 0.204422 0.000000
-0.993509 0.113750 0.000000
-0.993509 0.113750 0.000000
-0.000000 -0.000000 -1.000000
-0.000000 -0.000000 -1.000000
-0.000000 -0.000000 -1.000000
0.106343 0.699354 0.706820
0.113024 0.684353 0.720338
0.256773 0.619904 0.741476
0.402153 0.565088 0.720381
0.495511 0.504835 0.706831
0.417703 0.570743 0.706949
-0.106343 -0.699354 0.706820
-0.113024 -0.684353 0.720338
-0.256773 -0.619904 0.741476
-0.402153 -0.565088 0.720381
-0.495511 -0.504835 0.706831
-0.417703 -0.570743 0.706949
-0.569423 0.397494 0.719553
-0.504835 0.495511 0.706831
-0.570743 0.417703 0.706949
-0.569423 0.397494 0.719553
-0.579776 0.205571 0.788416
-0.679390 0.127719 0.722577
0.438419 -0.078816 -0.895308
0.441570 -0.007581 -0.897195
0.517877 -0.045425 -0.854248
0.357492 -0.029750 -0.933442
0.441570 -0.007581 -0.897195
0.438419 -0.078816 -0.895308
0.078816 0.438419 -0.895308
0.008247 0.441091 -0.897424
0.045425 0.517877 -0.854248
0.029750 0.357492 -0.933442
0.008247 0.441091 -0.897424
0.078816 0.438419 -0.895308
-0.438419 0.078816 -0.895308
-0.441091 0.008247 -0.897424
-0.517877 0.045425 -0.854248
-0.357492 0.029750 -0.933442
-0.441091 0.008247 -0.897424
-0.438419 0.078816 -0.895308
-0.066923 0.255976 0.964364
-0.026818 0.360727 0.932286
-0.102213 0.346113 0.932608
-0.007743 0.159422 0.987180
-0.008332 0.294607 0.955582
-0.066923 0.255976 0.964364
0.255976 0.066923 0.964364
0.360726 0.026817 0.932286
0.346110 0.102212 0.932610
0.159422 0.007743 0.987180
0.294607 0.008332 0.955582
0.255976 0.066923 0.964364
0.007743 -0.159422 0.987180
0.008332 -0.294607 0.955582
0.066923 -0.255976 0.964364
0.066923 -0.255976 0.964364
0.026817 -0.360726 0.932286
0.102212 -0.346110 0.932610
-0.167235 0.322173 0.931792
-0.130451 0.424932 0.895776
-0.210841 0.394358 0.894443
-0.102213 0.346113 0.932608
-0.026818 0.360727 0.932286
-0.075962 0.441845 0.893869
0.420110 0.420108 -0.804374
0.428815 0.428813 -0.795133
0.420110 0.420108 -0.804374
0.096882 0.154546 -0.983224
0.265409 0.281147 -0.922233
0.268674 0.268673 -0.925002
0.420108 -0.420110 -0.804374
0.428813 -0.428815 -0.795133
0.420108 -0.420110 -0.804374
0.154546 -0.096882 -0.983224
0.281147 -0.265409 -0.922233
0.268673 -0.268674 -0.925002
-0.420110 -0.420108 -0.804374
-0.428815 -0.428813 -0.795133
-0.420110 -0.420108 -0.804374
-0.096882 -0.154546 -0.983224
-0.265409 -0.281147 -0.922233
-0.268674 -0.268673 -0.925002
-0.154546 0.096882 -0.983224
-0.281147 0.265409 -0.922233
-0.268673 0.268674 -0.925002
-0.420108 0.420110 -0.804374
-0.428813 0.428815 -0.795133
-0.420108 0.420110 -0.804374
0.000000 -0.261112 -0.965309
0.000000 -0.508265 -0.861201
0.000000 -0.508265 -0.861201
0.000000 -0.718862 -0.695152
0.000000 -0.718862 -0.695152
0.000000 -0.804870 -0.593451
-0.000000 -0.000000 -1.000000
0.019416 -0.022910 -0.999549
-0.000000 -0.000000 -1.000000
-0.707107 -0.707107 0.000000
-0.707107 -0.707107 0.000000
-0.707107 -0.707107 0.000000
-0.000000 -0.000000 -1.000000
-0.022910 -0.019416 -0.999549
-0.000000 -0.000000 -1.000000
-0.707107 0.707107 0.000000
-0.707107 0.707107 0.000000
-0.707107 0.707107 0.000000
-0.000000 -0.000000 -1.000000
-0.019416 0.022910 -0.999549
-0.000000 -0.000000 -1.000000
0.707107 0.707107 -0.000000
0.707107 0.707107 -0.000000
0.707107 0.707107 -0.000000
0.707107 -0.707107 -0.000000
0.707107 -0.707107 -0.000000
0.707107 -0.707107 -0.000000
-0.000000 -0.000000 -1.000000
0.022910 0.019416 -0.999549
-0.000000 -0.000000 -1.000000
-0.015292 0.086307 0.996151
0.045025 0.077760 0.995955
0.052916 0.182354 0.981808
-0.007743 0.159422 0.987180
0.000559 0.032556 0.999470
0.003220 0.159751 0.987152
-0.159422 -0.007743 0.987180
-0.032556 0.000559 0.999470
-0.159751 0.003220 0.987152
-0.086307 -0.015292 0.996151
-0.077760 0.045025 0.995955
-0.182354 0.052916 0.981808
0.159422 0.007743 0.987180
0.032556 -0.000559 0.999470
0.159751 -0.003220 0.987152
0.086307 0.015292 0.996151
0.077760 -0.045025 0.995955
0.182354 -0.052916 0.981808
0.743262 -0.628336 0.229685
0.699931 -0.435272 0.566247
0.628226 -0.504443 0.592342
0.832698 -0.538451 0.129167
0.912999 -0.370729 0.170275
0.699931 -0.435272 0.566247
0.628336 0.743262 0.229685
0.435271 0.699931 0.566247
0.504443 0.628226 0.592342
0.538451 0.832698 0.129167
0.370729 0.912999 0.170275
0.435271 0.699931 0.566247
0.159751 -0.003220 0.987152
0.258156 -0.076816 0.963045
0.294897 -0.009548 0.955481
0.357007 -0.028527 0.933666
0.346761 -0.098553 0.932762
0.440406 -0.082302 0.894018
0.003220 0.159751 0.987152
0.076816 0.258156 0.963045
0.009548 0.294897 0.955481
0.028527 0.357007 0.933666
0.098553 0.346761 0.932762
0.082302 0.440406 0.894018
-0.159751 0.003220 0.987152
-0.258156 0.076816 0.963044
-0.294897 0.009548 0.955481
-0.357008 0.028528 0.933666
-0.346763 0.098554 0.932761
-0.440417 0.082304 0.894013
0.008920 0.291614 -0.956495
0.080615 0.253616 -0.963940
0.007790 0.158011 -0.987407
0.107640 0.337512 -0.935147
0.080615 0.253616 -0.963940
0.029750 0.357492 -0.933442
0.337512 -0.107640 -0.935147
0.253616 -0.080615 -0.963940
0.357492 -0.029750 -0.933442
0.291614 -0.008920 -0.956495
0.253616 -0.080615 -0.963940
0.158011 -0.007790 -0.987407
-0.337512 0.107640 -0.935147
-0.253616 0.080615 -0.963940
-0.357492 0.029750 -0.933442
-0.291614 0.008920 -0.956495
-0.253616 0.080615 -0.963940
-0.158011 0.007790 -0.987407
-0.527727 -0.845600 -0.080405
-0.620573 -0.784148 -0.000833
-0.375598 -0.926782 0.001266
-0.000000 -0.000000 -1.000000
-0.000000 -0.000000 -1.000000
-0.000000 -0.000000 -1.000000
-0.857209 0.258224 0.445549
-0.842003 0.493857 0.217109
-0.970903 0.164947 0.173605
-0.986317 0.032916 0.161540
-0.857209 0.258224 0.445549
-0.970903 0.164947 0.173605
1.000000 0.000000 -0.000000
1.000000 0.000000 -0.000000
1.000000 0.000000 -0.000000
-0.006019 0.412296 -0.911030
0.071740 0.744670 -0.663566
-0.037513 0.592621 -0.804608
-0.007486 0.967978 -0.250925
0.002391 0.954099 -0.299483
-0.008717 0.730344 -0.683024
-0.067806 0.714239 -0.696610
-0.106295 0.775080 -0.622858
-0.023046 0.964672 -0.262444
0.067806 -0.714239 -0.696610
0.106295 -0.775080 -0.622858
0.023046 -0.964672 -0.262444
0.007486 -0.967978 -0.250925
-0.002391 -0.954099 -0.299483
0.008717 -0.730344 -0.683024
-0.714239 -0.067806 -0.696610
-0.775080 -0.106295 -0.622858
-0.964672 -0.023046 -0.262444
-0.967978 -0.007486 -0.250925
-0.954099 0.002391 -0.299483
-0.730344 -0.008717 -0.683024
0.967978 0.007486 -0.250925
0.954099 -0.002391 -0.299483
0.730344 0.008717 -0.683024
0.714239 0.067806 -0.696610
0.775080 0.106295 -0.622858
0.964672 0.023046 -0.262444
-0.163907 -0.000000 -0.986476
-0.177487 0.018973 -0.983940
0.163907 0.000000 -0.986476
-0.411952 0.017222 -0.911043
-0.534025 -0.106299 -0.838760
-0.177487 0.018973 -0.983940
-0.158245 -0.003669 -0.987393
-0.256235 -0.077754 -0.963482
-0.291911 -0.010227 -0.956391
-0.353176 -0.031664 -0.935021
-0.343415 -0.100615 -0.933779
-0.436967 -0.084992 -0.895453
0.158245 0.003669 -0.987393
0.256235 0.077754 -0.963482
0.291911 0.010227 -0.956391
0.353176 0.031664 -0.935021
0.343415 0.100615 -0.933779
0.436967 0.084992 -0.895453
-0.000000 -0.000000 -1.000000
-0.000000 -0.000000 -1.000000
-0.000000 -0.000000 -1.000000
-0.000000 1.000000 -0.000000
-0.000000 1.000000 -0.000000
0.184665 0.982802 -0.000000
-0.000000 0.261112 -0.965309
-0.000000 0.508265 -0.861201
-0.000000 0.508265 -0.861201
-0.000000 0.718862 -0.695152
-0.000000 0.718862 -0.695152
-0.000000 0.804870 -0.593451
0.000000 -0.261112 -0.965309
0.000000 -0.508265 -0.861201
0.000000 -0.508265 -0.861201
0.000000 -0.718862 -0.695152
0.000000 -0.718862 -0.695152
0.000000 -0.804870 -0.593451
-0.161902 0.205746 0.965120
-0.167235 0.322173 0.931792
-0.230280 0.289628 0.929025
-0.258156 0.076816 0.963044
-0.223395 0.163266 0.960957
-0.280655 0.221963 0.933791
0.205746 0.161902 0.965120
0.322171 0.167233 0.931793
0.289628 0.230279 0.929025
0.076816 0.258156 0.963045
0.163265 0.223395 0.960957
0.221961 0.280653 0.933792
0.161902 -0.205746 0.965120
0.167233 -0.322171 0.931793
0.230279 -0.289628 0.929025
0.258156 -0.076816 0.963045
0.223395 -0.163265 0.960957
0.280653 -0.221961 0.933792
-0.375537 -0.804700 0.459816
-0.160850 -0.965354 0.205471
-0.252066 -0.755559 0.604643
-0.163553 -0.777517 0.607221
-0.160850 -0.965354 0.205471
-0.032372 -0.985239 0.168093
-0.278810 -0.000000 -0.960346
-0.412297 0.006019 -0.911030
-0.278810 -0.000000 -0.960346
-0.411580 -0.000000 -0.911374
-0.562309 0.067069 -0.824203
-0.412297 0.006019 -0.911030
0.000000 -0.278810 -0.960346
0.006029 -0.419545 -0.907714
0.000000 -0.278810 -0.960346
0.000000 -0.420205 -0.907429
-0.073547 -0.741467 -0.666947
0.006029 -0.419545 -0.907714
-0.956134 -0.051524 0.288364
-0.962363 -0.173625 0.209074
-0.778905 -0.218554 0.587827
-0.778905 -0.218554 0.587827
-0.962363 -0.173625 0.209074
-0.847774 -0.358216 0.391101
0.664999 -0.628700 0.403129
0.743262 -0.628336 0.229685
0.628226 -0.504443 0.592342
0.416001 -0.327646 0.848288
0.498451 -0.493726 0.712587
0.466958 -0.377668 0.799573
0.628700 0.664999 0.403129
0.628336 0.743262 0.229685
0.504443 0.628226 0.592342
0.327646 0.416001 0.848287
0.493726 0.498451 0.712588
0.377668 0.466958 0.799573
-0.664999 0.628700 0.403129
-0.753570 0.626122 0.200260
-0.627601 0.505183 0.592374
-0.416017 0.327655 0.848276
-0.498452 0.493729 0.712585
-0.466987 0.377683 0.799549
0.023418 0.265640 -0.963788
-0.166911 -0.000000 -0.985972
-0.180442 0.020931 -0.983363
-0.411952 0.017222 -0.911043
-0.534025 -0.106299 -0.838760
-0.180442 0.020931 -0.983363
0.177487 -0.018973 -0.983940
-0.163907 -0.000000 -0.986476
0.163907 0.000000 -0.986476
0.411952 -0.017222 -0.911043
0.534025 0.106299 -0.838760
0.177487 -0.018973 -0.983940
0.018973 0.177487 -0.983940
0.040127 -0.245569 -0.968548
0.001965 0.163940 -0.986468
0.017222 0.411952 -0.911043
-0.106299 0.534025 -0.838760
0.018973 0.177487 -0.983940
-0.751320 -0.641632 0.154361
-0.647666 -0.671633 0.359775
-0.505452 -0.399572 0.764762
-0.631876 -0.503332 0.589398
-0.705113 -0.530092 0.470975
-0.751320 -0.641632 0.154361
0.000000 -0.035135 -0.999382
0.000000 -0.035135 -0.999382
-0.000000 -0.000000 -1.000000
0.000000 -0.140457 -0.990087
0.000000 -0.140457 -0.990087
0.000000 -0.278810 -0.960346
-0.140457 -0.000000 -0.990087
-0.140457 -0.000000 -0.990087
-0.278810 -0.000000 -0.960346
-0.000000 -0.000000 -1.000000
-0.035135 -0.000000 -0.999383
-0.035135 -0.000000 -0.999383
-0.000000 -0.000000 -1.000000
-0.000000 -0.000000 -1.000000
-0.000000 0.037455 -0.999298
0.204422 -0.978883 -0.000000
0.113750 -0.993509 -0.000000
0.113750 -0.993509 -0.000000
-0.712493 -0.442216 -0.544792
-0.609607 -0.496054 -0.618312
-0.738767 -0.640493 -0.209741
-0.863630 -0.369878 -0.342540
-0.831554 -0.536025 -0.145586
-0.927336 -0.370684 -0.051391
0.442216 -0.712493 -0.544792
0.496054 -0.609607 -0.618312
0.640493 -0.738767 -0.209741
0.369878 -0.863630 -0.342540
0.536025 -0.831554 -0.145586
0.370684 -0.927336 -0.051391
-0.442216 0.712493 -0.544792
-0.496054 0.609607 -0.618312
-0.640493 0.738767 -0.209741
-0.369878 0.863630 -0.342540
-0.536025 0.831554 -0.145586
-0.370684 0.927336 -0.051391
0.863630 0.369878 -0.342540
0.831554 0.536025 -0.145586
0.927336 0.370684 -0.051391
0.712493 0.442216 -0.544792
0.609607 0.496054 -0.618312
0.738767 0.640493 -0.209741
0.000328 -0.297820 -0.954622
-0.006962 -0.435941 -0.899948
-0.023198 -0.268312 -0.963053
-0.107640 -0.337512 -0.935147
-0.082934 -0.251294 -0.964351
0.003990 -0.349296 -0.937004
-0.164401 -0.082135 0.982968
-0.077157 -0.043517 0.996069
-0.159422 -0.007743 0.987180
-0.120404 -0.125109 0.984810
-0.088905 -0.157870 0.983450
-0.077157 -0.043517 0.996069
0.362124 0.018636 -0.931944
0.213879 -0.059832 -0.975026
0.496415 0.018605 -0.867886
-0.180442 0.020931 -0.983363
0.213879 -0.059832 -0.975026
0.023418 0.265640 -0.963788
-0.084839 0.044441 -0.995403
0.000377 0.033172 -0.999450
-0.022910 0.019416 -0.999549
-0.000000 0.037455 -0.999298
-0.022910 0.019416 -0.999549
0.000377 0.033172 -0.999450
-0.000000 -0.000000 -1.000000
-0.000000 -0.000000 -1.000000
-0.000000 -0.000000 -1.000000
-0.000000 -0.000000 -1.000000
-0.000000 -0.000000 -1.000000
-0.000000 -0.000000 -1.000000
-0.000000 -0.000000 -1.000000
-0.000000 -0.000000 -1.000000
-0.000000 -0.000000 -1.000000
-0.923879 -0.382685 0.000000
-0.923879 -0.382685 0.000000
-0.989026 -0.147741 0.000000
-0.000000 -0.000000 -1.000000
-0.000000 -0.000000 -1.000000
-0.000000 -0.000000 -1.000000
0.923879 0.382685 -0.000000
0.923879 0.382685 -0.000000
0.989026 0.147741 -0.000000
-0.000000 -0.000000 -1.000000
-0.000000 -0.000000 -1.000000
-0.000000 -0.000000 -1.000000
-0.000000 -0.000000 -1.000000
-0.000000 -0.000000 -1.000000
-0.000000 -0.000000 -1.000000
-0.000000 -0.000000 -1.000000
-0.000000 -0.000000 -1.000000
-0.000000 -0.000000 -1.000000
-0.000000 -0.000000 -1.000000
-0.000000 -0.000000 -1.000000
-0.000000 -0.000000 -1.000000
-0.000000 -0.000000 -1.000000
-0.000000 -0.000000 -1.000000
-0.000000 -0.000000 -1.000000
0.382685 -0.923878 -0.001057
0.192563 -0.981266 -0.006010
0.555059 -0.831789 -0.006007
-0.000000 -0.000000 -1.000000
-0.000000 -0.000000 -1.000000
-0.000000 -0.000000 -1.000000
-0.382685 0.923878 -0.001057
-0.192563 0.981266 -0.006010
-0.555059 0.831789 -0.006007
-0.008855 -0.084886 -0.996351
0.084839 -0.044441 -0.995403
0.054736 -0.176209 -0.982830
0.000000 -0.149719 -0.988729
-0.000377 -0.033172 -0.999450
0.003669 -0.158245 -0.987393
-0.084886 0.008855 -0.996351
-0.044441 -0.084839 -0.995403
-0.176209 -0.054736 -0.982830
-0.149719 -0.000000 -0.988729
-0.033172 0.000377 -0.999450
-0.158245 -0.003669 -0.987393
0.149719 0.000000 -0.988729
0.033172 -0.000377 -0.999450
0.158245 0.003669 -0.987393
0.084886 -0.008855 -0.996351
0.044441 0.084839 -0.995403
0.176209 0.054736 -0.982830
0.008044 0.442945 0.896513
0.004946 0.692804 0.721109
-0.007119 0.445859 0.895075
-0.007119 0.445859 0.895075
0.009548 0.294897 0.955481
0.008044 0.442945 0.896513
-0.445859 -0.007119 0.895075
-0.294897 0.009548 0.955481
-0.442946 0.008046 0.896512
-0.442946 0.008046 0.896512
-0.692804 0.004945 0.721109
-0.445859 -0.007119 0.895075
0.084839 -0.044441 -0.995403
-0.000377 -0.033172 -0.999450
0.022910 -0.019416 -0.999549
0.707107 0.707107 -0.000000
0.707107 0.707107 -0.000000
0.707107 0.707107 -0.000000
0.589855 -0.389979 0.707098
0.589320 -0.390526 0.707242
0.693350 -0.138807 0.707106
0.589855 -0.389979 0.707098
0.504835 -0.495511 0.706831
0.589320 -0.390526 0.707242
0.140457 0.000000 -0.990087
0.140457 0.000000 -0.990087
0.278810 0.000000 -0.960346
0.035135 0.000000 -0.999383
-0.000000 -0.000000 -1.000000
0.035135 0.000000 -0.999383
-0.000000 0.035135 -0.999382
-0.000000 0.035135 -0.999382
-0.000000 -0.000000 -1.000000
-0.000000 0.140457 -0.990087
-0.000000 0.140457 -0.990087
-0.000000 0.278810 -0.960346
-0.000000 -0.000000 -1.000000
-0.000000 -0.000000 -1.000000
-0.000000 -0.000000 -1.000000
-0.000000 -0.000000 -1.000000
-0.000000 -0.000000 -1.000000
-0.000000 -0.000000 -1.000000
-0.718862 -0.000000 -0.695152
-0.713355 -0.020989 -0.700489
-0.804870 -0.000000 -0.593451
-0.534025 -0.106299 -0.838760
-0.411952 0.017222 -0.911043
-0.713355 -0.020989 -0.700489
-0.000000 0.718862 -0.695152
-0.020989 0.713355 -0.700489
-0.000000 0.804870 -0.593451
-0.106299 0.534025 -0.838760
0.017222 0.411952 -0.911043
-0.020989 0.713355 -0.700489
0.534025 0.106299 -0.838760
0.411952 -0.017222 -0.911043
0.713355 0.020989 -0.700489
0.718862 0.000000 -0.695152
0.713355 0.020989 -0.700489
0.804870 0.000000 -0.593451
-0.000000 -0.000000 -1.000000
-0.000000 -0.000000 -1.000000
-0.000000 -0.000000 -1.000000
-0.000000 -0.000000 -1.000000
-0.000000 -0.000000 -1.000000
-0.000000 -0.000000 -1.000000
-0.294607 -0.008332 0.955582
-0.255977 -0.066923 0.964364
-0.159422 -0.007743 0.987180
-0.346113 -0.102213 0.932608
-0.255977 -0.066923 0.964364
-0.360727 -0.026818 0.932286
-0.722748 -0.068907 0.687667
-0.963597 -0.030250 0.265643
-0.698092 -0.117378 0.706321
-0.510513 -0.142520 0.847976
-0.441845 -0.075962 0.893869
-0.520336 -0.039733 0.853037
-0.397974 -0.219889 0.890654
-0.318328 -0.176072 0.931486
-0.424932 -0.130451 0.895777
-0.270016 -0.243312 0.931606
-0.318328 -0.176072 0.931486
-0.397974 -0.219889 0.890654
0.204422 0.978883 -0.000000
0.113750 0.993509 -0.000000
0.113750 0.993509 -0.000000
1.000000 0.000000 -0.000000
1.000000 0.000000 -0.000000
1.000000 0.000000 -0.000000
-0.048588 -0.077898 0.995777
-0.077157 -0.043517 0.996069
-0.088905 -0.157870 0.983450
0.014393 -0.086504 0.996148
-0.048588 -0.077898 0.995777
-0.088905 -0.157870 0.983450
-0.142302 -0.144393 -0.979235
-0.298141 -0.298143 -0.906765
-0.298141 -0.298144 -0.906765
-0.420110 -0.420108 -0.804374
-0.428815 -0.428814 -0.795133
-0.428815 -0.428813 -0.795133
-0.001375 -0.438275 -0.898840
-0.006962 -0.435941 -0.899948
0.000328 -0.297820 -0.954622
1.000000 0.000000 -0.000000
1.000000 0.000000 -0.000000
1.000000 0.000000 -0.000000
0.402153 -0.565088 0.720381
0.256773 -0.619904 0.741476
0.417704 -0.570743 0.706949
0.417704 -0.570743 0.706949
0.495511 -0.504835 0.706831
0.402153 -0.565088 0.720381
-0.417704 0.570743 0.706949
-0.495511 0.504835 0.706831
-0.402153 0.565088 0.720381
-0.402153 0.565088 0.720381
-0.256773 0.619904 0.741476
-0.417704 0.570743 0.706949
-0.225649 0.225649 -0.947716
-0.225649 0.225649 -0.947716
-0.113953 0.113953 -0.986929
-0.335270 0.328307 -0.883068
-0.331368 0.331368 -0.883397
-0.225649 0.225649 -0.947716
0.335270 -0.328307 -0.883068
0.331368 -0.331368 -0.883397
0.225649 -0.225649 -0.947716
0.225649 -0.225649 -0.947716
0.225649 -0.225649 -0.947716
0.113953 -0.113953 -0.986929
0.705486 -0.708724 -0.000000
0.708724 -0.705485 -0.000000
0.707107 -0.707107 -0.000000
0.657362 -0.701984 -0.274032
0.708637 -0.705398 -0.015718
0.705398 -0.708637 -0.015718
-0.705486 0.708724 0.000000
-0.708724 0.705485 0.000000
-0.707107 0.707107 0.000000
-0.657362 0.701984 -0.274032
-0.708637 0.705398 -0.015718
-0.705398 0.708637 -0.015718
0.701984 0.657362 -0.274032
0.705398 0.708637 -0.015718
0.708637 0.705398 -0.015718
0.708724 0.705486 -0.000000
0.705485 0.708724 -0.000000
0.707107 0.707107 -0.000000
-0.708724 -0.705486 0.000000
-0.705485 -0.708724 0.000000
-0.707107 -0.707107 0.000000
-0.701984 -0.657362 -0.274032
-0.705398 -0.708637 -0.015718
-0.708637 -0.705398 -0.015718
-0.420110 0.420108 -0.804374
-0.428350 0.401338 -0.809595
-0.428815 0.428813 -0.795133
-0.337438 0.237153 -0.910985
-0.144675 0.206978 -0.967589
-0.428350 0.401338 -0.809595
0.420108 0.420110 -0.804374
0.401338 0.428350 -0.809595
0.428813 0.428815 -0.795133
0.237153 0.337438 -0.910985
0.206978 0.144675 -0.967589
0.401338 0.428350 -0.809595
-0.420108 -0.420110 -0.804374
-0.401338 -0.428350 -0.809595
-0.428813 -0.428815 -0.795133
-0.237153 -0.337438 -0.910985
-0.206978 -0.144675 -0.967589
-0.401338 -0.428350 -0.809595
0.420110 -0.420108 -0.804374
0.428350 -0.401338 -0.809595
0.428815 -0.428813 -0.795133
0.337438 -0.237153 -0.910985
0.144675 -0.206978 -0.967589
0.428350 -0.401338 -0.809595
-0.753570 0.626122 0.200260
-0.659995 0.455623 0.597340
-0.627601 0.505183 0.592374
-0.857209 0.258224 0.445549
-0.714530 0.382846 0.585556
-0.842003 0.493857 0.217109
0.754108 0.170102 0.634340
0.735483 0.258267 0.626388
0.531513 0.282062 0.798708
0.865230 0.371453 0.336748
0.791549 0.581295 0.188535
0.678283 0.442731 0.586448
0.282062 -0.531513 0.798708
0.170102 -0.754108 0.634340
0.258267 -0.735483 0.626388
0.371453 -0.865230 0.336748
0.581295 -0.791549 0.188535
0.442731 -0.678283 0.586448
-0.371453 0.865230 0.336748
-0.581295 0.791549 0.188535
-0.442735 0.678286 0.586441
-0.170101 0.754110 0.634337
-0.258266 0.735490 0.626381
-0.282073 0.531531 0.798693
-0.000000 1.000000 -0.000000
-0.000000 1.000000 -0.000000
-0.000000 1.000000 -0.000000
0.978883 0.204422 -0.000000
0.993509 0.113750 -0.000000
0.993509 0.113750 -0.000000
0.000000 -1.000000 0.000000
0.000000 -1.000000 0.000000
0.000000 -1.000000 0.000000
-0.978883 -0.204422 0.000000
-0.993509 -0.113750 0.000000
-0.993509 -0.113750 0.000000
-0.303253 0.162898 -0.938883
-0.386570 0.217038 -0.896358
-0.274450 0.228693 -0.934011
-0.303253 0.162898 -0.938883
-0.422452 0.137040 -0.895966
-0.386570 0.217038 -0.896358
0.303253 -0.162898 -0.938883
0.386570 -0.217038 -0.896358
0.274450 -0.228693 -0.934011
0.303253 -0.162898 -0.938883
0.422452 -0.137040 -0.895966
0.386570 -0.217038 -0.896358
-0.162898 -0.303253 -0.938883
-0.137040 -0.422452 -0.895966
-0.217038 -0.386570 -0.896358
-0.162898 -0.303253 -0.938883
-0.217038 -0.386570 -0.896358
-0.228693 -0.274450 -0.934011
0.162898 0.303253 -0.938883
0.137040 0.422452 -0.895966
0.217038 0.386570 -0.896358
0.162898 0.303253 -0.938883
0.217038 0.386570 -0.896358
0.228693 0.274450 -0.934011
-0.972173 0.030585 -0.232259
-0.999969 -0.000721 -0.007845
-0.999969 0.000720 -0.007845
-1.000000 -0.000000 0.000000
-1.000000 0.000720 0.000000
-1.000000 -0.000721 0.000000
-0.036760 -0.959243 -0.280181
0.000721 -0.999969 -0.007845
-0.000720 -0.999969 -0.007845
0.000000 -1.000000 0.000000
-0.000720 -1.000000 0.000000
0.000721 -1.000000 0.000000
1.000000 -0.000720 -0.000000
1.000000 0.000721 -0.000000
1.000000 0.000000 -0.000000
0.972173 -0.030585 -0.232259
0.999969 0.000721 -0.007845
0.999969 -0.000720 -0.007845
0.036760 0.959243 -0.280181
-0.000721 0.999969 -0.007845
0.000720 0.999969 -0.007845
0.000720 1.000000 -0.000000
-0.000721 1.000000 -0.000000
-0.000000 1.000000 -0.000000
0.151772 0.151772 -0.976694
0.145167 0.142088 -0.979152
0.298141 0.298143 -0.906765
0.420110 0.420108 -0.804374
0.428815 0.428813 -0.795133
0.428815 0.428813 -0.795133
-0.151772 0.151772 -0.976694
-0.142088 0.145167 -0.979152
-0.298143 0.298141 -0.906765
-0.420108 0.420110 -0.804374
-0.428813 0.428815 -0.795133
-0.428813 0.428815 -0.795133
0.151772 -0.151772 -0.976694
0.142088 -0.145167 -0.979152
0.298143 -0.298141 -0.906765
0.420108 -0.420110 -0.804374
0.428813 -0.428815 -0.795133
0.428813 -0.428815 -0.795133
-0.151583 -0.506885 0.848581
-0.046729 -0.520158 0.852791
-0.082304 -0.440417 0.894013
-0.032372 -0.985239 0.168093
-0.062510 -0.756783 0.650670
-0.089205 -0.867096 0.490089
-0.028528 -0.357008 0.933666
-0.098554 -0.346764 0.932761
-0.082304 -0.440417 0.894013
-0.009548 -0.294897 0.955481
-0.067781 -0.263748 0.962207
-0.098554 -0.346764 0.932761
-0.986317 0.032916 0.161540
-0.759835 0.055099 0.647777
-0.867096 0.089205 0.490089
-0.506885 0.151582 0.848581
-0.520158 0.046729 0.852791
-0.440417 0.082304 0.894013
0.000000 -0.261112 -0.965309
0.038170 -0.245620 -0.968614
0.000000 -0.508265 -0.861201
0.298399 -0.010322 -0.954385
-0.038170 0.245620 -0.968614
0.038170 -0.245620 -0.968614
0.024228 0.976711 -0.213187
0.190148 0.981308 0.029620
0.113759 0.972832 -0.201635
0.213589 0.964948 -0.152496
0.190148 0.981308 0.029620
0.369148 0.901747 -0.224905
-0.024228 -0.976711 -0.213187
-0.190148 -0.981308 0.029620
-0.113759 -0.972832 -0.201635
-0.213589 -0.964948 -0.152496
-0.190148 -0.981308 0.029620
-0.369148 -0.901747 -0.224905
0.976711 -0.024228 -0.213187
0.981308 -0.190148 0.029620
0.972832 -0.113759 -0.201635
0.964948 -0.213589 -0.152496
0.981308 -0.190148 0.029620
0.901747 -0.369148 -0.224905
-0.976718 0.023999 -0.213181
-0.981308 0.190148 0.029620
-0.972832 0.113759 -0.201635
-0.964948 0.213589 -0.152496
-0.981308 0.190148 0.029620
-0.901747 0.369148 -0.224905
0.000000 0.000000 1.000000
0.000000 0.000000 1.000000
0.000000 0.000000 1.000000
0.370684 -0.927336 -0.051391
0.169876 -0.985142 -0.025237
0.155590 -0.969609 -0.188814
0.000000 0.000000 1.000000
0.000000 0.000000 1.000000
0.000000 0.000000 1.000000
-0.927336 -0.370684 -0.051391
-0.985142 -0.169876 -0.025237
-0.969609 -0.155590 -0.188814
0.000000 0.000000 1.000000
0.000000 0.000000 1.000000
0.000000 0.000000 1.000000
-0.370684 0.927336 -0.051391
-0.169876 0.985142 -0.025237
-0.155590 0.969609 -0.188814
0.000000 0.000000 1.000000
0.000000 0.000000 1.000000
0.000000 0.000000 1.000000
0.927336 0.370684 -0.051391
0.985142 0.169876 -0.025237
0.969609 0.155590 -0.188814
-0.000000 -0.000000 -1.000000
-0.000000 -0.000000 -1.000000
-0.000000 -0.000000 -1.000000
-0.000000 -0.000000 -1.000000
-0.000000 -0.000000 -1.000000
-0.000000 -0.000000 -1.000000
-0.024228 -0.976711 -0.213187
-0.115264 -0.792345 -0.599085
-0.064911 -0.751457 -0.656582
-0.024228 -0.976711 -0.213187
-0.113759 -0.972832 -0.201635
-0.146086 -0.783765 -0.603631
0.024228 0.976711 -0.213187
0.113759 0.972832 -0.201635
0.146086 0.783765 -0.603631
0.024228 0.976711 -0.213187
0.115264 0.792345 -0.599085
0.064911 0.751457 -0.656582
0.976711 -0.024228 -0.213187
0.792345 -0.115264 -0.599085
0.751457 -0.064911 -0.656582
0.976711 -0.024228 -0.213187
0.972832 -0.113759 -0.201635
0.783765 -0.146086 -0.603631
-0.976718 0.023999 -0.213181
-0.972832 0.113759 -0.201635
-0.783765 0.146086 -0.603631
-0.976718 0.023999 -0.213181
-0.792345 0.115264 -0.599085
-0.751457 0.064911 -0.656582
-0.371182 0.380648 0.846954
-0.309092 0.320813 0.895288
-0.289071 0.435297 0.852616
-0.416017 0.327655 0.848276
-0.375211 0.245669 0.893792
-0.309092 0.320813 0.895288
0.380635 0.371173 0.846963
0.320805 0.309084 0.895294
0.435279 0.289060 0.852629
0.327646 0.416001 0.848287
0.245663 0.375201 0.893797
0.320805 0.309084 0.895294
0.416001 -0.327646 0.848288
0.375202 -0.245663 0.893797
0.309084 -0.320805 0.895294
0.289060 -0.435279 0.852629
0.371173 -0.380635 0.846963
0.309084 -0.320805 0.895294
0.923879 -0.382684 0.001057
0.831790 -0.555059 0.006007
0.805701 -0.592322 -0.000000
-0.000000 -0.000000 -1.000000
-0.000000 -0.000000 -1.000000
-0.000000 -0.000000 -1.000000
0.265322 0.365805 -0.892071
0.142087 -0.145167 -0.979152
0.151772 -0.151772 -0.976694
0.298142 -0.298143 -0.906765
0.151772 -0.151772 -0.976694
0.142087 -0.145167 -0.979152
0.365805 -0.265322 -0.892071
-0.145167 -0.142087 -0.979152
-0.151772 -0.151772 -0.976694
-0.298143 -0.298142 -0.906765
-0.151772 -0.151772 -0.976694
-0.145167 -0.142087 -0.979152
-0.265322 -0.365805 -0.892071
-0.142087 0.145167 -0.979152
-0.151772 0.151772 -0.976694
-0.298142 0.298143 -0.906765
-0.151772 0.151772 -0.976694
-0.142087 0.145167 -0.979152
-0.151977 0.151977 -0.976630
0.144393 0.142302 -0.979235
0.151772 0.151772 -0.976694
0.298143 0.298142 -0.906765
0.151772 0.151772 -0.976694
0.144393 0.142302 -0.979235
-0.923879 0.382684 -0.001057
-0.831790 0.555059 -0.006007
-0.981266 0.192562 -0.006010
-0.000000 -0.000000 -1.000000
-0.000000 -0.000000 -1.000000
-0.000000 -0.000000 -1.000000
0.382684 0.923879 -0.001057
0.555059 0.831790 -0.006007
0.192562 0.981266 -0.006010
-0.000000 -0.000000 -1.000000
-0.000000 -0.000000 -1.000000
-0.000000 -0.000000 -1.000000
-0.382684 -0.923879 -0.001057
-0.555059 -0.831790 -0.006007
-0.192562 -0.981266 -0.006010
-0.000000 -0.000000 -1.000000
-0.000000 -0.000000 -1.000000
-0.000000 -0.000000 -1.000000
-0.000000 -0.000000 -1.000000
-0.000000 -0.000000 -1.000000
-0.000000 -0.000000 -1.000000
-0.000000 -0.000000 -1.000000
-0.000000 -0.000000 -1.000000
-0.000000 -0.000000 -1.000000
-0.245669 -0.375210 0.893792
-0.221296 -0.283954 0.932951
-0.319378 -0.305461 0.897046
-0.270016 -0.243312 0.931606
-0.397974 -0.219889 0.890654
-0.319378 -0.305461 0.897046
-0.699386 -0.106439 0.706774
-0.684293 -0.113121 0.720379
-0.707193 -0.001928 0.707018
-0.619904 -0.256773 0.741476
-0.565088 -0.402153 0.720381
-0.684293 -0.113121 0.720379
0.619904 0.256773 0.741476
0.565088 0.402153 0.720381
0.684293 0.113121 0.720379
0.699386 0.106439 0.706774
0.684293 0.113121 0.720379
0.707193 0.001928 0.707018
-0.000000 -0.000000 -1.000000
-0.000000 -0.000000 -1.000000
-0.000000 -0.000000 -1.000000
-0.000000 -0.000000 -1.000000
-0.000000 -0.000000 -1.000000
-0.000000 -0.000000 -1.000000
-0.175735 0.409321 -0.895306
-0.271173 0.347540 -0.897597
-0.323752 0.415773 -0.849892
-0.536454 0.562777 -0.628888
-0.375921 0.459994 -0.804418
-0.345726 0.356816 -0.867845
0.409321 0.175735 -0.895306
0.347540 0.271173 -0.897597
0.415773 0.323752 -0.849892
0.562777 0.536454 -0.628888
0.459994 0.375921 -0.804418
0.356816 0.345726 -0.867845
-0.409321 -0.175735 -0.895306
-0.347540 -0.271173 -0.897597
-0.415773 -0.323752 -0.849892
-0.562777 -0.536454 -0.628888
-0.459994 -0.375921 -0.804418
-0.356816 -0.345726 -0.867845
0.175735 -0.409321 -0.895306
0.271173 -0.347540 -0.897597
0.323752 -0.415773 -0.849892
0.536454 -0.562777 -0.628888
0.375921 -0.459994 -0.804418
0.345726 -0.356816 -0.867845
-0.084220 -0.040752 -0.995614
0.006855 -0.088232 -0.996076
-0.080528 -0.167648 -0.982552
-0.174228 -0.203296 -0.963491
-0.123902 -0.124858 -0.984408
-0.080528 -0.167648 -0.982552
-0.038170 0.245620 -0.968614
-0.298399 0.010322 -0.954385
0.038170 -0.245620 -0.968614
-0.000000 0.261112 -0.965309
-0.038170 0.245620 -0.968614
-0.000000 0.508265 -0.861201
0.000000 -0.261112 -0.965309
0.040127 -0.245569 -0.968548
0.000000 -0.508265 -0.861201
0.040127 -0.245569 -0.968548
0.298399 -0.010322 -0.954385
0.001965 0.163940 -0.986468
-0.087021 0.162698 0.982831
-0.007743 0.159422 0.987180
-0.066923 0.255976 0.964364
-0.087021 0.162698 0.982831
-0.066923 0.255976 0.964364
-0.128193 0.239741 0.962336
0.162698 0.087021 0.982831
0.255976 0.066923 0.964364
0.239741 0.128193 0.962336
0.162698 0.087021 0.982831
0.159422 0.007743 0.987180
0.255976 0.066923 0.964364
0.087021 -0.162698 0.982831
0.007743 -0.159422 0.987180
0.066923 -0.255976 0.964364
0.087021 -0.162698 0.982831
0.066923 -0.255976 0.964364
0.128193 -0.239741 0.962336
-0.294897 0.009548 0.955481
-0.258156 0.076816 0.963044
-0.346763 0.098554 0.932761
-0.258156 0.076816 0.963044
-0.280655 0.221963 0.933791
-0.300300 0.162589 0.939885
0.076816 0.258156 0.963045
0.221961 0.280653 0.933792
0.162588 0.300298 0.939886
0.009548 0.294897 0.955481
0.076816 0.258156 0.963045
0.098553 0.346761 0.932762
0.258156 -0.076816 0.963045
0.280653 -0.221961 0.933792
0.300298 -0.162588 0.939886
0.294897 -0.009548 0.955481
0.258156 -0.076816 0.963045
0.346761 -0.098553 0.932762
-0.000000 -0.000000 -1.000000
-0.000000 -0.000000 -1.000000
-0.000000 -0.000000 -1.000000
-0.000000 -0.000000 -1.000000
-0.000000 -0.000000 -1.000000
-0.000000 -0.000000 -1.000000
-0.523684 0.851855 0.009957
-0.382644 0.923825 -0.011479
-0.638031 0.769978 -0.007115
-0.000000 -0.000000 -1.000000
-0.000000 -0.000000 -1.000000
-0.000000 -0.000000 -1.000000
-0.851855 -0.523684 0.009957
-0.923825 -0.382644 -0.011479
-0.769978 -0.638031 -0.007115
-0.000000 -0.000000 -1.000000
-0.000000 -0.000000 -1.000000
-0.000000 -0.000000 -1.000000
0.523684 -0.851855 0.009957
0.382644 -0.923825 -0.011479
0.638031 -0.769978 -0.007115
-0.000000 -0.000000 -1.000000
-0.000000 -0.000000 -1.000000
-0.000000 -0.000000 -1.000000
-0.000000 -0.000000 -1.000000
-0.000000 -0.000000 -1.000000
-0.000000 -0.000000 -1.000000
0.851855 0.523684 0.009957
0.923825 0.382644 -0.011479
0.769978 0.638031 -0.007115
0.441834 0.075960 0.893875
0.446144 0.006673 0.894936
0.520323 0.039731 0.853045
0.360726 0.026817 0.932286
0.446144 0.006673 0.894936
0.441834 0.075960 0.893875
0.075960 -0.441834 0.893875
0.006673 -0.446144 0.894936
0.039731 -0.520323 0.853045
0.026817 -0.360726 0.932286
0.006673 -0.446144 0.894936
0.075960 -0.441834 0.893875
0.859064 -0.019082 -0.511512
0.972173 -0.030585 -0.232259
0.714504 -0.023540 -0.699235
-0.000000 1.000000 -0.000000
-0.000000 1.000000 -0.000000
-0.000000 1.000000 -0.000000
0.000000 -1.000000 0.000000
0.000000 -1.000000 0.000000
0.000000 -1.000000 0.000000
-0.859064 0.019082 -0.511512
-0.972173 0.030585 -0.232259
-0.717705 0.025201 -0.695891
0.804700 -0.375537 0.459816
0.965354 -0.160850 0.205471
0.755554 -0.252067 0.604650
0.965354 -0.160850 0.205471
0.912999 -0.370729 0.170275
0.915872 -0.401469 -0.001177
0.375537 0.804700 0.459816
0.160850 0.965354 0.205471
0.252067 0.755553 0.604650
0.160850 0.965354 0.205471
0.370729 0.912999 0.170275
0.401469 0.915872 -0.001177
-0.167350 0.080918 -0.982571
-0.158011 0.007790 -0.987407
-0.253616 0.080615 -0.963940
-0.203296 0.174228 -0.963491
-0.167350 0.080918 -0.982571
-0.253616 0.080615 -0.963940
0.174228 0.203296 -0.963491
0.080918 0.167350 -0.982571
0.080615 0.253616 -0.963940
0.080918 0.167350 -0.982571
0.007790 0.158011 -0.987407
0.080615 0.253616 -0.963940
0.203296 -0.174228 -0.963491
0.167350 -0.080918 -0.982571
0.253616 -0.080615 -0.963940
0.167350 -0.080918 -0.982571
0.158011 -0.007790 -0.987407
0.253616 -0.080615 -0.963940
-0.219976 0.286590 -0.932457
-0.169648 0.302338 -0.937982
-0.077754 0.256235 -0.963482
-0.077754 0.256235 -0.963482
-0.100615 0.343415 -0.933779
-0.010227 0.291911 -0.956391
0.286590 0.219976 -0.932457
0.302338 0.169648 -0.937982
0.256235 0.077754 -0.963482
0.256235 0.077754 -0.963482
0.343415 0.100615 -0.933779
0.291911 0.010227 -0.956391
0.219976 -0.286590 -0.932457
0.169648 -0.302338 -0.937982
0.077754 -0.256235 -0.963482
0.077754 -0.256235 -0.963482
0.100615 -0.343415 -0.933779
0.010227 -0.291911 -0.956391
-0.286590 -0.219976 -0.932457
-0.302338 -0.169648 -0.937982
-0.256235 -0.077754 -0.963482
-0.256235 -0.077754 -0.963482
-0.343415 -0.100615 -0.933779
-0.291911 -0.010227 -0.956391
-0.006019 0.412296 -0.911030
-0.000000 0.411580 -0.911374
-0.000000 0.278810 -0.960346
-0.000000 0.278810 -0.960346
-0.000000 0.278810 -0.960346
-0.000000 0.140457 -0.990087
0.419545 -0.006029 -0.907715
0.420205 0.000000 -0.907429
0.278810 0.000000 -0.960346
0.278810 0.000000 -0.960346
0.278810 0.000000 -0.960346
0.140457 0.000000 -0.990087
0.000000 0.000000 1.000000
0.000000 0.000000 1.000000
0.000000 0.000000 1.000000
0.526691 -0.847318 -0.068187
0.211011 -0.977064 -0.028632
0.646660 -0.762689 0.011697
0.448224 0.670179 -0.591570
0.369110 0.463126 -0.805774
0.278178 0.525906 -0.803766
0.244817 0.765848 -0.594593
0.278178 0.525906 -0.803766
0.146086 0.783765 -0.603631
0.670179 -0.448224 -0.591570
0.463126 -0.369110 -0.805774
0.525906 -0.278178 -0.803766
0.765849 -0.244817 -0.594593
0.525906 -0.278178 -0.803766
0.783765 -0.146086 -0.603631
-0.670179 0.448224 -0.591570
-0.463126 0.369110 -0.805774
-0.525906 0.278178 -0.803766
-0.765849 0.244817 -0.594593
-0.525906 0.278178 -0.803766
-0.783765 0.146086 -0.603631
-0.244817 -0.765848 -0.594593
-0.278178 -0.525906 -0.803766
-0.146086 -0.783765 -0.603631
-0.448224 -0.670179 -0.591570
-0.369110 -0.463126 -0.805774
-0.278178 -0.525906 -0.803766
-0.210841 0.394358 0.894443
-0.130451 0.424932 0.895776
-0.200343 0.490236 0.848252
-0.200343 0.490236 0.848252
-0.282073 0.531531 0.798693
-0.289071 0.435297 0.852616
0.210835 -0.394348 0.894448
0.130447 -0.424921 0.895782
0.200335 -0.490222 0.848262
0.282062 -0.531513 0.798708
0.289060 -0.435279 0.852629
0.200335 -0.490222 0.848262
0.394349 0.210835 0.894448
0.424921 0.130447 0.895782
0.490222 0.200335 0.848262
0.490222 0.200335 0.848262
0.531513 0.282062 0.798708
0.435279 0.289060 0.852629
0.548110 -0.836406 -0.000000
0.369975 -0.929042 -0.000000
0.369975 -0.929042 -0.000000
-0.000000 -0.000000 -1.000000
-0.000000 -0.000000 -1.000000
-0.000000 -0.000000 -1.000000
-1.000000 -0.000000 0.000000
-1.000000 -0.000000 0.000000
-1.000000 -0.000000 0.000000
0.071740 0.744670 -0.663566
0.036760 0.959243 -0.280181
-0.037513 0.592621 -0.804608
1.000000 0.000000 -0.000000
1.000000 0.000000 -0.000000
1.000000 0.000000 -0.000000
-0.073547 -0.741467 -0.666947
-0.036760 -0.959243 -0.280181
0.054618 -0.581995 -0.811356
0.170102 -0.754108 0.634340
0.200335 -0.490222 0.848262
0.117379 -0.698089 0.706325
0.117379 -0.698089 0.706325
0.051837 -0.957545 0.283586
0.170102 -0.754108 0.634340
0.698089 0.117379 0.706325
0.957545 0.051837 0.283586
0.754108 0.170102 0.634340
0.490222 0.200335 0.848262
0.698089 0.117379 0.706325
0.754108 0.170102 0.634340
-0.200343 0.490236 0.848252
-0.117378 0.698092 0.706322
-0.170101 0.754110 0.634337
-0.117378 0.698092 0.706322
-0.051837 0.957545 0.283586
-0.170101 0.754110 0.634337
-0.566551 -0.790745 0.231823
-0.377802 -0.911598 0.162035
-0.444122 -0.679981 0.583422
-0.402001 -0.915639 -0.000037
-0.377802 -0.911598 0.162035
-0.566551 -0.790745 0.231823
-0.000000 -0.000000 -1.000000
-0.028510 0.028510 -0.999187
-0.000000 -0.000000 -1.000000
-0.000000 -0.000000 -1.000000
-0.000000 -0.000000 -1.000000
-0.000000 -0.000000 -1.000000
-0.000000 -0.000000 -1.000000
-0.000000 -0.000000 -1.000000
-0.000000 -0.000000 -1.000000
-0.000000 -0.000000 -1.000000
0.028510 -0.028510 -0.999187
-0.000000 -0.000000 -1.000000
-0.000000 -0.000000 -1.000000
-0.000000 -0.000000 -1.000000
-0.000000 -0.000000 -1.000000
-0.000000 -0.000000 -1.000000
-0.028510 -0.028510 -0.999187
-0.000000 -0.000000 -1.000000
0.609607 0.496054 -0.618312
0.526150 0.279851 -0.803025
0.459994 0.375921 -0.804418
0.712493 0.442216 -0.544792
0.526150 0.279851 -0.803025
0.609607 0.496054 -0.618312
-0.442216 0.712493 -0.544792
-0.279851 0.526150 -0.803025
-0.496054 0.609607 -0.618312
-0.496054 0.609607 -0.618312
-0.279851 0.526150 -0.803025
-0.375921 0.459994 -0.804418
-0.609607 -0.496054 -0.618312
-0.526150 -0.279851 -0.803025
-0.459994 -0.375921 -0.804418
-0.712493 -0.442216 -0.544792
-0.526150 -0.279851 -0.803025
-0.609607 -0.496054 -0.618312
0.442216 -0.712493 -0.544792
0.279851 -0.526150 -0.803025
0.496054 -0.609607 -0.618312
0.496054 -0.609607 -0.618312
0.279851 -0.526150 -0.803025
0.375921 -0.459994 -0.804418
-0.182354 0.052916 0.981808
-0.141551 0.113710 0.983379
-0.223395 0.163266 0.960957
-0.077760 0.045025 0.995955
-0.141551 0.113710 0.983379
-0.182354 0.052916 0.981808
0.045025 0.077760 0.995955
0.113710 0.141551 0.983379
0.052916 0.182354 0.981808
0.052916 0.182354 0.981808
0.113710 0.141551 0.983379
0.163265 0.223395 0.960957
0.182354 -0.052916 0.981808
0.141551 -0.113710 0.983379
0.223395 -0.163265 0.960957
0.077760 -0.045025 0.995955
0.141551 -0.113710 0.983379
0.182354 -0.052916 0.981808
-0.521636 -0.283983 0.804518
-0.487059 -0.207016 0.848480
-0.756661 -0.169340 0.631497
-0.956134 -0.051524 0.288364
-0.778905 -0.218554 0.587827
-0.756661 -0.169340 0.631497
0.985239 -0.032372 0.168093
0.867096 -0.089205 0.490089
0.777515 -0.163553 0.607224
0.506873 -0.151578 0.848589
0.471255 -0.243241 0.847793
0.777515 -0.163553 0.607224
0.243241 0.471255 0.847793
0.163553 0.777515 0.607224
0.151578 0.506873 0.848589
0.032372 0.985239 0.168093
0.089205 0.867096 0.490089
0.163553 0.777515 0.607224
-0.386570 0.217038 -0.896358
-0.422452 0.137040 -0.895966
-0.507468 0.158037 -0.847054
-0.507468 0.158037 -0.847054
-0.438419 0.078816 -0.895308
-0.517877 0.045425 -0.854248
0.158037 0.507468 -0.847054
0.078816 0.438419 -0.895308
0.045425 0.517877 -0.854248
0.217038 0.386570 -0.896358
0.137040 0.422452 -0.895966
0.158037 0.507468 -0.847054
0.507468 -0.158037 -0.847054
0.438419 -0.078816 -0.895308
0.517877 -0.045425 -0.854248
0.386570 -0.217038 -0.896358
0.422452 -0.137040 -0.895966
0.507468 -0.158037 -0.847054
-0.158037 -0.507468 -0.847054
-0.078816 -0.438419 -0.895308
-0.045425 -0.517877 -0.854248
-0.217038 -0.386570 -0.896358
-0.137040 -0.422452 -0.895966
-0.158037 -0.507468 -0.847054
-0.252066 -0.755559 0.604643
-0.163553 -0.777517 0.607221
-0.273803 -0.531149 0.801818
-0.163553 -0.777517 0.607221
-0.252066 -0.755559 0.604643
-0.160850 -0.965354 0.205471
0.804700 -0.375537 0.459816
0.755554 -0.252067 0.604650
0.699931 -0.435272 0.566247
0.755554 -0.252067 0.604650
0.531208 -0.274794 0.801440
0.699931 -0.435272 0.566247
0.252067 0.755553 0.604650
0.274793 0.531208 0.801440
0.435271 0.699931 0.566247
0.375537 0.804700 0.459816
0.252067 0.755553 0.604650
0.435271 0.699931 0.566247
0.196149 0.980574 -0.000000
0.552710 0.833374 -0.000000
0.552710 0.833374 -0.000000
0.000000 0.000000 1.000000
0.000000 0.000000 1.000000
0.000000 0.000000 1.000000
0.000000 0.000000 1.000000
0.000000 0.000000 1.000000
0.000000 0.000000 1.000000
0.552711 -0.833373 -0.000000
0.196150 -0.980574 -0.000000
0.196150 -0.980574 -0.000000
-0.835758 -0.517380 0.183922
-0.751320 -0.641632 0.154361
-0.705113 -0.530092 0.470975
-0.847774 -0.358216 0.391101
-0.692647 -0.403760 0.597677
-0.778905 -0.218554 0.587827
-0.113953 -0.113953 -0.986929
-0.225649 -0.225649 -0.947716
-0.113953 -0.113953 -0.986929
0.707107 -0.707107 -0.000000
0.707107 -0.707107 -0.000000
0.707107 -0.707107 -0.000000
0.225649 0.225649 -0.947716
0.225649 0.225649 -0.947716
0.113953 0.113953 -0.986929
-0.707107 0.707107 0.000000
-0.707107 0.707107 0.000000
-0.707107 0.707107 0.000000
-0.190148 -0.981308 0.029620
-0.553197 -0.832557 0.028669
-0.369148 -0.901747 -0.224905
-0.369148 -0.901747 -0.224905
-0.553197 -0.832557 0.028669
-0.535240 -0.831493 -0.148784
0.901747 -0.369148 -0.224905
0.832557 -0.553197 0.028669
0.831493 -0.535240 -0.148784
0.981308 -0.190148 0.029620
0.832557 -0.553197 0.028669
0.901747 -0.369148 -0.224905
-0.901747 0.369148 -0.224905
-0.832557 0.553197 0.028669
-0.831493 0.535240 -0.148784
-0.981308 0.190148 0.029620
-0.832557 0.553197 0.028669
-0.901747 0.369148 -0.224905
0.369148 0.901747 -0.224905
0.553197 0.832557 0.028669
0.535240 0.831493 -0.148784
0.190148 0.981308 0.029620
0.553197 0.832557 0.028669
0.369148 0.901747 -0.224905
-0.000000 -0.000000 -1.000000
-0.000000 -0.000000 -1.000000
-0.000000 -0.000000 -1.000000
-0.548110 0.836406 0.000000
-0.369975 0.929042 0.000000
-0.369975 0.929042 0.000000
0.775080 0.106295 -0.622858
0.683589 0.189908 -0.704727
0.932155 0.095615 -0.349205
0.504906 0.151969 -0.849691
0.450323 0.245492 -0.858454
0.683589 0.189908 -0.704727
-0.151969 0.504906 -0.849691
-0.245492 0.450323 -0.858454
-0.189908 0.683589 -0.704727
-0.106295 0.775080 -0.622858
-0.189908 0.683589 -0.704727
-0.095615 0.932155 -0.349205
0.151969 -0.504906 -0.849691
0.245492 -0.450323 -0.858454
0.189908 -0.683589 -0.704727
0.106295 -0.775080 -0.622858
0.189908 -0.683589 -0.704727
0.095615 -0.932155 -0.349205
-0.775080 -0.106295 -0.622858
-0.683589 -0.189908 -0.704727
-0.932155 -0.095615 -0.349205
-0.504906 -0.151969 -0.849691
-0.450323 -0.245492 -0.858454
-0.683589 -0.189908 -0.704727
-0.787313 0.616552 -0.001308
-0.842003 0.493857 0.217109
-0.753570 0.626122 0.200260
-0.842003 0.493857 0.217109
-0.659995 0.455623 0.597340
-0.753570 0.626122 0.200260
0.000000 0.000000 1.000000
0.000000 0.000000 1.000000
0.000000 0.000000 1.000000
0.256773 -0.619904 0.741476
0.402153 -0.565088 0.720381
0.113121 -0.684293 0.720379
0.000000 0.000000 1.000000
0.000000 0.000000 1.000000
0.000000 0.000000 1.000000
-0.256773 0.619904 0.741476
-0.402153 0.565088 0.720381
-0.113121 0.684293 0.720379
0.707107 0.707107 -0.000000
0.707107 0.707107 -0.000000
0.705485 0.708724 -0.000000
0.000000 0.000000 1.000000
0.000000 0.000000 1.000000
0.000000 0.000000 1.000000
0.000000 0.000000 1.000000
0.000000 0.000000 1.000000
0.000000 0.000000 1.000000
-0.707107 0.707107 0.000000
-0.707107 0.707107 0.000000
-0.708724 0.705485 0.000000
0.000000 0.000000 1.000000
0.000000 0.000000 1.000000
0.000000 0.000000 1.000000
0.707107 -0.707107 -0.000000
0.707107 -0.707107 -0.000000
0.708724 -0.705485 -0.000000
-0.708724 -0.705486 0.000000
-0.707107 -0.707107 0.000000
-0.707107 -0.707107 0.000000
0.000000 0.000000 1.000000
0.000000 0.000000 1.000000
0.000000 0.000000 1.000000
-0.200434 0.979651 0.010454
-0.015609 0.999812 -0.011509
-0.006003 0.999982 0.000894
-0.718862 -0.000000 -0.695152
-0.713355 -0.020989 -0.700489
-0.804870 -0.000000 -0.593451
-0.195090 0.980786 0.000000
-0.555570 0.831470 0.000000
-0.555570 0.831470 0.000000
-0.000000 -0.000000 -1.000000
-0.000000 -0.000000 -1.000000
-0.000000 -0.000000 -1.000000
-0.000000 -0.000000 -1.000000
-0.000000 -0.000000 -1.000000
-0.000000 -0.000000 -1.000000
0.195090 -0.980785 -0.000000
0.211011 -0.977064 -0.028632
0.526691 -0.847318 -0.068187
0.832274 -0.554364 0.000962
0.980785 -0.195090 -0.000000
0.980786 -0.195089 -0.000000
-0.000000 -0.000000 -1.000000
-0.000000 -0.000000 -1.000000
-0.000000 -0.000000 -1.000000
-0.000000 -0.000000 -1.000000
-0.000000 -0.000000 -1.000000
-0.000000 -0.000000 -1.000000
-0.831470 0.555570 0.000000
-0.980785 0.195090 0.000000
-0.980786 0.195089 0.000000
0.569542 0.522567 -0.634465
0.701984 0.657362 -0.274032
0.434047 0.484018 -0.759823
-0.707108 0.707106 0.000004
-0.707108 0.707106 0.000002
-0.707107 0.707106 0.000002
-0.298141 0.298143 -0.906765
-0.298142 0.298143 -0.906765
-0.428815 0.428814 -0.795133
-0.428350 0.401338 -0.809595
-0.428815 0.428814 -0.795133
-0.428815 0.428813 -0.795133
0.401338 0.428350 -0.809595
0.428814 0.428815 -0.795133
0.428813 0.428815 -0.795133
0.298143 0.298141 -0.906765
0.298143 0.298142 -0.906765
0.428814 0.428815 -0.795133
0.428350 -0.401338 -0.809595
0.428815 -0.428814 -0.795133
0.428815 -0.428813 -0.795133
0.298141 -0.298143 -0.906765
0.298142 -0.298143 -0.906765
0.428815 -0.428814 -0.795133
-0.298143 -0.298141 -0.906765
-0.298143 -0.298142 -0.906765
-0.428814 -0.428815 -0.795133
-0.401338 -0.428350 -0.809595
-0.428814 -0.428815 -0.795133
-0.428813 -0.428815 -0.795133
-0.831470 -0.555570 0.000000
-0.831470 -0.555570 0.000000
-0.980785 -0.195090 0.000000
-0.000000 -0.000000 -1.000000
-0.000000 -0.000000 -1.000000
-0.000000 -0.000000 -1.000000
-0.000000 -0.000000 -1.000000
-0.000000 -0.000000 -1.000000
-0.000000 -0.000000 -1.000000
0.831470 0.555570 -0.000000
0.831470 0.555570 -0.000000
0.980785 0.195090 -0.000000
0.737572 0.099878 -0.667842
0.640831 -0.018635 -0.767456
0.794763 0.041035 -0.605531
0.640831 -0.018635 -0.767456
0.737572 0.099878 -0.667842
0.519845 -0.018604 -0.854058
-0.000000 -0.000000 -1.000000
-0.000000 -0.000000 -1.000000
-0.000000 -0.000000 -1.000000
-0.926782 -0.375598 0.001266
-0.854577 -0.479865 0.198564
-0.784148 -0.620573 -0.000833
-0.565088 -0.402153 0.720381
-0.619904 -0.256773 0.741476
-0.570742 -0.417704 0.706949
-0.570742 -0.417704 0.706949
-0.504835 -0.495511 0.706831
-0.565088 -0.402153 0.720381
0.570742 0.417704 0.706949
0.504835 0.495511 0.706831
0.565088 0.402153 0.720381
0.565088 0.402153 0.720381
0.619904 0.256773 0.741476
0.570742 0.417704 0.706949
0.707106 0.707108 0.000004
0.707106 0.707108 0.000002
0.707106 0.707107 0.000002
0.525899 -0.570200 -0.631112
0.657362 -0.701984 -0.274032
0.481204 -0.447564 -0.753743
0.707108 -0.707106 0.000004
0.707108 -0.707106 0.000002
0.707107 -0.707106 0.000002
-0.569542 -0.522567 -0.634465
-0.701984 -0.657362 -0.274032
-0.434047 -0.484018 -0.759823
-0.707106 -0.707108 0.000004
-0.707106 -0.707108 0.000002
-0.707106 -0.707107 0.000002
-0.525899 0.570200 -0.631112
-0.657362 0.701984 -0.274032
-0.481204 0.447564 -0.753743
0.000000 0.000000 1.000000
0.000000 0.000000 1.000000
0.000000 0.000000 1.000000
-0.552711 0.833373 0.000000
-0.196150 0.980574 0.000000
-0.196150 0.980574 0.000000
0.000000 0.000000 1.000000
0.000000 0.000000 1.000000
0.000000 0.000000 1.000000
0.833373 0.552711 -0.000000
0.980574 0.196150 -0.000000
0.980574 0.196150 -0.000000
0.000000 0.000000 1.000000
0.000000 0.000000 1.000000
0.000000 0.000000 1.000000
-0.833373 -0.552711 0.000000
-0.980574 -0.196150 0.000000
-0.980574 -0.196150 0.000000
-0.000000 -0.000000 -1.000000
-0.019416 -0.022910 -0.999549
-0.000000 -0.000000 -1.000000
0.785793 0.618490 -0.000000
0.785793 0.618490 -0.000000
0.839223 0.543787 -0.000000
-0.618490 -0.785793 0.000000
-0.618490 -0.785793 0.000000
-0.543787 -0.839223 0.000000
-0.000000 -0.000000 -1.000000
-0.000000 -0.000000 -1.000000
-0.000000 -0.000000 -1.000000
-0.000000 -0.000000 -1.000000
-0.022910 0.019416 -0.999549
-0.000000 -0.000000 -1.000000
0.618490 -0.785793 -0.000000
0.618490 -0.785793 -0.000000
0.543787 -0.839223 -0.000000
-0.000000 -0.000000 -1.000000
0.019416 0.022910 -0.999549
-0.000000 -0.000000 -1.000000
-0.785793 -0.618490 0.000000
-0.785793 -0.618490 0.000000
-0.839223 -0.543787 0.000000
-0.151977 0.151977 -0.976630
-0.142302 -0.144393 -0.979235
0.144393 0.142302 -0.979235
-0.151772 -0.151772 -0.976694
-0.298141 -0.298143 -0.906765
-0.142302 -0.144393 -0.979235
0.707107 0.707106 0.000001
0.707107 0.707106 -0.000000
0.707108 0.707106 -0.000001
-0.684441 0.684440 -0.251162
-0.657362 0.701984 -0.274032
-0.525899 0.570200 -0.631112
-0.684440 -0.684441 -0.251162
-0.701984 -0.657362 -0.274032
-0.569542 -0.522567 -0.634465
-0.707106 0.707107 0.000001
-0.707106 0.707107 -0.000000
-0.707106 0.707108 -0.000001
0.684441 -0.684440 -0.251162
0.657362 -0.701984 -0.274032
0.525899 -0.570200 -0.631112
-0.707107 -0.707106 0.000001
-0.707107 -0.707106 -0.000000
-0.707108 -0.707106 -0.000001
-0.647666 -0.671633 0.359775
-0.485208 -0.490118 0.724125
-0.505452 -0.399572 0.764762
-0.518308 -0.640866 0.566257
-0.485208 -0.490118 0.724125
-0.647666 -0.671633 0.359775
-0.000000 -0.000000 -1.000000
0.000000 -0.035135 -0.999382
-0.000000 -0.000000 -1.000000
-0.000000 -0.000000 -1.000000
-0.000000 -0.000000 -1.000000
-0.000000 -0.000000 -1.000000
-0.552711 0.833373 0.000000
-0.552711 0.833373 0.000000
-0.196150 0.980574 0.000000
-0.000000 -0.000000 -1.000000
-0.000000 -0.000000 -1.000000
-0.000000 -0.000000 -1.000000
0.833373 0.552711 -0.000000
0.833373 0.552711 -0.000000
0.980574 0.196150 -0.000000
-0.000000 -0.000000 -1.000000
-0.000000 -0.000000 -1.000000
-0.000000 -0.000000 -1.000000
-0.833373 -0.552711 0.000000
-0.833373 -0.552711 0.000000
-0.980574 -0.196150 0.000000
-0.000000 -0.000000 -1.000000
-0.000000 -0.000000 -1.000000
-0.000000 -0.000000 -1.000000
-0.000377 0.033172 -0.999450
-0.000000 0.037455 -0.999298
0.007790 0.158011 -0.987407
-0.006855 0.088232 -0.996076
0.007790 0.158011 -0.987407
0.080918 0.167350 -0.982571
-0.759799 0.218721 0.612263
-0.781697 0.162877 0.602014
-0.530596 0.274543 0.801931
-0.781697 0.162877 0.602014
-0.857209 0.258224 0.445549
-0.986317 0.032916 0.161540
0.274450 -0.228693 -0.934011
0.124858 -0.123902 -0.984408
0.203296 -0.174228 -0.963491
0.274450 -0.228693 -0.934011
0.203296 -0.174228 -0.963491
0.303253 -0.162898 -0.938883
0.228693 0.274450 -0.934011
0.174228 0.203296 -0.963491
0.162898 0.303253 -0.938883
0.228693 0.274450 -0.934011
0.123902 0.124858 -0.984408
0.174228 0.203296 -0.963491
-0.228693 -0.274450 -0.934011
-0.123902 -0.124858 -0.984408
-0.174228 -0.203296 -0.963491
-0.228693 -0.274450 -0.934011
-0.174228 -0.203296 -0.963491
-0.162898 -0.303253 -0.938883
-0.274450 0.228693 -0.934011
-0.203296 0.174228 -0.963491
-0.303253 0.162898 -0.938883
-0.274450 0.228693 -0.934011
-0.124858 0.123902 -0.984408
-0.203296 0.174228 -0.963491
0.980357 0.172725 0.095218
0.995441 0.095380 -0.000641
0.929117 0.369749 -0.005191
-0.020958 0.022680 -0.999523
-0.108089 0.087973 -0.990241
0.002916 0.002373 -0.999993
-0.172725 0.980357 0.095217
-0.095381 0.995441 -0.000642
-0.369749 0.929117 -0.005191
-0.085806 -0.108207 -0.990418
-0.004076 -0.031393 -0.999499
-0.000282 0.000014 -1.000000
0.022680 0.020958 -0.999523
0.087973 0.108089 -0.990241
0.002373 -0.002916 -0.999993
0.172718 -0.980359 0.095212
0.095380 -0.995441 -0.000641
0.369749 -0.929117 -0.005191
0.020958 -0.022680 -0.999523
0.108089 -0.087973 -0.990241
-0.002916 -0.002373 -0.999993
-0.962363 -0.173625 0.209074
-0.995348 -0.096344 0.000088
-0.929423 -0.368997 -0.003781
0.701984 0.657362 -0.274032
0.569542 0.522567 -0.634465
0.684440 0.684441 -0.251162
0.707106 -0.707107 0.000001
0.707106 -0.707107 -0.000000
0.707106 -0.707108 -0.000001
0.762159 0.254267 -0.595367
0.526150 0.279851 -0.803025
0.712493 0.442216 -0.544792
0.969609 0.155590 -0.188814
0.762159 0.254267 -0.595367
0.863630 0.369878 -0.342540
-0.155590 0.969609 -0.188814
-0.254267 0.762159 -0.595367
-0.369878 0.863630 -0.342540
-0.254267 0.762159 -0.595367
-0.279851 0.526150 -0.803025
-0.442216 0.712493 -0.544792
0.155590 -0.969609 -0.188814
0.254267 -0.762159 -0.595367
0.369878 -0.863630 -0.342540
0.254267 -0.762159 -0.595367
0.279851 -0.526150 -0.803025
0.442216 -0.712493 -0.544792
-0.969609 -0.155590 -0.188814
-0.762159 -0.254267 -0.595367
-0.863630 -0.369878 -0.342540
-0.762159 -0.254267 -0.595367
-0.526150 -0.279851 -0.803025
-0.712493 -0.442216 -0.544792
0.054736 -0.176209 -0.982830
0.084839 -0.044441 -0.995403
0.114808 -0.134855 -0.984192
0.084839 -0.044441 -0.995403
0.022910 -0.019416 -0.999549
0.114808 -0.134855 -0.984192
-0.054736 0.176209 -0.982830
-0.084839 0.044441 -0.995403
-0.114808 0.134855 -0.984192
-0.084839 0.044441 -0.995403
-0.022910 0.019416 -0.999549
-0.114808 0.134855 -0.984192
0.176209 0.054736 -0.982830
0.044441 0.084839 -0.995403
0.134855 0.114808 -0.984192
0.044441 0.084839 -0.995403
0.019416 0.022910 -0.999549
0.134855 0.114808 -0.984192
-0.176209 -0.054736 -0.982830
-0.044441 -0.084839 -0.995403
-0.134855 -0.114808 -0.984192
-0.044441 -0.084839 -0.995403
-0.019416 -0.022910 -0.999549
-0.134855 -0.114808 -0.984192
-0.001527 -0.999996 0.002197
0.051837 -0.957545 0.283586
0.028195 -0.963386 0.266631
0.117379 -0.698089 0.706325
0.028195 -0.963386 0.266631
0.051837 -0.957545 0.283586
-0.444122 -0.679981 0.583422
-0.518308 -0.640866 0.566257
-0.654272 -0.739238 0.159548
-0.444122 -0.679981 0.583422
-0.273803 -0.531149 0.801818
-0.518308 -0.640866 0.566257
0.446144 0.006673 0.894936
0.691689 0.006864 0.722163
0.520323 0.039731 0.853045
0.722745 0.068905 0.687671
0.911586 0.007742 0.411036
0.963654 0.030146 0.265447
-0.722748 -0.068907 0.687667
-0.911586 -0.007742 0.411036
-0.963597 -0.030250 0.265643
-0.691916 -0.007309 0.721941
-0.520336 -0.039733 0.853037
-0.445859 -0.007119 0.895075
-0.068907 0.722748 0.687668
-0.007742 0.911586 0.411036
-0.030146 0.963654 0.265447
-0.007119 0.445859 0.895075
-0.007309 0.691916 0.721941
-0.039733 0.520336 0.853037
-0.163553 -0.777517 0.607221
-0.243252 -0.471270 0.847781
-0.273803 -0.531149 0.801818
-0.243252 -0.471270 0.847781
-0.323282 -0.415784 0.850066
-0.273803 -0.531149 0.801818
-0.471270 0.243252 0.847781
-0.530596 0.274543 0.801931
-0.781697 0.162877 0.602014
-0.416017 0.327655 0.848276
-0.530596 0.274543 0.801931
-0.471270 0.243252 0.847781
0.327646 0.416001 0.848287
0.274793 0.531208 0.801440
0.243241 0.471255 0.847793
0.243241 0.471255 0.847793
0.274793 0.531208 0.801440
0.163553 0.777515 0.607224
0.777515 -0.163553 0.607224
0.471255 -0.243241 0.847793
0.531208 -0.274794 0.801440
0.471255 -0.243241 0.847793
0.416001 -0.327646 0.848288
0.531208 -0.274794 0.801440
-0.000000 -0.000000 -1.000000
-0.000000 -0.000000 -1.000000
-0.000000 -0.000000 -1.000000
0.979651 0.200434 0.010454
0.995720 0.092396 -0.001979
0.923825 0.382644 -0.011479
-0.200434 0.979651 0.010454
-0.092396 0.995720 -0.001979
-0.382644 0.923825 -0.011479
-0.000000 -0.000000 -1.000000
-0.000000 -0.000000 -1.000000
-0.000000 -0.000000 -1.000000
-0.979651 -0.200434 0.010454
-0.995720 -0.092396 -0.001979
-0.923825 -0.382644 -0.011479
-0.000000 -0.000000 -1.000000
-0.000000 -0.000000 -1.000000
-0.000000 -0.000000 -1.000000
0.199751 -0.979796 0.009941
0.092025 -0.995756 -0.001397
0.382644 -0.923825 -0.011479
-0.000000 -0.000000 -1.000000
-0.000000 -0.000000 -1.000000
-0.000000 -0.000000 -1.000000
-1.000000 -0.000000 0.000000
-1.000000 -0.000000 0.000000
-1.000000 -0.000000 0.000000
-0.036760 -0.959243 -0.280181
-0.073547 -0.741467 -0.666947
0.000000 -0.965565 -0.260161
1.000000 0.000000 -0.000000
1.000000 0.000000 -0.000000
1.000000 0.000000 -0.000000
0.036760 0.959243 -0.280181
0.071740 0.744670 -0.663566
-0.000000 0.965565 -0.260161
-0.000000 -0.000000 -1.000000
0.022910 0.019416 -0.999549
-0.000000 -0.000000 -1.000000
-0.380566 -0.924754 0.000000
-0.380566 -0.924754 0.000000
-0.204422 -0.978883 0.000000
0.380566 0.924754 -0.000000
0.380566 0.924754 -0.000000
0.204422 0.978883 -0.000000
-0.000000 -0.000000 -1.000000
-0.022910 -0.019416 -0.999549
-0.000000 -0.000000 -1.000000
-0.000000 -0.000000 -1.000000
-0.000000 -0.000000 -1.000000
-0.000000 -0.000000 -1.000000
-0.380566 0.924754 0.000000
-0.380566 0.924754 0.000000
-0.204422 0.978883 0.000000
-0.679390 0.127719 0.722577
-0.693226 0.139217 0.707147
-0.569423 0.397494 0.719553
0.000000 0.000000 1.000000
0.000000 0.000000 1.000000
0.000000 0.000000 1.000000
0.693350 -0.138807 0.707106
0.693226 -0.139217 0.707147
0.589855 -0.389979 0.707098
0.000000 0.000000 1.000000
0.000000 0.000000 1.000000
0.000000 0.000000 1.000000
-0.000000 -0.000000 -1.000000
-0.000000 -0.000000 -1.000000
-0.000000 -0.000000 -1.000000
-0.836406 0.548110 0.000000
-0.707107 0.707107 0.000000
-0.707107 0.707107 0.000000
0.836406 -0.548110 -0.000000
0.707107 -0.707107 -0.000000
0.707107 -0.707107 -0.000000
-0.000000 -0.000000 -1.000000
-0.000000 -0.000000 -1.000000
-0.000000 -0.000000 -1.000000
0.784148 0.620573 -0.000833
0.845600 0.527727 -0.080405
0.926782 0.375598 0.001266
-0.000000 -0.000000 -1.000000
-0.000000 -0.000000 -1.000000
-0.000000 -0.000000 -1.000000
-0.000000 -0.000000 -1.000000
-0.000000 -0.000000 -1.000000
-0.000000 -0.000000 -1.000000
0.184665 0.982802 -0.000000
0.369975 0.929042 -0.000000
0.375598 0.926782 0.001266
-0.369975 -0.929042 0.000000
-0.375598 -0.926782 0.001266
-0.184665 -0.982802 0.000000
-0.000000 -0.000000 -1.000000
-0.000000 -0.000000 -1.000000
-0.000000 -0.000000 -1.000000
-0.487059 -0.207016 0.848480
-0.397974 -0.219889 0.890654
-0.424932 -0.130451 0.895777
-0.415150 -0.317079 0.852708
-0.397974 -0.219889 0.890654
-0.487059 -0.207016 0.848480
-0.088232 -0.006855 -0.996076
-0.158011 0.007790 -0.987407
-0.167350 0.080918 -0.982571
-0.149719 -0.000000 -0.988729
-0.158011 0.007790 -0.987407
-0.033172 -0.000377 -0.999450
0.149719 0.000000 -0.988729
0.158011 -0.007790 -0.987407
0.033172 0.000377 -0.999450
0.088232 0.006855 -0.996076
0.158011 -0.007790 -0.987407
0.167350 -0.080918 -0.982571
0.001137 -0.148874 -0.988856
-0.008547 -0.152915 -0.988202
0.000377 -0.033172 -0.999450
0.006855 -0.088232 -0.996076
-0.008547 -0.152915 -0.988202
-0.080528 -0.167648 -0.982552
0.256773 0.619904 0.741476
0.113024 0.684353 0.720338
0.402153 0.565088 0.720381
0.000000 0.000000 1.000000
0.000000 0.000000 1.000000
0.000000 0.000000 1.000000
0.000000 0.000000 1.000000
0.000000 0.000000 1.000000
0.000000 0.000000 1.000000
-0.256773 -0.619904 0.741476
-0.113024 -0.684353 0.720338
-0.402153 -0.565088 0.720381
-0.000000 -0.000000 -1.000000
-0.000000 -0.000000 -1.000000
-0.000000 -0.000000 -1.000000
0.035135 0.000000 -0.999383
-0.000000 -0.000000 -1.000000
-0.000000 -0.000000 -1.000000
-0.000000 -0.000000 -1.000000
-0.000000 -0.000000 -1.000000
-0.000000 -0.000000 -1.000000
-0.000000 -0.000000 -1.000000
-0.000000 0.035135 -0.999382
-0.000000 -0.000000 -1.000000
-0.000000 -0.000000 -1.000000
-0.000000 -0.000000 -1.000000
-0.000000 -0.000000 -1.000000
-0.000000 -0.000000 -1.000000
-0.035135 -0.000000 -0.999383
-0.000000 -0.000000 -1.000000
0.707107 -0.707107 -0.000000
0.707107 -0.707107 -0.000000
0.707107 -0.707107 -0.000000
0.332322 0.339296 -0.880023
0.225649 0.225649 -0.947716
0.336203 0.336203 -0.879736
-0.332322 -0.339296 -0.880023
-0.225649 -0.225649 -0.947716
-0.336203 -0.336203 -0.879736
-0.707107 0.707107 0.000000
-0.707107 0.707107 0.000000
-0.707107 0.707107 0.000000
-0.707107 -0.707107 -0.000000
-0.707106 -0.707107 -0.000001
-0.707107 -0.707107 0.000000
-0.225649 0.225649 -0.947716
-0.331368 0.331368 -0.883397
-0.225649 0.225649 -0.947716
0.707107 0.707107 -0.000000
0.707106 0.707107 -0.000001
0.707107 0.707107 -0.000000
0.225649 -0.225649 -0.947716
0.331368 -0.331368 -0.883397
0.225649 -0.225649 -0.947716
-0.409321 -0.175735 -0.895306
-0.415773 -0.323752 -0.849892
-0.450323 -0.245492 -0.858454
-0.504906 -0.151969 -0.849691
-0.409321 -0.175735 -0.895306
-0.450323 -0.245492 -0.858454
0.409321 0.175735 -0.895306
0.415773 0.323752 -0.849892
0.450323 0.245492 -0.858454
0.504906 0.151969 -0.849691
0.409321 0.175735 -0.895306
0.450323 0.245492 -0.858454
-0.151969 0.504906 -0.849691
-0.175735 0.409321 -0.895306
-0.245492 0.450323 -0.858454
-0.175735 0.409321 -0.895306
-0.323752 0.415773 -0.849892
-0.245492 0.450323 -0.858454
0.151969 -0.504906 -0.849691
0.175735 -0.409321 -0.895306
0.245492 -0.450323 -0.858454
0.175735 -0.409321 -0.895306
0.323752 -0.415773 -0.849892
0.245492 -0.450323 -0.858454
0.980785 0.195090 -0.000000
0.980785 0.195090 -0.000000
0.831470 0.555570 -0.000000
0.000000 0.000000 1.000000
0.000000 0.000000 1.000000
0.000000 0.000000 1.000000
-0.000000 -0.000000 -1.000000
-0.000000 -0.000000 -1.000000
-0.000000 -0.000000 -1.000000
-0.195089 -0.980786 0.000000
-0.195090 -0.980785 0.000000
-0.555570 -0.831470 0.000000
0.195089 0.980786 -0.000000
0.195090 0.980785 -0.000000
0.555570 0.831470 -0.000000
-0.000000 -0.000000 -1.000000
-0.000000 -0.000000 -1.000000
-0.000000 -0.000000 -1.000000
-0.980785 -0.195090 0.000000
-0.980785 -0.195090 0.000000
-0.831470 -0.555570 0.000000
0.000000 0.000000 1.000000
0.000000 0.000000 1.000000
0.000000 0.000000 1.000000
0.000000 0.000000 1.000000
0.000000 0.000000 1.000000
0.000000 0.000000 1.000000
-0.000000 1.000000 -0.000000
-0.000721 1.000000 -0.000000
-0.000000 1.000000 -0.000000
0.000000 0.000000 1.000000
0.000000 0.000000 1.000000
0.000000 0.000000 1.000000
1.000000 0.000000 -0.000000
1.000000 0.000721 -0.000000
1.000000 0.000000 -0.000000
0.000000 0.000000 1.000000
0.000000 0.000000 1.000000
0.000000 0.000000 1.000000
-1.000000 -0.000000 0.000000
-1.000000 0.000720 0.000000
-1.000000 -0.000000 0.000000
0.000000 -1.000000 0.000000
-0.000720 -1.000000 0.000000
0.000000 -1.000000 0.000000
0.000000 0.000000 1.000000
0.000000 0.000000 1.000000
0.000000 0.000000 1.000000
-0.221296 -0.283954 0.932951
-0.129748 -0.240632 0.961905
-0.195625 -0.190220 0.962054
-0.195625 -0.190220 0.962054
-0.318328 -0.176072 0.931486
-0.270016 -0.243312 0.931606
-0.833374 0.552710 0.000000
-0.833374 0.552710 0.000000
-0.980574 0.196149 0.000000
0.000000 0.000000 1.000000
0.000000 0.000000 1.000000
0.000000 0.000000 1.000000
0.833374 -0.552710 -0.000000
0.833374 -0.552710 -0.000000
0.980574 -0.196149 -0.000000
0.000000 0.000000 1.000000
0.000000 0.000000 1.000000
0.000000 0.000000 1.000000
-0.196149 -0.980574 0.000000
-0.196150 -0.980574 0.000000
-0.552710 -0.833374 0.000000
-0.000000 -0.000000 -1.000000
-0.000000 -0.000000 -1.000000
-0.000000 -0.000000 -1.000000
-0.172725 0.980357 0.095217
-0.000357 0.999974 0.007205
-0.001514 0.999981 0.005908
0.213879 -0.059832 -0.975026
0.362124 0.018636 -0.931944
0.023418 0.265640 -0.963788
0.555570 0.831470 -0.000000
0.555570 0.831470 -0.000000
0.195089 0.980786 -0.000000
0.000000 0.000000 1.000000
0.000000 0.000000 1.000000
0.000000 0.000000 1.000000
-0.555570 -0.831470 0.000000
-0.555570 -0.831470 0.000000
-0.195089 -0.980786 0.000000
0.000000 0.000000 1.000000
0.000000 0.000000 1.000000
0.000000 0.000000 1.000000
0.000000 0.000000 1.000000
0.000000 0.000000 1.000000
0.000000 0.000000 1.000000
-0.831470 0.555570 0.000000
-0.831470 0.555570 0.000000
-0.980785 0.195090 0.000000
0.000000 0.000000 1.000000
0.000000 0.000000 1.000000
0.000000 0.000000 1.000000
0.832274 -0.554364 0.000962
0.832293 -0.554336 -0.000000
0.980785 -0.195090 -0.000000
0.000000 0.000000 1.000000
0.000000 0.000000 1.000000
0.000000 0.000000 1.000000
-0.195090 0.980786 0.000000
-0.195090 0.980785 0.000000
-0.555570 0.831470 0.000000
-0.309092 0.320813 0.895288
-0.210841 0.394358 0.894443
-0.289071 0.435297 0.852616
-0.289071 0.435297 0.852616
-0.210841 0.394358 0.894443
-0.200343 0.490236 0.848252
0.320805 0.309084 0.895294
0.394349 0.210835 0.894448
0.435279 0.289060 0.852629
0.435279 0.289060 0.852629
0.394349 0.210835 0.894448
0.490222 0.200335 0.848262
0.289060 -0.435279 0.852629
0.210835 -0.394348 0.894448
0.200335 -0.490222 0.848262
0.309084 -0.320805 0.895294
0.210835 -0.394348 0.894448
0.289060 -0.435279 0.852629
-0.000000 -0.000000 -1.000000
-0.000000 -0.000000 -1.000000
-0.000000 -0.000000 -1.000000
0.184665 -0.982801 -0.000000
0.369975 -0.929042 -0.000000
0.369975 -0.929042 -0.000000
-0.000000 -0.000000 -1.000000
-0.000000 -0.000000 -1.000000
-0.000000 -0.000000 -1.000000
-0.369975 0.929042 0.000000
-0.369975 0.929042 0.000000
-0.184665 0.982801 0.000000
-0.000000 -0.000000 -1.000000
-0.000000 -0.000000 -1.000000
-0.000000 -0.000000 -1.000000
-0.836406 0.548110 0.000000
-0.929042 0.369975 0.000000
-0.929042 0.369975 0.000000
-0.022411 -0.975802 0.217506
-0.006224 -0.888752 0.458346
-0.062510 -0.756783 0.650670
-0.046729 -0.520158 0.852791
-0.007753 -0.640244 0.768133
-0.007581 -0.443248 0.896367
-0.000000 -0.000000 -1.000000
-0.000000 -0.000000 -1.000000
-0.000000 -0.000000 -1.000000
0.982802 -0.184665 -0.000000
1.000000 0.000000 -0.000000
1.000000 0.000000 -0.000000
0.706188 -0.708011 0.004303
0.658395 -0.672522 0.337980
0.645728 -0.712727 0.273962
0.743262 -0.628336 0.229685
0.658395 -0.672522 0.337980
0.706188 -0.708011 0.004303
-0.552710 -0.833374 0.000000
-0.552710 -0.833374 0.000000
-0.196149 -0.980574 0.000000
0.000000 0.000000 1.000000
0.000000 0.000000 1.000000
0.000000 0.000000 1.000000
0.552711 -0.833373 -0.000000
0.552711 -0.833373 -0.000000
0.196150 -0.980574 -0.000000
-0.000000 -0.000000 -1.000000
-0.000000 -0.000000 -1.000000
-0.000000 -0.000000 -1.000000
-0.000000 -0.000000 -1.000000
-0.000000 -0.000000 -1.000000
-0.000000 -0.000000 -1.000000
0.980574 -0.196149 -0.000000
0.980574 -0.196150 -0.000000
0.833374 -0.552710 -0.000000
0.196149 0.980574 -0.000000
0.196150 0.980574 -0.000000
0.552710 0.833374 -0.000000
-0.000000 -0.000000 -1.000000
-0.000000 -0.000000 -1.000000
-0.000000 -0.000000 -1.000000
-0.000000 -0.000000 -1.000000
-0.000000 -0.000000 -1.000000
-0.000000 -0.000000 -1.000000
-0.980574 0.196149 0.000000
-0.980574 0.196150 0.000000
-0.833374 0.552710 0.000000
-0.040752 0.084220 -0.995614
-0.124858 0.123902 -0.984408
-0.019416 0.022910 -0.999549
-0.040752 0.084220 -0.995614
-0.167350 0.080918 -0.982571
-0.124858 0.123902 -0.984408
0.084220 0.040752 -0.995614
0.080918 0.167350 -0.982571
0.123902 0.124858 -0.984408
0.084220 0.040752 -0.995614
0.123902 0.124858 -0.984408
0.022910 0.019416 -0.999549
0.040752 -0.084220 -0.995614
0.124858 -0.123902 -0.984408
0.019416 -0.022910 -0.999549
0.040752 -0.084220 -0.995614
0.167350 -0.080918 -0.982571
0.124858 -0.123902 -0.984408
-0.084220 -0.040752 -0.995614
-0.123902 -0.124858 -0.984408
-0.022910 -0.019416 -0.999549
-0.084220 -0.040752 -0.995614
-0.080528 -0.167648 -0.982552
-0.123902 -0.124858 -0.984408
-0.534025 -0.106299 -0.838760
-0.713355 -0.020989 -0.700489
-0.718862 -0.000000 -0.695152
-0.017300 -0.999648 -0.020096
-0.166626 -0.986011 0.004340
-0.003533 -0.999994 0.000563
0.017300 0.999648 -0.020096
0.166626 0.986011 0.004340
0.003533 0.999994 0.000563
0.534025 0.106299 -0.838760
0.713355 0.020989 -0.700489
0.718862 0.000000 -0.695152
-0.999648 0.017300 -0.020096
-0.986011 0.166626 0.004340
-0.999994 0.003533 0.000563
-0.106299 0.534025 -0.838760
-0.020989 0.713355 -0.700489
-0.000000 0.718862 -0.695152
0.999648 -0.017300 -0.020096
0.986011 -0.166626 0.004340
0.999994 -0.003533 0.000563
0.000000 -0.508265 -0.861201
0.000000 -0.718862 -0.695152
0.000000 -0.718862 -0.695152
0.000000 -0.508265 -0.861201
0.000000 -0.718862 -0.695152
0.000000 -0.718862 -0.695152
1.000000 0.000000 -0.000000
0.995441 0.095380 -0.000641
1.000000 0.000000 -0.000000
-0.534025 -0.106299 -0.838760
-0.713355 -0.020989 -0.700489
-0.718862 -0.000000 -0.695152
0.000000 -1.000000 0.000000
0.000000 -1.000000 0.000000
0.095380 -0.995441 -0.000641
-1.000000 -0.000000 0.000000
-1.000000 -0.000000 0.000000
-0.995348 -0.096344 0.000088
-0.000000 0.508265 -0.861201
-0.000000 0.718862 -0.695152
-0.000000 0.718862 -0.695152
-0.099754 0.066867 -0.992763
-0.154546 0.096882 -0.983224
-0.009170 -0.034409 -0.999366
0.340617 0.940170 -0.007773
0.166626 0.986011 0.004340
0.439431 0.898254 0.006406
0.940170 -0.340617 -0.007773
0.986011 -0.166626 0.004340
0.898254 -0.439431 0.006406
0.066867 0.099754 -0.992763
0.096882 0.154546 -0.983224
-0.034409 0.009170 -0.999366
-0.340617 -0.940170 -0.007773
-0.166626 -0.986011 0.004340
-0.439431 -0.898254 0.006406
0.100200 -0.066908 -0.992715
0.154546 -0.096882 -0.983224
0.009170 0.034409 -0.999366
-0.940170 0.340617 -0.007773
-0.986011 0.166626 0.004340
-0.898254 0.439431 0.006406
-0.066908 -0.100200 -0.992715
-0.096882 -0.154546 -0.983224
0.034409 -0.009170 -0.999366
0.371453 -0.865230 0.336748
0.339928 -0.710226 0.616464
0.174103 -0.929335 0.325613
0.442731 -0.678283 0.586448
0.339928 -0.710226 0.616464
0.371453 -0.865230 0.336748
0.865230 0.371453 0.336748
0.710226 0.339928 0.616464
0.929335 0.174103 0.325613
0.678283 0.442731 0.586448
0.710226 0.339928 0.616464
0.865230 0.371453 0.336748
-0.442735 0.678286 0.586441
-0.339930 0.710232 0.616456
-0.371453 0.865230 0.336748
-0.371453 0.865230 0.336748
-0.339930 0.710232 0.616456
-0.174103 0.929335 0.325613
0.000000 -0.278810 -0.960346
0.000000 -0.278810 -0.960346
0.000000 -0.140457 -0.990087
1.000000 0.000000 -0.000000
1.000000 0.000000 -0.000000
1.000000 0.000000 -0.000000
0.008247 0.441091 -0.897424
0.007048 0.687096 -0.726532
0.045425 0.517877 -0.854248
0.064911 0.751457 -0.656582
0.007115 0.911220 -0.411858
0.024228 0.976711 -0.213187
-0.006962 -0.435941 -0.899948
-0.006388 -0.686716 -0.726897
-0.045425 -0.517877 -0.854248
-0.064911 -0.751457 -0.656582
-0.007115 -0.911220 -0.411858
-0.024228 -0.976711 -0.213187
0.356816 0.345726 -0.867845
0.415773 0.323752 -0.849892
0.347540 0.271173 -0.897597
0.347540 0.271173 -0.897597
0.239904 0.239739 -0.940729
0.356816 0.345726 -0.867845
-0.356816 -0.345726 -0.867845
-0.415773 -0.323752 -0.849892
-0.347540 -0.271173 -0.897597
-0.347540 -0.271173 -0.897597
-0.239904 -0.239739 -0.940729
-0.356816 -0.345726 -0.867845
0.345726 -0.356816 -0.867845
0.323752 -0.415773 -0.849892
0.271173 -0.347540 -0.897597
0.271173 -0.347540 -0.897597
0.239739 -0.239904 -0.940729
0.345726 -0.356816 -0.867845
-0.345726 0.356816 -0.867845
-0.323752 0.415773 -0.849892
-0.271173 0.347540 -0.897597
-0.271173 0.347540 -0.897597
-0.239739 0.239904 -0.940729
-0.345726 0.356816 -0.867845
-0.217038 -0.386570 -0.896358
-0.158037 -0.507468 -0.847054
-0.246153 -0.460679 -0.852750
-0.309472 -0.366692 -0.877362
-0.217038 -0.386570 -0.896358
-0.246153 -0.460679 -0.852750
0.386570 -0.217038 -0.896358
0.507468 -0.158037 -0.847054
0.460679 -0.246153 -0.852750
0.366692 -0.309472 -0.877362
0.386570 -0.217038 -0.896358
0.460679 -0.246153 -0.852750
-0.386570 0.217038 -0.896358
-0.507468 0.158037 -0.847054
-0.460679 0.246153 -0.852750
-0.366692 0.309472 -0.877362
-0.386570 0.217038 -0.896358
-0.460679 0.246153 -0.852750
0.217038 0.386570 -0.896358
0.158037 0.507468 -0.847054
0.246153 0.460679 -0.852750
0.309472 0.366692 -0.877362
0.217038 0.386570 -0.896358
0.246153 0.460679 -0.852750
-0.402001 -0.915639 -0.000037
-0.137484 -0.990501 0.002593
-0.160850 -0.965354 0.205471
-0.099754 0.066867 -0.992763
-0.002988 0.001984 -0.999994
0.000578 0.064100 -0.997943
0.000010 -0.000233 -1.000000
-0.043243 -0.004509 -0.999054
-0.066908 -0.100200 -0.992715
0.915872 -0.401469 -0.001177
0.990501 -0.137484 0.002593
0.965354 -0.160850 0.205471
0.000233 0.000010 -1.000000
0.004509 -0.043243 -0.999054
0.100200 -0.066908 -0.992715
0.401469 0.915872 -0.001177
0.137484 0.990501 0.002593
0.160850 0.965354 0.205471
-0.915543 0.402220 -0.000332
-0.990540 0.137204 0.002582
-0.970903 0.164947 0.173605
0.066867 0.099754 -0.992763
0.001984 0.002988 -0.999994
0.064100 -0.000578 -0.997943
0.645705 -0.127637 0.752844
0.759831 -0.055099 0.647782
0.520144 -0.046727 0.852799
0.691689 0.006864 0.722163
0.692563 -0.004463 0.721343
0.759831 -0.055099 0.647782
-0.007309 0.691916 0.721941
0.004946 0.692804 0.721109
0.055099 0.759831 0.647782
0.046727 0.520144 0.852799
0.127637 0.645705 0.752844
0.055099 0.759831 0.647782
-0.520158 0.046729 0.852791
-0.645709 0.127634 0.752840
-0.759835 0.055099 0.647777
-0.691916 -0.007309 0.721941
-0.692804 0.004945 0.721109
-0.759835 0.055099 0.647777
-0.000000 -0.000000 -1.000000
-0.000000 -0.000000 -1.000000
-0.000000 -0.000000 -1.000000
0.184665 -0.982801 -0.000000
0.184665 -0.982801 -0.000000
0.369975 -0.929042 -0.000000
-0.441091 -0.008247 -0.897424
-0.437281 -0.000000 -0.899325
-0.296885 -0.000000 -0.954913
-0.000000 1.000000 -0.000000
-0.000000 1.000000 -0.000000
-0.000000 1.000000 -0.000000
0.000000 -1.000000 0.000000
0.000000 -1.000000 0.000000
0.000000 -1.000000 0.000000
0.441091 0.008247 -0.897424
0.437281 0.000000 -0.899325
0.296885 0.000000 -0.954913
0.010227 -0.291911 -0.956391
0.000000 -0.437281 -0.899325
0.000000 -0.296885 -0.954913
-1.000000 -0.000000 0.000000
-1.000000 -0.000000 0.000000
-1.000000 -0.000000 0.000000
-0.010227 0.291911 -0.956391
-0.000000 0.437281 -0.899325
-0.000000 0.296885 -0.954913
1.000000 0.000000 -0.000000
1.000000 0.000000 -0.000000
1.000000 0.000000 -0.000000
0.441570 -0.007581 -0.897195
0.296885 0.000000 -0.954913
0.441212 0.000000 -0.897403
-0.000000 1.000000 -0.000000
-0.000000 1.000000 -0.000000
-0.000000 1.000000 -0.000000
0.000000 -1.000000 0.000000
0.000000 -1.000000 0.000000
0.000000 -1.000000 0.000000
-0.441091 0.008247 -0.897424
-0.296885 -0.000000 -0.954913
-0.437281 -0.000000 -0.899325
-1.000000 -0.000000 0.000000
-1.000000 -0.000000 0.000000
-1.000000 -0.000000 0.000000
0.008247 0.441091 -0.897424
-0.000000 0.296885 -0.954913
-0.000000 0.437281 -0.899325
0.498451 -0.493726 0.712587
0.664999 -0.628700 0.403129
0.628226 -0.504443 0.592342
0.459676 -0.587812 0.665714
0.658395 -0.672522 0.337980
0.498451 -0.493726 0.712587
0.587812 0.459676 0.665714
0.672522 0.658395 0.337980
0.493726 0.498451 0.712588
0.493726 0.498451 0.712588
0.628700 0.664999 0.403129
0.504443 0.628226 0.592342
-0.459670 0.587814 0.665716
-0.658395 0.672522 0.337980
-0.498452 0.493729 0.712585
-0.498452 0.493729 0.712585
-0.664999 0.628700 0.403129
-0.627601 0.505183 0.592374
-0.441091 0.008247 -0.897424
-0.686538 0.008264 -0.727047
-0.517877 0.045425 -0.854248
-0.751457 0.064911 -0.656582
-0.915101 0.007142 -0.403161
-0.976718 0.023999 -0.213181
-0.141551 0.113710 0.983379
-0.161902 0.205746 0.965120
-0.223395 0.163266 0.960957
-0.223395 0.163266 0.960957
-0.161902 0.205746 0.965120
-0.230280 0.289628 0.929025
0.163265 0.223395 0.960957
0.205746 0.161902 0.965120
0.289628 0.230279 0.929025
0.113710 0.141551 0.983379
0.205746 0.161902 0.965120
0.163265 0.223395 0.960957
0.223395 -0.163265 0.960957
0.161902 -0.205746 0.965120
0.230279 -0.289628 0.929025
0.141551 -0.113710 0.983379
0.161902 -0.205746 0.965120
0.223395 -0.163265 0.960957
-0.344486 -0.740786 -0.576684
-0.244817 -0.765848 -0.594593
-0.213589 -0.964948 -0.152496
-0.344486 -0.740786 -0.576684
-0.278178 -0.525906 -0.803766
-0.244817 -0.765848 -0.594593
0.740786 -0.344486 -0.576684
0.765849 -0.244817 -0.594593
0.964948 -0.213589 -0.152496
0.740786 -0.344486 -0.576684
0.525906 -0.278178 -0.803766
0.765849 -0.244817 -0.594593
-0.740786 0.344486 -0.576684
-0.765849 0.244817 -0.594593
-0.964948 0.213589 -0.152496
-0.740786 0.344486 -0.576684
-0.525906 0.278178 -0.803766
-0.765849 0.244817 -0.594593
0.344486 0.740786 -0.576684
0.244817 0.765848 -0.594593
0.213589 0.964948 -0.152496
0.344486 0.740786 -0.576684
0.278178 0.525906 -0.803766
0.244817 0.765848 -0.594593
-0.032556 -0.000559 0.999470
-0.077157 -0.043517 0.996069
-0.048588 -0.077898 0.995777
-0.077157 -0.043517 0.996069
-0.032556 -0.000559 0.999470
-0.090424 0.011663 0.995835
-0.256235 -0.077754 -0.963482
-0.203986 -0.166623 -0.964690
-0.286590 -0.219976 -0.932457
-0.203986 -0.166623 -0.964690
-0.134855 -0.114808 -0.984192
-0.239904 -0.239739 -0.940729
-0.166623 0.203986 -0.964690
-0.114808 0.134855 -0.984192
-0.239739 0.239904 -0.940729
-0.077754 0.256235 -0.963482
-0.166623 0.203986 -0.964690
-0.219976 0.286590 -0.932457
0.256235 0.077754 -0.963482
0.203986 0.166623 -0.964690
0.286590 0.219976 -0.932457
0.203986 0.166623 -0.964690
0.134855 0.114808 -0.984192
0.239904 0.239739 -0.940729
0.166623 -0.203986 -0.964690
0.114808 -0.134855 -0.984192
0.239739 -0.239904 -0.940729
0.077754 -0.256235 -0.963482
0.166623 -0.203986 -0.964690
0.219976 -0.286590 -0.932457
-0.278810 -0.000000 -0.960346
-0.278810 -0.000000 -0.960346
-0.140457 -0.000000 -0.990087
0.000000 -1.000000 0.000000
0.000000 -1.000000 0.000000
0.000000 -1.000000 0.000000
-0.000000 -0.000000 -1.000000
-0.000000 -0.000000 -1.000000
-0.000000 -0.000000 -1.000000
-0.929042 -0.369975 0.000000
-0.926782 -0.375598 0.001266
-0.845600 -0.527727 -0.080406
-0.847774 -0.358216 0.391101
-0.962363 -0.173625 0.209074
-0.930971 -0.355556 0.082909
-0.847774 -0.358216 0.391101
-0.835758 -0.517380 0.183922
-0.692647 -0.403760 0.597677
0.751457 -0.064911 -0.656582
0.911524 -0.008327 -0.411163
0.976711 -0.024228 -0.213187
0.441570 -0.007581 -0.897195
0.686137 -0.007393 -0.727435
0.517877 -0.045425 -0.854248
-0.054736 0.176209 -0.982830
-0.003669 0.158245 -0.987393
0.008855 0.084886 -0.996351
-0.054736 0.176209 -0.982830
-0.077754 0.256235 -0.963482
-0.003669 0.158245 -0.987393
0.000559 0.032556 0.999470
0.045025 0.077760 0.995955
-0.015292 0.086307 0.996151
0.000559 0.032556 0.999470
0.077994 0.043936 0.995985
0.045025 0.077760 0.995955
-0.032556 0.000559 0.999470
-0.077760 0.045025 0.995955
-0.086307 -0.015292 0.996151
-0.032556 0.000559 0.999470
-0.043936 0.077994 0.995985
-0.077760 0.045025 0.995955
0.032556 -0.000559 0.999470
0.077760 -0.045025 0.995955
0.086307 0.015292 0.996151
0.032556 -0.000559 0.999470
0.043936 -0.077994 0.995985
0.077760 -0.045025 0.995955
-0.000559 0.032556 0.999470
0.011663 0.090424 0.995835
-0.043936 0.077994 0.995985
-0.000559 0.032556 0.999470
-0.043936 0.077994 0.995985
-0.032556 0.000559 0.999470
0.043936 -0.077994 0.995985
0.032556 -0.000559 0.999470
0.000559 -0.032556 0.999470
0.000559 -0.032556 0.999470
-0.011663 -0.090424 0.995835
0.043936 -0.077994 0.995985
0.032556 0.000559 0.999470
0.090424 -0.011663 0.995835
0.077994 0.043936 0.995985
0.032556 0.000559 0.999470
0.077994 0.043936 0.995985
0.000559 0.032556 0.999470
-0.346113 -0.102213 0.932608
-0.241293 -0.133505 0.961225
-0.255977 -0.066923 0.964364
-0.241293 -0.133505 0.961225
-0.164401 -0.082135 0.982968
-0.255977 -0.066923 0.964364
0.142516 -0.510500 0.847985
0.067414 -0.723459 0.687068
0.117379 -0.698089 0.706325
0.117379 -0.698089 0.706325
0.200335 -0.490222 0.848262
0.142516 -0.510500 0.847985
0.510500 0.142516 0.847985
0.698089 0.117379 0.706325
0.490222 0.200335 0.848262
0.510500 0.142516 0.847985
0.722745 0.068905 0.687671
0.698089 0.117379 0.706325
-0.698092 -0.117378 0.706321
-0.510513 -0.142520 0.847976
-0.722748 -0.068907 0.687667
-0.698092 -0.117378 0.706321
-0.487059 -0.207016 0.848480
-0.510513 -0.142520 0.847976
-0.142520 0.510513 0.847976
-0.068907 0.722748 0.687668
-0.117378 0.698092 0.706322
-0.142520 0.510513 0.847976
-0.117378 0.698092 0.706322
-0.200343 0.490236 0.848252
-0.428813 0.428815 -0.795133
-0.298144 0.298141 -0.906765
-0.298143 0.298141 -0.906765
-0.654272 -0.739238 0.159548
-0.707107 -0.707107 -0.000000
-0.707106 -0.707107 -0.000000
-0.753570 0.626122 0.200260
-0.708005 0.706205 0.001531
-0.708187 0.706022 0.001897
0.428815 0.428813 -0.795133
0.298141 0.298144 -0.906765
0.298141 0.298143 -0.906765
0.428813 -0.428815 -0.795133
0.298144 -0.298141 -0.906765
0.298143 -0.298141 -0.906765
0.628336 0.743262 0.229685
0.706205 0.708005 0.001531
0.706022 0.708187 0.001897
-0.000559 -0.032556 0.999470
-0.048588 -0.077898 0.995777
0.014393 -0.086504 0.996148
-0.032556 -0.000559 0.999470
-0.048588 -0.077898 0.995777
-0.000559 -0.032556 0.999470
-0.416578 0.165542 0.893901
-0.300300 0.162589 0.939885
-0.375211 0.245669 0.893792
-0.471270 0.243252 0.847781
-0.416578 0.165542 0.893901
-0.375211 0.245669 0.893792
-0.243252 -0.471270 0.847781
-0.165542 -0.416578 0.893901
-0.245669 -0.375210 0.893792
-0.165542 -0.416578 0.893901
-0.166580 -0.321211 0.932242
-0.245669 -0.375210 0.893792
0.471255 -0.243241 0.847793
0.416568 -0.165538 0.893906
0.375202 -0.245663 0.893797
0.416568 -0.165538 0.893906
0.300298 -0.162588 0.939886
0.375202 -0.245663 0.893797
0.243241 0.471255 0.847793
0.165538 0.416568 0.893906
0.245663 0.375201 0.893797
0.165538 0.416568 0.893906
0.162588 0.300298 0.939886
0.245663 0.375201 0.893797
0.836406 -0.548110 -0.000000
0.929042 -0.369975 -0.000000
0.929042 -0.369975 -0.000000
-0.000000 -0.000000 -1.000000
-0.000000 -0.000000 -1.000000
-0.000000 -0.000000 -1.000000
-0.067781 -0.263748 0.962207
-0.129748 -0.240632 0.961905
-0.166580 -0.321211 0.932242
-0.044500 -0.177878 0.983046
-0.129748 -0.240632 0.961905
-0.067781 -0.263748 0.962207
0.268673 -0.268674 -0.925002
0.281147 -0.265409 -0.922233
0.420108 -0.420110 -0.804374
0.628336 0.743262 0.229685
0.706199 0.708011 0.001878
0.617645 0.786451 -0.003031
-0.654272 -0.739238 0.159548
-0.707107 -0.707107 0.000000
-0.616456 -0.787386 -0.002273
-0.268673 0.268674 -0.925002
-0.281147 0.265409 -0.922233
-0.420108 0.420110 -0.804374
-0.268674 -0.268673 -0.925002
-0.265409 -0.281147 -0.922233
-0.420110 -0.420108 -0.804374
0.743262 -0.628336 0.229685
0.708011 -0.706199 0.001878
0.786451 -0.617645 -0.003031
0.268674 0.268673 -0.925002
0.265409 0.281147 -0.922233
0.420110 0.420108 -0.804374
-0.753570 0.626122 0.200260
-0.708011 0.706199 0.001878
-0.787313 0.616552 -0.001308
0.520144 -0.046727 0.852799
0.692563 -0.004463 0.721343
0.443247 -0.007579 0.896368
0.759831 -0.055099 0.647782
0.692563 -0.004463 0.721343
0.520144 -0.046727 0.852799
0.046727 0.520144 0.852799
0.004946 0.692804 0.721109
0.008044 0.442945 0.896513
0.046727 0.520144 0.852799
0.055099 0.759831 0.647782
0.004946 0.692804 0.721109
-0.520158 0.046729 0.852791
-0.692804 0.004945 0.721109
-0.442946 0.008046 0.896512
-0.520158 0.046729 0.852791
-0.759835 0.055099 0.647777
-0.692804 0.004945 0.721109
0.516224 0.045998 -0.855217
0.730344 0.008717 -0.683024
0.441091 0.008247 -0.897424
0.714239 0.067806 -0.696610
0.967978 0.007486 -0.250925
0.730344 0.008717 -0.683024
-0.045998 0.516224 -0.855217
-0.008717 0.730344 -0.683024
-0.008247 0.441091 -0.897424
-0.067806 0.714239 -0.696610
-0.007486 0.967978 -0.250925
-0.008717 0.730344 -0.683024
-0.516224 -0.045998 -0.855217
-0.730344 -0.008717 -0.683024
-0.441091 -0.008247 -0.897424
-0.714239 -0.067806 -0.696610
-0.967978 -0.007486 -0.250925
-0.730344 -0.008717 -0.683024
0.045998 -0.516224 -0.855217
0.008717 -0.730344 -0.683024
0.008247 -0.441091 -0.897424
0.067806 -0.714239 -0.696610
0.007486 -0.967978 -0.250925
0.008717 -0.730344 -0.683024
0.282062 -0.531513 0.798708
0.339928 -0.710226 0.616464
0.442731 -0.678283 0.586448
0.282062 -0.531513 0.798708
0.442731 -0.678283 0.586448
0.369372 -0.464786 0.804697
0.531513 0.282062 0.798708
0.678283 0.442731 0.586448
0.464786 0.369372 0.804697
0.531513 0.282062 0.798708
0.710226 0.339928 0.616464
0.678283 0.442731 0.586448
-0.282073 0.531531 0.798693
-0.442735 0.678286 0.586441
-0.369386 0.464803 0.804681
-0.282073 0.531531 0.798693
-0.339930 0.710232 0.616456
-0.442735 0.678286 0.586441
-0.692647 -0.403760 0.597677
-0.631876 -0.503332 0.589398
-0.468546 -0.375877 0.799488
-0.631876 -0.503332 0.589398
-0.485208 -0.490118 0.724125
-0.468546 -0.375877 0.799488
0.003990 -0.349296 -0.937004
-0.006962 -0.435941 -0.899948
-0.078816 -0.438419 -0.895308
-0.023198 -0.268312 -0.963053
-0.006962 -0.435941 -0.899948
0.003990 -0.349296 -0.937004
0.007790 0.158011 -0.987407
-0.000000 0.037455 -0.999298
-0.000000 0.149719 -0.988729
-1.000000 -0.000000 0.000000
-1.000000 -0.000000 0.000000
-1.000000 -0.000000 0.000000
1.000000 0.000000 -0.000000
1.000000 0.000000 -0.000000
1.000000 0.000000 -0.000000
0.000377 -0.033172 -0.999450
0.000000 -0.037455 -0.999298
0.001137 -0.148874 -0.988856
-0.000000 1.000000 -0.000000
-0.000000 1.000000 -0.000000
-0.000000 1.000000 -0.000000
0.033172 0.000377 -0.999450
0.037455 0.000000 -0.999298
0.149719 0.000000 -0.988729
-0.033172 -0.000377 -0.999450
-0.037455 -0.000000 -0.999298
-0.149719 -0.000000 -0.988729
0.000000 -1.000000 0.000000
0.000000 -1.000000 0.000000
0.000000 -1.000000 0.000000
-0.037455 -0.000000 -0.999298
-0.033172 0.000377 -0.999450
-0.149719 -0.000000 -0.988729
-0.000000 1.000000 -0.000000
-0.000000 1.000000 -0.000000
-0.000000 1.000000 -0.000000
0.037455 0.000000 -0.999298
0.033172 -0.000377 -0.999450
0.149719 0.000000 -0.988729
0.000000 -1.000000 0.000000
0.000000 -1.000000 0.000000
0.000000 -1.000000 0.000000
-1.000000 -0.000000 0.000000
-1.000000 -0.000000 0.000000
-1.000000 -0.000000 0.000000
0.000000 -0.037455 -0.999298
-0.000377 -0.033172 -0.999450
0.000000 -0.149719 -0.988729
-0.003669 0.158245 -0.987393
-0.000000 0.149719 -0.988729
-0.000000 0.037455 -0.999298
1.000000 0.000000 -0.000000
1.000000 0.000000 -0.000000
1.000000 0.000000 -0.000000
-1.000000 -0.000000 0.000000
-1.000000 -0.000000 0.000000
-1.000000 -0.000000 0.000000
0.006029 -0.419545 -0.907714
0.000000 -0.278810 -0.960346
0.000000 -0.420205 -0.907429
-0.000000 1.000000 -0.000000
-0.000000 1.000000 -0.000000
-0.000000 1.000000 -0.000000
-0.412297 0.006019 -0.911030
-0.278810 -0.000000 -0.960346
-0.411580 -0.000000 -0.911374
-0.000000 1.000000 -0.000000
-0.000000 1.000000 -0.000000
-0.000000 1.000000 -0.000000
0.278810 0.000000 -0.960346
0.420205 0.000000 -0.907429
0.278810 0.000000 -0.960346
-0.000000 0.278810 -0.960346
-0.000000 0.411580 -0.911374
-0.000000 0.278810 -0.960346
-1.000000 -0.000000 0.000000
-1.000000 -0.000000 0.000000
-1.000000 -0.000000 0.000000
-0.176209 -0.054736 -0.982830
-0.158245 -0.003669 -0.987393
-0.084886 0.008855 -0.996351
-0.176209 -0.054736 -0.982830
-0.256235 -0.077754 -0.963482
-0.158245 -0.003669 -0.987393
0.054736 -0.176209 -0.982830
0.003669 -0.158245 -0.987393
-0.008855 -0.084886 -0.996351
0.054736 -0.176209 -0.982830
0.077754 -0.256235 -0.963482
0.003669 -0.158245 -0.987393
0.176209 0.054736 -0.982830
0.158245 0.003669 -0.987393
0.084886 -0.008855 -0.996351
0.176209 0.054736 -0.982830
0.256235 0.077754 -0.963482
0.158245 0.003669 -0.987393
-0.000000 -0.000000 -1.000000
-0.000000 -0.000000 -1.000000
-0.000000 -0.000000 -1.000000
-0.924754 0.380566 0.000000
-0.839223 0.543787 0.000000
-0.924754 0.380566 0.000000
-0.380566 0.924754 0.000000
-0.543787 0.839223 0.000000
-0.380566 0.924754 0.000000
-0.000000 -0.000000 -1.000000
-0.000377 -0.033172 -0.999450
-0.000000 -0.000000 -1.000000
0.380566 0.924754 -0.000000
0.543787 0.839223 -0.000000
0.380566 0.924754 -0.000000
-0.000000 -0.000000 -1.000000
-0.000000 -0.000000 -1.000000
-0.000000 -0.000000 -1.000000
-0.000000 -0.000000 -1.000000
-0.000000 -0.000000 -1.000000
-0.000000 -0.000000 -1.000000
0.924754 -0.380566 -0.000000
0.839223 -0.543787 -0.000000
0.924754 -0.380566 -0.000000
-0.080528 -0.167648 -0.982552
-0.023198 -0.268312 -0.963053
-0.082934 -0.251294 -0.964351
0.003990 -0.349296 -0.937004
-0.082934 -0.251294 -0.964351
-0.023198 -0.268312 -0.963053
0.291614 -0.008920 -0.956495
0.441570 -0.007581 -0.897195
0.357492 -0.029750 -0.933442
0.357492 -0.029750 -0.933442
0.253616 -0.080615 -0.963940
0.291614 -0.008920 -0.956495
-0.291614 0.008920 -0.956495
-0.441091 0.008247 -0.897424
-0.357492 0.029750 -0.933442
-0.357492 0.029750 -0.933442
-0.253616 0.080615 -0.963940
-0.291614 0.008920 -0.956495
0.029750 0.357492 -0.933442
0.080615 0.253616 -0.963940
0.008920 0.291614 -0.956495
0.008920 0.291614 -0.956495
0.008247 0.441091 -0.897424
0.029750 0.357492 -0.933442
-0.369975 0.929042 0.000000
-0.184665 0.982801 0.000000
-0.184665 0.982801 0.000000
-0.000000 -0.000000 -1.000000
-0.000000 -0.000000 -1.000000
-0.000000 -0.000000 -1.000000
0.863630 0.369878 -0.342540
0.712493 0.442216 -0.544792
0.738767 0.640493 -0.209741
0.762159 0.254267 -0.595367
0.712493 0.442216 -0.544792
0.863630 0.369878 -0.342540
-0.369878 0.863630 -0.342540
-0.442216 0.712493 -0.544792
-0.640493 0.738767 -0.209741
-0.254267 0.762159 -0.595367
-0.442216 0.712493 -0.544792
-0.369878 0.863630 -0.342540
0.254267 -0.762159 -0.595367
0.442216 -0.712493 -0.544792
0.369878 -0.863630 -0.342540
0.369878 -0.863630 -0.342540
0.442216 -0.712493 -0.544792
0.640493 -0.738767 -0.209741
-0.762159 -0.254267 -0.595367
-0.712493 -0.442216 -0.544792
-0.863630 -0.369878 -0.342540
-0.863630 -0.369878 -0.342540
-0.712493 -0.442216 -0.544792
-0.738767 -0.640493 -0.209741
-0.411952 0.017222 -0.911043
-0.177487 0.018973 -0.983940
-0.163907 -0.000000 -0.986476
-0.092396 0.995720 -0.001979
-0.000000 1.000000 -0.000000
-0.000000 1.000000 -0.000000
0.017222 0.411952 -0.911043
0.018973 0.177487 -0.983940
0.001965 0.163940 -0.986468
0.965354 -0.160850 0.205471
0.999988 -0.002171 0.004454
0.999996 -0.001533 0.002200
0.160850 0.965354 0.205471
0.002171 0.999988 0.004454
0.001533 0.999996 0.002200
-0.411952 0.017222 -0.911043
-0.180442 0.020931 -0.983363
-0.166911 -0.000000 -0.985972
0.411952 -0.017222 -0.911043
0.177487 -0.018973 -0.983940
0.163907 0.000000 -0.986476
-0.160850 -0.965354 0.205471
-0.002171 -0.999988 0.004454
-0.001527 -0.999996 0.002197
-0.127634 -0.645710 0.752840
-0.062510 -0.756783 0.650670
-0.046729 -0.520158 0.852791
-0.062510 -0.756783 0.650670
-0.007753 -0.640244 0.768133
-0.046729 -0.520158 0.852791
-0.294607 -0.008332 0.955582
-0.360727 -0.026818 0.932286
-0.255977 -0.066923 0.964364
-0.445859 -0.007119 0.895075
-0.360727 -0.026818 0.932286
-0.294607 -0.008332 0.955582
-0.026818 0.360727 0.932286
-0.008332 0.294607 0.955582
-0.007119 0.445859 0.895075
-0.066923 0.255976 0.964364
-0.008332 0.294607 0.955582
-0.026818 0.360727 0.932286
0.026817 -0.360726 0.932286
0.008332 -0.294607 0.955582
0.006673 -0.446144 0.894936
0.066923 -0.255976 0.964364
0.008332 -0.294607 0.955582
0.026817 -0.360726 0.932286
0.255976 0.066923 0.964364
0.294607 0.008332 0.955582
0.360726 0.026817 0.932286
0.360726 0.026817 0.932286
0.294607 0.008332 0.955582
0.446144 0.006673 0.894936
-0.504906 -0.151969 -0.849691
-0.775080 -0.106295 -0.622858
-0.516224 -0.045998 -0.855217
-0.775080 -0.106295 -0.622858
-0.504906 -0.151969 -0.849691
-0.683589 -0.189908 -0.704727
-0.106295 0.775080 -0.622858
-0.151969 0.504906 -0.849691
-0.189908 0.683589 -0.704727
-0.151969 0.504906 -0.849691
-0.106295 0.775080 -0.622858
-0.045998 0.516224 -0.855217
0.106295 -0.775080 -0.622858
0.151969 -0.504906 -0.849691
0.189908 -0.683589 -0.704727
0.151969 -0.504906 -0.849691
0.106295 -0.775080 -0.622858
0.045998 -0.516224 -0.855217
0.504906 0.151969 -0.849691
0.775080 0.106295 -0.622858
0.516224 0.045998 -0.855217
0.775080 0.106295 -0.622858
0.504906 0.151969 -0.849691
0.683589 0.189908 -0.704727
-0.146086 -0.783765 -0.603631
-0.115264 -0.792345 -0.599085
-0.024228 -0.976711 -0.213187
-0.146086 -0.783765 -0.603631
-0.278178 -0.525906 -0.803766
-0.115264 -0.792345 -0.599085
-0.783765 0.146086 -0.603631
-0.792345 0.115264 -0.599085
-0.976718 0.023999 -0.213181
-0.783765 0.146086 -0.603631
-0.525906 0.278178 -0.803766
-0.792345 0.115264 -0.599085
0.783765 -0.146086 -0.603631
0.792345 -0.115264 -0.599085
0.976711 -0.024228 -0.213187
0.783765 -0.146086 -0.603631
0.525906 -0.278178 -0.803766
0.792345 -0.115264 -0.599085
0.146086 0.783765 -0.603631
0.278178 0.525906 -0.803766
0.115264 0.792345 -0.599085
0.146086 0.783765 -0.603631
0.115264 0.792345 -0.599085
0.024228 0.976711 -0.213187
-0.000721 0.999969 -0.007845
-0.196150 0.980574 0.000000
-0.000721 1.000000 -0.000000
0.000720 0.999969 -0.007845
-0.000721 0.999969 -0.007845
-0.000721 1.000000 -0.000000
0.999969 0.000721 -0.007845
0.980574 0.196150 -0.000000
1.000000 0.000721 -0.000000
0.999969 -0.000720 -0.007845
0.999969 0.000721 -0.007845
1.000000 0.000721 -0.000000
0.000720 0.999969 -0.007845
-0.000721 1.000000 -0.000000
0.000720 1.000000 -0.000000
0.000720 1.000000 -0.000000
0.196149 0.980574 -0.000000
0.000720 0.999969 -0.007845
-0.000720 -0.999969 -0.007845
0.000721 -0.999969 -0.007845
0.000721 -1.000000 0.000000
0.000721 -0.999969 -0.007845
0.196150 -0.980574 -0.000000
0.000721 -1.000000 0.000000
-0.999969 -0.000721 -0.007845
-0.980574 -0.196150 0.000000
-1.000000 -0.000721 0.000000
-0.999969 0.000720 -0.007845
-0.999969 -0.000721 -0.007845
-1.000000 -0.000721 0.000000
1.000000 -0.000720 -0.000000
0.980574 -0.196149 -0.000000
0.999969 -0.000720 -0.007845
0.999969 -0.000720 -0.007845
1.000000 0.000721 -0.000000
1.000000 -0.000720 -0.000000
-0.705486 0.708724 0.000000
-0.552711 0.833373 0.000000
-0.705398 0.708637 -0.015718
-0.705398 0.708637 -0.015718
-0.708724 0.705485 0.000000
-0.705486 0.708724 0.000000
-0.999969 0.000720 -0.007845
-1.000000 -0.000721 0.000000
-1.000000 0.000720 0.000000
-1.000000 0.000720 0.000000
-0.980574 0.196149 0.000000
-0.999969 0.000720 -0.007845
-0.708724 -0.705486 0.000000
-0.833373 -0.552711 0.000000
-0.708637 -0.705398 -0.015718
-0.708637 -0.705398 -0.015718
-0.705485 -0.708724 0.000000
-0.708724 -0.705486 0.000000
-0.000720 -1.000000 0.000000
-0.196149 -0.980574 0.000000
-0.000720 -0.999969 -0.007845
-0.000720 -0.999969 -0.007845
0.000721 -1.000000 0.000000
-0.000720 -1.000000 0.000000
0.708637 -0.705398 -0.015718
0.833374 -0.552710 -0.000000
0.708724 -0.705485 -0.000000
0.705398 -0.708637 -0.015718
0.708637 -0.705398 -0.015718
0.708724 -0.705485 -0.000000
0.705486 -0.708724 -0.000000
0.552711 -0.833373 -0.000000
0.705398 -0.708637 -0.015718
0.705398 -0.708637 -0.015718
0.708724 -0.705485 -0.000000
0.705486 -0.708724 -0.000000
-0.705398 -0.708637 -0.015718
-0.552710 -0.833374 0.000000
-0.705485 -0.708724 0.000000
-0.708637 -0.705398 -0.015718
-0.705398 -0.708637 -0.015718
-0.705485 -0.708724 0.000000
0.705398 0.708637 -0.015718
0.552710 0.833374 -0.000000
0.705485 0.708724 -0.000000
0.708637 0.705398 -0.015718
0.705398 0.708637 -0.015718
0.705485 0.708724 -0.000000
-0.708637 0.705398 -0.015718
-0.833374 0.552710 0.000000
-0.708724 0.705485 0.000000
-0.705398 0.708637 -0.015718
-0.708637 0.705398 -0.015718
-0.708724 0.705485 0.000000
0.708637 0.705398 -0.015718
0.705485 0.708724 -0.000000
0.708724 0.705486 -0.000000
0.708724 0.705486 -0.000000
0.833373 0.552711 -0.000000
0.708637 0.705398 -0.015718
-0.004076 -0.031393 -0.999499
-0.000000 -0.000000 -1.000000
-0.000282 0.000014 -1.000000
0.794763 0.041035 -0.605531
0.804870 0.000000 -0.593451
0.737572 0.099878 -0.667842
-0.099754 0.066867 -0.992763
-0.003033 -0.001955 -0.999994
-0.002988 0.001984 -0.999994
0.804870 0.000000 -0.593451
0.804870 0.000000 -0.593451
0.718862 0.000000 -0.695152
-0.804870 -0.000000 -0.593451
-0.804870 -0.000000 -0.593451
-0.718862 -0.000000 -0.695152
0.000233 0.000010 -1.000000
-0.000000 -0.000000 -1.000000
0.004509 -0.043243 -0.999054
0.000010 -0.000233 -1.000000
-0.000000 -0.000000 -1.000000
-0.043243 -0.004509 -0.999054
-0.000000 0.804870 -0.593451
-0.000000 0.804870 -0.593451
-0.000000 0.718862 -0.695152
0.002916 0.002373 -0.999993
-0.000000 -0.000000 -1.000000
-0.000000 -0.000000 -1.000000
0.000000 -0.804870 -0.593451
0.000000 -0.804870 -0.593451
0.000000 -0.718862 -0.695152
-0.000000 0.804870 -0.593451
-0.000000 0.804870 -0.593451
-0.000000 0.718862 -0.695152
-0.002916 -0.002373 -0.999993
-0.000000 -0.000000 -1.000000
-0.000000 -0.000000 -1.000000
0.000000 -0.804870 -0.593451
0.000000 -0.804870 -0.593451
0.000000 -0.718862 -0.695152
0.066867 0.099754 -0.992763
-0.001955 0.003033 -0.999994
0.001984 0.002988 -0.999994
0.002373 -0.002916 -0.999993
-0.000000 -0.000000 -1.000000
-0.000000 -0.000000 -1.000000
-0.804870 -0.000000 -0.593451
-0.804870 -0.000000 -0.593451
-0.718862 -0.000000 -0.695152
-0.974745 0.015475 0.222784
-0.759835 0.055099 0.647777
-0.986317 0.032916 0.161540
-0.999995 -0.001167 0.002775
-0.974745 0.015475 0.222784
-0.986317 0.032916 0.161540
-0.001527 -0.999996 0.002197
-0.022411 -0.975802 0.217506
-0.032372 -0.985239 0.168093
-0.022411 -0.975802 0.217506
-0.062510 -0.756783 0.650670
-0.032372 -0.985239 0.168093
0.001533 0.999996 0.002200
0.015343 0.974765 0.222706
0.032372 0.985239 0.168093
0.015343 0.974765 0.222706
0.055099 0.759831 0.647782
0.032372 0.985239 0.168093
0.999996 -0.001533 0.002200
0.974765 -0.015343 0.222706
0.985239 -0.032372 0.168093
0.974765 -0.015343 0.222706
0.759831 -0.055099 0.647782
0.985239 -0.032372 0.168093
0.002010 -0.760886 0.648882
0.028195 -0.963386 0.266631
0.067414 -0.723459 0.687068
0.006673 -0.446144 0.894936
0.002010 -0.760886 0.648882
0.039731 -0.520323 0.853045
-0.000000 1.000000 -0.000000
-0.000000 1.000000 -0.000000
-0.000000 1.000000 -0.000000
-0.717705 0.025201 -0.695891
-0.562309 0.067069 -0.824203
-0.859064 0.019082 -0.511512
0.714504 -0.023540 -0.699235
0.551155 -0.084031 -0.830160
0.859064 -0.019082 -0.511512
0.000000 -1.000000 0.000000
0.000000 -1.000000 0.000000
0.000000 -1.000000 0.000000
-0.756661 -0.169340 0.631497
-0.778905 -0.218554 0.587827
-0.521636 -0.283983 0.804518
-0.521636 -0.283983 0.804518
-0.778905 -0.218554 0.587827
-0.692647 -0.403760 0.597677
-0.113953 -0.113953 -0.986929
-0.113953 -0.113953 -0.986929
-0.028510 -0.028510 -0.999187
0.707107 -0.707107 -0.000000
0.707107 -0.707107 -0.000000
0.707107 -0.707107 -0.000000
-0.707107 0.707107 0.000000
-0.707107 0.707107 0.000000
-0.707107 0.707107 0.000000
0.028510 0.028510 -0.999187
0.028510 0.028510 -0.999187
0.113953 0.113953 -0.986929
0.707107 0.707107 -0.000000
0.707107 0.707107 -0.000000
0.707107 0.707107 -0.000000
-0.113953 0.113953 -0.986929
-0.028510 0.028510 -0.999187
-0.113953 0.113953 -0.986929
0.113953 -0.113953 -0.986929
0.028510 -0.028510 -0.999187
0.113953 -0.113953 -0.986929
-0.707107 -0.707107 0.000000
-0.707107 -0.707107 0.000000
-0.707107 -0.707107 0.000000
0.969992 0.001746 -0.243130
0.911524 -0.008327 -0.411163
0.724968 0.001232 -0.688781
-0.000000 1.000000 -0.000000
-0.000000 1.000000 -0.000000
-0.000000 1.000000 -0.000000
0.496054 -0.609607 -0.618312
0.536454 -0.562777 -0.628888
0.669832 -0.711222 -0.213277
0.707106 0.707108 0.000002
0.707106 0.707108 0.000004
0.707106 0.707108 0.000006
-0.707106 -0.707108 0.000002
-0.707106 -0.707108 0.000004
-0.707106 -0.707108 0.000006
-0.496054 0.609607 -0.618312
-0.536454 0.562777 -0.628888
-0.669832 0.711222 -0.213278
-0.784148 -0.620573 -0.000833
-0.854577 -0.479865 0.198564
-0.704779 -0.704779 0.081076
-0.000000 -0.000000 -1.000000
-0.000000 -0.000000 -1.000000
-0.000000 -0.000000 -1.000000
-0.000000 -0.000000 -1.000000
-0.000000 -0.000000 -1.000000
-0.000000 -0.000000 -1.000000
0.479864 0.854577 0.198564
0.620573 0.784148 -0.000833
0.704779 0.704779 0.081076
-0.609607 -0.496054 -0.618312
-0.562777 -0.536454 -0.628888
-0.711222 -0.669832 -0.213278
0.707108 -0.707106 0.000002
0.707108 -0.707106 0.000004
0.707108 -0.707106 0.000006
0.609607 0.496054 -0.618312
0.562777 0.536454 -0.628888
0.711222 0.669832 -0.213278
-0.707108 0.707106 0.000002
-0.707108 0.707106 0.000004
-0.707108 0.707106 0.000006
-0.000000 -0.000000 -1.000000
-0.000000 -0.000000 -1.000000
-0.000000 -0.000000 -1.000000
1.000000 0.000000 -0.000000
0.982801 0.184665 -0.000000
0.982801 0.184665 -0.000000
-0.982801 -0.184665 0.000000
-1.000000 -0.000000 0.000000
-0.982801 -0.184665 0.000000
-0.000000 -0.000000 -1.000000
-0.000000 -0.000000 -1.000000
-0.000000 -0.000000 -1.000000
-0.031664 0.353176 -0.935021
-0.084992 0.436967 -0.895453
-0.008247 0.441091 -0.897424
-0.084992 0.436967 -0.895453
-0.045998 0.516224 -0.855217
-0.008247 0.441091 -0.897424
0.031664 -0.353176 -0.935021
0.084992 -0.436967 -0.895453
0.008247 -0.441091 -0.897424
0.084992 -0.436967 -0.895453
0.045998 -0.516224 -0.855217
0.008247 -0.441091 -0.897424
0.353176 0.031664 -0.935021
0.436967 0.084992 -0.895453
0.441091 0.008247 -0.897424
0.436967 0.084992 -0.895453
0.516224 0.045998 -0.855217
0.441091 0.008247 -0.897424
-0.353176 -0.031664 -0.935021
-0.436967 -0.084992 -0.895453
-0.441091 -0.008247 -0.897424
-0.436967 -0.084992 -0.895453
-0.516224 -0.045998 -0.855217
-0.441091 -0.008247 -0.897424
0.151578 0.506873 0.848589
0.163553 0.777515 0.607224
0.127637 0.645705 0.752844
0.151578 0.506873 0.848589
0.127637 0.645705 0.752844
0.046727 0.520144 0.852799
0.645705 -0.127637 0.752844
0.506873 -0.151578 0.848589
0.777515 -0.163553 0.607224
0.506873 -0.151578 0.848589
0.645705 -0.127637 0.752844
0.520144 -0.046727 0.852799
-0.127634 -0.645710 0.752840
-0.151583 -0.506885 0.848581
-0.163553 -0.777517 0.607221
-0.151583 -0.506885 0.848581
-0.127634 -0.645710 0.752840
-0.046729 -0.520158 0.852791
-0.506885 0.151582 0.848581
-0.645709 0.127634 0.752840
-0.520158 0.046729 0.852791
-0.506885 0.151582 0.848581
-0.781697 0.162877 0.602014
-0.645709 0.127634 0.752840
-0.929042 0.369975 0.000000
-0.929042 0.369975 0.000000
-0.982802 0.184665 0.000000
-0.000000 -0.000000 -1.000000
-0.000000 -0.000000 -1.000000
-0.000000 -0.000000 -1.000000
0.548110 -0.836406 -0.000000
0.548110 -0.836406 -0.000000
0.707107 -0.707107 -0.000000
-0.000000 -0.000000 -1.000000
-0.000000 -0.000000 -1.000000
-0.000000 -0.000000 -1.000000
-0.000000 -0.000000 -1.000000
-0.000000 -0.000000 -1.000000
-0.000000 -0.000000 -1.000000
-0.548110 0.836406 0.000000
-0.548110 0.836406 0.000000
-0.707107 0.707107 0.000000
0.581295 -0.791549 0.188535
0.645728 -0.712727 0.273962
0.442731 -0.678283 0.586448
0.706188 -0.708011 0.004303
0.645728 -0.712727 0.273962
0.581295 -0.791549 0.188535
0.791549 0.581295 0.188535
0.712727 0.645728 0.273962
0.678283 0.442731 0.586448
0.708011 0.706188 0.004303
0.712727 0.645728 0.273962
0.791549 0.581295 0.188535
-0.581295 0.791549 0.188535
-0.645728 0.712727 0.273962
-0.442735 0.678286 0.586441
-0.706188 0.708011 0.004303
-0.645728 0.712727 0.273962
-0.581295 0.791549 0.188535
-0.082304 -0.440417 0.894013
-0.046729 -0.520158 0.852791
-0.007581 -0.443248 0.896367
-0.028528 -0.357008 0.933666
-0.082304 -0.440417 0.894013
-0.007581 -0.443248 0.896367
0.357007 -0.028527 0.933666
0.440406 -0.082302 0.894018
0.443247 -0.007579 0.896368
0.440406 -0.082302 0.894018
0.520144 -0.046727 0.852799
0.443247 -0.007579 0.896368
0.051837 -0.957545 0.283586
0.172718 -0.980359 0.095212
0.174103 -0.929335 0.325613
0.371453 -0.865230 0.336748
0.174103 -0.929335 0.325613
0.172718 -0.980359 0.095212
-0.051837 0.957545 0.283586
-0.172725 0.980357 0.095217
-0.174103 0.929335 0.325613
-0.371453 0.865230 0.336748
-0.174103 0.929335 0.325613
-0.172725 0.980357 0.095217
0.957545 0.051837 0.283586
0.980357 0.172725 0.095218
0.929335 0.174103 0.325613
0.865230 0.371453 0.336748
0.929335 0.174103 0.325613
0.980357 0.172725 0.095218
0.000000 -1.000000 0.000000
0.000000 -1.000000 0.000000
0.000000 -1.000000 0.000000
0.730344 0.008717 -0.683024
0.954099 -0.002391 -0.299483
0.678892 -0.001884 -0.734236
0.008717 -0.730344 -0.683024
-0.002391 -0.954099 -0.299483
-0.001884 -0.678892 -0.734236
-1.000000 -0.000000 0.000000
-1.000000 -0.000000 0.000000
-1.000000 -0.000000 0.000000
-0.730344 -0.008717 -0.683024
-0.954099 0.002391 -0.299483
-0.678892 0.001884 -0.734236
-0.000000 1.000000 -0.000000
-0.000000 1.000000 -0.000000
-0.000000 1.000000 -0.000000
-0.008717 0.730344 -0.683024
0.002391 0.954099 -0.299483
0.001884 0.678892 -0.734236
1.000000 0.000000 -0.000000
1.000000 0.000000 -0.000000
1.000000 0.000000 -0.000000
0.007048 0.687096 -0.726532
-0.001884 0.678892 -0.734236
-0.002924 0.953999 -0.299794
-1.000000 -0.000000 0.000000
-1.000000 -0.000000 0.000000
-1.000000 -0.000000 0.000000
-0.006388 -0.686716 -0.726897
0.000439 -0.678075 -0.734992
0.002924 -0.953999 -0.299794
1.000000 0.000000 -0.000000
1.000000 0.000000 -0.000000
1.000000 0.000000 -0.000000
-0.000000 -0.000000 -1.000000
-0.000000 -0.000000 -1.000000
-0.000000 -0.000000 -1.000000
-0.527727 -0.845600 -0.080405
-0.375598 -0.926782 0.001266
-0.369975 -0.929042 0.000000
0.926782 0.375598 0.001266
0.845600 0.527727 -0.080405
0.929042 0.369975 -0.000000
-0.000000 -0.000000 -1.000000
-0.000000 -0.000000 -1.000000
-0.000000 -0.000000 -1.000000
0.515499 0.628841 -0.582082
0.369110 0.463126 -0.805774
0.448224 0.670179 -0.591570
0.495298 0.526995 -0.690620
0.369110 0.463126 -0.805774
0.515499 0.628841 -0.582082
0.628841 -0.515499 -0.582082
0.463126 -0.369110 -0.805774
0.670179 -0.448224 -0.591570
0.526995 -0.495298 -0.690620
0.463126 -0.369110 -0.805774
0.628841 -0.515499 -0.582082
-0.515499 -0.628841 -0.582082
-0.369110 -0.463126 -0.805774
-0.448224 -0.670179 -0.591570
-0.495298 -0.526995 -0.690620
-0.369110 -0.463126 -0.805774
-0.515499 -0.628841 -0.582082
-0.526995 0.495298 -0.690620
-0.463126 0.369110 -0.805774
-0.628841 0.515499 -0.582082
-0.628841 0.515499 -0.582082
-0.463126 0.369110 -0.805774
-0.670179 0.448224 -0.591570
0.832698 -0.538451 0.129167
0.699931 -0.435272 0.566247
0.743262 -0.628336 0.229685
0.786451 -0.617645 -0.003031
0.832698 -0.538451 0.129167
0.743262 -0.628336 0.229685
0.538451 0.832698 0.129167
0.435271 0.699931 0.566247
0.628336 0.743262 0.229685
0.617645 0.786451 -0.003031
0.538451 0.832698 0.129167
0.628336 0.743262 0.229685
0.428815 -0.428813 -0.795133
0.428815 -0.428814 -0.795133
0.298142 -0.298143 -0.906765
-0.708187 -0.706023 0.001897
-0.708004 -0.706207 0.001536
-0.751320 -0.641632 0.154361
-0.704127 0.710054 0.005240
-0.704599 0.709594 0.004206
-0.581295 0.791549 0.188535
-0.428813 -0.428815 -0.795133
-0.428814 -0.428815 -0.795133
-0.298143 -0.298142 -0.906765
-0.428815 0.428813 -0.795133
-0.428815 0.428814 -0.795133
-0.298142 0.298143 -0.906765
0.710054 0.704127 0.005240
0.709594 0.704599 0.004206
0.791549 0.581295 0.188535
0.428813 0.428815 -0.795133
0.428814 0.428815 -0.795133
0.298143 0.298142 -0.906765
0.704127 -0.710054 0.005240
0.704599 -0.709594 0.004206
0.581295 -0.791549 0.188535
-0.137040 -0.422452 -0.895966
-0.078816 -0.438419 -0.895308
-0.158037 -0.507468 -0.847054
-0.107640 -0.337512 -0.935147
-0.078816 -0.438419 -0.895308
-0.137040 -0.422452 -0.895966
0.422452 -0.137040 -0.895966
0.438419 -0.078816 -0.895308
0.507468 -0.158037 -0.847054
0.337512 -0.107640 -0.935147
0.438419 -0.078816 -0.895308
0.422452 -0.137040 -0.895966
0.137040 0.422452 -0.895966
0.078816 0.438419 -0.895308
0.158037 0.507468 -0.847054
0.107640 0.337512 -0.935147
0.078816 0.438419 -0.895308
0.137040 0.422452 -0.895966
-0.337512 0.107640 -0.935147
-0.438419 0.078816 -0.895308
-0.422452 0.137040 -0.895966
-0.422452 0.137040 -0.895966
-0.438419 0.078816 -0.895308
-0.507468 0.158037 -0.847054
0.008044 0.442945 0.896513
0.028527 0.357007 0.933666
0.082302 0.440406 0.894018
0.008044 0.442945 0.896513
0.082302 0.440406 0.894018
0.046727 0.520144 0.852799
-0.442946 0.008046 0.896512
-0.440417 0.082304 0.894013
-0.520158 0.046729 0.852791
-0.442946 0.008046 0.896512
-0.357008 0.028528 0.933666
-0.440417 0.082304 0.894013
-0.280655 0.221963 0.933791
-0.230280 0.289628 0.929025
-0.309092 0.320813 0.895288
-0.223395 0.163266 0.960957
-0.230280 0.289628 0.929025
-0.280655 0.221963 0.933791
0.280653 -0.221961 0.933792
0.230279 -0.289628 0.929025
0.309084 -0.320805 0.895294
0.223395 -0.163265 0.960957
0.230279 -0.289628 0.929025
0.280653 -0.221961 0.933792
0.221961 0.280653 0.933792
0.289628 0.230279 0.929025
0.320805 0.309084 0.895294
0.163265 0.223395 0.960957
0.289628 0.230279 0.929025
0.221961 0.280653 0.933792
-0.485208 -0.490118 0.724125
-0.377846 -0.475060 0.794701
-0.379862 -0.375708 0.845310
-0.518308 -0.640866 0.566257
-0.377846 -0.475060 0.794701
-0.485208 -0.490118 0.724125
-0.424932 -0.130451 0.895777
-0.346113 -0.102213 0.932608
-0.441845 -0.075962 0.893869
-0.510513 -0.142520 0.847976
-0.424932 -0.130451 0.895777
-0.441845 -0.075962 0.893869
-0.130451 0.424932 0.895776
-0.075962 0.441845 0.893869
-0.142520 0.510513 0.847976
-0.102213 0.346113 0.932608
-0.075962 0.441845 0.893869
-0.130451 0.424932 0.895776
0.130447 -0.424921 0.895782
0.075960 -0.441834 0.893875
0.142516 -0.510500 0.847985
0.102212 -0.346110 0.932610
0.075960 -0.441834 0.893875
0.130447 -0.424921 0.895782
0.424921 0.130447 0.895782
0.441834 0.075960 0.893875
0.510500 0.142516 0.847985
0.346110 0.102212 0.932610
0.441834 0.075960 0.893875
0.424921 0.130447 0.895782
0.589587 0.807661 -0.008423
0.699702 0.714289 -0.014386
0.701217 0.712642 -0.020894
-0.298143 0.298141 -0.906765
-0.428813 0.428815 -0.795133
-0.428813 0.428815 -0.795133
-0.298141 -0.298143 -0.906765
-0.428815 -0.428813 -0.795133
-0.428815 -0.428814 -0.795133
-0.807661 0.589587 -0.008423
-0.714289 0.699702 -0.014386
-0.712642 0.701217 -0.020894
0.298141 0.298143 -0.906765
0.428815 0.428813 -0.795133
0.428815 0.428813 -0.795133
0.807661 -0.589587 -0.008423
0.714289 -0.699702 -0.014386
0.712642 -0.701217 -0.020894
0.298143 -0.298141 -0.906765
0.428813 -0.428815 -0.795133
0.428813 -0.428815 -0.795133
-0.589587 -0.807661 -0.008423
-0.699702 -0.714289 -0.014386
-0.701217 -0.712642 -0.020894
-0.000000 -0.000000 -1.000000
-0.000000 -0.000000 -1.000000
-0.000000 -0.000000 -1.000000
-0.982802 0.184665 0.000000
-0.982802 0.184665 0.000000
-0.929042 0.369975 0.000000
0.901747 -0.369148 -0.224905
0.831493 -0.535240 -0.148784
0.752814 -0.626597 -0.201615
0.832557 -0.553197 0.028669
0.752814 -0.626597 -0.201615
0.831493 -0.535240 -0.148784
0.553197 0.832557 0.028669
0.626596 0.752814 -0.201615
0.535240 0.831493 -0.148784
0.369148 0.901747 -0.224905
0.535240 0.831493 -0.148784
0.626596 0.752814 -0.201615
-0.553197 -0.832557 0.028669
-0.626596 -0.752814 -0.201615
-0.535240 -0.831493 -0.148784
-0.369148 -0.901747 -0.224905
-0.535240 -0.831493 -0.148784
-0.626596 -0.752814 -0.201615
-0.901747 0.369148 -0.224905
-0.831493 0.535240 -0.148784
-0.752814 0.626597 -0.201615
-0.832557 0.553197 0.028669
-0.752814 0.626597 -0.201615
-0.831493 0.535240 -0.148784
-0.086307 -0.015292 0.996151
-0.159751 0.003220 0.987152
-0.032556 0.000559 0.999470
-0.086307 -0.015292 0.996151
-0.182354 0.052916 0.981808
-0.159751 0.003220 0.987152
0.086307 0.015292 0.996151
0.159751 -0.003220 0.987152
0.032556 -0.000559 0.999470
0.086307 0.015292 0.996151
0.182354 -0.052916 0.981808
0.159751 -0.003220 0.987152
-0.015292 0.086307 0.996151
0.003220 0.159751 0.987152
0.000559 0.032556 0.999470
-0.015292 0.086307 0.996151
0.052916 0.182354 0.981808
0.003220 0.159751 0.987152
0.014393 -0.086504 0.996148
-0.003220 -0.159751 0.987152
-0.000559 -0.032556 0.999470
0.014393 -0.086504 0.996148
-0.044500 -0.177878 0.983046
-0.003220 -0.159751 0.987152
-0.831554 -0.536025 -0.145586
-0.811285 -0.584544 0.011200
-0.927336 -0.370684 -0.051391
0.000000 0.000000 1.000000
0.000000 0.000000 1.000000
0.000000 0.000000 1.000000
0.000000 0.000000 1.000000
0.000000 0.000000 1.000000
0.000000 0.000000 1.000000
-0.536025 0.831554 -0.145586
-0.584544 0.811285 0.011200
-0.370684 0.927336 -0.051391
0.536025 -0.831554 -0.145586
0.584544 -0.811285 0.011200
0.370684 -0.927336 -0.051391
0.000000 0.000000 1.000000
0.000000 0.000000 1.000000
0.000000 0.000000 1.000000
0.831554 0.536025 -0.145586
0.811285 0.584544 0.011200
0.927336 0.370684 -0.051391
0.000000 0.000000 1.000000
0.000000 0.000000 1.000000
0.000000 0.000000 1.000000
0.995720 0.092396 -0.001979
0.999981 0.006123 0.000911
1.000000 0.000000 -0.000000
-0.000000 0.508265 -0.861201
-0.000000 0.508265 -0.861201
-0.000000 0.718862 -0.695152
-0.995720 -0.092396 -0.001979
-0.999981 -0.006123 0.000911
-1.000000 -0.000000 0.000000
0.000000 -0.508265 -0.861201
0.000000 -0.508265 -0.861201
0.000000 -0.718862 -0.695152
-0.970903 0.164947 0.173605
-0.999971 0.006501 0.004028
-0.999985 0.002806 0.004751
0.000000 -0.508265 -0.861201
0.000000 -0.508265 -0.861201
0.000000 -0.718862 -0.695152
0.184665 0.982802 -0.000000
0.184665 0.982802 -0.000000
0.369975 0.929042 -0.000000
-0.000000 -0.000000 -1.000000
-0.000000 -0.000000 -1.000000
-0.000000 -0.000000 -1.000000
-0.270016 -0.243312 0.931606
-0.221296 -0.283954 0.932951
-0.195625 -0.190220 0.962054
-0.319378 -0.305461 0.897046
-0.221296 -0.283954 0.932951
-0.270016 -0.243312 0.931606
0.504443 0.628226 0.592342
0.377668 0.466958 0.799573
0.493726 0.498451 0.712588
0.504443 0.628226 0.592342
0.274793 0.531208 0.801440
0.377668 0.466958 0.799573
0.628226 -0.504443 0.592342
0.466958 -0.377668 0.799573
0.498451 -0.493726 0.712587
0.628226 -0.504443 0.592342
0.531208 -0.274794 0.801440
0.466958 -0.377668 0.799573
-0.067806 0.714239 -0.696610
-0.008717 0.730344 -0.683024
-0.045998 0.516224 -0.855217
-0.106295 0.775080 -0.622858
-0.067806 0.714239 -0.696610
-0.045998 0.516224 -0.855217
-0.775080 -0.106295 -0.622858
-0.714239 -0.067806 -0.696610
-0.516224 -0.045998 -0.855217
-0.714239 -0.067806 -0.696610
-0.730344 -0.008717 -0.683024
-0.516224 -0.045998 -0.855217
0.775080 0.106295 -0.622858
0.714239 0.067806 -0.696610
0.516224 0.045998 -0.855217
0.714239 0.067806 -0.696610
0.730344 0.008717 -0.683024
0.516224 0.045998 -0.855217
0.067806 -0.714239 -0.696610
0.008717 -0.730344 -0.683024
0.045998 -0.516224 -0.855217
0.106295 -0.775080 -0.622858
0.067806 -0.714239 -0.696610
0.045998 -0.516224 -0.855217
-0.627601 0.505183 0.592374
-0.466987 0.377683 0.799549
-0.498452 0.493729 0.712585
-0.627601 0.505183 0.592374
-0.530596 0.274543 0.801931
-0.466987 0.377683 0.799549
0.237153 0.337438 -0.910985
0.401338 0.428350 -0.809595
0.420108 0.420110 -0.804374
0.617221 -0.786790 -0.000504
0.704566 -0.709619 0.005204
0.581295 -0.791549 0.188535
-0.617221 0.786790 -0.000504
-0.704566 0.709619 0.005204
-0.581295 0.791549 0.188535
-0.237153 -0.337438 -0.910985
-0.401338 -0.428350 -0.809595
-0.420108 -0.420110 -0.804374
0.786790 0.617221 -0.000504
0.709619 0.704566 0.005204
0.791549 0.581295 0.188535
-0.337438 0.237153 -0.910985
-0.428350 0.401338 -0.809595
-0.420110 0.420108 -0.804374
0.337438 -0.237153 -0.910985
0.428350 -0.401338 -0.809595
0.420110 -0.420108 -0.804374
-0.787171 -0.616733 -0.001585
-0.708010 -0.706200 0.001878
-0.751320 -0.641632 0.154361
-0.067781 -0.263748 0.962207
-0.166580 -0.321211 0.932242
-0.098554 -0.346764 0.932761
-0.098554 -0.346764 0.932761
-0.166580 -0.321211 0.932242
-0.165542 -0.416578 0.893901
-0.346763 0.098554 0.932761
-0.300300 0.162589 0.939885
-0.416578 0.165542 0.893901
-0.258156 0.076816 0.963044
-0.300300 0.162589 0.939885
-0.346763 0.098554 0.932761
0.346761 -0.098553 0.932762
0.300298 -0.162588 0.939886
0.416568 -0.165538 0.893906
0.258156 -0.076816 0.963045
0.300298 -0.162588 0.939886
0.346761 -0.098553 0.932762
0.098553 0.346761 0.932762
0.162588 0.300298 0.939886
0.165538 0.416568 0.893906
0.076816 0.258156 0.963045
0.162588 0.300298 0.939886
0.098553 0.346761 0.932762
-0.167235 0.322173 0.931792
-0.102213 0.346113 0.932608
-0.130451 0.424932 0.895776
-0.128193 0.239741 0.962336
-0.102213 0.346113 0.932608
-0.167235 0.322173 0.931792
-0.318328 -0.176072 0.931486
-0.241293 -0.133505 0.961225
-0.346113 -0.102213 0.932608
-0.424932 -0.130451 0.895777
-0.318328 -0.176072 0.931486
-0.346113 -0.102213 0.932608
0.167233 -0.322171 0.931793
0.102212 -0.346110 0.932610
0.130447 -0.424921 0.895782
0.128193 -0.239741 0.962336
0.102212 -0.346110 0.932610
0.167233 -0.322171 0.931793
0.322171 0.167233 0.931793
0.346110 0.102212 0.932610
0.424921 0.130447 0.895782
0.239741 0.128193 0.962336
0.346110 0.102212 0.932610
0.322171 0.167233 0.931793
-0.095615 0.932155 -0.349205
-0.254267 0.762159 -0.595367
-0.155590 0.969609 -0.188814
-0.095615 0.932155 -0.349205
-0.155590 0.969609 -0.188814
-0.023046 0.964672 -0.262444
0.932155 0.095615 -0.349205
0.969609 0.155590 -0.188814
0.964672 0.023046 -0.262444
0.932155 0.095615 -0.349205
0.762159 0.254267 -0.595367
0.969609 0.155590 -0.188814
0.095615 -0.932155 -0.349205
0.254267 -0.762159 -0.595367
0.155590 -0.969609 -0.188814
0.095615 -0.932155 -0.349205
0.155590 -0.969609 -0.188814
0.023046 -0.964672 -0.262444
-0.932155 -0.095615 -0.349205
-0.762159 -0.254267 -0.595367
-0.969609 -0.155590 -0.188814
-0.932155 -0.095615 -0.349205
-0.969609 -0.155590 -0.188814
-0.964672 -0.023046 -0.262444
-0.000000 -0.000000 -1.000000
-0.000000 -0.000000 -1.000000
-0.000000 -0.000000 -1.000000
0.929042 -0.369975 -0.000000
0.929042 -0.369975 -0.000000
0.982802 -0.184665 -0.000000
-0.095381 0.995441 -0.000642
-0.001514 0.999981 0.005908
-0.000000 1.000000 -0.000000
0.362124 0.018636 -0.931944
0.496415 0.018605 -0.867886
0.519845 -0.018604 -0.854058
-0.402153 -0.565088 0.720381
-0.417703 -0.570743 0.706949
-0.256773 -0.619904 0.741476
-0.592322 -0.805701 0.000000
-0.555059 -0.831790 -0.006007
-0.382684 -0.923879 -0.001057
0.402153 0.565088 0.720381
0.417703 0.570743 0.706949
0.256773 0.619904 0.741476
0.592322 0.805701 -0.000000
0.555059 0.831790 -0.006007
0.382684 0.923879 -0.001057
0.268674 0.268673 -0.925002
0.420110 0.420108 -0.804374
0.420110 0.420108 -0.804374
0.807661 -0.589587 -0.008423
0.773394 -0.633926 0.000243
0.713689 -0.700339 -0.013182
-0.268674 -0.268673 -0.925002
-0.420110 -0.420108 -0.804374
-0.420110 -0.420108 -0.804374
-0.807661 0.589587 -0.008423
-0.773394 0.633926 0.000243
-0.713689 0.700339 -0.013182
0.268673 -0.268674 -0.925002
0.420108 -0.420110 -0.804374
0.420108 -0.420110 -0.804374
-0.589587 -0.807661 -0.008423
-0.633926 -0.773394 0.000243
-0.700339 -0.713689 -0.013182
0.589587 0.807661 -0.008423
0.633926 0.773394 0.000243
0.700339 0.713689 -0.013182
-0.268673 0.268674 -0.925002
-0.420108 0.420110 -0.804374
-0.420108 0.420110 -0.804374
0.369372 -0.464786 0.804697
0.442731 -0.678283 0.586448
0.459676 -0.587812 0.665714
0.369372 -0.464786 0.804697
0.459676 -0.587812 0.665714
0.498451 -0.493726 0.712587
0.587812 0.459676 0.665714
0.493726 0.498451 0.712588
0.464786 0.369372 0.804697
0.678283 0.442731 0.586448
0.587812 0.459676 0.665714
0.464786 0.369372 0.804697
-0.459670 0.587814 0.665716
-0.498452 0.493729 0.712585
-0.369386 0.464803 0.804681
-0.442735 0.678286 0.586441
-0.459670 0.587814 0.665716
-0.369386 0.464803 0.804681
0.140457 0.000000 -0.990087
0.035135 0.000000 -0.999383
0.140457 0.000000 -0.990087
0.000000 -1.000000 0.000000
0.000000 -1.000000 0.000000
0.000000 -1.000000 0.000000
1.000000 0.000000 -0.000000
1.000000 0.000000 -0.000000
1.000000 0.000000 -0.000000
0.000000 -0.035135 -0.999382
0.000000 -0.035135 -0.999382
0.000000 -0.140457 -0.990087
-0.000000 1.000000 -0.000000
-0.000000 1.000000 -0.000000
-0.000000 1.000000 -0.000000
-0.140457 -0.000000 -0.990087
-0.035135 -0.000000 -0.999383
-0.140457 -0.000000 -0.990087
-0.000000 0.035135 -0.999382
-0.000000 0.035135 -0.999382
-0.000000 0.140457 -0.990087
-1.000000 -0.000000 0.000000
-1.000000 -0.000000 0.000000
-1.000000 -0.000000 0.000000
-0.698092 -0.117378 0.706321
-0.963597 -0.030250 0.265643
-0.956134 -0.051524 0.288364
-0.999995 -0.001167 0.002775
-0.956134 -0.051524 0.288364
-0.963597 -0.030250 0.265643
0.001533 0.999996 0.002200
-0.051837 0.957545 0.283586
-0.030146 0.963654 0.265447
-0.117378 0.698092 0.706322
-0.030146 0.963654 0.265447
-0.051837 0.957545 0.283586
0.698089 0.117379 0.706325
0.963654 0.030146 0.265447
0.957545 0.051837 0.283586
0.999996 -0.001533 0.002200
0.957545 0.051837 0.283586
0.963654 0.030146 0.265447
0.337512 -0.107640 -0.935147
0.422452 -0.137040 -0.895966
0.303253 -0.162898 -0.938883
0.303253 -0.162898 -0.938883
0.203296 -0.174228 -0.963491
0.337512 -0.107640 -0.935147
-0.107640 -0.337512 -0.935147
-0.137040 -0.422452 -0.895966
-0.162898 -0.303253 -0.938883
-0.162898 -0.303253 -0.938883
-0.174228 -0.203296 -0.963491
-0.107640 -0.337512 -0.935147
0.107640 0.337512 -0.935147
0.137040 0.422452 -0.895966
0.162898 0.303253 -0.938883
0.162898 0.303253 -0.938883
0.174228 0.203296 -0.963491
0.107640 0.337512 -0.935147
-0.337512 0.107640 -0.935147
-0.422452 0.137040 -0.895966
-0.303253 0.162898 -0.938883
-0.303253 0.162898 -0.938883
-0.203296 0.174228 -0.963491
-0.337512 0.107640 -0.935147
0.256235 0.077754 -0.963482
0.302338 0.169648 -0.937982
0.343415 0.100615 -0.933779
0.302338 0.169648 -0.937982
0.409321 0.175735 -0.895306
0.343415 0.100615 -0.933779
-0.077754 0.256235 -0.963482
-0.169648 0.302338 -0.937982
-0.100615 0.343415 -0.933779
-0.169648 0.302338 -0.937982
-0.175735 0.409321 -0.895306
-0.100615 0.343415 -0.933779
-0.256235 -0.077754 -0.963482
-0.302338 -0.169648 -0.937982
-0.343415 -0.100615 -0.933779
-0.302338 -0.169648 -0.937982
-0.409321 -0.175735 -0.895306
-0.343415 -0.100615 -0.933779
0.077754 -0.256235 -0.963482
0.169648 -0.302338 -0.937982
0.100615 -0.343415 -0.933779
0.169648 -0.302338 -0.937982
0.175735 -0.409321 -0.895306
0.100615 -0.343415 -0.933779
0.380566 -0.924754 -0.000000
0.380566 -0.924754 -0.000000
0.204422 -0.978883 -0.000000
-0.000000 -0.000000 -1.000000
-0.022910 0.019416 -0.999549
-0.000000 -0.000000 -1.000000
0.924754 0.380566 -0.000000
0.924754 0.380566 -0.000000
0.978883 0.204422 -0.000000
-0.000000 -0.000000 -1.000000
-0.019416 -0.022910 -0.999549
-0.000000 -0.000000 -1.000000
-0.924754 -0.380566 0.000000
-0.924754 -0.380566 0.000000
-0.978883 -0.204422 0.000000
-0.000000 -0.000000 -1.000000
0.019416 0.022910 -0.999549
-0.000000 -0.000000 -1.000000
-0.120404 -0.125109 0.984810
-0.164401 -0.082135 0.982968
-0.241293 -0.133505 0.961225
-0.077157 -0.043517 0.996069
-0.164401 -0.082135 0.982968
-0.120404 -0.125109 0.984810
-0.978883 -0.204422 0.000000
-0.978883 -0.204422 0.000000
-0.924754 -0.380566 0.000000
-0.000000 -0.000000 -1.000000
-0.000000 -0.000000 -1.000000
-0.000000 -0.000000 -1.000000
-0.000000 -0.000000 -1.000000
-0.000000 -0.000000 -1.000000
-0.000000 -0.000000 -1.000000
-0.204422 -0.978883 0.000000
-0.380566 -0.924754 0.000000
-0.204422 -0.978883 0.000000
-0.000000 -0.000000 -1.000000
-0.019416 0.022910 -0.999549
-0.000000 -0.000000 -1.000000
0.978883 -0.204422 -0.000000
0.978883 -0.204422 -0.000000
0.924754 -0.380566 -0.000000
0.204422 -0.978883 -0.000000
0.204422 -0.978883 -0.000000
0.380566 -0.924754 -0.000000
-0.000000 -0.000000 -1.000000
-0.000000 -0.000000 -1.000000
-0.000000 -0.000000 -1.000000
-0.000000 -0.000000 -1.000000
0.019416 -0.022910 -0.999549
-0.000000 -0.000000 -1.000000
-0.978883 0.204422 0.000000
-0.978883 0.204422 0.000000
-0.924754 0.380566 0.000000
0.978883 0.204422 -0.000000
0.978883 0.204422 -0.000000
0.924754 0.380566 -0.000000
-0.000000 -0.000000 -1.000000
-0.000000 -0.000000 -1.000000
-0.000000 -0.000000 -1.000000
0.365805 -0.265322 -0.892071
0.145167 0.142088 -0.979152
-0.145167 -0.142087 -0.979152
0.807661 -0.589587 -0.008423
0.710092 -0.702979 -0.039870
0.709660 -0.703457 -0.039134
0.265322 0.365805 -0.892071
-0.142088 0.145167 -0.979152
0.142087 -0.145167 -0.979152
0.589587 0.807661 -0.008423
0.702979 0.710092 -0.039870
0.703457 0.709660 -0.039134
-0.265322 -0.365805 -0.892071
0.142088 -0.145167 -0.979152
-0.142087 0.145167 -0.979152
-0.589587 -0.807661 -0.008423
-0.702979 -0.710092 -0.039870
-0.703457 -0.709660 -0.039134
-0.113121 0.684293 0.720379
-0.106439 0.699386 0.706774
-0.256773 0.619904 0.741476
-0.192563 0.981266 -0.006010
-0.382685 0.923878 -0.001057
-0.147741 0.989026 0.000000
0.192563 -0.981266 -0.006010
0.382685 -0.923878 -0.001057
0.147741 -0.989026 -0.000000
0.113121 -0.684293 0.720379
0.106439 -0.699386 0.706774
0.256773 -0.619904 0.741476
-0.000000 -0.000000 -1.000000
-0.000000 -0.000000 -1.000000
-0.000000 -0.000000 -1.000000
0.204422 0.978883 -0.000000
0.113750 0.993509 -0.000000
0.204422 0.978883 -0.000000
-0.204422 0.978883 0.000000
-0.113750 0.993509 0.000000
-0.204422 0.978883 0.000000
-0.000000 -0.000000 -1.000000
-0.000000 -0.000000 -1.000000
0.000000 -0.037455 -0.999298
-0.543787 -0.839223 0.000000
-0.543787 -0.839223 0.000000
-0.618490 -0.785793 0.000000
-0.000000 -0.000000 -1.000000
0.022910 0.019416 -0.999549
-0.000000 -0.000000 -1.000000
-0.839223 0.543787 0.000000
-0.839223 0.543787 0.000000
-0.785793 0.618490 0.000000
-0.000000 -0.000000 -1.000000
0.019416 -0.022910 -0.999549
-0.000000 -0.000000 -1.000000
0.839223 0.543787 -0.000000
0.839223 0.543787 -0.000000
0.785793 0.618490 -0.000000
-0.000000 -0.000000 -1.000000
-0.000000 -0.000000 -1.000000
-0.000000 -0.000000 -1.000000
0.839223 -0.543787 -0.000000
0.839223 -0.543787 -0.000000
0.785793 -0.618490 -0.000000
-0.000000 -0.000000 -1.000000
-0.019416 0.022910 -0.999549
-0.000000 -0.000000 -1.000000
-0.000000 -0.000000 -1.000000
-0.000000 -0.000000 -1.000000
-0.000000 -0.000000 -1.000000
0.543787 -0.839223 -0.000000
0.543787 -0.839223 -0.000000
0.618490 -0.785793 -0.000000
-0.000000 -0.000000 -1.000000
-0.000000 -0.000000 -1.000000
-0.000000 -0.000000 -1.000000
-0.543787 0.839223 0.000000
-0.543787 0.839223 0.000000
-0.618490 0.785793 0.000000
0.543787 0.839223 -0.000000
0.543787 0.839223 -0.000000
0.618490 0.785793 -0.000000
-0.000000 -0.000000 -1.000000
-0.022910 -0.019416 -0.999549
-0.000000 -0.000000 -1.000000
-0.000000 -0.000000 -1.000000
-0.000000 -0.000000 -1.000000
-0.000000 -0.000000 -1.000000
-0.839223 -0.543787 0.000000
-0.839223 -0.543787 0.000000
-0.785793 -0.618490 0.000000
-0.708004 -0.706207 0.001536
-0.707106 -0.707108 -0.000001
-0.707742 -0.706454 0.004905
-0.707742 -0.706454 0.004905
-0.707107 -0.707107 0.000000
-0.707107 -0.707106 -0.000001
-0.706188 0.708011 0.004303
-0.707107 0.707107 0.000000
-0.707106 0.707107 -0.000001
-0.704599 0.709594 0.004206
-0.707108 0.707106 -0.000001
-0.706188 0.708011 0.004303
0.708011 0.706188 0.004303
0.707107 0.707107 -0.000000
0.707107 0.707106 -0.000001
0.709594 0.704599 0.004206
0.707106 0.707108 -0.000001
0.708011 0.706188 0.004303
-0.707742 -0.706454 0.004905
-0.707106 -0.707108 -0.000001
-0.707107 -0.707107 0.000000
-0.265322 -0.365805 -0.892071
0.142087 -0.145167 -0.979152
-0.142088 0.145167 -0.979152
-0.706188 0.708011 0.004303
-0.707108 0.707106 -0.000001
-0.707107 0.707107 0.000000
-0.365805 0.265322 -0.892071
-0.145167 -0.142087 -0.979152
0.145167 0.142088 -0.979152
0.706188 -0.708011 0.004303
0.707108 -0.707106 -0.000001
0.707107 -0.707107 -0.000000
0.707107 -0.707107 -0.000016
0.144393 0.142302 -0.979235
-0.142302 -0.144393 -0.979235
0.708011 0.706188 0.004303
0.707106 0.707108 -0.000001
0.707107 0.707107 -0.000000
0.265322 0.365805 -0.892071
-0.142087 0.145167 -0.979152
0.142088 -0.145167 -0.979152
-0.536025 0.831554 -0.145586
-0.369878 0.863630 -0.342540
-0.640493 0.738767 -0.209741
-0.536025 0.831554 -0.145586
-0.640493 0.738767 -0.209741
-0.584544 0.811285 0.011200
0.536025 -0.831554 -0.145586
0.369878 -0.863630 -0.342540
0.640493 -0.738767 -0.209741
0.536025 -0.831554 -0.145586
0.640493 -0.738767 -0.209741
0.584544 -0.811285 0.011200
0.831554 0.536025 -0.145586
0.738767 0.640493 -0.209741
0.811285 0.584544 0.011200
0.831554 0.536025 -0.145586
0.863630 0.369878 -0.342540
0.738767 0.640493 -0.209741
-0.831554 -0.536025 -0.145586
-0.738767 -0.640493 -0.209741
-0.811285 -0.584544 0.011200
-0.831554 -0.536025 -0.145586
-0.863630 -0.369878 -0.342540
-0.738767 -0.640493 -0.209741
-0.184665 -0.982802 0.000000
-0.184665 -0.982802 0.000000
0.000000 -1.000000 0.000000
-0.000000 -0.000000 -1.000000
-0.000000 -0.000000 -1.000000
-0.000000 -0.000000 -1.000000
-0.000000 -0.000000 -1.000000
-0.000000 -0.000000 -1.000000
-0.000000 -0.000000 -1.000000
-1.000000 -0.000000 0.000000
-1.000000 -0.000000 0.000000
-0.982801 -0.184665 0.000000
-0.000000 -0.000000 -1.000000
-0.000000 -0.000000 -1.000000
-0.000000 -0.000000 -1.000000
1.000000 0.000000 -0.000000
0.982801 0.184665 -0.000000
1.000000 0.000000 -0.000000
-0.045425 -0.517877 -0.854248
-0.064911 -0.751457 -0.656582
-0.158037 -0.507468 -0.847054
-0.045425 -0.517877 -0.854248
-0.006388 -0.686716 -0.726897
-0.064911 -0.751457 -0.656582
0.045425 0.517877 -0.854248
0.007048 0.687096 -0.726532
0.064911 0.751457 -0.656582
0.045425 0.517877 -0.854248
0.064911 0.751457 -0.656582
0.158037 0.507468 -0.847054
0.517877 -0.045425 -0.854248
0.751457 -0.064911 -0.656582
0.507468 -0.158037 -0.847054
0.517877 -0.045425 -0.854248
0.686137 -0.007393 -0.727435
0.751457 -0.064911 -0.656582
-0.517877 0.045425 -0.854248
-0.751457 0.064911 -0.656582
-0.507468 0.158037 -0.847054
-0.517877 0.045425 -0.854248
-0.686538 0.008264 -0.727047
-0.751457 0.064911 -0.656582
0.298141 -0.298143 -0.906765
0.151772 -0.151772 -0.976694
0.298142 -0.298143 -0.906765
0.769978 0.638031 -0.007115
0.707106 0.707108 -0.000005
0.707107 0.707107 -0.000000
-0.298143 -0.298141 -0.906765
-0.151772 -0.151772 -0.976694
-0.298143 -0.298142 -0.906765
0.638031 -0.769978 -0.007115
0.707108 -0.707106 -0.000005
0.707107 -0.707107 -0.000000
-0.298141 0.298143 -0.906765
-0.151772 0.151772 -0.976694
-0.298142 0.298143 -0.906765
-0.769978 -0.638031 -0.007115
-0.707106 -0.707108 -0.000005
-0.707107 -0.707107 0.000000
0.298143 0.298141 -0.906765
0.151772 0.151772 -0.976694
0.298143 0.298142 -0.906765
-0.638031 0.769978 -0.007115
-0.707108 0.707106 -0.000005
-0.707107 0.707107 0.000000
0.028510 -0.028510 -0.999187
0.028510 -0.028510 -0.999187
0.113953 -0.113953 -0.986929
0.707107 0.707107 -0.000000
0.707107 0.707107 -0.000000
0.707107 0.707107 -0.000000
-0.028510 0.028510 -0.999187
-0.028510 0.028510 -0.999187
-0.113953 0.113953 -0.986929
-0.707107 -0.707107 0.000000
-0.707107 -0.707107 0.000000
-0.707107 -0.707107 0.000000
0.113953 0.113953 -0.986929
0.028510 0.028510 -0.999187
0.113953 0.113953 -0.986929
0.707107 -0.707107 -0.000000
0.707107 -0.707107 -0.000000
0.707107 -0.707107 -0.000000
-0.707107 0.707107 0.000000
-0.707107 0.707107 0.000000
-0.707107 0.707107 0.000000
-0.028510 -0.028510 -0.999187
-0.028510 -0.028510 -0.999187
-0.113953 -0.113953 -0.986929
0.740786 -0.344486 -0.576684
0.752814 -0.626597 -0.201615
0.670179 -0.448224 -0.591570
0.670179 -0.448224 -0.591570
0.525906 -0.278178 -0.803766
0.740786 -0.344486 -0.576684
-0.670179 0.448224 -0.591570
-0.525906 0.278178 -0.803766
-0.740786 0.344486 -0.576684
-0.740786 0.344486 -0.576684
-0.752814 0.626597 -0.201615
-0.670179 0.448224 -0.591570
0.344486 0.740786 -0.576684
0.626596 0.752814 -0.201615
0.448224 0.670179 -0.591570
0.448224 0.670179 -0.591570
0.278178 0.525906 -0.803766
0.344486 0.740786 -0.576684
-0.344486 -0.740786 -0.576684
-0.626596 -0.752814 -0.201615
-0.448224 -0.670179 -0.591570
-0.448224 -0.670179 -0.591570
-0.278178 -0.525906 -0.803766
-0.344486 -0.740786 -0.576684
0.092025 -0.995756 -0.001397
0.004897 -0.999988 0.000893
0.000000 -1.000000 0.000000
0.519845 -0.018604 -0.854058
0.496415 0.018605 -0.867886
0.640831 -0.018635 -0.767456
-0.000000 -0.000000 -1.000000
-0.000000 -0.000000 -1.000000
-0.000000 -0.000000 -1.000000
0.000000 -1.000000 0.000000
0.000000 -1.000000 0.000000
0.184665 -0.982801 -0.000000
0.340617 0.940170 -0.007773
0.439431 0.898254 0.006406
0.589587 0.807661 -0.008423
-0.000000 -0.000000 -1.000000
-0.000000 -0.000000 -1.000000
-0.000000 -0.000000 -1.000000
-0.940170 0.340617 -0.007773
-0.898254 0.439431 0.006406
-0.807661 0.589587 -0.008423
-0.000000 -0.000000 -1.000000
-0.000000 -0.000000 -1.000000
-0.000000 -0.000000 -1.000000
-0.340617 -0.940170 -0.007773
-0.439431 -0.898254 0.006406
-0.589587 -0.807661 -0.008423
-0.000000 -0.000000 -1.000000
-0.000000 -0.000000 -1.000000
-0.000000 -0.000000 -1.000000
-0.000000 -0.000000 -1.000000
-0.000000 -0.000000 -1.000000
-0.000000 -0.000000 -1.000000
0.940170 -0.340617 -0.007773
0.898254 -0.439431 0.006406
0.807661 -0.589587 -0.008423
0.981308 -0.190148 0.029620
0.964948 -0.213589 -0.152496
0.972832 -0.113759 -0.201635
0.964948 -0.213589 -0.152496
0.765849 -0.244817 -0.594593
0.972832 -0.113759 -0.201635
-0.964948 0.213589 -0.152496
-0.765849 0.244817 -0.594593
-0.972832 0.113759 -0.201635
-0.981308 0.190148 0.029620
-0.964948 0.213589 -0.152496
-0.972832 0.113759 -0.201635
0.190148 0.981308 0.029620
0.213589 0.964948 -0.152496
0.113759 0.972832 -0.201635
0.213589 0.964948 -0.152496
0.244817 0.765848 -0.594593
0.113759 0.972832 -0.201635
-0.213589 -0.964948 -0.152496
-0.244817 -0.765848 -0.594593
-0.113759 -0.972832 -0.201635
-0.190148 -0.981308 0.029620
-0.213589 -0.964948 -0.152496
-0.113759 -0.972832 -0.201635
-0.831790 0.555059 -0.006007
-0.923879 0.382684 -0.001057
-0.805701 0.592322 0.000000
-0.569423 0.397494 0.719553
-0.570743 0.417703 0.706949
-0.579776 0.205571 0.788416
0.023046 -0.964672 -0.262444
-0.002391 -0.954099 -0.299483
0.007486 -0.967978 -0.250925
0.023046 -0.964672 -0.262444
0.007486 -0.967978 -0.250925
0.067806 -0.714239 -0.696610
0.964672 0.023046 -0.262444
0.954099 -0.002391 -0.299483
0.967978 0.007486 -0.250925
0.964672 0.023046 -0.262444
0.967978 0.007486 -0.250925
0.714239 0.067806 -0.696610
-0.023046 0.964672 -0.262444
0.002391 0.954099 -0.299483
-0.007486 0.967978 -0.250925
-0.023046 0.964672 -0.262444
-0.007486 0.967978 -0.250925
-0.067806 0.714239 -0.696610
-0.964672 -0.023046 -0.262444
-0.954099 0.002391 -0.299483
-0.967978 -0.007486 -0.250925
-0.964672 -0.023046 -0.262444
-0.967978 -0.007486 -0.250925
-0.714239 -0.067806 -0.696610
-0.515499 -0.628841 -0.582082
-0.666006 -0.685971 -0.293051
-0.495298 -0.526995 -0.690620
-0.707106 0.707107 -0.000003
-0.707106 0.707108 -0.000001
-0.707106 0.707107 -0.000000
0.707106 -0.707107 -0.000003
0.707106 -0.707108 -0.000001
0.707106 -0.707107 -0.000000
0.515499 0.628841 -0.582082
0.666006 0.685971 -0.293051
0.495298 0.526995 -0.690620
0.628841 -0.515499 -0.582082
0.685971 -0.666006 -0.293051
0.526995 -0.495298 -0.690620
-0.707107 -0.707106 -0.000003
-0.707108 -0.707106 -0.000001
-0.707107 -0.707106 -0.000000
0.707107 0.707106 -0.000003
0.707108 0.707106 -0.000001
0.707107 0.707106 -0.000000
-0.628841 0.515499 -0.582082
-0.685971 0.666006 -0.293051
-0.526995 0.495298 -0.690620
0.707107 0.707107 -0.000000
0.707107 0.707107 -0.000000
0.707107 0.707107 -0.000000
-0.570743 0.417703 0.706949
-0.504835 0.495511 0.706831
-0.504668 0.495314 0.707089
-0.684293 -0.113121 0.720379
-0.707104 -0.001925 0.707107
-0.707193 -0.001928 0.707018
-0.000000 1.000000 -0.000000
-0.000000 1.000000 -0.000000
-0.000000 1.000000 -0.000000
-1.000000 -0.000000 0.000000
-1.000000 -0.000000 0.000000
-1.000000 -0.000000 0.000000
0.113121 -0.684293 0.720379
0.001925 -0.707104 0.707107
0.001928 -0.707193 0.707018
0.684293 0.113121 0.720379
0.707104 0.001925 0.707107
0.707193 0.001928 0.707018
0.000000 -1.000000 0.000000
0.000000 -1.000000 0.000000
0.000000 -1.000000 0.000000
0.707107 -0.707107 -0.000000
0.707107 -0.707107 -0.000000
0.707107 -0.707107 -0.000000
0.417703 0.570743 0.706949
0.495511 0.504835 0.706831
0.495314 0.504668 0.707089
1.000000 0.000000 -0.000000
1.000000 0.000000 -0.000000
1.000000 0.000000 -0.000000
-0.113121 0.684293 0.720379
-0.001925 0.707104 0.707107
-0.001928 0.707193 0.707018
0.589320 -0.390526 0.707242
0.504835 -0.495511 0.706831
0.504668 -0.495314 0.707089
-0.707107 -0.707107 0.000000
-0.707107 -0.707107 0.000000
-0.707107 -0.707107 0.000000
-0.707107 0.707107 0.000000
-0.707107 0.707107 0.000000
-0.707107 0.707107 0.000000
-0.417703 -0.570743 0.706949
-0.495511 -0.504835 0.706831
-0.495314 -0.504668 0.707089
-0.106343 -0.699354 0.706820
-0.002121 -0.707104 0.707107
-0.002118 -0.707192 0.707018
1.000000 0.000000 -0.000000
1.000000 0.000000 -0.000000
1.000000 0.000000 -0.000000
-0.707193 0.001927 0.707018
-0.707104 0.001924 0.707107
-0.693226 0.139217 0.707147
0.000000 -1.000000 0.000000
0.000000 -1.000000 0.000000
0.000000 -1.000000 0.000000
0.417704 -0.570743 0.706949
0.495314 -0.504668 0.707089
0.495511 -0.504835 0.706831
0.707107 0.707107 -0.000000
0.707107 0.707107 -0.000000
0.707107 0.707107 -0.000000
-0.707107 0.707107 0.000000
-0.707107 0.707107 0.000000
-0.707107 0.707107 0.000000
0.570742 0.417704 0.706949
0.504668 0.495314 0.707089
0.504835 0.495511 0.706831
0.707193 -0.001927 0.707018
0.707104 -0.001924 0.707107
0.693226 -0.139217 0.707147
-0.000000 1.000000 -0.000000
-0.000000 1.000000 -0.000000
-0.000000 1.000000 -0.000000
-0.707107 -0.707107 0.000000
-0.707107 -0.707107 0.000000
-0.707107 -0.707107 0.000000
-0.417704 0.570743 0.706949
-0.495314 0.504668 0.707089
-0.495511 0.504835 0.706831
0.106343 0.699354 0.706820
0.002121 0.707104 0.707107
0.002118 0.707192 0.707018
-1.000000 -0.000000 0.000000
-1.000000 -0.000000 0.000000
-1.000000 -0.000000 0.000000
-0.570742 -0.417704 0.706949
-0.504668 -0.495314 0.707089
-0.504835 -0.495511 0.706831
0.707107 -0.707107 -0.000000
0.707107 -0.707107 -0.000000
0.707107 -0.707107 -0.000000
0.032556 0.000559 0.999470
0.159422 0.007743 0.987180
0.090424 -0.011663 0.995835
0.077994 0.043936 0.995985
0.090424 -0.011663 0.995835
0.159422 0.007743 0.987180
0.000559 -0.032556 0.999470
0.007743 -0.159422 0.987180
-0.011663 -0.090424 0.995835
0.043936 -0.077994 0.995985
-0.011663 -0.090424 0.995835
0.007743 -0.159422 0.987180
-0.043936 0.077994 0.995985
0.011663 0.090424 0.995835
-0.007743 0.159422 0.987180
-0.000559 0.032556 0.999470
-0.007743 0.159422 0.987180
0.011663 0.090424 0.995835
-0.090424 0.011663 0.995835
-0.032556 -0.000559 0.999470
-0.159422 -0.007743 0.987180
-0.090424 0.011663 0.995835
-0.159422 -0.007743 0.987180
-0.077157 -0.043517 0.996069
0.520323 0.039731 0.853045
0.722745 0.068905 0.687671
0.510500 0.142516 0.847985
0.520323 0.039731 0.853045
0.691689 0.006864 0.722163
0.722745 0.068905 0.687671
0.039731 -0.520323 0.853045
0.067414 -0.723459 0.687068
0.142516 -0.510500 0.847985
0.039731 -0.520323 0.853045
0.002010 -0.760886 0.648882
0.067414 -0.723459 0.687068
-0.459994 -0.375921 -0.804418
-0.526150 -0.279851 -0.803025
-0.415773 -0.323752 -0.849892
-0.356816 -0.345726 -0.867845
-0.459994 -0.375921 -0.804418
-0.415773 -0.323752 -0.849892
0.375921 -0.459994 -0.804418
0.279851 -0.526150 -0.803025
0.323752 -0.415773 -0.849892
0.345726 -0.356816 -0.867845
0.375921 -0.459994 -0.804418
0.323752 -0.415773 -0.849892
0.459994 0.375921 -0.804418
0.526150 0.279851 -0.803025
0.415773 0.323752 -0.849892
0.356816 0.345726 -0.867845
0.459994 0.375921 -0.804418
0.415773 0.323752 -0.849892
-0.375921 0.459994 -0.804418
-0.279851 0.526150 -0.803025
-0.323752 0.415773 -0.849892
-0.345726 0.356816 -0.867845
-0.375921 0.459994 -0.804418
-0.323752 0.415773 -0.849892
-0.722748 -0.068907 0.687667
-0.520336 -0.039733 0.853037
-0.691916 -0.007309 0.721941
-0.722748 -0.068907 0.687667
-0.510513 -0.142520 0.847976
-0.520336 -0.039733 0.853037
-0.039733 0.520336 0.853037
-0.068907 0.722748 0.687668
-0.142520 0.510513 0.847976
-0.039733 0.520336 0.853037
-0.007309 0.691916 0.721941
-0.068907 0.722748 0.687668
0.493726 0.498451 0.712588
0.672522 0.658395 0.337980
0.628700 0.664999 0.403129
0.672522 0.658395 0.337980
0.628336 0.743262 0.229685
0.628700 0.664999 0.403129
-0.658395 0.672522 0.337980
-0.753570 0.626122 0.200260
-0.664999 0.628700 0.403129
-0.498452 0.493729 0.712585
-0.658395 0.672522 0.337980
-0.664999 0.628700 0.403129
0.658395 -0.672522 0.337980
0.743262 -0.628336 0.229685
0.664999 -0.628700 0.403129
0.498451 -0.493726 0.712587
0.658395 -0.672522 0.337980
0.664999 -0.628700 0.403129
0.031664 -0.353176 -0.935021
0.008247 -0.441091 -0.897424
0.010227 -0.291911 -0.956391
0.031664 -0.353176 -0.935021
0.010227 -0.291911 -0.956391
0.100615 -0.343415 -0.933779
0.353176 0.031664 -0.935021
0.441091 0.008247 -0.897424
0.291911 0.010227 -0.956391
0.353176 0.031664 -0.935021
0.291911 0.010227 -0.956391
0.343415 0.100615 -0.933779
-0.353176 -0.031664 -0.935021
-0.441091 -0.008247 -0.897424
-0.291911 -0.010227 -0.956391
-0.353176 -0.031664 -0.935021
-0.291911 -0.010227 -0.956391
-0.343415 -0.100615 -0.933779
-0.031664 0.353176 -0.935021
-0.008247 0.441091 -0.897424
-0.010227 0.291911 -0.956391
-0.031664 0.353176 -0.935021
-0.010227 0.291911 -0.956391
-0.100615 0.343415 -0.933779
-0.309472 -0.366692 -0.877362
-0.246153 -0.460679 -0.852750
-0.304586 -0.396131 -0.866203
-0.304586 -0.396131 -0.866203
-0.369110 -0.463126 -0.805774
-0.309472 -0.366692 -0.877362
0.366692 -0.309472 -0.877362
0.460679 -0.246153 -0.852750
0.396131 -0.304586 -0.866203
0.396131 -0.304586 -0.866203
0.463126 -0.369110 -0.805774
0.366692 -0.309472 -0.877362
-0.396131 0.304586 -0.866203
-0.463126 0.369110 -0.805774
-0.366692 0.309472 -0.877362
-0.366692 0.309472 -0.877362
-0.460679 0.246153 -0.852750
-0.396131 0.304586 -0.866203
0.304586 0.396131 -0.866203
0.369110 0.463126 -0.805774
0.309472 0.366692 -0.877362
0.309472 0.366692 -0.877362
0.246153 0.460679 -0.852750
0.304586 0.396131 -0.866203
-0.444122 -0.679981 0.583422
-0.654272 -0.739238 0.159548
-0.566551 -0.790745 0.231823
-0.616456 -0.787386 -0.002273
-0.566551 -0.790745 0.231823
-0.654272 -0.739238 0.159548
-0.028528 -0.357008 0.933666
-0.009548 -0.294897 0.955481
-0.098554 -0.346764 0.932761
-0.028528 -0.357008 0.933666
-0.007581 -0.443248 0.896367
-0.009548 -0.294897 0.955481
-0.357008 0.028528 0.933666
-0.294897 0.009548 0.955481
-0.346763 0.098554 0.932761
-0.294897 0.009548 0.955481
-0.357008 0.028528 0.933666
-0.442946 0.008046 0.896512
0.028527 0.357007 0.933666
0.009548 0.294897 0.955481
0.098553 0.346761 0.932762
0.009548 0.294897 0.955481
0.028527 0.357007 0.933666
0.008044 0.442945 0.896513
0.357007 -0.028527 0.933666
0.443247 -0.007579 0.896368
0.294897 -0.009548 0.955481
0.357007 -0.028527 0.933666
0.294897 -0.009548 0.955481
0.346761 -0.098553 0.932762
-0.781697 0.162877 0.602014
-0.759799 0.218721 0.612263
-0.857209 0.258224 0.445549
-0.857209 0.258224 0.445549
-0.759799 0.218721 0.612263
-0.714530 0.382846 0.585556
0.203986 0.166623 -0.964690
0.239904 0.239739 -0.940729
0.286590 0.219976 -0.932457
0.347540 0.271173 -0.897597
0.286590 0.219976 -0.932457
0.239904 0.239739 -0.940729
-0.203986 -0.166623 -0.964690
-0.239904 -0.239739 -0.940729
-0.286590 -0.219976 -0.932457
-0.347540 -0.271173 -0.897597
-0.286590 -0.219976 -0.932457
-0.239904 -0.239739 -0.940729
0.271173 -0.347540 -0.897597
0.219976 -0.286590 -0.932457
0.239739 -0.239904 -0.940729
0.166623 -0.203986 -0.964690
0.239739 -0.239904 -0.940729
0.219976 -0.286590 -0.932457
-0.271173 0.347540 -0.897597
-0.219976 0.286590 -0.932457
-0.239739 0.239904 -0.940729
-0.166623 0.203986 -0.964690
-0.239739 0.239904 -0.940729
-0.219976 0.286590 -0.932457
-0.084220 -0.040752 -0.995614
0.000377 -0.033172 -0.999450
0.006855 -0.088232 -0.996076
-0.008547 -0.152915 -0.988202
0.006855 -0.088232 -0.996076
0.000377 -0.033172 -0.999450
-0.158011 0.007790 -0.987407
-0.088232 -0.006855 -0.996076
-0.033172 -0.000377 -0.999450
-0.040752 0.084220 -0.995614
-0.033172 -0.000377 -0.999450
-0.088232 -0.006855 -0.996076
0.040752 -0.084220 -0.995614
0.033172 0.000377 -0.999450
0.088232 0.006855 -0.996076
0.158011 -0.007790 -0.987407
0.088232 0.006855 -0.996076
0.033172 0.000377 -0.999450
0.084220 0.040752 -0.995614
-0.000377 0.033172 -0.999450
-0.006855 0.088232 -0.996076
0.007790 0.158011 -0.987407
-0.006855 0.088232 -0.996076
-0.000377 0.033172 -0.999450
-0.807661 0.589587 -0.008423
-0.710092 0.702979 -0.039870
-0.709660 0.703457 -0.039134
-0.151772 -0.151772 -0.976694
-0.142302 -0.144393 -0.979235
-0.151977 0.151977 -0.976630
0.743262 -0.628336 0.229685
0.708005 -0.706205 0.001531
0.708187 -0.706022 0.001897
-0.428815 -0.428814 -0.795133
-0.298141 -0.298144 -0.906765
-0.298141 -0.298143 -0.906765
0.002010 -0.760886 0.648882
-0.007753 -0.640244 0.768133
-0.006224 -0.888752 0.458346
-0.006224 -0.888752 0.458346
-0.007753 -0.640244 0.768133
-0.062510 -0.756783 0.650670
0.691689 0.006864 0.722163
0.759831 -0.055099 0.647782
0.911586 0.007742 0.411036
0.691689 0.006864 0.722163
0.911586 0.007742 0.411036
0.722745 0.068905 0.687671
-0.007309 0.691916 0.721941
0.055099 0.759831 0.647782
-0.007742 0.911586 0.411036
-0.007309 0.691916 0.721941
-0.007742 0.911586 0.411036
-0.068907 0.722748 0.687668
-0.691916 -0.007309 0.721941
-0.759835 0.055099 0.647777
-0.911586 -0.007742 0.411036
-0.691916 -0.007309 0.721941
-0.911586 -0.007742 0.411036
-0.722748 -0.068907 0.687667
-0.044500 -0.177878 0.983046
-0.088905 -0.157870 0.983450
-0.129748 -0.240632 0.961905
0.014393 -0.086504 0.996148
-0.088905 -0.157870 0.983450
-0.044500 -0.177878 0.983046
0.151772 -0.151772 -0.976694
0.298143 -0.298141 -0.906765
0.298144 -0.298141 -0.906765
0.707107 0.707106 -0.000001
0.706205 0.708005 0.001531
0.708011 0.706188 0.004303
0.151772 0.151772 -0.976694
0.298141 0.298143 -0.906765
0.298141 0.298144 -0.906765
-0.707106 0.707107 -0.000001
-0.708005 0.706205 0.001531
-0.706188 0.708011 0.004303
-0.151772 0.151772 -0.976694
-0.298143 0.298141 -0.906765
-0.298144 0.298141 -0.906765
-0.707107 -0.707106 -0.000001
-0.707107 -0.707107 -0.000000
-0.707742 -0.706454 0.004905
-0.970903 0.164947 0.173605
-0.842003 0.493857 0.217109
-0.925045 0.357548 0.128264
-0.915543 0.402220 -0.000332
-0.925045 0.357548 0.128264
-0.842003 0.493857 0.217109
0.669832 -0.711222 -0.213277
0.536454 -0.562777 -0.628888
0.679844 -0.699710 -0.219587
0.679844 -0.699710 -0.219587
0.704753 -0.709432 -0.005411
0.669832 -0.711222 -0.213277
-0.679844 0.699710 -0.219587
-0.704753 0.709432 -0.005411
-0.669832 0.711222 -0.213278
-0.669832 0.711222 -0.213278
-0.536454 0.562777 -0.628888
-0.679844 0.699710 -0.219587
-0.309092 0.320813 0.895288
-0.371182 0.380648 0.846954
-0.416017 0.327655 0.848276
-0.371182 0.380648 0.846954
-0.498452 0.493729 0.712585
-0.416017 0.327655 0.848276
0.416001 -0.327646 0.848288
0.371173 -0.380635 0.846963
0.498451 -0.493726 0.712587
0.309084 -0.320805 0.895294
0.371173 -0.380635 0.846963
0.416001 -0.327646 0.848288
0.320805 0.309084 0.895294
0.380635 0.371173 0.846963
0.327646 0.416001 0.848287
0.380635 0.371173 0.846963
0.493726 0.498451 0.712588
0.327646 0.416001 0.848287
-0.172725 0.980357 0.095217
-0.397150 0.913462 0.088649
-0.371453 0.865230 0.336748
-0.397150 0.913462 0.088649
-0.581295 0.791549 0.188535
-0.371453 0.865230 0.336748
0.980357 0.172725 0.095218
0.913462 0.397150 0.088649
0.865230 0.371453 0.336748
0.913462 0.397150 0.088649
0.791549 0.581295 0.188535
0.865230 0.371453 0.336748
0.172718 -0.980359 0.095212
0.397150 -0.913462 0.088649
0.371453 -0.865230 0.336748
0.397150 -0.913462 0.088649
0.581295 -0.791549 0.188535
0.371453 -0.865230 0.336748
-0.711222 -0.669832 -0.213278
-0.562777 -0.536454 -0.628888
-0.699710 -0.679844 -0.219587
-0.699710 -0.679844 -0.219587
-0.709432 -0.704753 -0.005411
-0.711222 -0.669832 -0.213278
0.711222 0.669832 -0.213278
0.562777 0.536454 -0.628888
0.699710 0.679844 -0.219587
0.699710 0.679844 -0.219587
0.709432 0.704753 -0.005411
0.711222 0.669832 -0.213278
-0.033172 0.000377 -0.999450
-0.084886 0.008855 -0.996351
-0.158245 -0.003669 -0.987393
-0.084886 0.008855 -0.996351
-0.033172 0.000377 -0.999450
-0.044441 -0.084839 -0.995403
0.033172 -0.000377 -0.999450
0.084886 -0.008855 -0.996351
0.158245 0.003669 -0.987393
0.084886 -0.008855 -0.996351
0.033172 -0.000377 -0.999450
0.044441 0.084839 -0.995403
-0.000377 -0.033172 -0.999450
-0.008855 -0.084886 -0.996351
0.003669 -0.158245 -0.987393
-0.008855 -0.084886 -0.996351
-0.000377 -0.033172 -0.999450
0.084839 -0.044441 -0.995403
0.000377 0.033172 -0.999450
0.008855 0.084886 -0.996351
-0.003669 0.158245 -0.987393
0.008855 0.084886 -0.996351
0.000377 0.033172 -0.999450
-0.084839 0.044441 -0.995403
-0.485208 -0.490118 0.724125
-0.631876 -0.503332 0.589398
-0.505452 -0.399572 0.764762
-0.505452 -0.399572 0.764762
-0.631876 -0.503332 0.589398
-0.751320 -0.641632 0.154361
0.298399 -0.010322 -0.954385
0.038170 -0.245620 -0.968614
0.000000 -0.261112 -0.965309
0.995792 -0.091638 -0.000868
1.000000 0.000000 -0.000000
1.000000 0.000000 -0.000000
0.298399 -0.010322 -0.954385
0.040127 -0.245569 -0.968548
0.000000 -0.261112 -0.965309
0.980357 0.172725 0.095218
0.999973 0.000224 0.007329
0.999980 0.001284 0.006266
-0.962363 -0.173625 0.209074
-0.999995 -0.001167 0.002775
-0.999986 -0.001064 0.005143
-0.298399 0.010322 -0.954385
-0.038170 0.245620 -0.968614
-0.000000 0.261112 -0.965309
-0.379862 -0.375708 0.845310
-0.323282 -0.415784 0.850066
-0.319378 -0.305461 0.897046
-0.377846 -0.475060 0.794701
-0.323282 -0.415784 0.850066
-0.379862 -0.375708 0.845310
0.000000 -1.000000 0.000000
0.000000 -1.000000 0.000000
0.000000 -1.000000 0.000000
0.972173 -0.030585 -0.232259
0.859064 -0.019082 -0.511512
0.980201 0.000000 -0.198008
-0.972173 0.030585 -0.232259
-0.859064 0.019082 -0.511512
-0.980201 -0.000000 -0.198008
-0.000000 1.000000 -0.000000
-0.000000 1.000000 -0.000000
-0.000000 1.000000 -0.000000
0.867096 -0.089205 0.490089
0.645705 -0.127637 0.752844
0.777515 -0.163553 0.607224
0.759831 -0.055099 0.647782
0.645705 -0.127637 0.752844
0.867096 -0.089205 0.490089
0.089205 0.867096 0.490089
0.127637 0.645705 0.752844
0.163553 0.777515 0.607224
0.055099 0.759831 0.647782
0.127637 0.645705 0.752844
0.089205 0.867096 0.490089
-0.867096 0.089205 0.490089
-0.645709 0.127634 0.752840
-0.781697 0.162877 0.602014
-0.759835 0.055099 0.647777
-0.645709 0.127634 0.752840
-0.867096 0.089205 0.490089
-0.089205 -0.867096 0.490089
-0.127634 -0.645710 0.752840
-0.163553 -0.777517 0.607221
-0.062510 -0.756783 0.650670
-0.127634 -0.645710 0.752840
-0.089205 -0.867096 0.490089
-0.000000 -0.000000 -1.000000
-0.000000 -0.000000 -1.000000
-0.000000 -0.000000 -1.000000
0.805701 0.592322 -0.000000
0.805701 0.592322 -0.000000
0.923879 0.382685 -0.000000
-0.000000 -0.000000 -1.000000
-0.000000 -0.000000 -1.000000
-0.000000 -0.000000 -1.000000
-0.805701 -0.592322 0.000000
-0.805701 -0.592322 0.000000
-0.923879 -0.382685 0.000000
-0.000000 -0.000000 -1.000000
-0.000000 -0.000000 -1.000000
-0.000000 -0.000000 -1.000000
0.981266 -0.192562 0.006010
0.923879 -0.382684 0.001057
0.989026 -0.147741 -0.000000
-0.930971 -0.355556 0.082909
-0.835758 -0.517380 0.183922
-0.847774 -0.358216 0.391101
-0.930971 -0.355556 0.082909
-0.929423 -0.368997 -0.003781
-0.835758 -0.517380 0.183922
0.282062 -0.531513 0.798708
0.258267 -0.735483 0.626388
0.339928 -0.710226 0.616464
0.258267 -0.735483 0.626388
0.174103 -0.929335 0.325613
0.339928 -0.710226 0.616464
0.735483 0.258267 0.626388
0.710226 0.339928 0.616464
0.531513 0.282062 0.798708
0.735483 0.258267 0.626388
0.929335 0.174103 0.325613
0.710226 0.339928 0.616464
-0.258266 0.735490 0.626381
-0.339930 0.710232 0.616456
-0.282073 0.531531 0.798693
-0.258266 0.735490 0.626381
-0.174103 0.929335 0.325613
-0.339930 0.710232 0.616456
-0.064911 -0.751457 -0.656582
-0.006388 -0.686716 -0.726897
-0.007115 -0.911220 -0.411858
-0.006388 -0.686716 -0.726897
0.002924 -0.953999 -0.299794
-0.007115 -0.911220 -0.411858
0.007048 0.687096 -0.726532
-0.002924 0.953999 -0.299794
0.007115 0.911220 -0.411858
0.064911 0.751457 -0.656582
0.007048 0.687096 -0.726532
0.007115 0.911220 -0.411858
-0.620573 -0.784148 -0.000833
-0.479864 -0.854577 0.198564
-0.375598 -0.926782 0.001266
-0.620573 -0.784148 -0.000833
-0.704779 -0.704779 0.081076
-0.479864 -0.854577 0.198564
0.620573 0.784148 -0.000833
0.527727 0.845600 -0.080406
0.704779 0.704779 -0.081076
0.375598 0.926782 0.001266
0.527727 0.845600 -0.080406
0.620573 0.784148 -0.000833
-0.845600 -0.527727 -0.080406
-0.784148 -0.620573 -0.000833
-0.704779 -0.704779 -0.081076
-0.845600 -0.527727 -0.080406
-0.926782 -0.375598 0.001266
-0.784148 -0.620573 -0.000833
0.854577 0.479865 0.198564
0.784148 0.620573 -0.000833
0.926782 0.375598 0.001266
0.704779 0.704779 0.081076
0.784148 0.620573 -0.000833
0.854577 0.479865 0.198564
-0.631876 -0.503332 0.589398
-0.692647 -0.403760 0.597677
-0.705113 -0.530092 0.470975
-0.835758 -0.517380 0.183922
-0.705113 -0.530092 0.470975
-0.692647 -0.403760 0.597677
-0.714530 0.382846 0.585556
-0.530596 0.274543 0.801931
-0.659995 0.455623 0.597340
-0.714530 0.382846 0.585556
-0.659995 0.455623 0.597340
-0.842003 0.493857 0.217109
-0.684293 -0.113121 0.720379
-0.699386 -0.106439 0.706774
-0.619904 -0.256773 0.741476
-0.989026 -0.147741 0.000000
-0.923879 -0.382685 0.000000
-0.989026 -0.147741 0.000000
0.989026 0.147741 -0.000000
0.923879 0.382685 -0.000000
0.989026 0.147741 -0.000000
0.684293 0.113121 0.720379
0.699386 0.106439 0.706774
0.619904 0.256773 0.741476
0.161902 -0.205746 0.965120
0.128193 -0.239741 0.962336
0.167233 -0.322171 0.931793
0.141551 -0.113710 0.983379
0.128193 -0.239741 0.962336
0.161902 -0.205746 0.965120
0.205746 0.161902 0.965120
0.239741 0.128193 0.962336
0.322171 0.167233 0.931793
0.113710 0.141551 0.983379
0.239741 0.128193 0.962336
0.205746 0.161902 0.965120
-0.161902 0.205746 0.965120
-0.128193 0.239741 0.962336
-0.167235 0.322173 0.931792
-0.141551 0.113710 0.983379
-0.128193 0.239741 0.962336
-0.161902 0.205746 0.965120
0.724968 0.001232 -0.688781
0.911524 -0.008327 -0.411163
0.686137 -0.007393 -0.727435
0.751457 -0.064911 -0.656582
0.686137 -0.007393 -0.727435
0.911524 -0.008327 -0.411163
-0.751457 0.064911 -0.656582
-0.686538 0.008264 -0.727047
-0.915101 0.007142 -0.403161
-0.928885 -0.004196 -0.370344
-0.915101 0.007142 -0.403161
-0.686538 0.008264 -0.727047
0.000000 -1.000000 0.000000
0.000000 -1.000000 0.000000
0.000000 -1.000000 0.000000
-0.686538 0.008264 -0.727047
-0.633129 -0.000714 -0.774046
-0.928885 -0.004196 -0.370344
-0.035135 -0.000000 -0.999383
-0.035135 -0.000000 -0.999383
-0.140457 -0.000000 -0.990087
0.000000 -1.000000 0.000000
0.000000 -1.000000 0.000000
0.000000 -1.000000 0.000000
1.000000 0.000000 -0.000000
1.000000 0.000000 -0.000000
1.000000 0.000000 -0.000000
-0.000000 0.140457 -0.990087
-0.000000 0.035135 -0.999382
-0.000000 0.140457 -0.990087
-1.000000 -0.000000 0.000000
-1.000000 -0.000000 0.000000
-1.000000 -0.000000 0.000000
0.000000 -0.140457 -0.990087
0.000000 -0.035135 -0.999382
0.000000 -0.140457 -0.990087
-0.000000 1.000000 -0.000000
-0.000000 1.000000 -0.000000
-0.000000 1.000000 -0.000000
0.035135 0.000000 -0.999383
0.035135 0.000000 -0.999383
0.140457 0.000000 -0.990087
0.699931 -0.435272 0.566247
0.912999 -0.370729 0.170275
0.804700 -0.375537 0.459816
0.804700 -0.375537 0.459816
0.912999 -0.370729 0.170275
0.965354 -0.160850 0.205471
-0.444122 -0.679981 0.583422
-0.377802 -0.911598 0.162035
-0.375537 -0.804700 0.459816
-0.375537 -0.804700 0.459816
-0.377802 -0.911598 0.162035
-0.160850 -0.965354 0.205471
0.435271 0.699931 0.566247
0.370729 0.912999 0.170275
0.375537 0.804700 0.459816
0.375537 0.804700 0.459816
0.370729 0.912999 0.170275
0.160850 0.965354 0.205471
</float_array>
          <technique_common>
            <accessor source="#top_cover-Normal0-array" count="8586" stride="3">
              <param name="X" type="float"/>
              <param name="Y" type="float"/>
              <param name="Z" type="float"/>
            </accessor>
          </technique_common>
        </source>
        <vertices id="top_cover-VERTEX">
          <input semantic="POSITION" source="#top_cover-POSITION"/>
        </vertices>
        <triangles count="2862" material="OpaqueFBXASC040240FBXASC044245FBXASC044247FBXASC041FBXASC032FBXASC0401FBXASC041">
          <input semantic="VERTEX" offset="0" source="#top_cover-VERTEX"/>
          <input semantic="NORMAL" offset="1" source="#top_cover-Normal0"/>
          <p> 993 0 996 1 1005 2 1035 3 610 4 390 5 478 6 1030 7 1248 8 1005 9 991 10 994 11 815 12 1114 13 490 14 1034 15 1256 16 1390 17 378 18 1042 19 590 20 164 21 898 22 911 23 900 24 897 25 909 26 385 27 1339 28 1111 29 928 30 566 31 1365 32 899 33 894 34 910 35 1310 36 219 37 887 38 96 39 901 40 409 41 224 42 906 43 1135 44 1395 45 582 46 679 47 402 48 202 49 174 50 157 51 696 52 498 53 1134 54 225 55 588 56 1231 57 1100 58 223 59 223 60 1394 61 1136 62 1230 63 1099 64 224 65 555 66 1141 67 945 68 497 69 1028 70 867 71 423 72 701 73 500 74 968 75 1425 76 556 77 852 78 1098 79 225 80 1229 81 1097 82 1395 83 424 84 232 85 499 86 68 87 140 88 168 89 403 90 1116 91 1214 92 379 93 1040 94 589 95 69 96 139 97 169 98 408 99 1139 100 963 101 554 102 7 103 989 104 486 105 647 106 624 107 510 108 425 109 233 110 713 111 880 112 615 113 640 114 571 115 577 116 791 117 144 118 1266 119 559 120 480 121 677 122 1353 123 344 124 1265 125 557 126 570 127 576 128 1267 129 130 130 1130 131 351 132 1154 133 920 134 558 135 572 136 575 137 540 138 427 139 990 140 65 141 203 142 81 143 607 144 1151 145 1265 146 146 147 794 148 907 149 796 150 151 151 742 152 353 153 1152 154 1266 155 1296 156 876 157 403 158 643 159 1029 160 868 161 645 162 264 163 573 164 863 165 606 166 542 167 808 168 863 169 542 170 352 171 1153 172 1267 173 175 174 1041 175 541 176 384 177 1337 178 1110 179 485 180 453 181 621 182 1359 183 947 184 1236 185 351 186 1198 187 298 188 227 189 605 190 862 191 1166 192 629 193 1341 194 747 195 285 196 1001 197 328 198 727 199 558 200 1163 201 913 202 694 203 346 204 728 205 559 206 1162 207 914 208 695 209 364 210 548 211 1164 212 630 213 1340 214 1165 215 556 216 1425 217 973 218 953 219 745 220 1148 221 1033 222 523 223 1389 224 927 225 569 226 1366 227 864 228 604 229 545 230 1004 231 265 232 574 233 581 234 1112 235 403 236 926 237 568 238 1364 239 90 240 110 241 632 242 952 243 744 244 1146 245 149 246 301 247 205 248 648 249 625 250 488 251 954 252 743 253 1145 254 77 255 702 256 150 257 929 258 567 259 1363 260 1032 261 524 262 1388 263 862 264 605 265 544 266 46 267 1251 268 726 269 47 270 1250 271 725 272 543 273 861 274 1393 275 620 276 395 277 487 278 343 279 302 280 703 281 617 282 604 283 864 284 1284 285 807 286 725 287 1283 288 806 289 726 290 1393 291 861 292 714 293 646 294 1142 295 946 296 381 297 1138 298 965 299 969 300 1141 301 555 302 380 303 1140 304 966 305 967 306 7 307 554 308 407 309 1137 310 964 311 148 312 358 313 162 314 54 315 563 316 1170 317 1386 318 492 319 254 320 1360 321 948 322 1238 323 56 324 343 325 703 326 96 327 882 328 370 329 58 330 1252 331 724 332 58 333 562 334 1172 335 724 336 436 337 58 338 545 339 895 340 800 341 951 342 1147 343 1349 344 339 345 921 346 654 347 1417 348 404 349 603 350 630 351 1018 352 855 353 1246 354 1031 355 568 356 1032 357 321 358 524 359 487 360 454 361 620 362 724 363 434 364 436 365 46 366 564 367 1169 368 1002 369 266 370 1353 371 1003 372 263 373 791 374 47 375 561 376 1171 377 509 378 424 379 499 380 65 381 330 382 203 383 233 384 501 385 510 386 174 387 66 388 402 389 225 390 467 391 597 392 1007 393 548 394 857 395 157 396 498 397 512 398 68 399 400 400 140 401 423 402 500 403 511 404 69 405 331 406 139 407 1009 408 595 409 694 410 224 411 519 412 249 413 223 414 518 415 248 416 1008 417 596 418 695 419 1033 420 355 421 523 422 403 423 874 424 411 425 585 426 684 427 324 428 893 429 712 430 763 431 892 432 709 433 761 434 584 435 686 436 325 437 587 438 687 439 326 440 891 441 710 442 760 443 586 444 685 445 327 446 890 447 711 448 762 449 621 450 397 451 485 452 77 453 319 454 702 455 951 456 746 457 1147 458 332 459 308 460 689 461 822 462 390 463 1240 464 403 465 1126 466 872 467 1044 468 1390 469 1256 470 1127 471 962 472 403 473 54 474 1367 475 723 476 723 477 805 478 656 479 1312 480 503 481 290 482 337 483 904 484 651 485 1313 486 504 487 291 488 338 489 903 490 652 491 715 492 606 493 863 494 1285 495 804 496 724 497 926 498 280 499 733 500 953 501 1148 502 1351 503 952 504 1146 505 1350 506 928 507 279 508 735 509 1378 510 494 511 255 512 814 513 1110 514 889 515 816 516 1111 517 888 518 1379 519 493 520 252 521 902 522 297 523 1243 524 452 525 571 526 640 527 624 528 398 529 486 530 90 531 300 532 110 533 91 534 301 535 149 536 488 537 625 538 396 539 927 540 281 541 734 542 421 543 334 544 126 545 600 546 350 547 842 548 861 549 531 550 1186 551 839 552 1136 553 349 554 863 555 532 556 1187 557 840 558 1135 559 95 560 864 561 530 562 360 563 908 564 797 565 552 566 62 567 57 568 908 569 597 570 955 571 638 572 468 573 544 574 931 575 470 576 542 577 932 578 248 579 956 580 637 581 582 582 958 583 1188 584 471 585 543 586 933 587 469 588 545 589 930 590 249 591 957 592 636 593 1134 594 588 595 841 596 862 597 529 598 798 599 223 600 1136 601 474 602 275 603 1024 604 1223 605 1222 606 276 607 1023 608 314 609 225 610 1134 611 1006 612 594 613 693 614 1125 615 416 616 858 617 764 618 974 619 719 620 522 621 570 622 557 623 1124 624 466 625 857 626 346 627 1369 628 1101 629 399 630 310 631 690 632 771 633 456 634 743 635 224 636 1135 637 475 638 747 639 755 640 1025 641 309 642 401 643 109 644 235 645 903 646 338 647 311 648 329 649 201 650 234 651 904 652 337 653 788 654 892 655 761 656 380 657 1020 658 1140 659 789 660 893 661 763 662 381 663 1022 664 1138 665 420 666 333 667 291 668 1362 669 950 670 1237 671 671 672 326 673 687 674 691 675 1109 676 329 677 431 678 1395 679 600 680 767 681 877 682 641 683 419 684 335 685 290 686 1361 687 949 688 1239 689 669 690 327 691 685 692 692 693 6 694 401 695 408 696 1021 697 1139 698 790 699 890 700 762 701 407 702 1019 703 1137 704 787 705 891 706 760 707 1122 708 418 709 859 710 629 711 1017 712 856 713 690 714 5 715 399 716 672 717 325 718 686 719 328 720 1016 721 854 722 1123 723 417 724 860 725 773 726 455 727 746 728 646 729 946 730 1027 731 689 732 8 733 332 734 670 735 324 736 684 737 1395 738 472 739 582 740 858 741 834 742 1125 743 954 744 1145 745 1352 746 382 747 1338 748 1115 749 520 750 572 751 558 752 765 753 975 754 720 755 521 756 480 757 559 758 766 759 976 760 721 761 1243 762 997 763 902 764 1104 765 278 766 877 767 776 768 769 769 405 770 574 771 130 772 1267 773 573 774 920 775 1368 776 775 777 768 778 406 779 237 780 921 781 339 782 308 783 332 784 132 785 236 786 777 787 336 788 310 789 399 790 133 791 811 792 354 793 403 794 477 795 1031 796 1246 797 770 798 461 799 745 800 401 801 309 802 692 803 336 804 777 805 653 806 1311 807 221 808 886 809 328 810 854 811 727 812 749 813 754 814 1024 815 329 816 311 817 691 818 772 819 138 820 744 821 819 822 254 823 492 824 685 825 446 826 669 827 687 828 447 829 671 830 818 831 253 832 491 833 817 834 252 835 493 836 686 837 445 838 672 839 444 840 255 841 494 842 684 843 778 844 670 845 780 846 239 847 368 848 1105 849 45 850 524 851 206 852 1025 853 1224 854 1266 855 144 856 1131 857 725 858 145 859 47 860 545 861 800 862 864 863 726 864 433 865 435 866 543 867 809 868 861 869 803 870 1115 871 489 872 1387 873 491 874 253 875 911 876 898 877 793 878 148 879 413 880 358 881 909 882 870 883 371 884 162 885 795 886 553 887 907 888 794 889 551 890 164 891 881 892 372 893 543 894 801 895 809 896 47 897 145 898 450 899 523 900 547 901 1106 902 823 903 228 904 1264 905 748 906 753 907 1023 908 346 909 1101 910 728 911 867 912 1028 913 569 914 569 915 1289 916 154 917 868 918 1045 919 1255 920 567 921 1290 922 759 923 723 924 1367 925 11 926 920 927 1270 928 824 929 796 930 414 931 151 932 373 933 910 934 871 935 6 936 730 937 401 938 464 939 1425 940 598 941 463 942 7 943 1038 944 1109 945 729 946 329 947 821 948 361 949 1257 950 403 951 1113 952 304 953 751 954 1141 955 1039 956 5 957 356 958 399 959 54 960 422 961 451 962 542 963 802 964 808 965 723 966 422 967 54 968 544 969 799 970 862 971 726 972 435 973 46 974 544 975 896 976 799 977 752 978 1142 979 599 980 8 981 410 982 332 983 80 984 876 985 1296 986 869 987 1044 988 1256 989 663 990 321 991 1032 992 885 993 1173 994 704 995 899 996 707 997 894 998 146 999 813 1000 323 1001 62 1002 812 1003 57 1004 900 1005 706 1006 897 1007 275 1008 1223 1009 1382 1010 2 1011 405 1012 602 1013 1 1014 406 1015 601 1016 1222 1017 1381 1018 276 1019 622 1020 750 1021 258 1022 273 1023 1043 1024 550 1025 619 1026 1414 1027 1412 1028 639 1029 876 1030 1276 1031 409 1032 901 1033 792 1034 742 1035 412 1036 357 1037 1226 1038 1029 1039 432 1040 599 1041 1142 1042 646 1043 1310 1044 887 1045 415 1046 226 1047 1290 1048 567 1049 87 1050 318 1051 494 1052 337 1053 651 1054 827 1055 338 1056 652 1057 825 1058 88 1059 317 1060 493 1061 1026 1062 278 1063 1104 1064 607 1065 988 1066 231 1067 1232 1068 835 1069 180 1070 579 1071 430 1072 554 1073 1234 1074 836 1075 181 1076 578 1077 429 1078 555 1079 1235 1080 838 1081 182 1082 580 1083 428 1084 556 1085 791 1086 1266 1087 64 1088 673 1089 495 1090 47 1091 574 1092 1267 1093 12 1094 675 1095 496 1096 58 1097 1353 1098 1265 1099 63 1100 674 1101 448 1102 46 1103 134 1104 704 1105 1173 1106 917 1107 872 1108 1126 1109 439 1110 716 1111 1422 1112 1161 1113 560 1114 912 1115 1033 1116 1225 1117 72 1118 1137 1119 533 1120 964 1121 1426 1122 1031 1123 885 1124 598 1125 1425 1126 968 1127 1228 1128 1028 1129 884 1130 1039 1131 1141 1132 969 1133 313 1134 284 1135 539 1136 390 1137 241 1138 1288 1139 421 1140 270 1141 508 1142 192 1143 1289 1144 569 1145 325 1146 672 1147 866 1148 1140 1149 583 1150 966 1151 312 1152 347 1153 538 1154 631 1155 215 1156 1287 1157 1138 1158 165 1159 1036 1160 324 1161 670 1162 865 1163 1038 1164 7 1165 967 1166 1429 1167 1030 1168 883 1169 981 1170 1005 1171 992 1172 297 1173 644 1174 1243 1175 140 1176 400 1177 831 1178 621 1179 198 1180 397 1181 139 1182 331 1183 832 1184 620 1185 199 1186 395 1187 200 1188 822 1189 1240 1190 269 1191 591 1192 875 1193 441 1194 110 1195 300 1196 696 1197 923 1198 114 1199 202 1200 402 1201 142 1202 624 1203 922 1204 398 1205 203 1206 330 1207 830 1208 625 1209 141 1210 396 1211 781 1212 260 1213 367 1214 1106 1215 39 1216 523 1217 440 1218 205 1219 301 1220 701 1221 925 1222 117 1223 1161 1224 912 1225 693 1226 206 1227 1224 1228 1380 1229 1005 1230 995 1231 993 1232 207 1233 718 1234 437 1235 1005 1236 996 1237 991 1238 208 1239 717 1240 438 1241 209 1242 716 1243 439 1244 992 1245 1005 1246 994 1247 1139 1248 1102 1249 1037 1250 327 1251 669 1252 1398 1253 326 1254 671 1255 1397 1256 1137 1257 1103 1258 533 1259 853 1260 364 1261 1164 1262 597 1263 756 1264 26 1265 1420 1266 213 1267 1208 1268 437 1269 718 1270 1420 1271 1421 1272 214 1273 1209 1274 438 1275 717 1276 1421 1277 566 1278 1108 1279 758 1280 28 1281 758 1282 172 1283 1032 1284 1227 1285 41 1286 1139 1287 1037 1288 963 1289 820 1290 167 1291 1259 1292 524 1293 155 1294 1105 1295 1034 1296 1428 1297 829 1298 1138 1299 1036 1300 965 1301 339 1302 654 1303 826 1304 55 1305 366 1306 492 1307 966 1308 583 1309 740 1310 1035 1311 1427 1312 79 1313 336 1314 653 1315 843 1316 147 1317 365 1318 491 1319 322 1320 222 1321 1263 1322 868 1323 1029 1324 567 1325 248 1326 637 1327 1057 1328 542 1329 606 1330 932 1331 249 1332 636 1333 1058 1334 545 1335 604 1336 930 1337 597 1338 638 1339 1059 1340 544 1341 605 1342 931 1343 837 1344 713 1345 1047 1346 143 1347 507 1348 226 1349 862 1350 798 1351 1056 1352 588 1353 935 1354 841 1355 874 1356 635 1357 411 1358 664 1359 355 1360 1033 1361 657 1362 393 1363 725 1364 10 1365 229 1366 353 1367 655 1368 391 1369 724 1370 30 1371 230 1372 352 1373 16 1374 231 1375 988 1376 658 1377 394 1378 726 1379 443 1380 702 1381 319 1382 232 1383 924 1384 121 1385 442 1386 703 1387 302 1388 233 1389 905 1390 124 1391 534 1392 1291 1393 525 1394 201 1395 234 1396 311 1397 109 1398 235 1399 309 1400 537 1401 1292 1402 527 1403 536 1404 1293 1405 526 1406 133 1407 236 1408 310 1409 535 1410 1294 1411 528 1412 132 1413 237 1414 308 1415 810 1416 840 1417 1215 1418 864 1419 1295 1420 617 1421 490 1422 1114 1423 239 1424 383 1425 1336 1426 1114 1427 630 1428 1165 1429 1061 1430 902 1431 997 1432 642 1433 17 1434 757 1435 186 1436 568 1437 1107 1438 757 1439 242 1440 615 1441 51 1442 306 1443 242 1444 51 1445 194 1446 1108 1447 566 1448 419 1449 650 1450 243 1451 191 1452 1107 1453 568 1454 420 1455 649 1456 244 1457 1095 1458 1188 1459 958 1460 565 1461 245 1462 471 1463 246 1464 1186 1465 531 1466 592 1467 1094 1468 842 1469 1093 1470 839 1471 593 1472 532 1473 247 1474 1187 1475 29 1476 731 1477 1149 1478 768 1479 775 1480 248 1481 769 1482 776 1483 249 1484 40 1485 732 1486 1150 1487 736 1488 250 1489 983 1490 1035 1491 1391 1492 990 1493 251 1494 1189 1495 688 1496 1113 1497 1413 1498 1415 1499 483 1500 686 1501 584 1502 252 1503 613 1504 1379 1505 253 1506 614 1507 1387 1508 484 1509 687 1510 587 1511 481 1512 685 1513 586 1514 254 1515 611 1516 1386 1517 482 1518 684 1519 585 1520 255 1521 612 1522 1378 1523 1233 1524 837 1525 1047 1526 1155 1527 1027 1528 1279 1529 738 1530 626 1531 985 1532 631 1533 1390 1534 303 1535 1010 1536 622 1537 873 1538 320 1539 873 1540 403 1541 987 1542 354 1543 811 1544 1414 1545 1112 1546 1412 1547 489 1548 260 1549 781 1550 489 1551 1115 1552 260 1553 851 1554 1388 1555 524 1556 739 1557 627 1558 982 1559 850 1560 1389 1561 523 1562 737 1563 628 1564 984 1565 47 1566 938 1567 1218 1568 27 1569 3 1570 1015 1571 29 1572 1149 1573 1014 1574 54 1575 940 1576 1219 1577 40 1578 1150 1579 1012 1580 58 1581 939 1582 1220 1583 26 1584 15 1585 1013 1586 46 1587 937 1588 1221 1589 267 1590 623 1591 786 1592 872 1593 917 1594 623 1595 490 1596 239 1597 780 1598 143 1599 176 1600 507 1601 1051 1602 708 1603 269 1604 786 1605 403 1606 1128 1607 126 1608 270 1609 421 1610 1311 1611 886 1612 126 1613 656 1614 392 1615 723 1616 33 1617 271 1618 351 1619 750 1620 962 1621 1127 1622 80 1623 272 1624 915 1625 172 1626 273 1627 1258 1628 1248 1629 1030 1630 566 1631 582 1632 1377 1633 27 1634 274 1635 404 1636 659 1637 1163 1638 505 1639 913 1640 749 1641 137 1642 999 1643 1162 1644 506 1645 914 1646 748 1647 153 1648 998 1649 919 1650 550 1651 473 1652 72 1653 1278 1654 1244 1655 705 1656 449 1657 278 1658 548 1659 1007 1660 705 1661 53 1662 579 1663 879 1664 1365 1665 566 1666 1030 1667 1364 1668 568 1669 1031 1670 61 1671 580 1672 878 1673 1366 1674 569 1675 1028 1676 833 1677 52 1678 578 1679 1237 1680 950 1681 282 1682 1118 1683 282 1684 1066 1685 1239 1686 949 1687 283 1688 1119 1689 283 1690 1067 1691 539 1692 284 1693 38 1694 250 1695 38 1696 983 1697 1062 1698 629 1699 1166 1700 1422 1701 34 1702 1206 1703 1120 1704 286 1705 1068 1706 1236 1707 947 1708 286 1709 1121 1710 287 1711 1065 1712 1238 1713 948 1714 287 1715 288 1716 416 1717 1125 1718 640 1719 577 1720 630 1721 557 1722 576 1723 629 1724 289 1725 418 1726 1122 1727 290 1728 503 1729 650 1730 290 1731 650 1732 419 1733 291 1734 504 1735 649 1736 291 1737 649 1738 420 1739 1035 1740 79 1741 292 1742 610 1743 79 1744 1247 1745 186 1746 293 1747 1260 1748 293 1749 1046 1750 549 1751 353 1752 1199 1753 294 1754 725 1755 807 1756 657 1757 607 1758 1201 1759 295 1760 726 1761 806 1762 658 1763 352 1764 1200 1765 296 1766 724 1767 804 1768 655 1769 297 1770 1190 1771 1202 1772 480 1773 1011 1774 677 1775 1154 1776 700 1777 920 1778 1286 1779 805 1780 723 1781 869 1782 299 1783 829 1784 1034 1785 829 1786 299 1787 796 1788 1083 1789 300 1790 441 1791 300 1792 1083 1793 795 1794 1087 1795 301 1796 440 1797 301 1798 1087 1799 797 1800 1085 1801 302 1802 442 1803 302 1804 1085 1805 303 1806 215 1807 631 1808 517 1809 166 1810 1262 1811 1415 1812 722 1813 1144 1814 1413 1815 722 1816 1415 1817 378 1818 741 1819 305 1820 196 1821 430 1822 633 1823 426 1824 218 1825 608 1826 599 1827 646 1828 944 1829 598 1830 968 1831 986 1832 379 1833 216 1834 609 1835 681 1836 977 1837 1069 1838 1304 1839 782 1840 20 1841 1302 1842 784 1843 14 1844 683 1845 979 1846 1070 1847 680 1848 980 1849 1072 1850 1303 1851 785 1852 44 1853 682 1854 978 1855 1071 1856 1301 1857 783 1858 19 1859 889 1860 1110 1861 116 1862 312 1863 116 1864 347 1865 313 1866 113 1867 284 1868 888 1869 1111 1870 113 1871 314 1872 513 1873 753 1874 918 1875 852 1876 1101 1877 474 1878 514 1879 754 1880 1168 1881 1334 1882 999 1883 1166 1884 1341 1885 1001 1886 475 1887 515 1888 755 1889 504 1890 816 1891 888 1892 825 1893 652 1894 317 1895 503 1896 814 1897 889 1898 827 1899 651 1900 318 1901 443 1902 319 1903 1086 1904 77 1905 1086 1906 319 1907 1010 1908 873 1909 320 1910 473 1911 1214 1912 919 1913 167 1914 820 1915 1241 1916 321 1917 41 1918 1249 1919 619 1920 1412 1921 1143 1922 4 1923 759 1924 322 1925 794 1926 1318 1927 551 1928 794 1929 1086 1930 77 1931 324 1932 865 1933 195 1934 324 1935 195 1936 585 1937 325 1938 193 1939 584 1940 325 1941 866 1942 193 1943 326 1944 1397 1945 211 1946 326 1947 211 1948 587 1949 327 1950 1398 1951 210 1952 327 1953 210 1954 586 1955 1133 1956 417 1957 1123 1958 558 1959 575 1960 328 1961 201 1962 329 1963 1078 1964 329 1965 729 1966 1078 1967 830 1968 330 1969 1073 1970 898 1971 1073 1972 330 1973 900 1974 1077 1975 331 1976 832 1977 331 1978 1077 1979 332 1980 410 1981 1082 1982 132 1983 332 1984 1082 1985 770 1986 745 1987 953 1988 1049 1989 1158 1990 1235 1991 771 1992 743 1993 954 1994 1050 1995 1157 1996 1234 1997 772 1998 744 1999 952 2000 1048 2001 1156 2002 1232 2003 336 2004 0 2005 526 2006 336 2007 843 2008 0 2009 337 2010 827 2011 82 2012 337 2013 82 2014 525 2015 338 2016 825 2017 83 2018 338 2019 83 2020 527 2021 339 2022 59 2023 528 2024 339 2025 826 2026 59 2027 427 2028 740 2029 220 2030 340 2031 429 2032 634 2033 768 2034 248 2035 518 2036 1123 2037 959 2038 1133 2039 769 2040 249 2041 519 2042 1122 2043 960 2044 289 2045 552 2046 797 2047 1321 2048 302 2049 1321 2050 797 2051 1026 2052 828 2053 278 2054 1265 2055 344 2056 607 2057 51 2058 615 2059 880 2060 1363 2061 567 2062 1029 2063 559 2064 677 2065 346 2066 1132 2067 466 2068 1124 2069 538 2070 347 2071 31 2072 626 2073 31 2074 985 2075 543 2076 348 2077 933 2078 582 2079 99 2080 679 2081 863 2082 94 2083 715 2084 839 2085 349 2086 934 2087 861 2088 93 2089 714 2090 350 2091 936 2092 842 2093 1385 2094 33 2095 351 2096 661 2097 1129 2098 459 2099 1384 2100 30 2101 352 2102 660 2103 1130 2104 458 2105 1383 2106 10 2107 353 2108 662 2109 1131 2110 460 2111 403 2112 1117 2113 134 2114 134 2115 1117 2116 704 2117 355 2118 72 2119 1244 2120 228 2121 823 2122 1242 2123 583 2124 751 2125 1039 2126 866 2127 672 2128 356 2129 1320 2130 414 2131 796 2132 300 2133 1320 2134 796 2135 301 2136 1314 2137 795 2138 553 2139 795 2140 1314 2141 600 2142 16 2143 1406 2144 1104 2145 779 2146 1026 2147 530 2148 238 2149 360 2150 1089 2151 840 2152 810 2153 1245 2154 884 2155 867 2156 361 2157 821 2158 160 2159 829 2160 915 2161 869 2162 166 2163 750 2164 1262 2165 773 2166 746 2167 951 2168 256 2169 1155 2170 1233 2171 212 2172 364 2173 546 2174 1124 2175 857 2176 774 2177 843 2178 653 2179 365 2180 489 2181 221 2182 803 2183 826 2184 654 2185 366 2186 490 2187 219 2188 815 2189 628 2190 39 2191 984 2192 204 2193 367 2194 39 2195 627 2196 45 2197 982 2198 268 2199 368 2200 45 2201 822 2202 200 2203 1261 2204 369 2205 241 2206 390 2207 901 2208 1316 2209 792 2210 901 2211 402 2212 66 2213 1315 2214 706 2215 900 2216 900 2217 331 2218 69 2219 898 2220 330 2221 65 2222 898 2223 1319 2224 793 2225 899 2226 400 2227 68 2228 1317 2229 707 2230 899 2231 935 2232 1056 2233 798 2234 101 2235 1096 2236 841 2237 1090 2238 638 2239 955 2240 375 2241 468 2242 97 2243 376 2244 469 2245 100 2246 1091 2247 636 2248 957 2249 377 2250 470 2251 98 2252 1092 2253 637 2254 956 2255 188 2256 1042 2257 378 2258 378 2259 305 2260 188 2261 379 2262 609 2263 189 2264 189 2265 1040 2266 379 2267 1118 2268 111 2269 282 2270 380 2271 966 2272 540 2273 1119 2274 112 2275 283 2276 381 2277 965 2278 541 2279 844 2280 787 2281 760 2282 614 2283 382 2284 1387 2285 847 2286 790 2287 762 2288 611 2289 383 2290 1386 2291 612 2292 384 2293 1378 2294 846 2295 789 2296 763 2297 845 2298 788 2299 761 2300 613 2301 385 2302 1379 2303 75 2304 1211 2305 587 2306 1068 2307 1195 2308 1120 2309 73 2310 1212 2311 585 2312 1067 2313 1196 2314 1119 2315 1066 2316 1193 2317 1118 2318 74 2319 1210 2320 584 2321 76 2322 1213 2323 586 2324 1065 2325 1194 2326 1121 2327 1288 2328 38 2329 390 2330 618 2331 849 2332 250 2333 839 2334 247 2335 532 2336 391 2337 230 2338 30 2339 841 2340 374 2341 529 2342 392 2343 271 2344 33 2345 393 2346 229 2347 10 2348 530 2349 10 2350 238 2351 842 2352 246 2353 531 2354 394 2355 231 2356 16 2357 487 2358 395 2359 1081 2360 395 2361 199 2362 1081 2363 488 2364 396 2365 1079 2366 396 2367 141 2368 1079 2369 485 2370 397 2371 1088 2372 397 2373 198 2374 1088 2375 486 2376 398 2377 1084 2378 398 2379 922 2380 1084 2381 133 2382 399 2383 1075 2384 399 2385 356 2386 1075 2387 831 2388 400 2389 1074 2390 899 2391 1074 2392 400 2393 401 2394 730 2395 1080 2396 109 2397 401 2398 1080 2399 901 2400 1076 2401 402 2402 142 2403 402 2404 1076 2405 916 2406 1051 2407 269 2408 403 2409 269 2410 875 2411 1006 2412 60 2413 858 2414 60 2415 1197 2416 404 2417 170 2418 1191 2419 405 2420 1009 2421 170 2422 859 2423 406 2424 171 2425 1192 2426 1008 2427 171 2428 860 2429 1120 2430 119 2431 286 2432 378 2433 590 2434 407 2435 1121 2436 118 2437 287 2438 379 2439 589 2440 408 2441 96 2442 409 2443 800 2444 742 2445 450 2446 145 2447 865 2448 670 2449 410 2450 599 2451 165 2452 752 2453 411 2454 635 2455 1278 2456 919 2457 1214 2458 1116 2459 174 2460 792 2461 66 2462 624 2463 647 2464 1254 2465 625 2466 648 2467 1253 2468 81 2469 793 2470 65 2471 871 2472 157 2473 512 2474 1405 2475 157 2476 632 2477 143 2478 363 2479 415 2480 415 2481 176 2482 143 2483 288 2484 104 2485 416 2486 1203 2487 594 2488 1006 2489 1133 2490 122 2491 417 2492 1204 2493 596 2494 1008 2495 1205 2496 595 2497 1009 2498 289 2499 120 2500 418 2501 835 2502 194 2503 735 2504 419 2505 243 2506 194 2507 838 2508 191 2509 733 2510 420 2511 244 2512 191 2513 421 2514 508 2515 192 2516 836 2517 192 2518 734 2519 148 2520 162 2521 422 2522 164 2523 911 2524 799 2525 870 2526 423 2527 511 2528 1305 2529 701 2530 423 2531 424 2532 1328 2533 881 2534 1217 2535 232 2536 424 2537 425 2538 1322 2539 882 2540 1216 2541 233 2542 425 2543 541 2544 426 2545 175 2546 426 2547 608 2548 175 2549 990 2550 427 2551 190 2552 427 2553 220 2554 190 2555 580 2556 61 2557 428 2558 307 2559 428 2560 61 2561 578 2562 52 2563 429 2564 634 2565 429 2566 52 2567 579 2568 53 2569 430 2570 633 2571 430 2572 53 2573 1097 2574 1229 2575 1372 2576 641 2577 431 2578 767 2579 1255 2580 639 2581 1276 2582 829 2583 80 2584 915 2585 146 2586 907 2587 433 2588 894 2589 809 2590 801 2591 62 2592 908 2593 434 2594 897 2595 808 2596 802 2597 799 2598 896 2599 164 2600 907 2601 435 2602 433 2603 800 2604 895 2605 96 2606 908 2607 436 2608 434 2609 572 2610 766 2611 721 2612 128 2613 207 2614 437 2615 570 2616 765 2617 720 2618 127 2619 208 2620 438 2621 571 2622 764 2623 719 2624 105 2625 209 2626 439 2627 903 2628 440 2629 652 2630 925 2631 109 2632 117 2633 923 2634 201 2635 114 2636 904 2637 441 2638 651 2639 905 2640 132 2641 124 2642 921 2643 442 2644 654 2645 777 2646 443 2647 653 2648 924 2649 133 2650 121 2651 778 2652 142 2653 670 2654 922 2655 444 2656 1084 2657 445 2658 830 2659 672 2660 141 2661 817 2662 1079 2663 446 2664 832 2665 669 2666 199 2667 819 2668 1081 2669 198 2670 818 2671 1088 2672 447 2673 831 2674 671 2675 726 2676 1251 2677 697 2678 1268 2679 448 2680 1376 2681 1165 2682 1207 2683 1061 2684 877 2685 129 2686 1000 2687 894 2688 801 2689 910 2690 151 2691 450 2692 742 2693 162 2694 451 2695 422 2696 909 2697 897 2698 802 2699 616 2700 452 2701 240 2702 981 2703 992 2704 452 2705 146 2706 707 2707 813 2708 1403 2709 453 2710 1419 2711 62 2712 706 2713 812 2714 1404 2715 454 2716 1418 2717 773 2718 78 2719 455 2720 8 2721 689 2722 1410 2723 5 2724 690 2725 1411 2726 771 2727 107 2728 456 2729 1046 2730 457 2731 549 2732 757 2733 917 2734 186 2735 1382 2736 1223 2737 971 2738 458 2739 1130 2740 130 2741 459 2742 1129 2743 131 2744 1222 2745 970 2746 1381 2747 1380 2748 1224 2749 972 2750 460 2751 1131 2752 144 2753 770 2754 135 2755 461 2756 6 2757 692 2758 1424 2759 772 2760 462 2761 138 2762 1109 2763 691 2764 1423 2765 1397 2766 671 2767 729 2768 533 2769 1103 2770 463 2771 1398 2772 669 2773 730 2774 598 2775 1102 2776 464 2777 824 2778 1368 2779 920 2780 156 2781 465 2782 54 2783 1202 2784 1190 2785 1007 2786 1132 2787 106 2788 466 2789 1098 2790 852 2791 918 2792 467 2793 1402 2794 774 2795 937 2796 26 2797 1013 2798 468 2799 375 2800 26 2801 376 2802 40 2803 469 2804 939 2805 40 2806 1012 2807 377 2808 29 2809 470 2810 940 2811 29 2812 1014 2813 471 2814 245 2815 27 2816 938 2817 27 2818 1015 2819 472 2820 1401 2821 834 2822 1372 2823 125 2824 1097 2825 1010 2826 172 2827 758 2828 473 2829 550 2830 1043 2831 102 2832 1231 2833 315 2834 1100 2835 1231 2836 1370 2837 108 2838 1230 2839 316 2840 1099 2841 1230 2842 1371 2843 79 2844 1051 2845 1247 2846 200 2847 786 2848 1261 2849 549 2850 477 2851 1246 2852 885 2853 1031 2854 477 2855 550 2856 478 2857 1248 2858 883 2859 1030 2860 478 2861 1167 2862 1335 2863 998 2864 479 2865 852 2866 103 2867 521 2868 1005 2869 480 2870 480 2871 1373 2872 1011 2873 18 2874 1182 2875 481 2876 790 2877 847 2878 1213 2879 9 2880 1184 2881 482 2882 789 2883 846 2884 1212 2885 25 2886 1183 2887 483 2888 788 2889 845 2890 1210 2891 32 2892 1185 2893 484 2894 787 2895 844 2896 1211 2897 485 2898 1088 2899 323 2900 323 2901 813 2902 1325 2903 486 2904 1084 2905 357 2906 412 2907 1324 2908 357 2909 487 2910 1081 2911 57 2912 57 2913 812 2914 1329 2915 488 2916 1079 2917 358 2918 413 2919 1327 2920 358 2921 270 2922 489 2923 781 2924 886 2925 221 2926 489 2927 887 2928 219 2929 490 2930 176 2931 490 2932 780 2933 491 2934 365 2935 136 2936 818 2937 491 2938 136 2939 492 2940 366 2941 48 2942 819 2943 492 2944 48 2945 493 2946 317 2947 43 2948 817 2949 493 2950 43 2951 494 2952 318 2953 42 2954 444 2955 494 2956 42 2957 1269 2958 495 2959 1375 2960 725 2961 1250 2962 183 2963 1271 2964 496 2965 1374 2966 724 2967 1252 2968 184 2969 884 2970 1028 2971 497 2972 867 2973 884 2974 497 2975 373 2976 498 2977 114 2978 114 2979 498 2980 696 2981 509 2982 499 2983 121 2984 121 2985 499 2986 232 2987 371 2988 500 2989 117 2990 117 2991 500 2992 701 2993 124 2994 501 2995 233 2996 370 2997 501 2998 124 2999 1277 3000 354 3001 987 3002 167 3003 502 3004 1259 3005 503 3006 177 3007 814 3008 1312 3009 177 3010 503 3011 504 3012 178 3013 816 3014 1313 3015 178 3016 504 3017 505 3018 137 3019 913 3020 1209 3021 1064 3022 1168 3023 506 3024 153 3025 914 3026 1208 3027 1063 3028 1167 3029 1290 3030 1105 3031 759 3032 176 3033 780 3034 507 3035 204 3036 508 3037 270 3038 1289 3039 1106 3040 154 3041 372 3042 1328 3043 121 3044 372 3045 881 3046 1328 3047 510 3048 501 3049 370 3050 370 3051 882 3052 1322 3053 511 3054 500 3055 371 3056 870 3057 1323 3058 371 3059 512 3060 498 3061 373 3062 373 3063 871 3064 1326 3065 753 3066 513 3067 941 3068 1134 3069 33 3070 1385 3071 754 3072 514 3073 942 3074 1136 3075 30 3076 1384 3077 1135 3078 10 3079 1383 3080 755 3081 515 3082 943 3083 251 3084 516 3085 403 3086 516 3087 251 3088 1413 3089 303 3090 1390 3091 517 3092 215 3093 303 3094 517 3095 1370 3096 71 3097 1100 3098 518 3099 71 3100 1399 3101 1371 3102 70 3103 1099 3104 519 3105 70 3106 1400 3107 996 3108 993 3109 520 3110 208 3111 520 3112 717 3113 207 3114 521 3115 718 3116 995 3117 1005 3118 521 3119 209 3120 522 3121 716 3122 994 3123 991 3124 522 3125 823 3126 523 3127 1242 3128 152 3129 547 3130 523 3131 217 3132 155 3133 524 3134 820 3135 524 3136 1241 3137 525 3138 234 3139 337 3140 19 3141 783 3142 525 3143 44 3144 785 3145 526 3146 526 3147 236 3148 336 3149 527 3150 235 3151 338 3152 14 3153 784 3154 527 3155 20 3156 782 3157 528 3158 528 3159 237 3160 339 3161 392 3162 529 3163 163 3164 392 3165 33 3166 529 3167 393 3168 530 3169 49 3170 393 3171 10 3172 530 3173 394 3174 531 3175 50 3176 394 3177 16 3178 531 3179 391 3180 532 3181 84 3182 391 3183 30 3184 532 3185 533 3186 463 3187 1038 3188 964 3189 533 3190 741 3191 525 3192 82 3193 534 3194 290 3195 1146 3196 1312 3197 528 3198 59 3199 535 3200 415 3201 1147 3202 1310 3203 526 3204 0 3205 536 3206 126 3207 1145 3208 1311 3209 527 3210 83 3211 537 3212 291 3213 1148 3214 1313 3215 215 3216 1108 3217 1287 3218 538 3219 243 3220 650 3221 241 3222 1107 3223 1288 3224 539 3225 244 3226 649 3227 990 3228 736 3229 540 3230 1348 3231 111 3232 1118 3233 1041 3234 738 3235 541 3236 1345 3237 112 3238 1119 3239 470 3240 1298 3241 542 3242 1298 3243 451 3244 542 3245 1300 3246 450 3247 543 3248 471 3249 1300 3250 543 3251 1297 3252 896 3253 544 3254 468 3255 1297 3256 544 3257 1299 3258 895 3259 545 3260 469 3261 1299 3262 545 3263 1431 3264 212 3265 546 3266 1353 3267 853 3268 344 3269 154 3270 1106 3271 547 3272 154 3273 722 3274 688 3275 828 3276 1396 3277 278 3278 278 3279 1396 3280 705 3281 549 3282 885 3283 477 3284 549 3285 1173 3286 885 3287 550 3288 883 3289 478 3290 919 3291 883 3292 550 3293 424 3294 881 3295 1217 3296 551 3297 1318 3298 150 3299 425 3300 882 3301 1216 3302 552 3303 1321 3304 56 3305 553 3306 1314 3307 149 3308 553 3309 1305 3310 423 3311 1156 3312 554 3313 1281 3314 1048 3315 554 3316 1156 3317 1157 3318 555 3319 1280 3320 1050 3321 555 3322 1157 3323 1158 3324 556 3325 1282 3326 1049 3327 556 3328 1158 3329 34 3330 1062 3331 1206 3332 522 3333 557 3334 34 3335 214 3336 1064 3337 1209 3338 520 3339 558 3340 214 3341 521 3342 559 3343 213 3344 213 3345 1063 3346 1208 3347 560 3348 285 3349 912 3350 1206 3351 1062 3352 1166 3353 263 3354 1171 3355 561 3356 938 3357 1015 3358 1218 3359 265 3360 1172 3361 562 3362 939 3363 1012 3364 1220 3365 264 3366 1170 3367 563 3368 940 3369 1014 3370 1219 3371 937 3372 1013 3373 1221 3374 266 3375 1169 3376 564 3377 348 3378 99 3379 933 3380 565 3381 1188 3382 1095 3383 273 3384 566 3385 1258 3386 566 3387 758 3388 28 3389 222 3390 567 3391 1263 3392 567 3393 759 3394 4 3395 293 3396 568 3397 1260 3398 568 3399 757 3400 17 3401 569 3402 154 3403 13 3404 361 3405 569 3406 1257 3407 1180 3408 127 3409 765 3410 522 3411 991 3412 570 3413 452 3414 992 3415 571 3416 1178 3417 105 3418 764 3419 520 3420 993 3421 572 3422 1179 3423 128 3424 766 3425 573 3426 1 3427 601 3428 1149 3429 731 3430 1 3431 574 3432 2 3433 602 3434 1150 3435 732 3436 2 3437 572 3438 721 3439 575 3440 1357 3441 122 3442 1133 3443 570 3444 720 3445 576 3446 1356 3447 120 3448 289 3449 571 3450 719 3451 577 3452 1355 3453 104 3454 288 3455 578 3456 181 3457 833 3458 1234 3459 181 3460 1050 3461 1232 3462 180 3463 1048 3464 579 3465 180 3466 879 3467 1235 3468 182 3469 1049 3470 580 3471 182 3472 878 3473 1143 3474 1412 3475 173 3476 403 3477 173 3478 581 3479 1358 3480 3 3481 582 3482 472 3483 1358 3484 582 3485 1140 3486 161 3487 583 3488 583 3489 161 3490 751 3491 1308 3492 193 3493 1020 3494 388 3495 74 3496 584 3497 387 3498 73 3499 585 3500 1306 3501 195 3502 1022 3503 389 3504 76 3505 586 3506 1309 3507 210 3508 1021 3509 1307 3510 211 3511 1019 3512 386 3513 75 3514 587 3515 227 3516 588 3517 225 3518 1056 3519 935 3520 588 3521 1040 3522 739 3523 589 3524 1347 3525 118 3526 1121 3527 1042 3528 737 3529 590 3530 1346 3531 119 3532 1120 3533 1245 3534 591 3535 884 3536 269 3537 708 3538 591 3539 350 3540 93 3541 936 3542 592 3543 1186 3544 246 3545 349 3546 94 3547 934 3548 593 3549 1187 3550 247 3551 187 3552 560 3553 1161 3554 719 3555 974 3556 594 3557 35 3558 505 3559 1163 3560 720 3561 975 3562 595 3563 36 3564 506 3565 1162 3566 721 3567 976 3568 596 3569 1431 3570 597 3571 212 3572 774 3573 597 3574 467 3575 216 3576 598 3577 986 3578 1037 3579 1102 3580 598 3581 218 3582 599 3583 944 3584 1036 3585 165 3586 599 3587 431 3588 600 3589 359 3590 359 3591 600 3592 22 3593 1344 3594 573 3595 601 3596 171 3597 970 3598 1192 3599 1342 3600 574 3601 602 3602 170 3603 971 3604 1191 3605 1343 3606 791 3607 603 3608 60 3609 972 3610 1197 3611 906 3612 224 3613 604 3614 1058 3615 930 3616 604 3617 605 3618 227 3619 225 3620 1059 3621 931 3622 605 3623 606 3624 715 3625 223 3626 1057 3627 932 3628 606 3629 607 3630 344 3631 1392 3632 179 3633 1416 3634 607 3635 1428 3636 1226 3637 829 3638 306 3639 608 3640 218 3641 307 3642 609 3643 216 3644 885 3645 1227 3646 1426 3647 292 3648 610 3649 1035 3650 610 3651 292 3652 79 3653 1055 3654 383 3655 611 3656 18 3657 1275 3658 1182 3659 1054 3660 384 3661 612 3662 9 3663 1273 3664 1184 3665 1053 3666 385 3667 613 3668 25 3669 1272 3670 1183 3671 32 3672 1274 3673 1185 3674 1052 3675 382 3676 614 3677 242 3678 1027 3679 615 3680 1233 3681 1047 3682 256 3683 616 3684 89 3685 452 3686 1243 3687 644 3688 89 3689 95 3690 617 3691 1295 3692 604 3693 617 3694 906 3695 849 3696 1391 3697 390 3698 1035 3699 390 3700 1391 3701 155 3702 502 3703 619 3704 759 3705 619 3706 1143 3707 832 3708 1404 3709 139 3710 1404 3711 1418 3712 139 3713 831 3714 1403 3715 140 3716 1403 3717 1419 3718 140 3719 758 3720 622 3721 1010 3722 215 3723 750 3724 622 3725 241 3726 786 3727 623 3728 757 3729 623 3730 917 3731 142 3732 624 3733 202 3734 1254 3735 202 3736 624 3737 830 3738 625 3739 203 3740 1253 3741 203 3742 625 3743 257 3744 848 3745 626 3746 175 3747 1390 3748 1041 3749 261 3750 851 3751 627 3752 189 3753 1388 3754 1040 3755 188 3756 1389 3757 1042 3758 262 3759 850 3760 628 3761 1159 3762 1017 3763 629 3764 629 3765 576 3766 1159 3767 630 3768 577 3769 1160 3770 1160 3771 1018 3772 630 3773 848 3774 1390 3775 631 3776 1287 3777 31 3778 631 3779 414 3780 632 3781 157 3782 414 3783 1320 3784 632 3785 633 3786 305 3787 741 3788 1429 3789 883 3790 1225 3791 1427 3792 1228 3793 79 3794 634 3795 220 3796 740 3797 228 3798 1144 3799 1264 3800 1244 3801 1278 3802 635 3803 100 3804 636 3805 1091 3806 930 3807 1058 3808 636 3809 98 3810 637 3811 1092 3812 932 3813 1057 3814 637 3815 931 3816 1059 3817 638 3818 97 3819 638 3820 1090 3821 1045 3822 639 3823 1255 3824 759 3825 1143 3826 322 3827 640 3828 240 3829 452 3830 1207 3831 240 3832 1061 3833 115 3834 1229 3835 641 3836 1000 3837 1165 3838 1340 3839 449 3840 642 3841 129 3842 37 3843 642 3844 449 3845 868 3846 432 3847 643 3848 432 3849 1029 3850 643 3851 197 3852 89 3853 644 3854 1181 3855 197 3856 644 3857 824 3858 156 3859 1368 3860 264 3861 645 3862 1170 3863 646 3864 1027 3865 242 3866 944 3867 646 3868 242 3869 412 3870 1254 3871 647 3872 647 3873 1324 3874 412 3875 648 3876 1327 3877 413 3878 413 3879 1253 3880 648 3881 649 3882 313 3883 539 3884 504 3885 888 3886 649 3887 503 3888 889 3889 650 3890 650 3891 312 3892 538 3893 1084 3894 1083 3895 357 3896 318 3897 651 3898 42 3899 1079 3900 1087 3901 358 3902 317 3903 652 3904 43 3905 365 3906 653 3907 136 3908 1088 3909 1086 3910 323 3911 1081 3912 1085 3913 797 3914 366 3915 654 3916 48 3917 1200 3918 655 3919 296 3920 230 3921 391 3922 655 3923 1198 3924 656 3925 298 3926 271 3927 392 3928 656 3929 1199 3930 657 3931 294 3932 229 3933 393 3934 657 3935 1201 3936 658 3937 295 3938 231 3939 394 3940 658 3941 791 3942 1417 3943 603 3944 1358 3945 659 3946 3 3947 754 3948 942 3949 1024 3950 23 3951 352 3952 660 3953 1023 3954 753 3955 941 3956 24 3957 351 3958 661 3959 21 3960 353 3961 662 3962 755 3963 943 3964 1025 3965 1032 3966 41 3967 663 3968 321 3969 663 3970 41 3971 1033 3972 72 3973 664 3974 355 3975 664 3976 72 3977 665 3978 333 3979 420 3980 665 3981 85 3982 333 3983 666 3984 335 3985 419 3986 666 3987 86 3988 335 3989 667 3990 123 3991 363 3992 667 3993 363 3994 143 3995 668 3996 92 3997 334 3998 668 3999 334 4000 421 4001 730 4002 669 4003 1080 4004 900 4005 117 4006 1077 4007 410 4008 670 4009 1082 4010 901 4011 124 4012 1076 4013 114 4014 1074 4015 373 4016 729 4017 671 4018 1078 4019 356 4020 672 4021 1075 4022 121 4023 1073 4024 372 4025 1375 4026 495 4027 673 4028 263 4029 1003 4030 1171 4031 1376 4032 448 4033 674 4034 266 4035 1002 4036 1169 4037 1374 4038 496 4039 675 4040 265 4041 1004 4042 1172 4043 1124 4044 1060 4045 1132 4046 467 4047 67 4048 1402 4049 1354 4050 106 4051 1132 4052 677 4053 1011 4054 106 4055 472 4056 125 4057 1401 4058 1125 4059 961 4060 288 4061 348 4062 679 4063 99 4064 1393 4065 714 4066 679 4067 690 4068 310 4069 680 4070 1303 4071 310 4072 785 4073 689 4074 308 4075 681 4076 1304 4077 308 4078 782 4079 691 4080 311 4081 682 4082 1301 4083 311 4084 783 4085 692 4086 309 4087 683 4088 1302 4089 309 4090 784 4091 684 4092 1184 4093 778 4094 1184 4095 684 4096 482 4097 685 4098 1182 4099 446 4100 1182 4101 685 4102 481 4103 686 4104 1183 4105 445 4106 1183 4107 686 4108 483 4109 687 4110 1185 4111 447 4112 1185 4113 687 4114 484 4115 160 4116 688 4117 1189 4118 821 4119 688 4120 160 4121 689 4122 455 4123 78 4124 689 4125 681 4126 1069 4127 690 4128 680 4129 1072 4130 690 4131 456 4132 107 4133 691 4134 138 4135 462 4136 691 4137 682 4138 1071 4139 692 4140 683 4141 1070 4142 692 4143 461 4144 135 4145 1380 4146 693 4147 206 4148 60 4149 1006 4150 693 4151 1382 4152 694 4153 275 4154 170 4155 1009 4156 694 4157 171 4158 1008 4159 695 4160 276 4161 1381 4162 695 4163 1405 4164 632 4165 110 4166 1405 4167 110 4168 923 4169 1251 4170 185 4171 697 4172 1151 4173 697 4174 185 4175 1250 4176 698 4177 183 4178 1152 4179 183 4180 698 4181 1252 4182 699 4183 184 4184 1153 4185 184 4186 699 4187 1367 4188 700 4189 11 4190 1154 4191 11 4192 700 4193 1305 4194 205 4195 701 4196 701 4197 205 4198 925 4199 1217 4200 702 4201 232 4202 232 4203 702 4204 924 4205 1216 4206 703 4207 233 4208 233 4209 703 4210 905 4211 1249 4212 1277 4213 987 4214 41 4215 1277 4216 1249 4217 1007 4218 1190 4219 705 4220 37 4221 449 4222 705 4223 169 4224 706 4225 69 4226 1418 4227 812 4228 706 4229 1419 4230 813 4231 707 4232 168 4233 707 4234 68 4235 79 4236 708 4237 1051 4238 884 4239 591 4240 708 4241 282 4242 950 4243 709 4244 1111 4245 1339 4246 113 4247 286 4248 947 4249 710 4250 1115 4251 1338 4252 260 4253 287 4254 948 4255 711 4256 1114 4257 1336 4258 239 4259 283 4260 949 4261 712 4262 1110 4263 1337 4264 116 4265 929 4266 345 4267 713 4268 837 4269 226 4270 713 4271 714 4272 1395 4273 679 4274 350 4275 714 4276 93 4277 349 4278 715 4279 94 4280 715 4281 1394 4282 223 4283 716 4284 522 4285 34 4286 716 4287 34 4288 1422 4289 717 4290 214 4291 1421 4292 717 4293 520 4294 214 4295 718 4296 521 4297 213 4298 718 4299 213 4300 1420 4301 577 4302 719 4303 104 4304 719 4305 594 4306 1203 4307 720 4308 595 4309 1205 4310 576 4311 720 4312 120 4313 721 4314 596 4315 1204 4316 575 4317 721 4318 122 4319 547 4320 722 4321 154 4322 547 4323 1144 4324 722 4325 392 4326 163 4327 723 4328 163 4329 799 4330 723 4331 391 4332 84 4333 724 4334 84 4335 434 4336 724 4337 393 4338 49 4339 725 4340 49 4341 800 4342 725 4343 50 4344 433 4345 726 4346 394 4347 50 4348 726 4349 1168 4350 727 4351 1334 4352 1064 4353 727 4354 1168 4355 1167 4356 728 4357 1335 4358 1063 4359 728 4360 1167 4361 159 4362 729 4363 463 4364 1109 4365 463 4366 729 4367 6 4368 464 4369 730 4370 158 4371 730 4372 464 4373 1430 4374 248 4375 775 4376 248 4377 731 4378 29 4379 1432 4380 249 4381 776 4382 249 4383 732 4384 40 4385 733 4386 878 4387 182 4388 838 4389 733 4390 182 4391 836 4392 734 4393 181 4394 734 4395 833 4396 181 4397 835 4398 735 4399 180 4400 735 4401 879 4402 180 4403 1362 4404 1237 4405 736 4406 736 4407 111 4408 540 4409 1359 4410 1236 4411 737 4412 737 4413 119 4414 590 4415 1361 4416 1239 4417 738 4418 738 4419 112 4420 541 4421 1360 4422 1238 4423 739 4424 739 4425 118 4426 589 4427 583 4428 1039 4429 740 4430 740 4431 340 4432 634 4433 533 4434 1038 4435 741 4436 741 4437 196 4438 633 4439 409 4440 412 4441 742 4442 145 4443 409 4444 742 4445 1293 4446 1145 4447 743 4448 980 4449 743 4450 1072 4451 1291 4452 1146 4453 744 4454 978 4455 744 4456 1071 4457 1292 4458 1148 4459 745 4460 979 4461 745 4462 1070 4463 977 4464 746 4465 1069 4466 1294 4467 1147 4468 746 4469 912 4470 285 4471 747 4472 747 4473 1025 4474 206 4475 914 4476 153 4477 748 4478 1023 4479 276 4480 748 4481 913 4482 137 4483 749 4484 749 4485 1024 4486 275 4487 750 4488 362 4489 962 4490 166 4491 362 4492 750 4493 5 4494 751 4495 356 4496 161 4497 356 4498 751 4499 8 4500 752 4501 410 4502 165 4503 410 4504 752 4505 753 4506 748 4507 103 4508 103 4509 314 4510 753 4511 315 4512 474 4513 754 4514 749 4515 315 4516 754 4517 747 4518 316 4519 755 4520 316 4521 475 4522 755 4523 15 4524 756 4525 546 4526 26 4527 756 4528 15 4529 757 4530 1107 4531 241 4532 241 4533 623 4534 757 4535 215 4536 622 4537 758 4538 758 4539 1108 4540 215 4541 155 4542 619 4543 759 4544 759 4545 1105 4546 155 4547 382 4548 760 4549 1338 4550 1052 4551 760 4552 382 4553 1053 4554 761 4555 385 4556 385 4557 761 4558 1339 4559 383 4560 762 4561 1336 4562 1055 4563 762 4564 383 4565 1054 4566 763 4567 384 4568 384 4569 763 4570 1337 4571 764 4572 439 4573 974 4574 105 4575 439 4576 764 4577 127 4578 438 4579 765 4580 765 4581 438 4582 975 4583 766 4584 437 4585 976 4586 128 4587 437 4588 766 4589 1104 4590 877 4591 767 4592 431 4593 359 4594 767 4595 518 4596 1399 4597 768 4598 1123 4599 860 4600 768 4601 859 4602 769 4603 1122 4604 519 4605 1400 4606 769 4607 333 4608 85 4609 770 4610 770 4611 1158 4612 1282 4613 771 4614 1157 4615 1280 4616 334 4617 92 4618 771 4619 772 4620 1156 4621 1281 4622 335 4623 86 4624 772 4625 773 4626 1155 4627 1279 4628 363 4629 123 4630 773 4631 212 4632 774 4633 364 4634 774 4635 212 4636 597 4637 1430 4638 775 4639 1 4640 775 4641 406 4642 1 4643 776 4644 405 4645 2 4646 1432 4647 776 4648 2 4649 133 4650 443 4651 777 4652 236 4653 133 4654 777 4655 778 4656 255 4657 444 4658 444 4659 142 4660 778 4661 988 4662 607 4663 1416 4664 22 4665 779 4666 359 4667 507 4668 780 4669 268 4670 780 4671 368 4672 268 4673 270 4674 781 4675 204 4676 781 4677 367 4678 204 4679 308 4680 237 4681 782 4682 782 4683 237 4684 1176 4685 783 4686 234 4687 1174 4688 311 4689 234 4690 783 4691 784 4692 235 4693 1177 4694 309 4695 235 4696 784 4697 785 4698 236 4699 1175 4700 310 4701 236 4702 785 4703 200 4704 476 4705 786 4706 786 4707 476 4708 403 4709 75 4710 787 4711 1211 4712 1068 4713 891 4714 787 4715 1066 4716 892 4717 788 4718 74 4719 788 4720 1210 4721 1067 4722 893 4723 789 4724 73 4725 789 4726 1212 4727 76 4728 790 4729 1213 4730 1065 4731 890 4732 790 4733 1015 4734 3 4735 791 4736 3 4737 1417 4738 791 4739 409 4740 792 4741 412 4742 1254 4743 412 4744 792 4745 148 4746 793 4747 413 4748 1253 4749 413 4750 793 4751 794 4752 323 4753 1086 4754 323 4755 794 4756 146 4757 162 4758 358 4759 795 4760 795 4761 358 4762 1087 4763 742 4764 357 4765 796 4766 796 4767 357 4768 1083 4769 1081 4770 797 4771 57 4772 908 4773 57 4774 797 4775 529 4776 374 4777 798 4778 101 4779 798 4780 374 4781 799 4782 148 4783 422 4784 723 4785 799 4786 422 4787 725 4788 800 4789 145 4790 800 4791 409 4792 145 4793 450 4794 910 4795 801 4796 543 4797 450 4798 801 4799 542 4800 451 4801 802 4802 451 4803 909 4804 802 4805 221 4806 365 4807 803 4808 147 4809 803 4810 365 4811 1285 4812 1153 4813 804 4814 655 4815 804 4816 296 4817 656 4818 805 4819 298 4820 1286 4821 1154 4822 805 4823 658 4824 806 4825 295 4826 1283 4827 1151 4828 806 4829 1284 4830 1152 4831 807 4832 657 4833 807 4834 294 4835 62 4836 434 4837 808 4838 84 4839 808 4840 434 4841 50 4842 809 4843 433 4844 146 4845 433 4846 809 4847 810 4848 360 4849 238 4850 360 4851 810 4852 1215 4853 403 4854 259 4855 811 4856 811 4857 259 4858 1414 4859 812 4860 1418 4861 454 4862 454 4863 1329 4864 812 4865 453 4866 1325 4867 813 4868 813 4869 1419 4870 453 4871 87 4872 814 4873 318 4874 177 4875 318 4876 814 4877 55 4878 815 4879 366 4880 219 4881 366 4882 815 4883 88 4884 816 4885 317 4886 178 4887 317 4888 816 4889 445 4890 252 4891 817 4892 817 4893 830 4894 445 4895 447 4896 253 4897 818 4898 818 4899 831 4900 447 4901 446 4902 254 4903 819 4904 819 4905 832 4906 446 4907 217 4908 524 4909 820 4910 155 4911 217 4912 820 4913 13 4914 154 4915 821 4916 154 4917 688 4918 821 4919 369 4920 390 4921 822 4922 241 4923 369 4924 822 4925 152 4926 523 4927 823 4928 547 4929 152 4930 823 4931 1367 4932 824 4933 700 4934 465 4935 156 4936 824 4937 825 4938 178 4939 83 4940 825 4941 317 4942 178 4943 826 4944 366 4945 219 4946 826 4947 219 4948 59 4949 827 4950 318 4951 177 4952 827 4953 177 4954 82 4955 344 4956 828 4957 1392 4958 853 4959 828 4960 344 4961 829 4962 1226 4963 432 4964 432 4965 80 4966 829 4967 817 4968 141 4969 830 4970 625 4971 830 4972 141 4973 818 4974 198 4975 831 4976 621 4977 831 4978 198 4979 819 4980 199 4981 832 4982 620 4983 832 4984 199 4985 1366 4986 1028 4987 833 4988 281 4989 833 4990 734 4991 274 4992 834 4993 404 4994 834 4995 1358 4996 472 4997 419 4998 194 4999 835 5000 419 5001 835 5002 666 5003 421 5004 836 5005 668 5006 421 5007 192 5008 836 5009 143 5010 226 5011 837 5012 143 5013 837 5014 667 5015 420 5016 838 5017 665 5018 420 5019 191 5020 838 5021 1136 5022 839 5023 30 5024 532 5025 30 5026 839 5027 1135 5028 840 5029 10 5030 10 5031 840 5032 238 5033 529 5034 33 5035 841 5036 1134 5037 841 5038 33 5039 531 5040 16 5041 842 5042 600 5043 842 5044 16 5045 365 5046 221 5047 843 5048 843 5049 221 5050 0 5051 844 5052 760 5053 1052 5054 484 5055 844 5056 32 5057 483 5058 845 5059 25 5060 845 5061 761 5062 1053 5063 482 5064 846 5065 9 5066 846 5067 763 5068 1054 5069 481 5070 847 5071 18 5072 847 5073 762 5074 1055 5075 626 5076 848 5077 31 5078 848 5079 631 5080 31 5081 250 5082 849 5083 38 5084 849 5085 390 5086 38 5087 628 5088 850 5089 39 5090 850 5091 523 5092 39 5093 627 5094 851 5095 45 5096 851 5097 524 5098 45 5099 225 5100 314 5101 852 5102 103 5103 852 5104 314 5105 546 5106 853 5107 1353 5108 546 5109 364 5110 853 5111 727 5112 854 5113 1334 5114 102 5115 1370 5116 1231 5117 115 5118 1372 5119 1229 5120 855 5121 1340 5122 630 5123 108 5124 1371 5125 1230 5126 629 5127 856 5128 1341 5129 774 5130 857 5131 364 5132 857 5133 548 5134 364 5135 858 5136 404 5137 834 5138 60 5139 404 5140 858 5141 170 5142 405 5143 859 5144 859 5145 405 5146 769 5147 768 5148 860 5149 406 5150 860 5151 171 5152 406 5153 861 5154 809 5155 50 5156 531 5157 861 5158 50 5159 529 5160 862 5161 163 5162 862 5163 799 5164 163 5165 532 5166 863 5167 84 5168 808 5169 84 5170 863 5171 530 5172 864 5173 49 5174 864 5175 800 5176 49 5177 865 5178 165 5179 195 5180 410 5181 165 5182 865 5183 866 5184 161 5185 193 5186 356 5187 161 5188 866 5189 867 5190 569 5191 361 5192 361 5193 160 5194 867 5195 222 5196 1045 5197 868 5198 868 5199 567 5200 222 5201 869 5202 362 5203 166 5204 166 5205 1044 5206 869 5207 423 5208 870 5209 553 5210 909 5211 553 5212 870 5213 157 5214 871 5215 414 5216 910 5217 414 5218 871 5219 403 5220 872 5221 267 5222 872 5223 623 5224 267 5225 873 5226 622 5227 258 5228 403 5229 873 5230 258 5231 1415 5232 1144 5233 874 5234 304 5235 874 5236 403 5237 403 5238 875 5239 251 5240 875 5241 1189 5242 251 5243 639 5244 173 5245 876 5246 403 5247 876 5248 173 5249 877 5250 449 5251 129 5252 278 5253 449 5254 877 5255 280 5256 878 5257 733 5258 61 5259 878 5260 1364 5261 53 5262 879 5263 1365 5264 279 5265 879 5266 735 5267 51 5268 880 5269 1363 5270 345 5271 880 5272 713 5273 1217 5274 881 5275 551 5276 164 5277 551 5278 881 5279 96 5280 552 5281 882 5282 1216 5283 882 5284 552 5285 277 5286 72 5287 883 5288 1225 5289 883 5290 72 5291 884 5292 708 5293 79 5294 79 5295 1228 5296 884 5297 885 5298 704 5299 41 5300 41 5301 1227 5302 885 5303 126 5304 886 5305 270 5306 489 5307 270 5308 886 5309 490 5310 176 5311 887 5312 415 5313 887 5314 176 5315 888 5316 113 5317 313 5318 649 5319 888 5320 313 5321 889 5322 116 5323 312 5324 650 5325 889 5326 312 5327 287 5328 711 5329 890 5330 1065 5331 287 5332 890 5333 286 5334 710 5335 891 5336 1068 5337 286 5338 891 5339 1066 5340 282 5341 892 5342 282 5343 709 5344 892 5345 1067 5346 283 5347 893 5348 283 5349 712 5350 893 5351 809 5352 894 5353 146 5354 894 5355 707 5356 146 5357 1299 5358 436 5359 895 5360 96 5361 895 5362 436 5363 164 5364 896 5365 435 5366 1297 5367 435 5368 896 5369 808 5370 897 5371 62 5372 897 5373 706 5374 62 5375 372 5376 898 5377 164 5378 372 5379 1073 5380 898 5381 899 5382 910 5383 373 5384 373 5385 1074 5386 899 5387 909 5388 371 5389 900 5390 371 5391 117 5392 900 5393 370 5394 124 5395 901 5396 370 5397 901 5398 96 5399 1190 5400 297 5401 902 5402 902 5403 642 5404 37 5405 440 5406 903 5407 109 5408 235 5409 109 5410 903 5411 441 5412 904 5413 201 5414 234 5415 201 5416 904 5417 132 5418 905 5419 442 5420 905 5421 703 5422 442 5423 1135 5424 906 5425 95 5426 617 5427 95 5428 906 5429 435 5430 907 5431 164 5432 907 5433 551 5434 164 5435 436 5436 908 5437 96 5438 908 5439 552 5440 96 5441 162 5442 553 5443 909 5444 451 5445 162 5446 909 5447 151 5448 414 5449 910 5450 450 5451 151 5452 910 5453 911 5454 793 5455 148 5456 799 5457 911 5458 148 5459 693 5460 912 5461 206 5462 206 5463 912 5464 747 5465 694 5466 913 5467 275 5468 275 5469 913 5470 749 5471 276 5472 914 5473 748 5474 695 5475 914 5476 276 5477 869 5478 915 5479 362 5480 915 5481 962 5482 362 5483 916 5484 269 5485 403 5486 403 5487 476 5488 916 5489 1046 5490 917 5491 457 5492 917 5493 1126 5494 457 5495 1098 5496 918 5497 67 5498 1060 5499 1369 5500 346 5501 277 5502 883 5503 919 5504 919 5505 1116 5506 277 5507 920 5508 131 5509 1129 5510 573 5511 131 5512 920 5513 442 5514 921 5515 132 5516 237 5517 132 5518 921 5519 444 5520 922 5521 142 5522 624 5523 142 5524 922 5525 923 5526 110 5527 441 5528 201 5529 923 5530 441 5531 133 5532 924 5533 443 5534 924 5535 702 5536 443 5537 925 5538 205 5539 440 5540 109 5541 925 5542 440 5543 926 5544 191 5545 568 5546 926 5547 733 5548 191 5549 927 5550 734 5551 192 5552 927 5553 192 5554 569 5555 928 5556 194 5557 566 5558 928 5559 735 5560 194 5561 929 5562 226 5563 567 5564 929 5565 713 5566 226 5567 930 5568 636 5569 100 5570 100 5571 469 5572 930 5573 97 5574 468 5575 931 5576 931 5577 638 5578 97 5579 98 5580 470 5581 932 5582 932 5583 637 5584 98 5585 565 5586 471 5587 933 5588 933 5589 1188 5590 565 5591 934 5592 1187 5593 593 5594 593 5595 839 5596 934 5597 935 5598 798 5599 101 5600 935 5601 101 5602 841 5603 936 5604 592 5605 842 5606 936 5607 1186 5608 592 5609 26 5610 937 5611 468 5612 1297 5613 468 5614 937 5615 1300 5616 471 5617 938 5618 27 5619 938 5620 471 5621 1299 5622 469 5623 939 5624 40 5625 939 5626 469 5627 1298 5628 470 5629 940 5630 29 5631 940 5632 470 5633 24 5634 1407 5635 513 5636 661 5637 1407 5638 24 5639 23 5640 1408 5641 514 5642 660 5643 1408 5644 23 5645 662 5646 1409 5647 21 5648 21 5649 1409 5650 515 5651 218 5652 944 5653 306 5654 944 5655 242 5656 306 5657 555 5658 945 5659 1280 5660 107 5661 1411 5662 690 5663 1027 5664 946 5665 1279 5666 78 5667 1410 5668 689 5669 260 5670 710 5671 947 5672 947 5673 367 5674 260 5675 239 5676 711 5677 948 5678 948 5679 368 5680 239 5681 116 5682 712 5683 949 5684 949 5685 347 5686 116 5687 113 5688 709 5689 950 5690 950 5691 284 5692 113 5693 363 5694 773 5695 951 5696 415 5697 363 5698 951 5699 335 5700 772 5701 952 5702 290 5703 335 5704 952 5705 333 5706 770 5707 953 5708 291 5709 333 5710 953 5711 334 5712 771 5713 954 5714 126 5715 334 5716 954 5717 26 5718 955 5719 597 5720 26 5721 1090 5722 955 5723 377 5724 956 5725 29 5726 29 5727 956 5728 248 5729 376 5730 957 5731 40 5732 40 5733 957 5734 249 5735 27 5736 958 5737 582 5738 27 5739 1095 5740 958 5741 341 5742 71 5743 959 5744 854 5745 1016 5746 71 5747 856 5748 1017 5749 70 5750 960 5751 342 5752 70 5753 961 5754 678 5755 125 5756 855 5757 1018 5758 125 5759 403 5760 962 5761 272 5762 915 5763 272 5764 962 5765 408 5766 963 5767 379 5768 963 5769 216 5770 379 5771 964 5772 741 5773 378 5774 407 5775 964 5776 378 5777 541 5778 965 5779 426 5780 965 5781 218 5782 426 5783 540 5784 966 5785 427 5786 966 5787 740 5788 427 5789 554 5790 430 5791 967 5792 196 5793 967 5794 430 5795 986 5796 968 5797 428 5798 556 5799 428 5800 968 5801 340 5802 969 5803 429 5804 555 5805 429 5806 969 5807 970 5808 1344 5809 601 5810 459 5811 131 5812 970 5813 458 5814 130 5815 971 5816 971 5817 1342 5818 602 5819 460 5820 144 5821 972 5822 972 5823 1343 5824 603 5825 556 5826 973 5827 1282 5828 135 5829 1424 5830 692 5831 439 5832 187 5833 974 5834 974 5835 187 5836 1161 5837 975 5838 35 5839 1163 5840 438 5841 35 5842 975 5843 976 5844 36 5845 1162 5846 437 5847 36 5848 976 5849 20 5850 977 5851 1304 5852 20 5853 746 5854 977 5855 19 5856 978 5857 1301 5858 19 5859 744 5860 978 5861 14 5862 979 5863 1302 5864 14 5865 745 5866 979 5867 44 5868 980 5869 1303 5870 44 5871 743 5872 980 5873 981 5874 89 5875 197 5876 89 5877 981 5878 1333 5879 739 5880 982 5881 1360 5882 982 5883 45 5884 368 5885 983 5886 38 5887 284 5888 736 5889 983 5890 1362 5891 737 5892 984 5893 1359 5894 984 5895 39 5896 367 5897 985 5898 31 5899 347 5900 738 5901 985 5902 1361 5903 216 5904 986 5905 307 5906 986 5907 428 5908 307 5909 167 5910 987 5911 502 5912 987 5913 811 5914 502 5915 22 5916 600 5917 1406 5918 22 5919 988 5920 779 5921 462 5922 1423 5923 691 5924 554 5925 989 5926 1281 5927 250 5928 990 5929 618 5930 250 5931 736 5932 990 5933 991 5934 127 5935 1180 5936 991 5937 208 5938 127 5939 992 5940 105 5941 1178 5942 992 5943 209 5944 105 5945 993 5946 128 5947 1179 5948 993 5949 207 5950 128 5951 994 5952 1332 5953 209 5954 994 5955 209 5956 992 5957 207 5958 993 5959 995 5960 995 5961 1331 5962 207 5963 996 5964 1330 5965 208 5966 996 5967 208 5968 991 5969 1207 5970 997 5971 240 5972 997 5973 616 5974 240 5975 998 5976 479 5977 103 5978 103 5979 748 5980 998 5981 999 5982 315 5983 749 5984 999 5985 102 5986 315 5987 641 5988 1000 5989 115 5990 641 5991 877 5992 1000 5993 1001 5994 108 5995 316 5996 1001 5997 316 5998 747 5999 1002 6000 63 6001 674 6002 1353 6003 63 6004 1002 6005 791 6006 64 6007 1003 6008 1003 6009 64 6010 673 6011 1004 6012 12 6013 675 6014 574 6015 12 6016 1004 6017 1005 6018 197 6019 1181 6020 981 6021 197 6022 1005 6023 416 6024 1203 6025 1006 6026 858 6027 416 6028 1006 6029 857 6030 466 6031 1007 6032 466 6033 1202 6034 1007 6035 860 6036 417 6037 1008 6038 417 6039 1204 6040 1008 6041 859 6042 418 6043 1009 6044 418 6045 1205 6046 1009 6047 1010 6048 320 6049 473 6050 473 6051 1043 6052 1010 6053 1011 6054 297 6055 1202 6056 1373 6057 297 6058 1011 6059 1220 6060 1012 6061 265 6062 574 6063 265 6064 1012 6065 1353 6066 266 6067 1013 6068 1221 6069 1013 6070 266 6071 1219 6072 1014 6073 264 6074 573 6075 264 6076 1014 6077 1218 6078 1015 6079 263 6080 791 6081 263 6082 1015 6083 959 6084 1016 6085 328 6086 71 6087 1016 6088 959 6089 960 6090 1017 6091 1159 6092 960 6093 70 6094 1017 6095 961 6096 1018 6097 1160 6098 961 6099 125 6100 1018 6101 1195 6102 1019 6103 407 6104 386 6105 1307 6106 1019 6107 1193 6108 1020 6109 380 6110 388 6111 1308 6112 1020 6113 1194 6114 1021 6115 408 6116 389 6117 1309 6118 1021 6119 1196 6120 1022 6121 381 6122 387 6123 1306 6124 1022 6125 1023 6126 1407 6127 661 6128 1023 6129 661 6130 1222 6131 1024 6132 660 6133 1223 6134 1024 6135 1408 6136 660 6137 1025 6138 662 6139 1224 6140 1025 6141 1409 6142 662 6143 779 6144 179 6145 1026 6146 179 6147 828 6148 1026 6149 256 6150 1027 6151 1155 6152 615 6153 1027 6154 256 6155 833 6156 1028 6157 52 6158 1228 6159 52 6160 1028 6161 1226 6162 51 6163 1029 6164 1363 6165 1029 6166 51 6167 1429 6168 53 6169 1030 6170 1365 6171 1030 6172 53 6173 1364 6174 1031 6175 61 6176 1426 6177 61 6178 1031 6179 1032 6180 1388 6181 189 6182 189 6183 1227 6184 1032 6185 1033 6186 1389 6187 188 6188 188 6189 1225 6190 1033 6191 175 6192 1428 6193 1034 6194 1034 6195 1390 6196 175 6197 990 6198 190 6199 1035 6200 190 6201 1427 6202 1035 6203 965 6204 1036 6205 218 6206 599 6207 218 6208 1036 6209 963 6210 1037 6211 216 6212 598 6213 216 6214 1037 6215 1038 6216 967 6217 196 6218 741 6219 1038 6220 196 6221 740 6222 1039 6223 340 6224 1039 6225 969 6226 340 6227 627 6228 1040 6229 261 6230 627 6231 739 6232 1040 6233 626 6234 1041 6235 257 6236 626 6237 738 6238 1041 6239 628 6240 1042 6241 262 6242 628 6243 737 6244 1042 6245 1010 6246 1043 6247 172 6248 273 6249 172 6250 1043 6251 166 6252 517 6253 1044 6254 517 6255 1390 6256 1044 6257 222 6258 322 6259 1045 6260 322 6261 1143 6262 1045 6263 186 6264 917 6265 1046 6266 293 6267 186 6268 1046 6269 713 6270 615 6271 1047 6272 256 6273 1047 6274 615 6275 579 6276 554 6277 1048 6278 1048 6279 180 6280 579 6281 580 6282 556 6283 1049 6284 1049 6285 182 6286 580 6287 1050 6288 181 6289 578 6290 578 6291 555 6292 1050 6293 476 6294 1051 6295 916 6296 1247 6297 1051 6298 476 6299 32 6300 1052 6301 614 6302 844 6303 1052 6304 32 6305 25 6306 1053 6307 613 6308 845 6309 1053 6310 25 6311 846 6312 1054 6313 9 6314 9 6315 1054 6316 612 6317 847 6318 1055 6319 18 6320 18 6321 1055 6322 611 6323 1056 6324 588 6325 227 6326 862 6327 1056 6328 227 6329 1057 6330 606 6331 223 6332 248 6333 1057 6334 223 6335 249 6336 1058 6337 224 6338 1058 6339 604 6340 224 6341 1059 6342 605 6343 225 6344 597 6345 1059 6346 225 6347 676 6348 67 6349 1060 6350 67 6351 1369 6352 1060 6353 640 6354 1061 6355 240 6356 630 6357 1061 6358 640 6359 1062 6360 557 6361 629 6362 34 6363 557 6364 1062 6365 1063 6366 559 6367 728 6368 213 6369 559 6370 1063 6371 214 6372 558 6373 1064 6374 1064 6375 558 6376 727 6377 1065 6378 76 6379 1194 6380 76 6381 1065 6382 790 6383 74 6384 1066 6385 788 6386 1066 6387 74 6388 1193 6389 73 6390 1067 6391 789 6392 1067 6393 73 6394 1196 6395 1068 6396 75 6397 1195 6398 75 6399 1068 6400 787 6401 1069 6402 455 6403 689 6404 1069 6405 746 6406 455 6407 1070 6408 461 6409 692 6410 1070 6411 745 6412 461 6413 1071 6414 138 6415 691 6416 1071 6417 744 6418 138 6419 1072 6420 743 6421 456 6422 1072 6423 456 6424 690 6425 672 6426 830 6427 1073 6428 1075 6429 672 6430 1073 6431 671 6432 831 6433 1074 6434 1078 6435 671 6436 1074 6437 1075 6438 1073 6439 121 6440 121 6441 133 6442 1075 6443 1082 6444 670 6445 1076 6446 670 6447 142 6448 1076 6449 669 6450 832 6451 1077 6452 1080 6453 669 6454 1077 6455 114 6456 201 6457 1078 6458 1078 6459 1074 6460 114 6461 1079 6462 817 6463 43 6464 43 6465 1087 6466 1079 6467 1080 6468 1077 6469 117 6470 117 6471 109 6472 1080 6473 1081 6474 819 6475 48 6476 48 6477 1085 6478 1081 6479 124 6480 132 6481 1082 6482 1082 6483 1076 6484 124 6485 651 6486 441 6487 1083 6488 42 6489 651 6490 1083 6491 1084 6492 444 6493 42 6494 42 6495 1083 6496 1084 6497 654 6498 442 6499 1085 6500 48 6501 654 6502 1085 6503 653 6504 443 6505 1086 6506 136 6507 653 6508 1086 6509 652 6510 440 6511 1087 6512 43 6513 652 6514 1087 6515 136 6516 1086 6517 1088 6518 1088 6519 818 6520 136 6521 840 6522 1089 6523 238 6524 238 6525 1089 6526 810 6527 26 6528 375 6529 1090 6530 1090 6531 375 6532 97 6533 1091 6534 376 6535 100 6536 376 6537 1091 6538 957 6539 377 6540 1092 6541 956 6542 1092 6543 377 6544 98 6545 839 6546 1093 6547 247 6548 247 6549 1093 6550 593 6551 246 6552 1094 6553 592 6554 842 6555 1094 6556 246 6557 1095 6558 245 6559 565 6560 27 6561 245 6562 1095 6563 841 6564 1096 6565 374 6566 374 6567 1096 6568 101 6569 1097 6570 125 6571 472 6572 1395 6573 1097 6574 472 6575 225 6576 1098 6577 467 6578 1098 6579 67 6580 467 6581 224 6582 1099 6583 519 6584 1099 6585 70 6586 519 6587 223 6588 1100 6589 518 6590 1100 6591 71 6592 518 6593 1101 6594 852 6595 479 6596 728 6597 1101 6598 1335 6599 1102 6600 210 6601 158 6602 464 6603 1102 6604 158 6605 463 6606 1103 6607 159 6608 1103 6609 211 6610 159 6611 767 6612 359 6613 1104 6614 1104 6615 359 6616 779 6617 507 6618 268 6619 1105 6620 268 6621 45 6622 1105 6623 204 6624 39 6625 1106 6626 1106 6627 1289 6628 204 6629 191 6630 244 6631 1107 6632 539 6633 1107 6634 244 6635 538 6636 1108 6637 243 6638 194 6639 243 6640 1108 6641 1109 6642 1423 6643 7 6644 463 6645 1109 6646 7 6647 384 6648 1110 6649 1378 6650 814 6651 87 6652 1110 6653 816 6654 88 6655 1111 6656 385 6657 1111 6658 1379 6659 1414 6660 259 6661 1112 6662 403 6663 1112 6664 259 6665 403 6666 516 6667 1113 6668 516 6669 1413 6670 1113 6671 383 6672 1114 6673 1386 6674 815 6675 55 6676 1114 6677 382 6678 1115 6679 1387 6680 803 6681 147 6682 1115 6683 411 6684 1116 6685 403 6686 1116 6687 411 6688 1278 6689 1277 6690 1117 6691 354 6692 403 6693 354 6694 1117 6695 1348 6696 1118 6697 380 6698 1118 6699 1193 6700 380 6701 1345 6702 1119 6703 381 6704 1119 6705 1196 6706 381 6707 1346 6708 1120 6709 407 6710 1120 6711 1195 6712 407 6713 1347 6714 1121 6715 408 6716 1121 6717 1194 6718 408 6719 1122 6720 769 6721 342 6722 1122 6723 342 6724 960 6725 341 6726 1123 6727 768 6728 1123 6729 341 6730 959 6731 676 6732 1124 6733 774 6734 1124 6735 676 6736 1060 6737 1125 6738 678 6739 961 6740 1125 6741 834 6742 678 6743 457 6744 1126 6745 134 6746 134 6747 1126 6748 403 6749 750 6750 1127 6751 258 6752 403 6753 258 6754 1127 6755 267 6756 1128 6757 403 6758 786 6759 1128 6760 267 6761 351 6762 1129 6763 661 6764 920 6765 1129 6766 351 6767 352 6768 1130 6769 660 6770 1267 6771 1130 6772 352 6773 353 6774 1131 6775 662 6776 1266 6777 1131 6778 353 6779 1132 6780 1060 6781 346 6782 1354 6783 1132 6784 346 6785 1357 6786 1133 6787 328 6788 1133 6789 959 6790 328 6791 314 6792 1134 6793 513 6794 24 6795 513 6796 1134 6797 475 6798 1135 6799 515 6800 21 6801 515 6802 1135 6803 474 6804 1136 6805 514 6806 23 6807 514 6808 1136 6809 1137 6810 211 6811 1103 6812 1019 6813 211 6814 1137 6815 1022 6816 195 6817 1138 6818 1138 6819 195 6820 165 6821 1021 6822 210 6823 1139 6824 1139 6825 210 6826 1102 6827 1020 6828 193 6829 1140 6830 1140 6831 193 6832 161 6833 945 6834 1141 6835 5 6836 751 6837 5 6838 1141 6839 946 6840 1142 6841 8 6842 752 6843 8 6844 1142 6845 1045 6846 1143 6847 639 6848 1143 6849 173 6850 639 6851 874 6852 1144 6853 635 6854 228 6855 635 6856 1144 6857 536 6858 1145 6859 1293 6860 1311 6861 1145 6862 536 6863 534 6864 1146 6865 1291 6866 1312 6867 1146 6868 534 6869 535 6870 1147 6871 1294 6872 1310 6873 1147 6874 535 6875 1313 6876 1148 6877 537 6878 537 6879 1148 6880 1292 6881 1149 6882 1 6883 573 6884 1014 6885 1149 6886 573 6887 1150 6888 2 6889 574 6890 1012 6891 1150 6892 574 6893 295 6894 806 6895 1151 6896 295 6897 1151 6898 607 6899 294 6900 1152 6901 353 6902 294 6903 807 6904 1152 6905 296 6906 804 6907 1153 6908 296 6909 1153 6910 352 6911 298 6912 805 6913 1154 6914 298 6915 1154 6916 351 6917 123 6918 1155 6919 773 6920 1233 6921 1155 6922 123 6923 86 6924 1156 6925 772 6926 1232 6927 1156 6928 86 6929 92 6930 1157 6931 771 6932 1234 6933 1157 6934 92 6935 1235 6936 1158 6937 85 6938 85 6939 1158 6940 770 6941 1159 6942 1356 6943 289 6944 1159 6945 289 6946 960 6947 1160 6948 288 6949 961 6950 1160 6951 1355 6952 288 6953 594 6954 1161 6955 693 6956 974 6957 1161 6958 594 6959 596 6960 1162 6961 695 6962 976 6963 1162 6964 596 6965 595 6966 1163 6967 694 6968 975 6969 1163 6970 595 6971 828 6972 1164 6973 1396 6974 853 6975 1164 6976 828 6977 129 6978 1207 6979 1165 6980 1000 6981 129 6982 1165 6983 285 6984 1166 6985 1001 6986 1206 6987 1166 6988 285 6989 153 6990 1167 6991 998 6992 1208 6993 1167 6994 153 6995 137 6996 1168 6997 999 6998 1209 6999 1168 7000 137 7001 46 7002 1169 7003 674 7004 674 7005 1169 7006 1002 7007 156 7008 1170 7009 645 7010 54 7011 1170 7012 156 7013 673 7014 1171 7015 1003 7016 47 7017 1171 7018 673 7019 675 7020 1172 7021 1004 7022 58 7023 1172 7024 675 7025 549 7026 457 7027 1173 7028 134 7029 1173 7030 457 7031 783 7032 1174 7033 525 7034 234 7035 525 7036 1174 7037 236 7038 526 7039 1175 7040 785 7041 1175 7042 526 7043 237 7044 528 7045 1176 7046 782 7047 1176 7048 528 7049 784 7050 1177 7051 527 7052 235 7053 527 7054 1177 7055 1178 7056 571 7057 992 7058 1178 7059 764 7060 571 7061 1179 7062 572 7063 993 7064 1179 7065 766 7066 572 7067 1180 7068 570 7069 991 7070 1180 7071 765 7072 570 7073 1181 7074 480 7075 1005 7076 1181 7077 1373 7078 480 7079 1275 7080 254 7081 1182 7082 1182 7083 254 7084 446 7085 1183 7086 252 7087 445 7088 1272 7089 252 7090 1183 7091 1273 7092 255 7093 1184 7094 1184 7095 255 7096 778 7097 1274 7098 253 7099 1185 7100 1185 7101 253 7102 447 7103 861 7104 1186 7105 93 7106 936 7107 93 7108 1186 7109 863 7110 1187 7111 94 7112 934 7113 94 7114 1187 7115 582 7116 1188 7117 99 7118 933 7119 99 7120 1188 7121 875 7122 591 7123 1189 7124 1245 7125 1189 7126 591 7127 37 7128 1190 7129 902 7130 705 7131 1190 7132 37 7133 602 7134 1191 7135 971 7136 602 7137 405 7138 1191 7139 601 7140 1192 7141 970 7142 601 7143 406 7144 1192 7145 388 7146 1020 7147 1193 7148 74 7149 388 7150 1193 7151 76 7152 389 7153 1194 7154 389 7155 1021 7156 1194 7157 75 7158 386 7159 1195 7160 386 7161 1019 7162 1195 7163 387 7164 1022 7165 1196 7166 73 7167 387 7168 1196 7169 603 7170 1197 7171 972 7172 603 7173 404 7174 1197 7175 271 7176 656 7177 1198 7178 271 7179 1198 7180 351 7181 229 7182 1199 7183 353 7184 229 7185 657 7186 1199 7187 230 7188 1200 7189 352 7190 230 7191 655 7192 1200 7193 231 7194 658 7195 1201 7196 231 7197 1201 7198 607 7199 1011 7200 1202 7201 106 7202 106 7203 1202 7204 466 7205 104 7206 1203 7207 416 7208 719 7209 1203 7210 104 7211 122 7212 1204 7213 417 7214 721 7215 1204 7216 122 7217 120 7218 1205 7219 418 7220 720 7221 1205 7222 120 7223 560 7224 1206 7225 285 7226 1422 7227 1206 7228 560 7229 642 7230 997 7231 1207 7232 129 7233 642 7234 1207 7235 506 7236 1208 7237 153 7238 1420 7239 1208 7240 506 7241 505 7242 1209 7243 137 7244 1421 7245 1209 7246 505 7247 1210 7248 845 7249 483 7250 1210 7251 483 7252 584 7253 1211 7254 484 7255 587 7256 1211 7257 844 7258 484 7259 1212 7260 846 7261 482 7262 1212 7263 482 7264 585 7265 1213 7266 847 7267 481 7268 1213 7269 481 7270 586 7271 403 7272 1214 7273 320 7274 473 7275 320 7276 1214 7277 840 7278 95 7279 1215 7280 95 7281 1295 7282 1215 7283 552 7284 56 7285 1216 7286 56 7287 703 7288 1216 7289 551 7290 150 7291 1217 7292 150 7293 702 7294 1217 7295 1218 7296 263 7297 561 7298 47 7299 1218 7300 561 7301 1219 7302 264 7303 563 7304 54 7305 1219 7306 563 7307 1220 7308 265 7309 562 7310 58 7311 1220 7312 562 7313 46 7314 1221 7315 564 7316 1221 7317 266 7318 564 7319 1222 7320 661 7321 459 7322 1222 7323 459 7324 970 7325 458 7326 971 7327 1223 7328 660 7329 458 7330 1223 7331 460 7332 972 7333 1224 7334 662 7335 460 7336 1224 7337 633 7338 1225 7339 305 7340 188 7341 305 7342 1225 7343 306 7344 51 7345 1226 7346 1226 7347 1428 7348 306 7349 189 7350 609 7351 1227 7352 307 7353 1227 7354 609 7355 1228 7356 1427 7357 634 7358 634 7359 52 7360 1228 7361 641 7362 1229 7363 431 7364 1395 7365 431 7366 1229 7367 224 7368 475 7369 1230 7370 316 7371 1230 7372 475 7373 315 7374 1231 7375 474 7376 223 7377 474 7378 1231 7379 1232 7380 86 7381 666 7382 666 7383 835 7384 1232 7385 1233 7386 123 7387 667 7388 667 7389 837 7390 1233 7391 1234 7392 92 7393 668 7394 668 7395 836 7396 1234 7397 1235 7398 85 7399 665 7400 665 7401 838 7402 1235 7403 737 7404 1236 7405 119 7406 1236 7407 286 7408 119 7409 736 7410 1237 7411 111 7412 1237 7413 282 7414 111 7415 739 7416 1238 7417 118 7418 1238 7419 287 7420 118 7421 738 7422 1239 7423 112 7424 1239 7425 283 7426 112 7427 200 7428 1240 7429 610 7430 1240 7431 390 7432 610 7433 167 7434 1241 7435 321 7436 1241 7437 524 7438 321 7439 228 7440 1242 7441 355 7442 1242 7443 523 7444 355 7445 1243 7446 616 7447 997 7448 89 7449 616 7450 1243 7451 355 7452 1244 7453 228 7454 1244 7455 635 7456 228 7457 160 7458 1189 7459 1245 7460 867 7461 160 7462 1245 7463 1246 7464 568 7465 293 7466 549 7467 1246 7468 293 7469 610 7470 1247 7471 200 7472 1247 7473 476 7474 200 7475 1248 7476 566 7477 273 7478 550 7479 1248 7480 273 7481 321 7482 1249 7483 167 7484 1249 7485 987 7486 167 7487 1250 7488 495 7489 698 7490 47 7491 495 7492 1250 7493 1251 7494 448 7495 185 7496 46 7497 448 7498 1251 7499 1252 7500 496 7501 699 7502 58 7503 496 7504 1252 7505 793 7506 81 7507 1253 7508 203 7509 1253 7510 81 7511 202 7512 1254 7513 174 7514 792 7515 174 7516 1254 7517 1255 7518 1276 7519 432 7520 1255 7521 432 7522 868 7523 1256 7524 299 7525 869 7526 299 7527 1256 7528 1034 7529 821 7530 1257 7531 13 7532 1257 7533 569 7534 13 7535 172 7536 1258 7537 28 7538 1258 7539 566 7540 28 7541 820 7542 1259 7543 155 7544 1259 7545 502 7546 155 7547 186 7548 1260 7549 17 7550 1260 7551 568 7552 17 7553 1261 7554 786 7555 241 7556 822 7557 1261 7558 241 7559 1262 7560 750 7561 215 7562 517 7563 1262 7564 215 7565 322 7566 1263 7567 4 7568 1263 7569 567 7570 4 7571 1264 7572 1144 7573 547 7574 823 7575 1264 7576 547 7577 1151 7578 185 7579 1265 7580 1265 7581 1268 7582 1376 7583 1266 7584 1269 7585 1375 7586 1152 7587 698 7588 1266 7589 1267 7590 1271 7591 1374 7592 1153 7593 699 7594 1267 7595 1265 7596 185 7597 1268 7598 1268 7599 185 7600 448 7601 1266 7602 698 7603 1269 7604 1269 7605 698 7606 495 7607 920 7608 700 7609 1270 7610 1270 7611 700 7612 824 7613 1267 7614 699 7615 1271 7616 1271 7617 699 7618 496 7619 1272 7620 25 7621 613 7622 1272 7623 613 7624 252 7625 1273 7626 9 7627 612 7628 1273 7629 612 7630 255 7631 1274 7632 614 7633 253 7634 1274 7635 32 7636 614 7637 1275 7638 611 7639 254 7640 1275 7641 18 7642 611 7643 1276 7644 876 7645 80 7646 432 7647 1276 7648 80 7649 41 7650 704 7651 1277 7652 704 7653 1117 7654 1277 7655 1278 7656 72 7657 277 7658 1116 7659 1278 7660 277 7661 1279 7662 78 7663 773 7664 1279 7665 946 7666 78 7667 1280 7668 945 7669 107 7670 1280 7671 107 7672 771 7673 1281 7674 462 7675 772 7676 1281 7677 989 7678 462 7679 1282 7680 135 7681 770 7682 1282 7683 973 7684 135 7685 1283 7686 697 7687 1151 7688 726 7689 697 7690 1283 7691 1284 7692 183 7693 1152 7694 725 7695 183 7696 1284 7697 1285 7698 184 7699 1153 7700 724 7701 184 7702 1285 7703 1286 7704 11 7705 1154 7706 723 7707 11 7708 1286 7709 1287 7710 1108 7711 538 7712 538 7713 31 7714 1287 7715 1288 7716 1107 7717 539 7718 539 7719 38 7720 1288 7721 204 7722 1289 7723 508 7724 192 7725 508 7726 1289 7727 226 7728 507 7729 1290 7730 1105 7731 1290 7732 507 7733 19 7734 525 7735 1291 7736 1291 7737 744 7738 19 7739 1292 7740 745 7741 14 7742 14 7743 527 7744 1292 7745 44 7746 526 7747 1293 7748 1293 7749 743 7750 44 7751 20 7752 528 7753 1294 7754 1294 7755 746 7756 20 7757 864 7758 360 7759 1295 7760 1215 7761 1295 7762 360 7763 403 7764 272 7765 1296 7766 80 7767 1296 7768 272 7769 1297 7770 937 7771 46 7772 46 7773 435 7774 1297 7775 1298 7776 940 7777 54 7778 54 7779 451 7780 1298 7781 1299 7782 939 7783 58 7784 58 7785 436 7786 1299 7787 47 7788 450 7789 1300 7790 1300 7791 938 7792 47 7793 311 7794 1301 7795 682 7796 1301 7797 978 7798 682 7799 1302 7800 979 7801 683 7802 309 7803 1302 7804 683 7805 310 7806 1303 7807 680 7808 1303 7809 980 7810 680 7811 1304 7812 977 7813 681 7814 308 7815 1304 7816 681 7817 205 7818 1305 7819 149 7820 553 7821 149 7822 1305 7823 585 7824 195 7825 1306 7826 585 7827 1306 7828 387 7829 587 7830 211 7831 1307 7832 587 7833 1307 7834 386 7835 584 7836 193 7837 1308 7838 584 7839 1308 7840 388 7841 586 7842 210 7843 1309 7844 586 7845 1309 7846 389 7847 535 7848 59 7849 1310 7850 1310 7851 59 7852 219 7853 1311 7854 0 7855 221 7856 536 7857 0 7858 1311 7859 534 7860 82 7861 1312 7862 1312 7863 82 7864 177 7865 1313 7866 83 7867 178 7868 537 7869 83 7870 1313 7871 91 7872 1314 7873 301 7874 149 7875 1314 7876 91 7877 706 7878 1315 7879 69 7880 69 7881 1315 7882 900 7883 66 7884 1316 7885 901 7886 792 7887 1316 7888 66 7889 707 7890 1317 7891 68 7892 68 7893 1317 7894 899 7895 77 7896 1318 7897 794 7898 150 7899 1318 7900 77 7901 65 7902 1319 7903 898 7904 793 7905 1319 7906 65 7907 632 7908 1320 7909 90 7910 90 7911 1320 7912 300 7913 343 7914 1321 7915 302 7916 56 7917 1321 7918 343 7919 425 7920 510 7921 1322 7922 370 7923 1322 7924 510 7925 511 7926 1323 7927 870 7928 371 7929 1323 7930 511 7931 647 7932 486 7933 1324 7934 357 7935 1324 7936 486 7937 323 7938 1325 7939 485 7940 453 7941 485 7942 1325 7943 512 7944 1326 7945 871 7946 373 7947 1326 7948 512 7949 358 7950 1327 7951 488 7952 648 7953 488 7954 1327 7955 424 7956 509 7957 1328 7958 121 7959 1328 7960 509 7961 454 7962 487 7963 1329 7964 57 7965 1329 7966 487 7967 996 7968 520 7969 1330 7970 208 7971 1330 7972 520 7973 995 7974 521 7975 1331 7976 207 7977 1331 7978 521 7979 209 7980 1332 7981 522 7982 994 7983 522 7984 1332 7985 1333 7986 981 7987 452 7988 1333 7989 452 7990 89 7991 1334 7992 102 7993 999 7994 1334 7995 854 7996 102 7997 1335 7998 479 7999 998 8000 1335 8001 1101 8002 479 8003 1336 8004 762 8005 711 8006 239 8007 1336 8008 711 8009 1337 8010 763 8011 712 8012 116 8013 1337 8014 712 8015 1338 8016 760 8017 710 8018 260 8019 1338 8020 710 8021 1339 8022 761 8023 709 8024 113 8025 1339 8026 709 8027 115 8028 1340 8029 855 8030 115 8031 1000 8032 1340 8033 1341 8034 108 8035 1001 8036 1341 8037 856 8038 108 8039 971 8040 130 8041 1342 8042 130 8043 574 8044 1342 8045 144 8046 791 8047 1343 8048 972 8049 144 8050 1343 8051 131 8052 573 8053 1344 8054 970 8055 131 8056 1344 8057 1345 8058 381 8059 541 8060 1345 8061 541 8062 112 8063 1346 8064 407 8065 590 8066 1346 8067 590 8068 119 8069 1347 8070 408 8071 589 8072 1347 8073 589 8074 118 8075 1348 8076 380 8077 540 8078 1348 8079 540 8080 111 8081 415 8082 951 8083 1349 8084 1349 8085 1147 8086 415 8087 290 8088 952 8089 1350 8090 1350 8091 1146 8092 290 8093 1351 8094 1148 8095 291 8096 291 8097 953 8098 1351 8099 1352 8100 1145 8101 126 8102 126 8103 954 8104 1352 8105 546 8106 1353 8107 15 8108 1013 8109 15 8110 1353 8111 1354 8112 677 8113 106 8114 1354 8115 346 8116 677 8117 1355 8118 577 8119 104 8120 577 8121 1355 8122 1160 8123 1356 8124 576 8125 120 8126 576 8127 1356 8128 1159 8129 1357 8130 328 8131 575 8132 1357 8133 575 8134 122 8135 834 8136 274 8137 1358 8138 1358 8139 274 8140 659 8141 984 8142 367 8143 1359 8144 947 8145 1359 8146 367 8147 982 8148 368 8149 1360 8150 948 8151 1360 8152 368 8153 949 8154 1361 8155 347 8156 985 8157 347 8158 1361 8159 950 8160 1362 8161 284 8162 983 8163 284 8164 1362 8165 929 8166 1363 8167 345 8168 880 8169 345 8170 1363 8171 878 8172 280 8173 1364 8174 926 8175 1364 8176 280 8177 928 8178 1365 8179 279 8180 879 8181 279 8182 1365 8183 927 8184 1366 8185 281 8186 833 8187 281 8188 1366 8189 54 8190 465 8191 1367 8192 465 8193 824 8194 1367 8195 573 8196 1368 8197 645 8198 645 8199 1368 8200 156 8201 1101 8202 1369 8203 918 8204 918 8205 1369 8206 67 8207 854 8208 71 8209 1370 8210 854 8211 1370 8212 102 8213 856 8214 70 8215 1371 8216 856 8217 1371 8218 108 8219 855 8220 125 8221 1372 8222 855 8223 1372 8224 115 8225 1373 8226 644 8227 297 8228 1181 8229 644 8230 1373 8231 1374 8232 675 8233 12 8234 1374 8235 12 8236 1267 8237 1375 8238 673 8239 64 8240 1375 8241 64 8242 1266 8243 1376 8244 674 8245 63 8246 1376 8247 63 8248 1265 8249 582 8250 3 8251 1377 8252 27 8253 1377 8254 3 8255 1378 8256 1110 8257 87 8258 87 8259 494 8260 1378 8261 88 8262 493 8263 1379 8264 1379 8265 1111 8266 88 8267 693 8268 1380 8269 60 8270 1380 8271 972 8272 60 8273 171 8274 1381 8275 970 8276 695 8277 1381 8278 171 8279 694 8280 1382 8281 170 8282 1382 8283 971 8284 170 8285 1135 8286 1383 8287 21 8288 1383 8289 353 8290 21 8291 1136 8292 1384 8293 23 8294 1384 8295 352 8296 23 8297 1134 8298 1385 8299 24 8300 1385 8301 351 8302 24 8303 1386 8304 1114 8305 55 8306 55 8307 492 8308 1386 8309 1387 8310 1115 8311 147 8312 147 8313 491 8314 1387 8315 1388 8316 261 8317 1040 8318 261 8319 1388 8320 851 8321 1389 8322 262 8323 1042 8324 262 8325 1389 8326 850 8327 1390 8328 257 8329 1041 8330 257 8331 1390 8332 848 8333 1391 8334 618 8335 990 8336 618 8337 1391 8338 849 8339 828 8340 179 8341 1392 8342 1392 8343 179 8344 607 8345 1393 8346 679 8347 348 8348 543 8349 1393 8350 348 8351 1394 8352 715 8353 349 8354 1136 8355 1394 8356 349 8357 600 8358 1395 8359 350 8360 1395 8361 714 8362 350 8363 1396 8364 548 8365 705 8366 1164 8367 548 8368 1396 8369 211 8370 1397 8371 159 8372 729 8373 159 8374 1397 8375 730 8376 158 8377 1398 8378 210 8379 1398 8380 158 8381 1399 8382 341 8383 768 8384 71 8385 341 8386 1399 8387 1400 8388 342 8389 769 8390 70 8391 342 8392 1400 8393 1401 8394 678 8395 834 8396 125 8397 678 8398 1401 8399 1402 8400 676 8401 774 8402 67 8403 676 8404 1402 8405 831 8406 621 8407 1403 8408 621 8409 453 8410 1403 8411 832 8412 620 8413 1404 8414 620 8415 454 8416 1404 8417 696 8418 1405 8419 923 8420 157 8421 1405 8422 696 8423 1406 8424 988 8425 22 8426 1406 8427 16 8428 988 8429 1023 8430 941 8431 1407 8432 941 8433 513 8434 1407 8435 942 8436 1408 8437 1024 8438 942 8439 514 8440 1408 8441 943 8442 1409 8443 1025 8444 943 8445 515 8446 1409 8447 78 8448 946 8449 1410 8450 946 8451 8 8452 1410 8453 945 8454 5 8455 1411 8456 107 8457 945 8458 1411 8459 1412 8460 581 8461 173 8462 1412 8463 1112 8464 581 8465 1413 8466 688 8467 722 8468 251 8469 688 8470 1413 8471 502 8472 1414 8473 619 8474 502 8475 811 8476 1414 8477 304 8478 1415 8479 874 8480 1113 8481 1415 8482 304 8483 179 8484 779 8485 1416 8486 988 8487 1416 8488 779 8489 659 8490 404 8491 1417 8492 659 8493 1417 8494 3 8495 706 8496 169 8497 1418 8498 139 8499 1418 8500 169 8501 140 8502 1419 8503 168 8504 707 8505 168 8506 1419 8507 36 8508 1420 8509 506 8510 437 8511 1420 8512 36 8513 35 8514 1421 8515 505 8516 438 8517 1421 8518 35 8519 187 8520 1422 8521 560 8522 439 8523 1422 8524 187 8525 7 8526 1423 8527 989 8528 462 8529 989 8530 1423 8531 135 8532 973 8533 1424 8534 6 8535 1424 8536 973 8537 464 8538 6 8539 1425 8540 973 8541 1425 8542 6 8543 1426 8544 1227 8545 307 8546 307 8547 61 8548 1426 8549 190 8550 220 8551 1427 8552 634 8553 1427 8554 220 8555 175 8556 608 8557 1428 8558 306 8559 1428 8560 608 8561 633 8562 53 8563 1429 8564 1429 8565 1225 8566 633 8567 1 8568 731 8569 1430 8570 1430 8571 731 8572 248 8573 546 8574 756 8575 1431 8576 1431 8577 756 8578 597 8579 2 8580 732 8581 1432 8582 1432 8583 732 8584 249 8585</p>
        </triangles>
      </mesh>
    </geometry>
  </library_geometries>
  <library_visual_scenes>
    <visual_scene id="robocore_body_top" name="robocore_body_top">
      <node name="top_cover" id="top_cover" sid="top_cover">
        <matrix sid="matrix">10.000000 -0.000002 0.000000 -0.000000 0.000002 10.000000 -0.000000 -0.000000 -0.000000 0.000000 10.000000 -0.000000 0.000000 0.000000 0.000000 1.000000</matrix>
        <instance_geometry url="#top_cover-lib">
          <bind_material>
            <technique_common>
              <instance_material symbol="OpaqueFBXASC040240FBXASC044245FBXASC044247FBXASC041FBXASC032FBXASC0401FBXASC041" target="#OpaqueFBXASC040240FBXASC044245FBXASC044247FBXASC041FBXASC032FBXASC0401FBXASC041"/>
            </technique_common>
          </bind_material>
        </instance_geometry>
        <extra>
          <technique profile="FCOLLADA">
            <visibility>1.000000</visibility>
          </technique>
        </extra>
      </node>
      <extra>
        <technique profile="MAX3D">
          <frame_rate>30.000000</frame_rate>
        </technique>
        <technique profile="FCOLLADA">
          <start_time>0.000000</start_time>
          <end_time>3.333333</end_time>
        </technique>
      </extra>
    </visual_scene>
  </library_visual_scenes>
  <scene>
    <instance_visual_scene url="#robocore_body_top"/>
  </scene>
</COLLADA>
