<?xml version="1.0" encoding="utf-8"?>
<COLLADA xmlns="http://www.collada.org/2005/11/COLLADASchema" version="1.4.1">
  <asset>
    <contributor>
      <author/>
      <authoring_tool>FBX COLLADA exporter</authoring_tool>
      <comments/>
    </contributor>
    <created>2026-10-02T09:25:57Z</created>
    <keywords/>
    <modified>2026-10-02T09:25:57Z</modified>
    <revision/>
    <subject/>
    <title/>
    <unit meter="0.001000" name="centimeter"/>
    <up_axis>Z_UP</up_axis>
  </asset>
  <library_materials>
    <material id="AluminumFBXASC032-FBXASC032AnodizedFBXASC032GlossyFBXASC032FBXASC040GreyFBXASC041" name="AluminumFBXASC032-FBXASC032AnodizedFBXASC032GlossyFBXASC032FBXASC040GreyFBXASC041">
      <instance_effect url="#AluminumFBXASC032-FBXASC032AnodizedFBXASC032GlossyFBXASC032FBXASC040GreyFBXASC041-fx"/>
    </material>
  </library_materials>
  <library_effects>
    <effect id="AluminumFBXASC032-FBXASC032AnodizedFBXASC032GlossyFBXASC032FBXASC040GreyFBXASC041-fx" name="AluminumFBXASC032-FBXASC032AnodizedFBXASC032GlossyFBXASC032FBXASC040GreyFBXASC041">
      <profile_COMMON>
        <technique sid="standard">
          <phong>
            <emission>
              <color sid="emission">0.000000  0.000000 0.000000 1.000000</color>
            </emission>
            <ambient>
              <color sid="ambient">0.537255  0.537255 0.537255 1.000000</color>
            </ambient>
            <diffuse>
              <color sid="diffuse">0.537255  0.537255 0.537255 1.000000</color>
            </diffuse>
            <specular>
              <color sid="specular">0.172877  0.172877 0.172877 1.000000</color>
            </specular>
            <shininess>
              <float sid="shininess">19.999998</float>
            </shininess>
            <transparency>
              <float sid="transparency">0.000000</float>
            </transparency>
          </phong>
        </technique>
      </profile_COMMON>
    </effect>
  </library_effects>
  <library_geometries>
    <geometry id="motor-lib" name="motorMesh">
      <mesh>
        <source id="motor-POSITION">
          <float_array id="motor-POSITION-array" count="972">
28.000000 0.000000 12.313707
27.574615 4.862149 12.313707
26.311394 9.576565 12.313707
24.248711 14.000000 12.313707
21.449244 17.998055 12.313709
17.998053 21.449245 12.313709
13.999999 24.248713 12.313705
9.576565 26.311394 12.313705
4.862150 27.574615 12.313707
0.000002 28.000000 12.313707
-4.862146 27.574617 12.313707
-9.576560 26.311396 12.313705
-13.999996 24.248714 12.313705
-17.998049 21.449247 12.313709
-21.449240 17.998058 12.313709
-24.248707 14.000007 12.313707
-26.311390 9.576572 12.313707
-27.574615 4.862159 12.313707
-28.000000 0.000011 12.313707
-27.574619 -4.862137 12.313707
-26.311398 -9.576551 12.313707
-24.248718 -13.999989 12.313707
-21.449255 -17.998043 12.313705
-17.998060 -21.449240 12.313705
-14.000009 -24.248707 12.313709
-9.576574 -26.311390 12.313709
-4.862161 -27.574615 12.313707
-0.000013 -28.000000 12.313707
4.862135 -27.574619 12.313707
9.576550 -26.311398 12.313709
13.999986 -24.248718 12.313709
17.998041 -21.449257 12.313705
21.449232 -17.998068 12.313705
24.248703 -14.000017 12.313707
26.311386 -9.576583 12.313707
27.574614 -4.862169 12.313707
27.696289 0.000000 13.794926
27.275518 4.809411 13.794926
26.025999 9.472690 13.794926
23.985689 13.848145 13.794926
21.216587 17.802834 13.794926
17.802832 21.216589 13.794926
13.848144 23.985691 13.794922
9.472690 26.025999 13.794922
4.809412 27.275518 13.794926
0.000002 27.696289 13.794926
-4.809407 27.275520 13.794926
-9.472685 26.026001 13.794922
-13.848141 23.985693 13.794922
-17.802828 21.216591 13.794926
-21.216583 17.802837 13.794926
-23.985685 13.848151 13.794926
-26.025995 9.472697 13.794926
-27.275518 4.809420 13.794926
-27.696289 0.000011 13.794926
-27.275522 -4.809399 13.794926
-26.026003 -9.472676 13.794926
-23.985697 -13.848133 13.794926
-21.216599 -17.802822 13.794922
-17.802839 -21.216583 13.794922
-13.848153 -23.985685 13.794926
-9.472699 -26.025995 13.794926
-4.809422 -27.275518 13.794926
-0.000013 -27.696289 13.794926
4.809397 -27.275522 13.794926
9.472675 -26.026003 13.794926
13.848130 -23.985697 13.794926
17.802820 -21.216600 13.794922
21.216576 -17.802847 13.794922
23.985682 -13.848162 13.794926
26.025991 -9.472708 13.794926
27.275517 -4.809430 13.794926
26.995081 0.000000 14.079308
26.584963 4.687647 14.079308
25.367079 9.232862 14.079308
23.378426 13.497540 14.079308
20.679430 17.352106 14.079308
17.352104 20.679432 14.079308
13.497540 23.378428 14.079304
9.232862 25.367079 14.079304
4.687648 26.584963 14.079308
0.000002 26.995081 14.079308
-4.687644 26.584965 14.079308
-9.232858 25.367081 14.079304
-13.497537 23.378429 14.079304
-17.352100 20.679434 14.079308
-20.679426 17.352110 14.079308
-23.378422 13.497547 14.079308
-25.367075 9.232870 14.079308
-26.584963 4.687656 14.079308
-26.995081 0.000011 14.079308
-26.584967 -4.687635 14.079308
-25.367083 -9.232849 14.079308
-23.378433 -13.497530 14.079308
-20.679441 -17.352095 14.079304
-17.352112 -20.679426 14.079304
-13.497549 -23.378422 14.079308
-9.232872 -25.367075 14.079308
-4.687658 -26.584963 14.079308
-0.000013 -26.995081 14.079308
4.687634 -26.584967 14.079308
9.232848 -25.367083 14.079308
13.497527 -23.378433 14.079308
17.352093 -20.679443 14.079304
20.679420 -17.352119 14.079304
23.378418 -13.497558 14.079308
25.367071 -9.232881 14.079308
26.584961 -4.687666 14.079308
27.574615 4.862149 3.170118
26.311394 9.576565 3.170118
21.449244 17.998055 3.170118
17.998053 21.449245 3.170118
14.000000 24.248713 3.170118
9.576565 26.311394 3.170118
0.000002 28.000000 3.170118
-4.862146 27.574617 3.170118
-9.576560 26.311396 3.170118
-17.998049 21.449247 3.170118
-21.449240 17.998058 3.170118
-24.248707 14.000006 3.170118
-26.311398 -9.576551 3.170118
-17.998060 -21.449240 3.170118
-4.862161 -27.574615 3.170118
4.862135 -27.574619 3.170118
17.998041 -21.449257 3.170118
21.449232 -17.998068 3.170118
26.311386 -9.576583 3.170118
26.584961 -4.687666 -7.739071
26.995081 0.000000 -7.739071
26.584963 4.687647 -7.739071
25.367079 9.232862 -7.739071
23.378426 13.497540 -7.739071
20.679430 17.352106 -7.739071
17.352104 20.679432 -7.739071
13.497540 23.378428 -7.739067
9.232862 25.367079 -7.739067
4.687648 26.584963 -7.739071
0.000002 26.995081 -7.739071
-4.687644 26.584965 -7.739071
-9.232858 25.367081 -7.739067
-13.497537 23.378429 -7.739067
-17.352100 20.679434 -7.739071
-20.679426 17.352110 -7.739071
-23.378422 13.497547 -7.739071
-25.367075 9.232870 -7.739071
-26.584963 4.687656 -7.739071
-26.995081 0.000011 -7.739071
-26.584967 -4.687635 -7.739071
-25.367083 -9.232849 -7.739071
-23.378433 -13.497530 -7.739071
-20.679441 -17.352095 -7.739067
-17.352112 -20.679426 -7.739067
-13.497549 -23.378422 -7.739071
-9.232872 -25.367075 -7.739071
-4.687658 -26.584963 -7.739071
-0.000013 -26.995081 -7.739071
4.687634 -26.584967 -7.739071
9.232848 -25.367083 -7.739071
13.497527 -23.378433 -7.739071
17.352093 -20.679443 -7.739067
20.679420 -17.352119 -7.739067
23.378418 -13.497558 -7.739071
25.367071 -9.232881 -7.739071
28.000000 0.000000 -5.973471
27.574615 4.862149 -5.973471
27.275518 4.809411 -7.454689
27.696289 0.000000 -7.454689
26.311394 9.576565 -5.973471
26.025999 9.472690 -7.454689
24.248711 14.000000 -5.973471
23.985689 13.848145 -7.454689
21.449244 17.998055 -5.973473
21.216587 17.802834 -7.454689
17.998053 21.449245 -5.973473
17.802832 21.216589 -7.454689
13.999999 24.248713 -5.973469
13.848144 23.985691 -7.454685
9.576565 26.311394 -5.973469
9.472690 26.025999 -7.454685
4.862150 27.574615 -5.973471
4.809412 27.275518 -7.454689
0.000002 28.000000 -5.973471
0.000002 27.696289 -7.454689
-4.862146 27.574617 -5.973471
-4.809407 27.275520 -7.454689
-9.576560 26.311396 -5.973469
-9.472685 26.026001 -7.454685
-13.999996 24.248714 -5.973469
-13.848141 23.985693 -7.454685
-17.998049 21.449247 -5.973473
-17.802828 21.216591 -7.454689
-21.449240 17.998058 -5.973473
-21.216583 17.802837 -7.454689
-24.248707 14.000007 -5.973471
-23.985685 13.848151 -7.454689
-26.311390 9.576572 -5.973471
-26.025995 9.472697 -7.454689
-27.574615 4.862159 -5.973471
-27.275518 4.809420 -7.454689
-28.000000 0.000011 -5.973471
-27.696289 0.000011 -7.454689
-27.574619 -4.862137 -5.973471
-27.275522 -4.809399 -7.454689
-26.311398 -9.576551 -5.973471
-26.026003 -9.472676 -7.454689
-24.248718 -13.999989 -5.973471
-23.985697 -13.848133 -7.454689
-21.449255 -17.998043 -5.973469
-21.216599 -17.802822 -7.454685
-17.998060 -21.449240 -5.973469
-17.802839 -21.216583 -7.454685
-14.000009 -24.248707 -5.973473
-13.848153 -23.985685 -7.454689
-9.576574 -26.311390 -5.973473
-9.472699 -26.025995 -7.454689
-4.862161 -27.574615 -5.973471
-4.809422 -27.275518 -7.454689
-0.000013 -28.000000 -5.973471
-0.000013 -27.696289 -7.454689
4.862135 -27.574619 -5.973471
4.809397 -27.275522 -7.454689
9.576550 -26.311398 -5.973473
9.472675 -26.026003 -7.454689
13.999986 -24.248718 -5.973473
13.848130 -23.985697 -7.454689
17.998041 -21.449257 -5.973469
17.802820 -21.216600 -7.454685
21.449232 -17.998068 -5.973469
21.216576 -17.802847 -7.454685
24.248703 -14.000017 -5.973471
23.985682 -13.848162 -7.454689
26.311386 -9.576583 -5.973471
26.025991 -9.472708 -7.454689
27.574614 -4.862169 -5.973471
27.275517 -4.809430 -7.454689
28.000000 0.000000 3.170118
24.248711 14.000000 3.170118
4.862150 27.574615 3.170118
-13.999996 24.248714 3.170118
-26.311390 9.576572 3.170118
-27.574615 4.862159 3.170118
-28.000000 0.000011 3.170118
-27.574619 -4.862137 3.170118
-24.248718 -13.999989 3.170118
-21.449255 -17.998043 3.170118
-14.000010 -24.248707 3.170118
-9.576574 -26.311390 3.170118
-0.000013 -28.000000 3.170118
9.576550 -26.311398 3.170118
13.999987 -24.248718 3.170118
24.248703 -14.000017 3.170118
27.574614 -4.862169 3.170118
15.039017 0.000000 -7.739071
14.810536 -2.611510 -7.739071
14.132048 -5.143660 -7.739071
13.024164 -7.519519 -7.739071
11.520549 -9.666903 -7.739067
9.666889 -11.520559 -7.739067
7.519503 -13.024173 -7.739071
5.143639 -14.132054 -7.739071
2.611490 -14.810540 -7.739071
-0.000008 -15.039017 -7.739071
-2.611504 -14.810538 -7.739071
-5.143653 -14.132050 -7.739071
-7.519514 -13.024168 -7.739071
-9.666899 -11.520552 -7.739067
-11.520559 -9.666888 -7.739067
-13.024173 -7.519505 -7.739071
-14.132054 -5.143641 -7.739071
-14.810540 -2.611491 -7.739071
-15.039017 0.000006 -7.739071
-14.810538 2.611503 -7.739071
-14.132050 5.143651 -7.739071
-13.024168 7.519512 -7.739071
-11.520552 9.666897 -7.739071
-9.666891 11.520556 -7.739071
-7.519505 13.024173 -7.739067
-5.143646 14.132053 -7.739067
-2.611497 14.810540 -7.739071
-0.000000 15.039015 -7.739071
2.611500 14.810538 -7.739071
5.143650 14.132051 -7.739067
7.519507 13.024172 -7.739067
9.666893 11.520555 -7.739071
11.520552 9.666896 -7.739071
13.024171 7.519507 -7.739071
14.132052 5.143649 -7.739071
14.810536 2.611499 -7.739071
15.039017 0.000000 -14.079309
14.810536 -2.611510 -14.079309
14.132048 -5.143660 -14.079309
13.024164 -7.519519 -14.079309
11.520549 -9.666903 -14.079306
9.666889 -11.520559 -14.079306
7.519503 -13.024173 -14.079309
5.143639 -14.132054 -14.079309
2.611490 -14.810540 -14.079309
-0.000008 -15.039017 -14.079309
-2.611504 -14.810538 -14.079309
-5.143653 -14.132050 -14.079309
-7.519514 -13.024168 -14.079309
-9.666899 -11.520552 -14.079306
-11.520559 -9.666888 -14.079306
-13.024173 -7.519505 -14.079309
-14.132054 -5.143641 -14.079309
-14.810540 -2.611491 -14.079309
-15.039017 0.000006 -14.079309
-14.810538 2.611503 -14.079309
-14.132050 5.143651 -14.079309
-13.024168 7.519512 -14.079309
-11.520552 9.666897 -14.079309
-9.666891 11.520556 -14.079309
-7.519505 13.024173 -14.079306
-5.143646 14.132053 -14.079306
-2.611497 14.810540 -14.079309
-0.000000 15.039015 -14.079309
2.611500 14.810538 -14.079309
5.143650 14.132051 -14.079306
7.519507 13.024172 -14.079306
9.666893 11.520555 -14.079309
11.520552 9.666896 -14.079309
13.024171 7.519507 -14.079309
14.132052 5.143649 -14.079309
14.810536 2.611499 -14.079309
</float_array>
          <technique_common>
            <accessor source="#motor-POSITION-array" count="324" stride="3">
              <param name="X" type="float"/>
              <param name="Y" type="float"/>
              <param name="Z" type="float"/>
            </accessor>
          </technique_common>
        </source>
        <source id="motor-Normal0">
          <float_array id="motor-Normal0-array" count="5796">
0.201660 0.000000 0.979456
0.198596 0.035018 0.979456
0.189498 0.068972 0.979456
0.189498 0.068972 0.979456
0.174643 0.100830 0.979456
0.154480 0.129624 0.979456
0.154480 0.129624 0.979456
0.129623 0.154479 0.979456
0.100830 0.174643 0.979456
0.189498 0.068972 0.979456
0.154480 0.129624 0.979456
0.100830 0.174643 0.979456
0.100830 0.174643 0.979456
0.068973 0.189500 0.979455
0.035018 0.198596 0.979456
0.035018 0.198596 0.979456
0.000000 0.201660 0.979456
-0.035018 0.198596 0.979456
0.100830 0.174643 0.979456
0.035018 0.198596 0.979456
-0.035018 0.198596 0.979456
-0.035018 0.198596 0.979456
-0.068973 0.189500 0.979455
-0.100830 0.174644 0.979455
-0.100830 0.174644 0.979455
-0.129623 0.154479 0.979456
-0.154480 0.129624 0.979456
-0.035018 0.198596 0.979456
-0.100830 0.174644 0.979455
-0.154480 0.129624 0.979456
0.100830 0.174643 0.979456
-0.035018 0.198596 0.979456
-0.154480 0.129624 0.979456
-0.154480 0.129624 0.979456
-0.174643 0.100830 0.979456
-0.189498 0.068972 0.979456
-0.189498 0.068972 0.979456
-0.198596 0.035018 0.979456
-0.201660 0.000000 0.979456
-0.154480 0.129624 0.979456
-0.189498 0.068972 0.979456
-0.201660 0.000000 0.979456
-0.201660 0.000000 0.979456
-0.198596 -0.035018 0.979456
-0.189498 -0.068971 0.979456
-0.189498 -0.068971 0.979456
-0.174641 -0.100829 0.979456
-0.154480 -0.129625 0.979456
-0.201660 0.000000 0.979456
-0.189498 -0.068971 0.979456
-0.154480 -0.129625 0.979456
-0.154480 0.129624 0.979456
-0.201660 0.000000 0.979456
-0.154480 -0.129625 0.979456
-0.154480 -0.129625 0.979456
-0.129626 -0.154482 0.979455
-0.100830 -0.174642 0.979456
-0.100830 -0.174642 0.979456
-0.068972 -0.189498 0.979456
-0.035018 -0.198596 0.979456
-0.154480 -0.129625 0.979456
-0.100830 -0.174642 0.979456
-0.035018 -0.198596 0.979456
-0.035018 -0.198596 0.979456
-0.000000 -0.201660 0.979456
0.035018 -0.198596 0.979456
0.035018 -0.198596 0.979456
0.068972 -0.189498 0.979456
0.100830 -0.174643 0.979456
-0.035018 -0.198596 0.979456
0.035018 -0.198596 0.979456
0.100830 -0.174643 0.979456
-0.154480 -0.129625 0.979456
-0.035018 -0.198596 0.979456
0.100830 -0.174643 0.979456
-0.154480 0.129624 0.979456
-0.154480 -0.129625 0.979456
0.100830 -0.174643 0.979456
0.100830 0.174643 0.979456
-0.154480 0.129624 0.979456
0.100830 -0.174643 0.979456
0.100830 -0.174643 0.979456
0.129626 -0.154482 0.979455
0.154481 -0.129626 0.979455
0.154481 -0.129626 0.979455
0.174641 -0.100829 0.979456
0.189498 -0.068972 0.979456
0.100830 -0.174643 0.979456
0.154481 -0.129626 0.979455
0.189498 -0.068972 0.979456
0.100830 0.174643 0.979456
0.100830 -0.174643 0.979456
0.189498 -0.068972 0.979456
0.189498 0.068972 0.979456
0.100830 0.174643 0.979456
0.189498 -0.068972 0.979456
0.201660 0.000000 0.979456
0.189498 0.068972 0.979456
0.189498 -0.068972 0.979456
0.198596 -0.035018 0.979456
0.201660 0.000000 0.979456
0.189498 -0.068972 0.979456
0.994948 -0.000000 0.100389
0.979833 0.172771 0.100389
0.964737 0.170109 0.200863
0.964737 0.170109 0.200863
0.979620 0.000000 0.200862
0.994948 -0.000000 0.100389
0.979833 0.172771 0.100389
0.934946 0.340292 0.100389
0.920541 0.335050 0.200862
0.920541 0.335050 0.200862
0.964737 0.170109 0.200863
0.979833 0.172771 0.100389
0.934946 0.340292 0.100389
0.861650 0.497474 0.100389
0.848375 0.489810 0.200862
0.848375 0.489810 0.200862
0.920541 0.335050 0.200862
0.934946 0.340292 0.100389
0.861650 0.497474 0.100389
0.762175 0.639540 0.100389
0.750432 0.629687 0.200863
0.750432 0.629687 0.200863
0.848375 0.489810 0.200862
0.861650 0.497474 0.100389
0.762175 0.639540 0.100389
0.639540 0.762175 0.100389
0.629687 0.750432 0.200863
0.629687 0.750432 0.200863
0.750432 0.629687 0.200863
0.762175 0.639540 0.100389
0.639540 0.762175 0.100389
0.497474 0.861650 0.100389
0.489810 0.848375 0.200863
0.489810 0.848375 0.200863
0.629687 0.750432 0.200863
0.639540 0.762175 0.100389
0.497474 0.861650 0.100389
0.340292 0.934946 0.100389
0.335049 0.920541 0.200863
0.335049 0.920541 0.200863
0.489810 0.848375 0.200863
0.497474 0.861650 0.100389
0.340292 0.934946 0.100389
0.172771 0.979833 0.100389
0.170109 0.964737 0.200863
0.170109 0.964737 0.200863
0.335049 0.920541 0.200863
0.340292 0.934946 0.100389
0.172771 0.979833 0.100389
0.000000 0.994948 0.100389
0.000000 0.979620 0.200862
0.000000 0.979620 0.200862
0.170109 0.964737 0.200863
0.172771 0.979833 0.100389
0.000000 0.994948 0.100389
-0.172771 0.979833 0.100389
-0.170109 0.964737 0.200863
-0.170109 0.964737 0.200863
0.000000 0.979620 0.200862
0.000000 0.994948 0.100389
-0.172771 0.979833 0.100389
-0.340292 0.934946 0.100389
-0.335049 0.920541 0.200863
-0.335049 0.920541 0.200863
-0.170109 0.964737 0.200863
-0.172771 0.979833 0.100389
-0.340292 0.934946 0.100389
-0.497474 0.861650 0.100389
-0.489810 0.848375 0.200863
-0.489810 0.848375 0.200863
-0.335049 0.920541 0.200863
-0.340292 0.934946 0.100389
-0.497474 0.861650 0.100389
-0.639540 0.762175 0.100389
-0.629687 0.750432 0.200863
-0.629687 0.750432 0.200863
-0.489810 0.848375 0.200863
-0.497474 0.861650 0.100389
-0.639540 0.762175 0.100389
-0.762174 0.639541 0.100389
-0.750432 0.629687 0.200863
-0.750432 0.629687 0.200863
-0.629687 0.750432 0.200863
-0.639540 0.762175 0.100389
-0.762174 0.639541 0.100389
-0.861650 0.497474 0.100389
-0.848375 0.489810 0.200863
-0.848375 0.489810 0.200863
-0.750432 0.629687 0.200863
-0.762174 0.639541 0.100389
-0.861650 0.497474 0.100389
-0.934945 0.340293 0.100389
-0.920541 0.335050 0.200862
-0.920541 0.335050 0.200862
-0.848375 0.489810 0.200863
-0.861650 0.497474 0.100389
-0.934945 0.340293 0.100389
-0.979833 0.172771 0.100389
-0.964737 0.170110 0.200863
-0.964737 0.170110 0.200863
-0.920541 0.335050 0.200862
-0.934945 0.340293 0.100389
-0.979833 0.172771 0.100389
-0.994948 0.000000 0.100389
-0.979620 0.000000 0.200862
-0.979620 0.000000 0.200862
-0.964737 0.170110 0.200863
-0.979833 0.172771 0.100389
-0.994948 0.000000 0.100389
-0.979833 -0.172771 0.100389
-0.964737 -0.170109 0.200863
-0.964737 -0.170109 0.200863
-0.979620 0.000000 0.200862
-0.994948 0.000000 0.100389
-0.979833 -0.172771 0.100389
-0.934946 -0.340292 0.100389
-0.920541 -0.335049 0.200862
-0.920541 -0.335049 0.200862
-0.964737 -0.170109 0.200863
-0.979833 -0.172771 0.100389
-0.934946 -0.340292 0.100389
-0.861651 -0.497474 0.100389
-0.848376 -0.489809 0.200862
-0.848376 -0.489809 0.200862
-0.920541 -0.335049 0.200862
-0.934946 -0.340292 0.100389
-0.861651 -0.497474 0.100389
-0.762175 -0.639540 0.100389
-0.750432 -0.629687 0.200863
-0.750432 -0.629687 0.200863
-0.848376 -0.489809 0.200862
-0.861651 -0.497474 0.100389
-0.762175 -0.639540 0.100389
-0.639541 -0.762174 0.100389
-0.629687 -0.750432 0.200863
-0.629687 -0.750432 0.200863
-0.750432 -0.629687 0.200863
-0.762175 -0.639540 0.100389
-0.639541 -0.762174 0.100389
-0.497474 -0.861650 0.100389
-0.489810 -0.848375 0.200863
-0.489810 -0.848375 0.200863
-0.629687 -0.750432 0.200863
-0.639541 -0.762174 0.100389
-0.497474 -0.861650 0.100389
-0.340293 -0.934945 0.100389
-0.335050 -0.920541 0.200863
-0.335050 -0.920541 0.200863
-0.489810 -0.848375 0.200863
-0.497474 -0.861650 0.100389
-0.340293 -0.934945 0.100389
-0.172771 -0.979833 0.100389
-0.170109 -0.964737 0.200863
-0.170109 -0.964737 0.200863
-0.335050 -0.920541 0.200863
-0.340293 -0.934945 0.100389
-0.172771 -0.979833 0.100389
-0.000000 -0.994948 0.100389
-0.000000 -0.979620 0.200862
-0.000000 -0.979620 0.200862
-0.170109 -0.964737 0.200863
-0.172771 -0.979833 0.100389
-0.000000 -0.994948 0.100389
0.172771 -0.979833 0.100389
0.170109 -0.964737 0.200863
0.170109 -0.964737 0.200863
-0.000000 -0.979620 0.200862
-0.000000 -0.994948 0.100389
0.172771 -0.979833 0.100389
0.340292 -0.934946 0.100389
0.335049 -0.920541 0.200863
0.335049 -0.920541 0.200863
0.170109 -0.964737 0.200863
0.172771 -0.979833 0.100389
0.340292 -0.934946 0.100389
0.497473 -0.861651 0.100389
0.489809 -0.848376 0.200863
0.489809 -0.848376 0.200863
0.335049 -0.920541 0.200863
0.340292 -0.934946 0.100389
0.497473 -0.861651 0.100389
0.639540 -0.762175 0.100389
0.629687 -0.750432 0.200863
0.629687 -0.750432 0.200863
0.489809 -0.848376 0.200863
0.497473 -0.861651 0.100389
0.639540 -0.762175 0.100389
0.762174 -0.639541 0.100389
0.750432 -0.629688 0.200863
0.750432 -0.629688 0.200863
0.629687 -0.750432 0.200863
0.639540 -0.762175 0.100389
0.762174 -0.639541 0.100389
0.861650 -0.497475 0.100389
0.848375 -0.489810 0.200863
0.848375 -0.489810 0.200863
0.750432 -0.629688 0.200863
0.762174 -0.639541 0.100389
0.861650 -0.497475 0.100389
0.934945 -0.340293 0.100389
0.920541 -0.335050 0.200862
0.920541 -0.335050 0.200862
0.848375 -0.489810 0.200863
0.861650 -0.497475 0.100389
0.934945 -0.340293 0.100389
0.979833 -0.172772 0.100389
0.964737 -0.170110 0.200863
0.964737 -0.170110 0.200863
0.920541 -0.335050 0.200862
0.934945 -0.340293 0.100389
0.979833 -0.172772 0.100389
0.994948 -0.000000 0.100389
0.979620 0.000000 0.200862
0.979620 0.000000 0.200862
0.964737 -0.170110 0.200863
0.979833 -0.172772 0.100389
0.375828 0.000000 0.926689
0.370118 0.065262 0.926689
0.198596 0.035018 0.979456
0.198596 0.035018 0.979456
0.201660 0.000000 0.979456
0.375828 0.000000 0.926689
0.370118 0.065262 0.926689
0.353163 0.128541 0.926689
0.189498 0.068972 0.979456
0.189498 0.068972 0.979456
0.198596 0.035018 0.979456
0.370118 0.065262 0.926689
0.353163 0.128541 0.926689
0.325477 0.187914 0.926689
0.174643 0.100830 0.979456
0.174643 0.100830 0.979456
0.189498 0.068972 0.979456
0.353163 0.128541 0.926689
0.325477 0.187914 0.926689
0.287901 0.241578 0.926689
0.154480 0.129624 0.979456
0.154480 0.129624 0.979456
0.174643 0.100830 0.979456
0.325477 0.187914 0.926689
0.287901 0.241578 0.926689
0.241577 0.287901 0.926689
0.129623 0.154479 0.979456
0.129623 0.154479 0.979456
0.154480 0.129624 0.979456
0.287901 0.241578 0.926689
0.241577 0.287901 0.926689
0.187914 0.325477 0.926689
0.100830 0.174643 0.979456
0.100830 0.174643 0.979456
0.129623 0.154479 0.979456
0.241577 0.287901 0.926689
0.187914 0.325477 0.926689
0.128541 0.353163 0.926689
0.068973 0.189500 0.979455
0.068973 0.189500 0.979455
0.100830 0.174643 0.979456
0.187914 0.325477 0.926689
0.128541 0.353163 0.926689
0.065262 0.370118 0.926689
0.035018 0.198596 0.979456
0.035018 0.198596 0.979456
0.068973 0.189500 0.979455
0.128541 0.353163 0.926689
0.065262 0.370118 0.926689
0.000000 0.375828 0.926689
0.000000 0.201660 0.979456
0.000000 0.201660 0.979456
0.035018 0.198596 0.979456
0.065262 0.370118 0.926689
0.000000 0.375828 0.926689
-0.065262 0.370118 0.926690
-0.035018 0.198596 0.979456
-0.035018 0.198596 0.979456
0.000000 0.201660 0.979456
0.000000 0.375828 0.926689
-0.065262 0.370118 0.926690
-0.128541 0.353163 0.926689
-0.068973 0.189500 0.979455
-0.068973 0.189500 0.979455
-0.035018 0.198596 0.979456
-0.065262 0.370118 0.926690
-0.128541 0.353163 0.926689
-0.187914 0.325477 0.926689
-0.100830 0.174644 0.979455
-0.100830 0.174644 0.979455
-0.068973 0.189500 0.979455
-0.128541 0.353163 0.926689
-0.187914 0.325477 0.926689
-0.241577 0.287901 0.926689
-0.129623 0.154479 0.979456
-0.129623 0.154479 0.979456
-0.100830 0.174644 0.979455
-0.187914 0.325477 0.926689
-0.241577 0.287901 0.926689
-0.287901 0.241578 0.926689
-0.154480 0.129624 0.979456
-0.154480 0.129624 0.979456
-0.129623 0.154479 0.979456
-0.241577 0.287901 0.926689
-0.287901 0.241578 0.926689
-0.325477 0.187914 0.926689
-0.174643 0.100830 0.979456
-0.174643 0.100830 0.979456
-0.154480 0.129624 0.979456
-0.287901 0.241578 0.926689
-0.325477 0.187914 0.926689
-0.353163 0.128541 0.926690
-0.189498 0.068972 0.979456
-0.189498 0.068972 0.979456
-0.174643 0.100830 0.979456
-0.325477 0.187914 0.926689
-0.353163 0.128541 0.926690
-0.370118 0.065262 0.926689
-0.198596 0.035018 0.979456
-0.198596 0.035018 0.979456
-0.189498 0.068972 0.979456
-0.353163 0.128541 0.926690
-0.370118 0.065262 0.926689
-0.375828 0.000000 0.926689
-0.201660 0.000000 0.979456
-0.201660 0.000000 0.979456
-0.198596 0.035018 0.979456
-0.370118 0.065262 0.926689
-0.375828 0.000000 0.926689
-0.370118 -0.065262 0.926689
-0.198596 -0.035018 0.979456
-0.198596 -0.035018 0.979456
-0.201660 0.000000 0.979456
-0.375828 0.000000 0.926689
-0.370118 -0.065262 0.926689
-0.353163 -0.128541 0.926689
-0.189498 -0.068971 0.979456
-0.189498 -0.068971 0.979456
-0.198596 -0.035018 0.979456
-0.370118 -0.065262 0.926689
-0.353163 -0.128541 0.926689
-0.325477 -0.187914 0.926689
-0.174641 -0.100829 0.979456
-0.174641 -0.100829 0.979456
-0.189498 -0.068971 0.979456
-0.353163 -0.128541 0.926689
-0.325477 -0.187914 0.926689
-0.287901 -0.241578 0.926689
-0.154480 -0.129625 0.979456
-0.154480 -0.129625 0.979456
-0.174641 -0.100829 0.979456
-0.325477 -0.187914 0.926689
-0.287901 -0.241578 0.926689
-0.241578 -0.287901 0.926689
-0.129626 -0.154482 0.979455
-0.129626 -0.154482 0.979455
-0.154480 -0.129625 0.979456
-0.287901 -0.241578 0.926689
-0.241578 -0.287901 0.926689
-0.187915 -0.325477 0.926689
-0.100830 -0.174642 0.979456
-0.100830 -0.174642 0.979456
-0.129626 -0.154482 0.979455
-0.241578 -0.287901 0.926689
-0.187915 -0.325477 0.926689
-0.128541 -0.353163 0.926690
-0.068972 -0.189498 0.979456
-0.068972 -0.189498 0.979456
-0.100830 -0.174642 0.979456
-0.187915 -0.325477 0.926689
-0.128541 -0.353163 0.926690
-0.065262 -0.370118 0.926689
-0.035018 -0.198596 0.979456
-0.035018 -0.198596 0.979456
-0.068972 -0.189498 0.979456
-0.128541 -0.353163 0.926690
-0.065262 -0.370118 0.926689
-0.000000 -0.375828 0.926689
-0.000000 -0.201660 0.979456
-0.000000 -0.201660 0.979456
-0.035018 -0.198596 0.979456
-0.065262 -0.370118 0.926689
-0.000000 -0.375828 0.926689
0.065262 -0.370118 0.926689
0.035018 -0.198596 0.979456
0.035018 -0.198596 0.979456
-0.000000 -0.201660 0.979456
-0.000000 -0.375828 0.926689
0.065262 -0.370118 0.926689
0.128541 -0.353163 0.926689
0.068972 -0.189498 0.979456
0.068972 -0.189498 0.979456
0.035018 -0.198596 0.979456
0.065262 -0.370118 0.926689
0.128541 -0.353163 0.926689
0.187914 -0.325477 0.926689
0.100830 -0.174643 0.979456
0.100830 -0.174643 0.979456
0.068972 -0.189498 0.979456
0.128541 -0.353163 0.926689
0.187914 -0.325477 0.926689
0.241578 -0.287901 0.926690
0.129626 -0.154482 0.979455
0.129626 -0.154482 0.979455
0.100830 -0.174643 0.979456
0.187914 -0.325477 0.926689
0.241578 -0.287901 0.926690
0.287901 -0.241578 0.926689
0.154481 -0.129626 0.979455
0.154481 -0.129626 0.979455
0.129626 -0.154482 0.979455
0.241578 -0.287901 0.926690
0.287901 -0.241578 0.926689
0.325476 -0.187915 0.926689
0.174641 -0.100829 0.979456
0.174641 -0.100829 0.979456
0.154481 -0.129626 0.979455
0.287901 -0.241578 0.926689
0.325476 -0.187915 0.926689
0.353163 -0.128541 0.926689
0.189498 -0.068972 0.979456
0.189498 -0.068972 0.979456
0.174641 -0.100829 0.979456
0.325476 -0.187915 0.926689
0.353163 -0.128541 0.926689
0.370118 -0.065262 0.926690
0.198596 -0.035018 0.979456
0.198596 -0.035018 0.979456
0.189498 -0.068972 0.979456
0.353163 -0.128541 0.926689
0.370118 -0.065262 0.926690
0.375828 0.000000 0.926689
0.201660 0.000000 0.979456
0.201660 0.000000 0.979456
0.198596 -0.035018 0.979456
0.370118 -0.065262 0.926690
0.979833 0.172771 0.100389
0.994948 -0.000000 0.100389
1.000000 -0.000000 0.000000
1.000000 -0.000000 0.000000
0.984808 0.173648 0.000000
0.979833 0.172771 0.100389
0.934946 0.340292 0.100389
0.979833 0.172771 0.100389
0.984808 0.173648 0.000000
0.984808 0.173648 0.000000
0.939693 0.342020 0.000000
0.934946 0.340292 0.100389
0.861650 0.497474 0.100389
0.934946 0.340292 0.100389
0.939693 0.342020 0.000000
0.939693 0.342020 0.000000
0.866025 0.500000 0.000000
0.861650 0.497474 0.100389
0.762175 0.639540 0.100389
0.861650 0.497474 0.100389
0.866025 0.500000 0.000000
0.866025 0.500000 0.000000
0.766044 0.642788 0.000000
0.762175 0.639540 0.100389
0.639540 0.762175 0.100389
0.762175 0.639540 0.100389
0.766044 0.642788 0.000000
0.766044 0.642788 0.000000
0.642788 0.766044 0.000000
0.639540 0.762175 0.100389
0.497474 0.861650 0.100389
0.639540 0.762175 0.100389
0.642788 0.766044 0.000000
0.642788 0.766044 0.000000
0.500000 0.866025 0.000000
0.497474 0.861650 0.100389
0.340292 0.934946 0.100389
0.497474 0.861650 0.100389
0.500000 0.866025 0.000000
0.500000 0.866025 0.000000
0.342020 0.939693 0.000000
0.340292 0.934946 0.100389
0.172771 0.979833 0.100389
0.340292 0.934946 0.100389
0.342020 0.939693 0.000000
0.342020 0.939693 0.000000
0.173648 0.984808 0.000000
0.172771 0.979833 0.100389
0.000000 0.994948 0.100389
0.172771 0.979833 0.100389
0.173648 0.984808 0.000000
0.173648 0.984808 0.000000
0.000000 1.000000 0.000000
0.000000 0.994948 0.100389
-0.172771 0.979833 0.100389
0.000000 0.994948 0.100389
0.000000 1.000000 0.000000
0.000000 1.000000 0.000000
-0.173648 0.984808 0.000000
-0.172771 0.979833 0.100389
-0.340292 0.934946 0.100389
-0.172771 0.979833 0.100389
-0.173648 0.984808 0.000000
-0.173648 0.984808 0.000000
-0.342020 0.939693 0.000000
-0.340292 0.934946 0.100389
-0.497474 0.861650 0.100389
-0.340292 0.934946 0.100389
-0.342020 0.939693 0.000000
-0.342020 0.939693 0.000000
-0.500000 0.866025 0.000000
-0.497474 0.861650 0.100389
-0.639540 0.762175 0.100389
-0.497474 0.861650 0.100389
-0.500000 0.866025 0.000000
-0.500000 0.866025 0.000000
-0.642788 0.766044 0.000000
-0.639540 0.762175 0.100389
-0.762174 0.639541 0.100389
-0.639540 0.762175 0.100389
-0.642788 0.766044 0.000000
-0.642788 0.766044 0.000000
-0.766044 0.642788 0.000000
-0.762174 0.639541 0.100389
-0.861650 0.497474 0.100389
-0.762174 0.639541 0.100389
-0.766044 0.642788 0.000000
-0.766044 0.642788 0.000000
-0.866025 0.500000 0.000000
-0.861650 0.497474 0.100389
-0.934945 0.340293 0.100389
-0.861650 0.497474 0.100389
-0.866025 0.500000 0.000000
-0.866025 0.500000 0.000000
-0.939692 0.342021 0.000000
-0.934945 0.340293 0.100389
-0.979833 0.172771 0.100389
-0.934945 0.340293 0.100389
-0.939692 0.342021 0.000000
-0.939692 0.342021 0.000000
-0.984808 0.173649 0.000000
-0.979833 0.172771 0.100389
-0.994948 0.000000 0.100389
-0.979833 0.172771 0.100389
-0.984808 0.173649 0.000000
-0.984808 0.173649 0.000000
-1.000000 0.000000 0.000000
-0.994948 0.000000 0.100389
-0.979833 -0.172771 0.100389
-0.994948 0.000000 0.100389
-1.000000 0.000000 0.000000
-1.000000 0.000000 0.000000
-0.984808 -0.173648 0.000000
-0.979833 -0.172771 0.100389
-0.934946 -0.340292 0.100389
-0.979833 -0.172771 0.100389
-0.984808 -0.173648 0.000000
-0.984808 -0.173648 0.000000
-0.939693 -0.342020 0.000000
-0.934946 -0.340292 0.100389
-0.861651 -0.497474 0.100389
-0.934946 -0.340292 0.100389
-0.939693 -0.342020 0.000000
-0.939693 -0.342020 0.000000
-0.866026 -0.499999 0.000000
-0.861651 -0.497474 0.100389
-0.762175 -0.639540 0.100389
-0.861651 -0.497474 0.100389
-0.866026 -0.499999 0.000000
-0.866026 -0.499999 0.000000
-0.766045 -0.642787 0.000000
-0.762175 -0.639540 0.100389
-0.639541 -0.762174 0.100389
-0.762175 -0.639540 0.100389
-0.766045 -0.642787 0.000000
-0.766045 -0.642787 0.000000
-0.642788 -0.766044 0.000000
-0.639541 -0.762174 0.100389
-0.497474 -0.861650 0.100389
-0.639541 -0.762174 0.100389
-0.642788 -0.766044 0.000000
-0.642788 -0.766044 0.000000
-0.500000 -0.866025 0.000000
-0.497474 -0.861650 0.100389
-0.340293 -0.934945 0.100389
-0.497474 -0.861650 0.100389
-0.500000 -0.866025 0.000000
-0.500000 -0.866025 0.000000
-0.342021 -0.939693 0.000000
-0.340293 -0.934945 0.100389
-0.172771 -0.979833 0.100389
-0.340293 -0.934945 0.100389
-0.342021 -0.939693 0.000000
-0.342021 -0.939693 0.000000
-0.173649 -0.984808 0.000000
-0.172771 -0.979833 0.100389
-0.000000 -0.994948 0.100389
-0.172771 -0.979833 0.100389
-0.173649 -0.984808 0.000000
-0.173649 -0.984808 0.000000
-0.000000 -1.000000 0.000000
-0.000000 -0.994948 0.100389
0.172771 -0.979833 0.100389
-0.000000 -0.994948 0.100389
-0.000000 -1.000000 0.000000
-0.000000 -1.000000 0.000000
0.173648 -0.984808 0.000000
0.172771 -0.979833 0.100389
0.340292 -0.934946 0.100389
0.172771 -0.979833 0.100389
0.173648 -0.984808 0.000000
0.173648 -0.984808 0.000000
0.342020 -0.939693 0.000000
0.340292 -0.934946 0.100389
0.497473 -0.861651 0.100389
0.340292 -0.934946 0.100389
0.342020 -0.939693 0.000000
0.342020 -0.939693 0.000000
0.499999 -0.866026 0.000000
0.497473 -0.861651 0.100389
0.639540 -0.762175 0.100389
0.497473 -0.861651 0.100389
0.499999 -0.866026 0.000000
0.499999 -0.866026 0.000000
0.642787 -0.766045 0.000000
0.639540 -0.762175 0.100389
0.762174 -0.639541 0.100389
0.639540 -0.762175 0.100389
0.642787 -0.766045 0.000000
0.642787 -0.766045 0.000000
0.766044 -0.642788 0.000000
0.762174 -0.639541 0.100389
0.861650 -0.497475 0.100389
0.762174 -0.639541 0.100389
0.766044 -0.642788 0.000000
0.766044 -0.642788 0.000000
0.866025 -0.500001 0.000000
0.861650 -0.497475 0.100389
0.934945 -0.340293 0.100389
0.861650 -0.497475 0.100389
0.866025 -0.500001 0.000000
0.866025 -0.500001 0.000000
0.939692 -0.342021 0.000000
0.934945 -0.340293 0.100389
0.979833 -0.172772 0.100389
0.934945 -0.340293 0.100389
0.939692 -0.342021 0.000000
0.939692 -0.342021 0.000000
0.984808 -0.173649 0.000000
0.979833 -0.172772 0.100389
0.994948 -0.000000 0.100389
0.979833 -0.172772 0.100389
0.984808 -0.173649 0.000000
0.984808 -0.173649 0.000000
1.000000 -0.000000 0.000000
0.994948 -0.000000 0.100389
-0.000000 0.000000 -1.000000
-0.000008 0.000004 -1.000000
0.000003 -0.000003 -1.000000
0.000003 -0.000003 -1.000000
0.000006 -0.000006 -1.000000
0.000000 -0.000000 -1.000000
-0.000000 0.000000 -1.000000
0.000003 -0.000003 -1.000000
0.000000 -0.000000 -1.000000
0.000000 -0.000000 -1.000000
0.000000 0.000000 -1.000000
0.000000 0.000000 -1.000000
0.000000 0.000000 -1.000000
0.000000 0.000000 -1.000000
-0.000000 0.000001 -1.000000
0.000000 -0.000000 -1.000000
0.000000 0.000000 -1.000000
-0.000000 0.000001 -1.000000
-0.000000 0.000001 -1.000000
0.000000 0.000000 -1.000000
0.000001 0.000002 -1.000000
0.000001 0.000002 -1.000000
-0.000006 -0.000006 -1.000000
0.000000 -0.000000 -1.000000
-0.000000 0.000001 -1.000000
0.000001 0.000002 -1.000000
0.000000 -0.000000 -1.000000
0.000000 -0.000000 -1.000000
-0.000000 0.000001 -1.000000
0.000000 -0.000000 -1.000000
0.000000 -0.000000 -1.000000
0.000008 0.000004 -1.000000
0.000002 0.000000 -1.000000
0.000002 0.000000 -1.000000
0.000000 0.000000 -1.000000
0.000001 -0.000000 -1.000000
0.000000 -0.000000 -1.000000
0.000002 0.000000 -1.000000
0.000001 -0.000000 -1.000000
0.000001 -0.000000 -1.000000
0.000000 0.000000 -1.000000
0.000000 0.000000 -1.000000
0.000000 0.000000 -1.000000
0.000000 0.000000 -1.000000
0.000000 -0.000000 -1.000000
0.000001 -0.000000 -1.000000
0.000000 0.000000 -1.000000
0.000000 -0.000000 -1.000000
0.000000 -0.000000 -1.000000
0.000001 -0.000000 -1.000000
0.000000 -0.000000 -1.000000
0.000000 -0.000000 -1.000000
0.000000 -0.000000 -1.000000
0.000000 -0.000000 -1.000000
0.000000 -0.000000 -1.000000
0.000006 -0.000006 -1.000000
-0.000002 0.000003 -1.000000
-0.000002 0.000003 -1.000000
-0.000004 0.000008 -1.000000
0.000000 -0.000000 -1.000000
0.000000 -0.000000 -1.000000
-0.000002 0.000003 -1.000000
0.000000 -0.000000 -1.000000
0.000000 -0.000000 -1.000000
0.000000 0.000000 -1.000000
0.000000 -0.000002 -1.000000
0.000000 -0.000002 -1.000000
0.000004 0.000008 -1.000000
-0.000000 -0.000000 -1.000000
0.000000 -0.000000 -1.000000
0.000000 -0.000002 -1.000000
-0.000000 -0.000000 -1.000000
0.000000 -0.000000 -1.000000
0.000000 -0.000000 -1.000000
-0.000000 -0.000000 -1.000000
0.000000 -0.000000 -1.000000
0.000000 -0.000000 -1.000000
-0.000000 -0.000000 -1.000000
-0.000000 0.000000 -1.000000
0.000000 -0.000000 -1.000000
-0.000000 -0.000000 -1.000000
-0.000000 -0.000000 -1.000000
-0.000006 -0.000006 -1.000000
-0.000002 -0.000001 -1.000000
-0.000002 -0.000001 -1.000000
0.000000 0.000000 -1.000000
-0.000001 -0.000000 -1.000000
-0.000000 -0.000000 -1.000000
-0.000002 -0.000001 -1.000000
-0.000001 -0.000000 -1.000000
-0.000000 0.000000 -1.000000
-0.000000 -0.000000 -1.000000
-0.000001 -0.000000 -1.000000
-0.000001 -0.000000 -1.000000
0.000000 0.000000 -1.000000
0.000000 0.000000 -1.000000
-0.000000 0.000000 -1.000000
-0.000001 -0.000000 -1.000000
0.000000 0.000000 -1.000000
0.000000 0.000000 -1.000000
-0.000000 0.000000 -1.000000
0.000000 0.000000 -1.000000
0.994948 -0.000000 -0.100389
0.979620 0.000000 -0.200862
0.964737 0.170109 -0.200863
0.964737 0.170109 -0.200863
0.979833 0.172771 -0.100389
0.994948 -0.000000 -0.100389
0.979833 0.172771 -0.100389
0.964737 0.170109 -0.200863
0.920541 0.335050 -0.200862
0.920541 0.335050 -0.200862
0.934946 0.340292 -0.100389
0.979833 0.172771 -0.100389
0.934946 0.340292 -0.100389
0.920541 0.335050 -0.200862
0.848375 0.489810 -0.200862
0.848375 0.489810 -0.200862
0.861650 0.497474 -0.100389
0.934946 0.340292 -0.100389
0.861650 0.497474 -0.100389
0.848375 0.489810 -0.200862
0.750432 0.629687 -0.200863
0.750432 0.629687 -0.200863
0.762175 0.639540 -0.100389
0.861650 0.497474 -0.100389
0.762175 0.639540 -0.100389
0.750432 0.629687 -0.200863
0.629687 0.750432 -0.200863
0.629687 0.750432 -0.200863
0.639540 0.762175 -0.100389
0.762175 0.639540 -0.100389
0.639540 0.762175 -0.100389
0.629687 0.750432 -0.200863
0.489810 0.848375 -0.200863
0.489810 0.848375 -0.200863
0.497474 0.861651 -0.100389
0.639540 0.762175 -0.100389
0.497474 0.861651 -0.100389
0.489810 0.848375 -0.200863
0.335049 0.920541 -0.200863
0.335049 0.920541 -0.200863
0.340292 0.934946 -0.100389
0.497474 0.861651 -0.100389
0.340292 0.934946 -0.100389
0.335049 0.920541 -0.200863
0.170109 0.964737 -0.200863
0.170109 0.964737 -0.200863
0.172771 0.979833 -0.100389
0.340292 0.934946 -0.100389
0.172771 0.979833 -0.100389
0.170109 0.964737 -0.200863
0.000000 0.979620 -0.200862
0.000000 0.979620 -0.200862
0.000000 0.994948 -0.100389
0.172771 0.979833 -0.100389
0.000000 0.994948 -0.100389
0.000000 0.979620 -0.200862
-0.170109 0.964737 -0.200863
-0.170109 0.964737 -0.200863
-0.172771 0.979833 -0.100389
0.000000 0.994948 -0.100389
-0.172771 0.979833 -0.100389
-0.170109 0.964737 -0.200863
-0.335049 0.920541 -0.200863
-0.335049 0.920541 -0.200863
-0.340292 0.934946 -0.100389
-0.172771 0.979833 -0.100389
-0.340292 0.934946 -0.100389
-0.335049 0.920541 -0.200863
-0.489810 0.848375 -0.200863
-0.489810 0.848375 -0.200863
-0.497474 0.861650 -0.100389
-0.340292 0.934946 -0.100389
-0.497474 0.861650 -0.100389
-0.489810 0.848375 -0.200863
-0.629687 0.750432 -0.200863
-0.629687 0.750432 -0.200863
-0.639540 0.762175 -0.100389
-0.497474 0.861650 -0.100389
-0.639540 0.762175 -0.100389
-0.629687 0.750432 -0.200863
-0.750432 0.629687 -0.200863
-0.750432 0.629687 -0.200863
-0.762174 0.639541 -0.100389
-0.639540 0.762175 -0.100389
-0.762174 0.639541 -0.100389
-0.750432 0.629687 -0.200863
-0.848375 0.489810 -0.200863
-0.848375 0.489810 -0.200863
-0.861650 0.497474 -0.100389
-0.762174 0.639541 -0.100389
-0.861650 0.497474 -0.100389
-0.848375 0.489810 -0.200863
-0.920541 0.335050 -0.200862
-0.920541 0.335050 -0.200862
-0.934945 0.340293 -0.100389
-0.861650 0.497474 -0.100389
-0.934945 0.340293 -0.100389
-0.920541 0.335050 -0.200862
-0.964737 0.170110 -0.200863
-0.964737 0.170110 -0.200863
-0.979833 0.172771 -0.100389
-0.934945 0.340293 -0.100389
-0.979833 0.172771 -0.100389
-0.964737 0.170110 -0.200863
-0.979620 0.000000 -0.200862
-0.979620 0.000000 -0.200862
-0.994948 0.000000 -0.100389
-0.979833 0.172771 -0.100389
-0.994948 0.000000 -0.100389
-0.979620 0.000000 -0.200862
-0.964737 -0.170109 -0.200863
-0.964737 -0.170109 -0.200863
-0.979833 -0.172771 -0.100389
-0.994948 0.000000 -0.100389
-0.979833 -0.172771 -0.100389
-0.964737 -0.170109 -0.200863
-0.920541 -0.335049 -0.200862
-0.920541 -0.335049 -0.200862
-0.934946 -0.340292 -0.100389
-0.979833 -0.172771 -0.100389
-0.934946 -0.340292 -0.100389
-0.920541 -0.335049 -0.200862
-0.848376 -0.489809 -0.200862
-0.848376 -0.489809 -0.200862
-0.861651 -0.497474 -0.100389
-0.934946 -0.340292 -0.100389
-0.861651 -0.497474 -0.100389
-0.848376 -0.489809 -0.200862
-0.750432 -0.629687 -0.200863
-0.750432 -0.629687 -0.200863
-0.762175 -0.639540 -0.100389
-0.861651 -0.497474 -0.100389
-0.762175 -0.639540 -0.100389
-0.750432 -0.629687 -0.200863
-0.629687 -0.750432 -0.200863
-0.629687 -0.750432 -0.200863
-0.639541 -0.762174 -0.100389
-0.762175 -0.639540 -0.100389
-0.639541 -0.762174 -0.100389
-0.629687 -0.750432 -0.200863
-0.489810 -0.848375 -0.200863
-0.489810 -0.848375 -0.200863
-0.497474 -0.861650 -0.100389
-0.639541 -0.762174 -0.100389
-0.497474 -0.861650 -0.100389
-0.489810 -0.848375 -0.200863
-0.335050 -0.920541 -0.200863
-0.335050 -0.920541 -0.200863
-0.340293 -0.934945 -0.100389
-0.497474 -0.861650 -0.100389
-0.340293 -0.934945 -0.100389
-0.335050 -0.920541 -0.200863
-0.170109 -0.964737 -0.200863
-0.170109 -0.964737 -0.200863
-0.172771 -0.979833 -0.100389
-0.340293 -0.934945 -0.100389
-0.172771 -0.979833 -0.100389
-0.170109 -0.964737 -0.200863
-0.000000 -0.979620 -0.200862
-0.000000 -0.979620 -0.200862
-0.000000 -0.994948 -0.100389
-0.172771 -0.979833 -0.100389
-0.000000 -0.994948 -0.100389
-0.000000 -0.979620 -0.200862
0.170109 -0.964737 -0.200863
0.170109 -0.964737 -0.200863
0.172771 -0.979833 -0.100389
-0.000000 -0.994948 -0.100389
0.172771 -0.979833 -0.100389
0.170109 -0.964737 -0.200863
0.335049 -0.920541 -0.200863
0.335049 -0.920541 -0.200863
0.340292 -0.934946 -0.100389
0.172771 -0.979833 -0.100389
0.340292 -0.934946 -0.100389
0.335049 -0.920541 -0.200863
0.489809 -0.848376 -0.200863
0.489809 -0.848376 -0.200863
0.497473 -0.861651 -0.100389
0.340292 -0.934946 -0.100389
0.497473 -0.861651 -0.100389
0.489809 -0.848376 -0.200863
0.629687 -0.750432 -0.200863
0.629687 -0.750432 -0.200863
0.639540 -0.762175 -0.100389
0.497473 -0.861651 -0.100389
0.639540 -0.762175 -0.100389
0.629687 -0.750432 -0.200863
0.750432 -0.629688 -0.200863
0.750432 -0.629688 -0.200863
0.762174 -0.639541 -0.100389
0.639540 -0.762175 -0.100389
0.762174 -0.639541 -0.100389
0.750432 -0.629688 -0.200863
0.848375 -0.489810 -0.200863
0.848375 -0.489810 -0.200863
0.861650 -0.497475 -0.100389
0.762174 -0.639541 -0.100389
0.861650 -0.497475 -0.100389
0.848375 -0.489810 -0.200863
0.920541 -0.335050 -0.200862
0.920541 -0.335050 -0.200862
0.934945 -0.340293 -0.100389
0.861650 -0.497475 -0.100389
0.934945 -0.340293 -0.100389
0.920541 -0.335050 -0.200862
0.964737 -0.170110 -0.200863
0.964737 -0.170110 -0.200863
0.979833 -0.172772 -0.100389
0.934945 -0.340293 -0.100389
0.979833 -0.172772 -0.100389
0.964737 -0.170110 -0.200863
0.979620 0.000000 -0.200862
0.979620 0.000000 -0.200862
0.994948 -0.000000 -0.100389
0.979833 -0.172772 -0.100389
0.375828 0.000000 -0.926689
0.201660 0.000000 -0.979456
0.198596 0.035018 -0.979456
0.198596 0.035018 -0.979456
0.370118 0.065262 -0.926689
0.375828 0.000000 -0.926689
0.370118 0.065262 -0.926689
0.198596 0.035018 -0.979456
0.189498 0.068972 -0.979456
0.189498 0.068972 -0.979456
0.353163 0.128541 -0.926689
0.370118 0.065262 -0.926689
0.353163 0.128541 -0.926689
0.189498 0.068972 -0.979456
0.174643 0.100830 -0.979456
0.174643 0.100830 -0.979456
0.325477 0.187914 -0.926689
0.353163 0.128541 -0.926689
0.325477 0.187914 -0.926689
0.174643 0.100830 -0.979456
0.154480 0.129624 -0.979456
0.154480 0.129624 -0.979456
0.287901 0.241578 -0.926689
0.325477 0.187914 -0.926689
0.287901 0.241578 -0.926689
0.154480 0.129624 -0.979456
0.129624 0.154481 -0.979456
0.129624 0.154481 -0.979456
0.241577 0.287901 -0.926689
0.287901 0.241578 -0.926689
0.241577 0.287901 -0.926689
0.129624 0.154481 -0.979456
0.100830 0.174643 -0.979456
0.100830 0.174643 -0.979456
0.187914 0.325477 -0.926689
0.241577 0.287901 -0.926689
0.187914 0.325477 -0.926689
0.100830 0.174643 -0.979456
0.068972 0.189498 -0.979456
0.068972 0.189498 -0.979456
0.128541 0.353163 -0.926690
0.187914 0.325477 -0.926689
0.128541 0.353163 -0.926690
0.068972 0.189498 -0.979456
0.035018 0.198596 -0.979456
0.035018 0.198596 -0.979456
0.065262 0.370118 -0.926689
0.128541 0.353163 -0.926690
0.065262 0.370118 -0.926689
0.035018 0.198596 -0.979456
0.000000 0.201660 -0.979456
0.000000 0.201660 -0.979456
0.000000 0.375828 -0.926689
0.065262 0.370118 -0.926689
0.000000 0.375828 -0.926689
0.000000 0.201660 -0.979456
-0.035018 0.198596 -0.979456
-0.035018 0.198596 -0.979456
-0.065262 0.370118 -0.926690
0.000000 0.375828 -0.926689
-0.065262 0.370118 -0.926690
-0.035018 0.198596 -0.979456
-0.068972 0.189498 -0.979456
-0.068972 0.189498 -0.979456
-0.128541 0.353163 -0.926689
-0.065262 0.370118 -0.926690
-0.128541 0.353163 -0.926689
-0.068972 0.189498 -0.979456
-0.100830 0.174643 -0.979456
-0.100830 0.174643 -0.979456
-0.187914 0.325477 -0.926689
-0.128541 0.353163 -0.926689
-0.187914 0.325477 -0.926689
-0.100830 0.174643 -0.979456
-0.129624 0.154481 -0.979456
-0.129624 0.154481 -0.979456
-0.241577 0.287901 -0.926689
-0.187914 0.325477 -0.926689
-0.241577 0.287901 -0.926689
-0.129624 0.154481 -0.979456
-0.154480 0.129624 -0.979456
-0.154480 0.129624 -0.979456
-0.287901 0.241578 -0.926690
-0.241577 0.287901 -0.926689
-0.287901 0.241578 -0.926690
-0.154480 0.129624 -0.979456
-0.174643 0.100830 -0.979456
-0.174643 0.100830 -0.979456
-0.325477 0.187914 -0.926689
-0.287901 0.241578 -0.926690
-0.325477 0.187914 -0.926689
-0.174643 0.100830 -0.979456
-0.189498 0.068972 -0.979456
-0.189498 0.068972 -0.979456
-0.353163 0.128541 -0.926689
-0.325477 0.187914 -0.926689
-0.353163 0.128541 -0.926689
-0.189498 0.068972 -0.979456
-0.198596 0.035018 -0.979456
-0.198596 0.035018 -0.979456
-0.370118 0.065262 -0.926690
-0.353163 0.128541 -0.926689
-0.370118 0.065262 -0.926690
-0.198596 0.035018 -0.979456
-0.201660 0.000000 -0.979456
-0.201660 0.000000 -0.979456
-0.375828 0.000000 -0.926689
-0.370118 0.065262 -0.926690
-0.375828 0.000000 -0.926689
-0.201660 0.000000 -0.979456
-0.198596 -0.035018 -0.979456
-0.198596 -0.035018 -0.979456
-0.370118 -0.065262 -0.926690
-0.375828 0.000000 -0.926689
-0.370118 -0.065262 -0.926690
-0.198596 -0.035018 -0.979456
-0.189498 -0.068972 -0.979456
-0.189498 -0.068972 -0.979456
-0.353163 -0.128541 -0.926689
-0.370118 -0.065262 -0.926690
-0.353163 -0.128541 -0.926689
-0.189498 -0.068972 -0.979456
-0.174643 -0.100830 -0.979456
-0.174643 -0.100830 -0.979456
-0.325477 -0.187914 -0.926689
-0.353163 -0.128541 -0.926689
-0.325477 -0.187914 -0.926689
-0.174643 -0.100830 -0.979456
-0.154480 -0.129625 -0.979456
-0.154480 -0.129625 -0.979456
-0.287901 -0.241578 -0.926689
-0.325477 -0.187914 -0.926689
-0.287901 -0.241578 -0.926689
-0.154480 -0.129625 -0.979456
-0.129625 -0.154480 -0.979456
-0.129625 -0.154480 -0.979456
-0.241578 -0.287901 -0.926689
-0.287901 -0.241578 -0.926689
-0.241578 -0.287901 -0.926689
-0.129625 -0.154480 -0.979456
-0.100830 -0.174642 -0.979456
-0.100830 -0.174642 -0.979456
-0.187915 -0.325477 -0.926689
-0.241578 -0.287901 -0.926689
-0.187915 -0.325477 -0.926689
-0.100830 -0.174642 -0.979456
-0.068972 -0.189498 -0.979456
-0.068972 -0.189498 -0.979456
-0.128541 -0.353163 -0.926689
-0.187915 -0.325477 -0.926689
-0.128541 -0.353163 -0.926689
-0.068972 -0.189498 -0.979456
-0.035018 -0.198596 -0.979456
-0.035018 -0.198596 -0.979456
-0.065262 -0.370118 -0.926690
-0.128541 -0.353163 -0.926689
-0.065262 -0.370118 -0.926690
-0.035018 -0.198596 -0.979456
-0.000000 -0.201660 -0.979456
-0.000000 -0.201660 -0.979456
-0.000000 -0.375828 -0.926689
-0.065262 -0.370118 -0.926690
-0.000000 -0.375828 -0.926689
-0.000000 -0.201660 -0.979456
0.035018 -0.198596 -0.979456
0.035018 -0.198596 -0.979456
0.065262 -0.370118 -0.926690
-0.000000 -0.375828 -0.926689
0.065262 -0.370118 -0.926690
0.035018 -0.198596 -0.979456
0.068972 -0.189498 -0.979456
0.068972 -0.189498 -0.979456
0.128541 -0.353163 -0.926689
0.065262 -0.370118 -0.926690
0.128541 -0.353163 -0.926689
0.068972 -0.189498 -0.979456
0.100830 -0.174643 -0.979456
0.100830 -0.174643 -0.979456
0.187914 -0.325477 -0.926689
0.128541 -0.353163 -0.926689
0.187914 -0.325477 -0.926689
0.100830 -0.174643 -0.979456
0.129625 -0.154480 -0.979456
0.129625 -0.154480 -0.979456
0.241578 -0.287901 -0.926689
0.187914 -0.325477 -0.926689
0.241578 -0.287901 -0.926689
0.129625 -0.154480 -0.979456
0.154480 -0.129625 -0.979456
0.154480 -0.129625 -0.979456
0.287901 -0.241578 -0.926689
0.241578 -0.287901 -0.926689
0.287901 -0.241578 -0.926689
0.154480 -0.129625 -0.979456
0.174642 -0.100830 -0.979456
0.174642 -0.100830 -0.979456
0.325476 -0.187915 -0.926689
0.287901 -0.241578 -0.926689
0.325476 -0.187915 -0.926689
0.174642 -0.100830 -0.979456
0.189498 -0.068972 -0.979456
0.189498 -0.068972 -0.979456
0.353163 -0.128541 -0.926689
0.325476 -0.187915 -0.926689
0.353163 -0.128541 -0.926689
0.189498 -0.068972 -0.979456
0.198596 -0.035018 -0.979456
0.198596 -0.035018 -0.979456
0.370118 -0.065262 -0.926690
0.353163 -0.128541 -0.926689
0.370118 -0.065262 -0.926690
0.198596 -0.035018 -0.979456
0.201660 0.000000 -0.979456
0.201660 0.000000 -0.979456
0.375828 0.000000 -0.926689
0.370118 -0.065262 -0.926690
0.979833 0.172771 -0.100389
0.984808 0.173648 0.000000
1.000000 -0.000000 0.000000
1.000000 -0.000000 0.000000
0.994948 -0.000000 -0.100389
0.979833 0.172771 -0.100389
0.934946 0.340292 -0.100389
0.939693 0.342020 0.000000
0.984808 0.173648 0.000000
0.984808 0.173648 0.000000
0.979833 0.172771 -0.100389
0.934946 0.340292 -0.100389
0.861650 0.497474 -0.100389
0.866025 0.500000 0.000000
0.939693 0.342020 0.000000
0.939693 0.342020 0.000000
0.934946 0.340292 -0.100389
0.861650 0.497474 -0.100389
0.762175 0.639540 -0.100389
0.766044 0.642788 0.000000
0.866025 0.500000 0.000000
0.866025 0.500000 0.000000
0.861650 0.497474 -0.100389
0.762175 0.639540 -0.100389
0.639540 0.762175 -0.100389
0.642788 0.766044 0.000000
0.766044 0.642788 0.000000
0.766044 0.642788 0.000000
0.762175 0.639540 -0.100389
0.639540 0.762175 -0.100389
0.497474 0.861651 -0.100389
0.500000 0.866025 0.000000
0.642788 0.766044 0.000000
0.642788 0.766044 0.000000
0.639540 0.762175 -0.100389
0.497474 0.861651 -0.100389
0.340292 0.934946 -0.100389
0.342020 0.939693 0.000000
0.500000 0.866025 0.000000
0.500000 0.866025 0.000000
0.497474 0.861651 -0.100389
0.340292 0.934946 -0.100389
0.172771 0.979833 -0.100389
0.173648 0.984808 0.000000
0.342020 0.939693 0.000000
0.342020 0.939693 0.000000
0.340292 0.934946 -0.100389
0.172771 0.979833 -0.100389
0.000000 0.994948 -0.100389
0.000000 1.000000 0.000000
0.173648 0.984808 0.000000
0.173648 0.984808 0.000000
0.172771 0.979833 -0.100389
0.000000 0.994948 -0.100389
-0.172771 0.979833 -0.100389
-0.173648 0.984808 0.000000
0.000000 1.000000 0.000000
0.000000 1.000000 0.000000
0.000000 0.994948 -0.100389
-0.172771 0.979833 -0.100389
-0.340292 0.934946 -0.100389
-0.342020 0.939693 0.000000
-0.173648 0.984808 0.000000
-0.173648 0.984808 0.000000
-0.172771 0.979833 -0.100389
-0.340292 0.934946 -0.100389
-0.497474 0.861650 -0.100389
-0.500000 0.866025 0.000000
-0.342020 0.939693 0.000000
-0.342020 0.939693 0.000000
-0.340292 0.934946 -0.100389
-0.497474 0.861650 -0.100389
-0.639540 0.762175 -0.100389
-0.642788 0.766044 0.000000
-0.500000 0.866025 0.000000
-0.500000 0.866025 0.000000
-0.497474 0.861650 -0.100389
-0.639540 0.762175 -0.100389
-0.762174 0.639541 -0.100389
-0.766044 0.642788 0.000000
-0.642788 0.766044 0.000000
-0.642788 0.766044 0.000000
-0.639540 0.762175 -0.100389
-0.762174 0.639541 -0.100389
-0.861650 0.497474 -0.100389
-0.866025 0.500000 0.000000
-0.766044 0.642788 0.000000
-0.766044 0.642788 0.000000
-0.762174 0.639541 -0.100389
-0.861650 0.497474 -0.100389
-0.934945 0.340293 -0.100389
-0.939692 0.342021 0.000000
-0.866025 0.500000 0.000000
-0.866025 0.500000 0.000000
-0.861650 0.497474 -0.100389
-0.934945 0.340293 -0.100389
-0.979833 0.172771 -0.100389
-0.984808 0.173649 0.000000
-0.939692 0.342021 0.000000
-0.939692 0.342021 0.000000
-0.934945 0.340293 -0.100389
-0.979833 0.172771 -0.100389
-0.994948 0.000000 -0.100389
-1.000000 0.000000 0.000000
-0.984808 0.173649 0.000000
-0.984808 0.173649 0.000000
-0.979833 0.172771 -0.100389
-0.994948 0.000000 -0.100389
-0.979833 -0.172771 -0.100389
-0.984808 -0.173648 0.000000
-1.000000 0.000000 0.000000
-1.000000 0.000000 0.000000
-0.994948 0.000000 -0.100389
-0.979833 -0.172771 -0.100389
-0.934946 -0.340292 -0.100389
-0.939693 -0.342020 0.000000
-0.984808 -0.173648 0.000000
-0.984808 -0.173648 0.000000
-0.979833 -0.172771 -0.100389
-0.934946 -0.340292 -0.100389
-0.861651 -0.497474 -0.100389
-0.866026 -0.499999 0.000000
-0.939693 -0.342020 0.000000
-0.939693 -0.342020 0.000000
-0.934946 -0.340292 -0.100389
-0.861651 -0.497474 -0.100389
-0.762175 -0.639540 -0.100389
-0.766045 -0.642787 0.000000
-0.866026 -0.499999 0.000000
-0.866026 -0.499999 0.000000
-0.861651 -0.497474 -0.100389
-0.762175 -0.639540 -0.100389
-0.639541 -0.762174 -0.100389
-0.642788 -0.766044 0.000000
-0.766045 -0.642787 0.000000
-0.766045 -0.642787 0.000000
-0.762175 -0.639540 -0.100389
-0.639541 -0.762174 -0.100389
-0.497474 -0.861650 -0.100389
-0.500000 -0.866025 0.000000
-0.642788 -0.766044 0.000000
-0.642788 -0.766044 0.000000
-0.639541 -0.762174 -0.100389
-0.497474 -0.861650 -0.100389
-0.340293 -0.934945 -0.100389
-0.342021 -0.939693 0.000000
-0.500000 -0.866025 0.000000
-0.500000 -0.866025 0.000000
-0.497474 -0.861650 -0.100389
-0.340293 -0.934945 -0.100389
-0.172771 -0.979833 -0.100389
-0.173649 -0.984808 0.000000
-0.342021 -0.939693 0.000000
-0.342021 -0.939693 0.000000
-0.340293 -0.934945 -0.100389
-0.172771 -0.979833 -0.100389
-0.000000 -0.994948 -0.100389
-0.000000 -1.000000 0.000000
-0.173649 -0.984808 0.000000
-0.173649 -0.984808 0.000000
-0.172771 -0.979833 -0.100389
-0.000000 -0.994948 -0.100389
0.172771 -0.979833 -0.100389
0.173648 -0.984808 0.000000
-0.000000 -1.000000 0.000000
-0.000000 -1.000000 0.000000
-0.000000 -0.994948 -0.100389
0.172771 -0.979833 -0.100389
0.340292 -0.934946 -0.100389
0.342020 -0.939693 0.000000
0.173648 -0.984808 0.000000
0.173648 -0.984808 0.000000
0.172771 -0.979833 -0.100389
0.340292 -0.934946 -0.100389
0.497473 -0.861651 -0.100389
0.499999 -0.866026 0.000000
0.342020 -0.939693 0.000000
0.342020 -0.939693 0.000000
0.340292 -0.934946 -0.100389
0.497473 -0.861651 -0.100389
0.639540 -0.762175 -0.100389
0.642787 -0.766045 0.000000
0.499999 -0.866026 0.000000
0.499999 -0.866026 0.000000
0.497473 -0.861651 -0.100389
0.639540 -0.762175 -0.100389
0.762174 -0.639541 -0.100389
0.766044 -0.642788 0.000000
0.642787 -0.766045 0.000000
0.642787 -0.766045 0.000000
0.639540 -0.762175 -0.100389
0.762174 -0.639541 -0.100389
0.861650 -0.497475 -0.100389
0.866025 -0.500001 0.000000
0.766044 -0.642788 0.000000
0.766044 -0.642788 0.000000
0.762174 -0.639541 -0.100389
0.861650 -0.497475 -0.100389
0.934945 -0.340293 -0.100389
0.939692 -0.342021 0.000000
0.866025 -0.500001 0.000000
0.866025 -0.500001 0.000000
0.861650 -0.497475 -0.100389
0.934945 -0.340293 -0.100389
0.979833 -0.172772 -0.100389
0.984808 -0.173649 0.000000
0.939692 -0.342021 0.000000
0.939692 -0.342021 0.000000
0.934945 -0.340293 -0.100389
0.979833 -0.172772 -0.100389
0.994948 -0.000000 -0.100389
1.000000 -0.000000 0.000000
0.984808 -0.173649 0.000000
0.984808 -0.173649 0.000000
0.979833 -0.172772 -0.100389
0.994948 -0.000000 -0.100389
0.201660 0.000000 -0.979456
0.198596 -0.035018 -0.979456
0.000000 0.000000 -1.000000
0.000000 0.000000 -1.000000
0.000000 0.000000 -1.000000
0.201660 0.000000 -0.979456
0.198596 -0.035018 -0.979456
0.189498 -0.068972 -0.979456
0.000000 0.000000 -1.000000
0.000000 0.000000 -1.000000
0.000000 0.000000 -1.000000
0.198596 -0.035018 -0.979456
0.189498 -0.068972 -0.979456
0.174642 -0.100830 -0.979456
-0.000000 -0.000001 -1.000000
-0.000000 -0.000001 -1.000000
0.000000 0.000000 -1.000000
0.189498 -0.068972 -0.979456
0.174642 -0.100830 -0.979456
0.154480 -0.129625 -0.979456
-0.000000 -0.000001 -1.000000
-0.000000 -0.000001 -1.000000
-0.000000 -0.000001 -1.000000
0.174642 -0.100830 -0.979456
0.154480 -0.129625 -0.979456
0.129625 -0.154480 -0.979456
0.000001 0.000000 -1.000000
0.000001 0.000000 -1.000000
-0.000000 -0.000001 -1.000000
0.154480 -0.129625 -0.979456
0.129625 -0.154480 -0.979456
0.100830 -0.174643 -0.979456
0.000001 0.000000 -1.000000
0.000001 0.000000 -1.000000
0.000001 0.000000 -1.000000
0.129625 -0.154480 -0.979456
0.100830 -0.174643 -0.979456
0.068972 -0.189498 -0.979456
0.000000 0.000000 -1.000000
0.000000 0.000000 -1.000000
0.000001 0.000000 -1.000000
0.100830 -0.174643 -0.979456
0.068972 -0.189498 -0.979456
0.035018 -0.198596 -0.979456
0.000000 0.000000 -1.000000
0.000000 0.000000 -1.000000
0.000000 0.000000 -1.000000
0.068972 -0.189498 -0.979456
0.035018 -0.198596 -0.979456
-0.000000 -0.201660 -0.979456
0.000000 0.000000 -1.000000
0.000000 0.000000 -1.000000
0.000000 0.000000 -1.000000
0.035018 -0.198596 -0.979456
-0.000000 -0.201660 -0.979456
-0.035018 -0.198596 -0.979456
0.000000 0.000000 -1.000000
0.000000 0.000000 -1.000000
0.000000 0.000000 -1.000000
-0.000000 -0.201660 -0.979456
-0.035018 -0.198596 -0.979456
-0.068972 -0.189498 -0.979456
0.000000 0.000000 -1.000000
0.000000 0.000000 -1.000000
0.000000 0.000000 -1.000000
-0.035018 -0.198596 -0.979456
-0.068972 -0.189498 -0.979456
-0.100830 -0.174642 -0.979456
-0.000001 0.000000 -1.000000
-0.000001 0.000000 -1.000000
0.000000 0.000000 -1.000000
-0.068972 -0.189498 -0.979456
-0.100830 -0.174642 -0.979456
-0.129625 -0.154480 -0.979456
-0.000001 0.000000 -1.000000
-0.000001 0.000000 -1.000000
-0.000001 0.000000 -1.000000
-0.100830 -0.174642 -0.979456
-0.129625 -0.154480 -0.979456
-0.154480 -0.129625 -0.979456
0.000000 -0.000001 -1.000000
0.000000 -0.000001 -1.000000
-0.000001 0.000000 -1.000000
-0.129625 -0.154480 -0.979456
-0.154480 -0.129625 -0.979456
-0.174643 -0.100830 -0.979456
0.000000 -0.000001 -1.000000
0.000000 -0.000001 -1.000000
0.000000 -0.000001 -1.000000
-0.154480 -0.129625 -0.979456
-0.174643 -0.100830 -0.979456
-0.189498 -0.068972 -0.979456
0.000000 0.000000 -1.000000
0.000000 0.000000 -1.000000
0.000000 -0.000001 -1.000000
-0.174643 -0.100830 -0.979456
-0.189498 -0.068972 -0.979456
-0.198596 -0.035018 -0.979456
0.000000 0.000000 -1.000000
0.000000 0.000000 -1.000000
0.000000 0.000000 -1.000000
-0.189498 -0.068972 -0.979456
-0.198596 -0.035018 -0.979456
-0.201660 0.000000 -0.979456
0.000000 0.000000 -1.000000
0.000000 0.000000 -1.000000
0.000000 0.000000 -1.000000
-0.198596 -0.035018 -0.979456
-0.201660 0.000000 -0.979456
-0.198596 0.035018 -0.979456
0.000000 0.000000 -1.000000
0.000000 0.000000 -1.000000
0.000000 0.000000 -1.000000
-0.201660 0.000000 -0.979456
-0.198596 0.035018 -0.979456
-0.189498 0.068972 -0.979456
0.000000 0.000000 -1.000000
0.000000 0.000000 -1.000000
0.000000 0.000000 -1.000000
-0.198596 0.035018 -0.979456
-0.189498 0.068972 -0.979456
-0.174643 0.100830 -0.979456
0.000000 0.000000 -1.000000
0.000000 0.000000 -1.000000
0.000000 0.000000 -1.000000
-0.189498 0.068972 -0.979456
-0.174643 0.100830 -0.979456
-0.154480 0.129624 -0.979456
0.000000 0.000000 -1.000000
0.000000 0.000000 -1.000000
0.000000 0.000000 -1.000000
-0.174643 0.100830 -0.979456
-0.154480 0.129624 -0.979456
-0.129624 0.154481 -0.979456
0.000001 0.000000 -1.000000
0.000001 0.000000 -1.000000
0.000000 0.000000 -1.000000
-0.154480 0.129624 -0.979456
-0.129624 0.154481 -0.979456
-0.100830 0.174643 -0.979456
0.000001 0.000000 -1.000000
0.000001 0.000000 -1.000000
0.000001 0.000000 -1.000000
-0.129624 0.154481 -0.979456
-0.100830 0.174643 -0.979456
-0.068972 0.189498 -0.979456
-0.000001 -0.000000 -1.000000
-0.000001 -0.000000 -1.000000
0.000001 0.000000 -1.000000
-0.100830 0.174643 -0.979456
-0.068972 0.189498 -0.979456
-0.035018 0.198596 -0.979456
-0.000001 -0.000000 -1.000000
-0.000001 -0.000000 -1.000000
-0.000001 -0.000000 -1.000000
-0.068972 0.189498 -0.979456
-0.035018 0.198596 -0.979456
0.000000 0.201660 -0.979456
0.000000 0.000000 -1.000000
0.000000 0.000000 -1.000000
-0.000001 -0.000000 -1.000000
-0.035018 0.198596 -0.979456
0.000000 0.201660 -0.979456
0.035018 0.198596 -0.979456
0.000001 -0.000000 -1.000000
0.000001 -0.000000 -1.000000
0.000000 0.000000 -1.000000
0.000000 0.201660 -0.979456
0.035018 0.198596 -0.979456
0.068972 0.189498 -0.979456
0.000001 -0.000000 -1.000000
0.000001 -0.000000 -1.000000
0.000001 -0.000000 -1.000000
0.035018 0.198596 -0.979456
0.068972 0.189498 -0.979456
0.100830 0.174643 -0.979456
-0.000001 0.000000 -1.000000
-0.000001 0.000000 -1.000000
0.000001 -0.000000 -1.000000
0.068972 0.189498 -0.979456
0.100830 0.174643 -0.979456
0.129624 0.154481 -0.979456
-0.000001 0.000000 -1.000000
-0.000001 0.000000 -1.000000
-0.000001 0.000000 -1.000000
0.100830 0.174643 -0.979456
0.129624 0.154481 -0.979456
0.154480 0.129624 -0.979456
0.000000 0.000000 -1.000000
0.000000 0.000000 -1.000000
-0.000001 0.000000 -1.000000
0.129624 0.154481 -0.979456
0.154480 0.129624 -0.979456
0.174643 0.100830 -0.979456
0.000000 0.000000 -1.000000
0.000000 0.000000 -1.000000
0.000000 0.000000 -1.000000
0.154480 0.129624 -0.979456
0.174643 0.100830 -0.979456
0.189498 0.068972 -0.979456
0.000000 0.000000 -1.000000
0.000000 0.000000 -1.000000
0.000000 0.000000 -1.000000
0.174643 0.100830 -0.979456
0.189498 0.068972 -0.979456
0.198596 0.035018 -0.979456
0.000000 0.000000 -1.000000
0.000000 0.000000 -1.000000
0.000000 0.000000 -1.000000
0.189498 0.068972 -0.979456
0.198596 0.035018 -0.979456
0.201660 0.000000 -0.979456
0.000000 0.000000 -1.000000
0.000000 0.000000 -1.000000
0.000000 0.000000 -1.000000
0.198596 0.035018 -0.979456
1.000000 0.000000 0.000000
0.984808 -0.173649 0.000000
0.984808 -0.173649 -0.000000
0.984808 -0.173649 -0.000000
1.000000 0.000000 -0.000000
1.000000 0.000000 0.000000
0.984808 -0.173649 0.000000
0.939692 -0.342021 0.000000
0.939692 -0.342021 0.000000
0.939692 -0.342021 0.000000
0.984808 -0.173649 -0.000000
0.984808 -0.173649 0.000000
0.939692 -0.342021 0.000000
0.866025 -0.500001 0.000000
0.866025 -0.500000 0.000000
0.866025 -0.500000 0.000000
0.939692 -0.342021 0.000000
0.939692 -0.342021 0.000000
0.866025 -0.500001 0.000000
0.766044 -0.642788 0.000000
0.766044 -0.642788 0.000000
0.766044 -0.642788 0.000000
0.866025 -0.500000 0.000000
0.866025 -0.500001 0.000000
0.766044 -0.642788 0.000000
0.642787 -0.766045 0.000000
0.642787 -0.766045 0.000000
0.642787 -0.766045 0.000000
0.766044 -0.642788 0.000000
0.766044 -0.642788 0.000000
0.642787 -0.766045 0.000000
0.499999 -0.866026 0.000000
0.499999 -0.866026 0.000000
0.499999 -0.866026 0.000000
0.642787 -0.766045 0.000000
0.642787 -0.766045 0.000000
0.499999 -0.866026 0.000000
0.342020 -0.939693 0.000000
0.342020 -0.939693 0.000000
0.342020 -0.939693 0.000000
0.499999 -0.866026 0.000000
0.499999 -0.866026 0.000000
0.342020 -0.939693 0.000000
0.173648 -0.984808 0.000000
0.173648 -0.984808 0.000000
0.173648 -0.984808 0.000000
0.342020 -0.939693 0.000000
0.342020 -0.939693 0.000000
0.173648 -0.984808 0.000000
-0.000000 -1.000000 0.000000
-0.000000 -1.000000 0.000000
-0.000000 -1.000000 0.000000
0.173648 -0.984808 0.000000
0.173648 -0.984808 0.000000
-0.000000 -1.000000 0.000000
-0.173649 -0.984808 0.000000
-0.173649 -0.984808 0.000000
-0.173649 -0.984808 0.000000
-0.000000 -1.000000 0.000000
-0.000000 -1.000000 0.000000
-0.173649 -0.984808 0.000000
-0.342020 -0.939693 0.000000
-0.342020 -0.939693 0.000000
-0.342020 -0.939693 0.000000
-0.173649 -0.984808 0.000000
-0.173649 -0.984808 0.000000
-0.342020 -0.939693 0.000000
-0.500000 -0.866025 0.000000
-0.500000 -0.866025 0.000000
-0.500000 -0.866025 0.000000
-0.342020 -0.939693 0.000000
-0.342020 -0.939693 0.000000
-0.500000 -0.866025 0.000000
-0.642788 -0.766044 0.000000
-0.642788 -0.766044 0.000000
-0.642788 -0.766044 0.000000
-0.500000 -0.866025 0.000000
-0.500000 -0.866025 0.000000
-0.642788 -0.766044 0.000000
-0.766045 -0.642787 0.000000
-0.766045 -0.642787 0.000000
-0.766045 -0.642787 0.000000
-0.642788 -0.766044 0.000000
-0.642788 -0.766044 0.000000
-0.766045 -0.642787 0.000000
-0.866026 -0.500000 0.000000
-0.866026 -0.500000 0.000000
-0.866026 -0.500000 0.000000
-0.766045 -0.642787 0.000000
-0.766045 -0.642787 0.000000
-0.866026 -0.500000 0.000000
-0.939693 -0.342019 0.000000
-0.939693 -0.342020 0.000000
-0.939693 -0.342020 0.000000
-0.866026 -0.500000 0.000000
-0.866026 -0.500000 0.000000
-0.939693 -0.342019 0.000000
-0.984808 -0.173648 -0.000000
-0.984808 -0.173648 0.000000
-0.984808 -0.173648 0.000000
-0.939693 -0.342020 0.000000
-0.939693 -0.342019 0.000000
-0.984808 -0.173648 -0.000000
-1.000000 0.000000 -0.000000
-1.000000 0.000000 0.000000
-1.000000 0.000000 0.000000
-0.984808 -0.173648 0.000000
-0.984808 -0.173648 -0.000000
-1.000000 0.000000 -0.000000
-0.984808 0.173649 0.000000
-0.984808 0.173649 0.000000
-0.984808 0.173649 0.000000
-1.000000 0.000000 0.000000
-1.000000 0.000000 -0.000000
-0.984808 0.173649 0.000000
-0.939693 0.342020 0.000000
-0.939693 0.342020 0.000000
-0.939693 0.342020 0.000000
-0.984808 0.173649 0.000000
-0.984808 0.173649 0.000000
-0.939693 0.342020 0.000000
-0.866025 0.500000 0.000000
-0.866025 0.500000 0.000000
-0.866025 0.500000 0.000000
-0.939693 0.342020 0.000000
-0.939693 0.342020 0.000000
-0.866025 0.500000 0.000000
-0.766044 0.642788 0.000000
-0.766044 0.642788 0.000000
-0.766044 0.642788 0.000000
-0.866025 0.500000 0.000000
-0.866025 0.500000 0.000000
-0.766044 0.642788 0.000000
-0.642788 0.766044 0.000000
-0.642788 0.766044 0.000000
-0.642788 0.766044 0.000000
-0.766044 0.642788 0.000000
-0.766044 0.642788 0.000000
-0.642788 0.766044 0.000000
-0.500000 0.866025 0.000000
-0.500000 0.866025 0.000000
-0.500000 0.866025 0.000000
-0.642788 0.766044 0.000000
-0.642788 0.766044 0.000000
-0.500000 0.866025 0.000000
-0.342020 0.939693 0.000000
-0.342020 0.939693 0.000000
-0.342020 0.939693 0.000000
-0.500000 0.866025 0.000000
-0.500000 0.866025 0.000000
-0.342020 0.939693 0.000000
-0.173648 0.984808 0.000000
-0.173648 0.984808 0.000000
-0.173648 0.984808 0.000000
-0.342020 0.939693 0.000000
-0.342020 0.939693 0.000000
-0.173648 0.984808 0.000000
0.000000 1.000000 0.000000
0.000000 1.000000 -0.000000
0.000000 1.000000 -0.000000
-0.173648 0.984808 0.000000
-0.173648 0.984808 0.000000
0.000000 1.000000 0.000000
0.173648 0.984808 0.000000
0.173648 0.984808 -0.000000
0.173648 0.984808 -0.000000
0.000000 1.000000 -0.000000
0.000000 1.000000 0.000000
0.173648 0.984808 0.000000
0.342020 0.939693 0.000000
0.342020 0.939693 0.000000
0.342020 0.939693 0.000000
0.173648 0.984808 -0.000000
0.173648 0.984808 0.000000
0.342020 0.939693 0.000000
0.500000 0.866025 0.000000
0.500000 0.866025 0.000000
0.500000 0.866025 0.000000
0.342020 0.939693 0.000000
0.342020 0.939693 0.000000
0.500000 0.866025 0.000000
0.642788 0.766044 0.000000
0.642788 0.766044 0.000000
0.642788 0.766044 0.000000
0.500000 0.866025 0.000000
0.500000 0.866025 0.000000
0.642788 0.766044 0.000000
0.766044 0.642788 0.000000
0.766044 0.642788 0.000000
0.766044 0.642788 0.000000
0.642788 0.766044 0.000000
0.642788 0.766044 0.000000
0.766044 0.642788 0.000000
0.866025 0.500000 0.000000
0.866025 0.500000 0.000000
0.866025 0.500000 0.000000
0.766044 0.642788 0.000000
0.766044 0.642788 0.000000
0.866025 0.500000 0.000000
0.939693 0.342020 0.000000
0.939693 0.342020 0.000000
0.939693 0.342020 0.000000
0.866025 0.500000 0.000000
0.866025 0.500000 0.000000
0.939693 0.342020 0.000000
0.984808 0.173648 0.000000
0.984808 0.173648 0.000000
0.984808 0.173648 0.000000
0.939693 0.342020 0.000000
0.939693 0.342020 0.000000
0.984808 0.173648 0.000000
1.000000 0.000000 0.000000
1.000000 0.000000 -0.000000
1.000000 0.000000 -0.000000
0.984808 0.173648 0.000000
0.984808 0.173648 0.000000
</float_array>
          <technique_common>
            <accessor source="#motor-Normal0-array" count="1932" stride="3">
              <param name="X" type="float"/>
              <param name="Y" type="float"/>
              <param name="Z" type="float"/>
            </accessor>
          </technique_common>
        </source>
        <source id="motor-UV0">
          <float_array id="motor-UV0-array" count="828">
0.750000 1.000000
0.777778 1.000000
0.805556 1.000000
0.833333 1.000000
0.861111 1.000000
0.888889 1.000000
0.916667 1.000000
0.944444 1.000000
0.972222 1.000000
1.000000 1.000000
0.027778 1.000000
0.055556 1.000000
0.083333 1.000000
0.111111 1.000000
0.138889 1.000000
0.166667 1.000000
0.194444 1.000000
0.222222 1.000000
0.250000 1.000000
0.277778 1.000000
0.305555 1.000000
0.333333 1.000000
0.361111 1.000000
0.388889 1.000000
0.416667 1.000000
0.444444 1.000000
0.472222 1.000000
0.500000 1.000000
0.527778 1.000000
0.555555 1.000000
0.583333 1.000000
0.611111 1.000000
0.638889 1.000000
0.666667 1.000000
0.694444 1.000000
0.722222 1.000000
-0.000000 1.000000
1.012585 1.000000
1.009596 1.000000
0.991123 1.000000
0.957728 1.000000
0.910424 1.000000
0.850650 1.000000
0.780222 1.000000
0.701279 1.000000
0.616221 1.000000
0.527631 1.000000
0.438202 1.000000
0.350650 1.000000
0.267636 1.000000
0.191683 1.000000
0.125097 1.000000
0.069903 1.000000
0.027777 1.000000
-0.000000 1.000000
-0.012586 1.000000
-0.009597 1.000000
0.008876 1.000000
0.042272 1.000000
0.089575 1.000000
0.149349 1.000000
0.219778 1.000000
0.750000 1.000000
0.777778 1.000000
0.805556 1.000000
0.833333 1.000000
0.861111 1.000000
0.888889 1.000000
0.916667 1.000000
0.944444 1.000000
0.972222 1.000000
1.000000 1.000000
1.012585 1.000000
1.009596 1.000000
0.991123 1.000000
0.957728 1.000000
0.910424 1.000000
0.850650 1.000000
0.780222 1.000000
0.701279 1.000000
0.616221 1.000000
0.527631 1.000000
0.438202 1.000000
0.350650 1.000000
0.267636 1.000000
0.191683 1.000000
0.125097 1.000000
0.069903 1.000000
0.027777 1.000000
-0.000000 1.000000
-0.012586 1.000000
-0.009597 1.000000
0.008876 1.000000
0.042272 1.000000
0.089575 1.000000
0.149349 1.000000
0.219778 1.000000
0.722222 1.000000
0.750000 1.000000
0.777778 1.000000
0.805556 1.000000
0.833333 1.000000
0.861111 1.000000
0.888889 1.000000
0.916667 1.000000
0.944444 1.000000
0.972222 1.000000
1.000000 1.000000
1.012585 1.000000
1.009596 1.000000
0.991123 1.000000
0.957728 1.000000
0.910424 1.000000
0.850650 1.000000
0.780222 1.000000
0.701279 1.000000
0.616221 1.000000
0.527631 1.000000
0.438202 1.000000
0.350650 1.000000
0.267636 1.000000
0.191683 1.000000
0.125097 1.000000
0.069903 1.000000
0.027777 1.000000
-0.000000 1.000000
-0.012586 1.000000
-0.009597 1.000000
0.008876 1.000000
0.042272 1.000000
0.089575 1.000000
0.149349 1.000000
0.219778 1.000000
0.722222 1.000000
0.750000 0.585353
0.777778 0.585353
0.805556 0.585353
0.833333 0.585353
0.861111 0.585353
0.888889 0.585353
0.916667 0.585353
0.944444 0.585353
0.972222 0.585353
1.000000 0.585353
-0.000000 0.585353
0.027778 0.585353
0.055556 0.585353
0.083333 0.585353
0.111111 0.585353
0.138889 0.585353
0.166667 0.585353
0.194444 0.585353
0.222222 0.585353
0.250000 0.585353
0.277778 0.585353
0.305555 0.585353
0.333333 0.585353
0.361111 0.585353
0.388889 0.585353
0.416667 0.585353
0.444444 0.585353
0.472222 0.585353
0.500000 0.585353
0.527778 0.585353
0.555555 0.585353
0.583333 0.585353
0.611111 0.585353
0.638889 0.585353
0.666667 0.585353
0.694444 0.585353
0.722222 0.585353
0.722222 1.000000
0.750000 1.000000
0.777778 1.000000
0.805556 1.000000
0.833333 1.000000
0.861111 1.000000
0.888889 1.000000
0.916667 1.000000
0.944444 1.000000
0.972222 1.000000
1.000000 1.000000
1.012585 1.000000
1.009596 1.000000
0.991123 1.000000
0.957728 1.000000
0.910424 1.000000
0.850650 1.000000
0.780222 1.000000
0.701279 1.000000
0.616221 1.000000
0.527631 1.000000
0.438202 1.000000
0.350650 1.000000
0.267636 1.000000
0.191683 1.000000
0.125097 1.000000
0.069903 1.000000
0.027777 1.000000
-0.000000 1.000000
-0.012586 1.000000
-0.009597 1.000000
0.008876 1.000000
0.042272 1.000000
0.089575 1.000000
0.149349 1.000000
0.219778 1.000000
0.750000 1.000000
0.777778 1.000000
0.777778 1.000000
0.750000 1.000000
0.805556 1.000000
0.805556 1.000000
0.833333 1.000000
0.833333 1.000000
0.861111 1.000000
0.861111 1.000000
0.888889 1.000000
0.888889 1.000000
0.916667 1.000000
0.916667 1.000000
0.944444 1.000000
0.944444 1.000000
0.972222 1.000000
0.972222 1.000000
1.000000 1.000000
1.000000 1.000000
1.012585 1.000000
1.012585 1.000000
1.009596 1.000000
1.009596 1.000000
0.991123 1.000000
0.991123 1.000000
0.957728 1.000000
0.957728 1.000000
0.910424 1.000000
0.910424 1.000000
0.850650 1.000000
0.850650 1.000000
0.780222 1.000000
0.780222 1.000000
0.701279 1.000000
0.701279 1.000000
0.616221 1.000000
0.616221 1.000000
0.527631 1.000000
0.527631 1.000000
0.438202 1.000000
0.438202 1.000000
0.350650 1.000000
0.350650 1.000000
0.267636 1.000000
0.267636 1.000000
0.191683 1.000000
0.191683 1.000000
0.125097 1.000000
0.125097 1.000000
0.069903 1.000000
0.069903 1.000000
0.027777 1.000000
0.027777 1.000000
-0.000000 1.000000
-0.000000 1.000000
-0.012586 1.000000
-0.012586 1.000000
-0.009597 1.000000
-0.009597 1.000000
0.008876 1.000000
0.008876 1.000000
0.042272 1.000000
0.042272 1.000000
0.089575 1.000000
0.089575 1.000000
0.149349 1.000000
0.149349 1.000000
0.219778 1.000000
0.219778 1.000000
0.722222 1.000000
0.722222 1.000000
0.777778 0.585353
0.750000 0.585353
0.805556 0.585353
0.833333 0.585353
0.861111 0.585353
0.888889 0.585353
0.916667 0.585353
0.944444 0.585353
0.972222 0.585353
1.000000 0.585353
0.027778 0.585353
0.027778 1.000000
-0.000000 1.000000
-0.000000 0.585353
0.055556 0.585353
0.055556 1.000000
0.083333 0.585353
0.083333 1.000000
0.111111 0.585353
0.111111 1.000000
0.138889 0.585353
0.138889 1.000000
0.166667 0.585353
0.166667 1.000000
0.194444 0.585353
0.194444 1.000000
0.222222 0.585353
0.222222 1.000000
0.250000 0.585353
0.250000 1.000000
0.277778 0.585353
0.277778 1.000000
0.305555 0.585353
0.305555 1.000000
0.333333 0.585353
0.333333 1.000000
0.361111 0.585353
0.361111 1.000000
0.388889 0.585353
0.388889 1.000000
0.416667 0.585353
0.416667 1.000000
0.444444 0.585353
0.444444 1.000000
0.472222 0.585353
0.472222 1.000000
0.500000 0.585353
0.500000 1.000000
0.527778 0.585353
0.527778 1.000000
0.555555 0.585353
0.555555 1.000000
0.583333 0.585353
0.583333 1.000000
0.611111 0.585353
0.611111 1.000000
0.638889 0.585353
0.638889 1.000000
0.666667 0.585353
0.666667 1.000000
0.694444 0.585353
0.694444 1.000000
0.722222 0.585353
0.750000 1.000000
0.722222 1.000000
0.219778 1.000000
0.149349 1.000000
0.089575 1.000000
0.042272 1.000000
0.008876 1.000000
-0.009597 1.000000
-0.012586 1.000000
-0.000000 1.000000
0.027777 1.000000
0.069903 1.000000
0.125097 1.000000
0.191683 1.000000
0.267636 1.000000
0.350650 1.000000
0.438202 1.000000
0.527631 1.000000
0.616221 1.000000
0.701279 1.000000
0.780222 1.000000
0.850650 1.000000
0.910424 1.000000
0.957728 1.000000
0.991123 1.000000
1.009596 1.000000
1.012585 1.000000
1.000000 1.000000
0.972222 1.000000
0.944444 1.000000
0.916667 1.000000
0.888889 1.000000
0.861111 1.000000
0.833333 1.000000
0.805556 1.000000
0.777778 1.000000
0.750000 1.000000
0.722222 1.000000
0.219778 1.000000
0.149349 1.000000
0.089575 1.000000
0.042272 1.000000
0.008876 1.000000
-0.009597 1.000000
-0.012586 1.000000
-0.000000 1.000000
0.027777 1.000000
0.069903 1.000000
0.125097 1.000000
0.191683 1.000000
0.267636 1.000000
0.350650 1.000000
0.438202 1.000000
0.527631 1.000000
0.616221 1.000000
0.701279 1.000000
0.780222 1.000000
0.850650 1.000000
0.910424 1.000000
0.957728 1.000000
0.991123 1.000000
1.009596 1.000000
1.012585 1.000000
1.000000 1.000000
0.972222 1.000000
0.944444 1.000000
0.916667 1.000000
0.888889 1.000000
0.861111 1.000000
0.833333 1.000000
0.805556 1.000000
0.777778 1.000000
</float_array>
          <technique_common>
            <accessor source="#motor-UV0-array" count="414" stride="2">
              <param name="S" type="float"/>
              <param name="T" type="float"/>
            </accessor>
          </technique_common>
        </source>
        <vertices id="motor-VERTEX">
          <input semantic="POSITION" source="#motor-POSITION"/>
        </vertices>
        <triangles count="644" material="AluminumFBXASC032-FBXASC032AnodizedFBXASC032GlossyFBXASC032FBXASC040GreyFBXASC041">
          <input semantic="VERTEX" offset="0" source="#motor-VERTEX"/>
          <input semantic="NORMAL" offset="1" source="#motor-Normal0"/>
          <input semantic="TEXCOORD" offset="2" set="0" source="#motor-UV0"/>
          <p> 72 0 98 73 1 99 74 2 100 74 3 100 75 4 101 76 5 102 76 6 102 77 7 103 78 8 104 74 9 100 76 10 102 78 11 104 78 12 104 79 13 105 80 14 106 80 15 106 81 16 107 82 17 108 78 18 104 80 19 106 82 20 108 82 21 108 83 22 109 84 23 110 84 24 110 85 25 111 86 26 112 82 27 108 84 28 110 86 29 112 78 30 104 82 31 108 86 32 112 86 33 112 87 34 113 88 35 114 88 36 114 89 37 115 90 38 116 86 39 112 88 40 114 90 41 116 90 42 116 91 43 117 92 44 118 92 45 118 93 46 119 94 47 120 90 48 116 92 49 118 94 50 120 86 51 112 90 52 116 94 53 120 94 54 120 95 55 121 96 56 122 96 57 122 97 58 123 98 59 124 94 60 120 96 61 122 98 62 124 98 63 124 99 64 125 100 65 126 100 66 126 101 67 127 102 68 128 98 69 124 100 70 126 102 71 128 94 72 120 98 73 124 102 74 128 86 75 112 94 76 120 102 77 128 78 78 104 86 79 112 102 80 128 102 81 128 103 82 129 104 83 130 104 84 130 105 85 131 106 86 132 102 87 128 104 88 130 106 89 132 78 90 104 102 91 128 106 92 132 74 93 100 78 94 104 106 95 132 72 96 98 74 97 100 106 98 132 107 99 133 72 100 98 106 101 132 0 102 0 1 103 1 37 104 63 37 105 63 36 106 62 0 107 0 1 108 1 2 109 2 38 110 64 38 111 64 37 112 63 1 113 1 2 114 2 3 115 3 39 116 65 39 117 65 38 118 64 2 119 2 3 120 3 4 121 4 40 122 66 40 123 66 39 124 65 3 125 3 4 126 4 5 127 5 41 128 67 41 129 67 40 130 66 4 131 4 5 132 5 6 133 6 42 134 68 42 135 68 41 136 67 5 137 5 6 138 6 7 139 7 43 140 69 43 141 69 42 142 68 6 143 6 7 144 7 8 145 8 44 146 70 44 147 70 43 148 69 7 149 7 8 150 8 9 151 9 45 152 71 45 153 71 44 154 70 8 155 8 9 156 9 10 157 37 46 158 72 46 159 72 45 160 71 9 161 9 10 162 37 11 163 38 47 164 73 47 165 73 46 166 72 10 167 37 11 168 38 12 169 39 48 170 74 48 171 74 47 172 73 11 173 38 12 174 39 13 175 40 49 176 75 49 177 75 48 178 74 12 179 39 13 180 40 14 181 41 50 182 76 50 183 76 49 184 75 13 185 40 14 186 41 15 187 42 51 188 77 51 189 77 50 190 76 14 191 41 15 192 42 16 193 43 52 194 78 52 195 78 51 196 77 15 197 42 16 198 43 17 199 44 53 200 79 53 201 79 52 202 78 16 203 43 17 204 44 18 205 45 54 206 80 54 207 80 53 208 79 17 209 44 18 210 45 19 211 46 55 212 81 55 213 81 54 214 80 18 215 45 19 216 46 20 217 47 56 218 82 56 219 82 55 220 81 19 221 46 20 222 47 21 223 48 57 224 83 57 225 83 56 226 82 20 227 47 21 228 48 22 229 49 58 230 84 58 231 84 57 232 83 21 233 48 22 234 49 23 235 50 59 236 85 59 237 85 58 238 84 22 239 49 23 240 50 24 241 51 60 242 86 60 243 86 59 244 85 23 245 50 24 246 51 25 247 52 61 248 87 61 249 87 60 250 86 24 251 51 25 252 52 26 253 53 62 254 88 62 255 88 61 256 87 25 257 52 26 258 53 27 259 54 63 260 89 63 261 89 62 262 88 26 263 53 27 264 54 28 265 55 64 266 90 64 267 90 63 268 89 27 269 54 28 270 55 29 271 56 65 272 91 65 273 91 64 274 90 28 275 55 29 276 56 30 277 57 66 278 92 66 279 92 65 280 91 29 281 56 30 282 57 31 283 58 67 284 93 67 285 93 66 286 92 30 287 57 31 288 58 32 289 59 68 290 94 68 291 94 67 292 93 31 293 58 32 294 59 33 295 60 69 296 95 69 297 95 68 298 94 32 299 59 33 300 60 34 301 61 70 302 96 70 303 96 69 304 95 33 305 60 34 306 61 35 307 35 71 308 97 71 309 97 70 310 96 34 311 61 35 312 35 0 313 0 36 314 62 36 315 62 71 316 97 35 317 35 36 318 62 37 319 63 73 320 99 73 321 99 72 322 98 36 323 62 37 324 63 38 325 64 74 326 100 74 327 100 73 328 99 37 329 63 38 330 64 39 331 65 75 332 101 75 333 101 74 334 100 38 335 64 39 336 65 40 337 66 76 338 102 76 339 102 75 340 101 39 341 65 40 342 66 41 343 67 77 344 103 77 345 103 76 346 102 40 347 66 41 348 67 42 349 68 78 350 104 78 351 104 77 352 103 41 353 67 42 354 68 43 355 69 79 356 105 79 357 105 78 358 104 42 359 68 43 360 69 44 361 70 80 362 106 80 363 106 79 364 105 43 365 69 44 366 70 45 367 71 81 368 107 81 369 107 80 370 106 44 371 70 45 372 71 46 373 72 82 374 108 82 375 108 81 376 107 45 377 71 46 378 72 47 379 73 83 380 109 83 381 109 82 382 108 46 383 72 47 384 73 48 385 74 84 386 110 84 387 110 83 388 109 47 389 73 48 390 74 49 391 75 85 392 111 85 393 111 84 394 110 48 395 74 49 396 75 50 397 76 86 398 112 86 399 112 85 400 111 49 401 75 50 402 76 51 403 77 87 404 113 87 405 113 86 406 112 50 407 76 51 408 77 52 409 78 88 410 114 88 411 114 87 412 113 51 413 77 52 414 78 53 415 79 89 416 115 89 417 115 88 418 114 52 419 78 53 420 79 54 421 80 90 422 116 90 423 116 89 424 115 53 425 79 54 426 80 55 427 81 91 428 117 91 429 117 90 430 116 54 431 80 55 432 81 56 433 82 92 434 118 92 435 118 91 436 117 55 437 81 56 438 82 57 439 83 93 440 119 93 441 119 92 442 118 56 443 82 57 444 83 58 445 84 94 446 120 94 447 120 93 448 119 57 449 83 58 450 84 59 451 85 95 452 121 95 453 121 94 454 120 58 455 84 59 456 85 60 457 86 96 458 122 96 459 122 95 460 121 59 461 85 60 462 86 61 463 87 97 464 123 97 465 123 96 466 122 60 467 86 61 468 87 62 469 88 98 470 124 98 471 124 97 472 123 61 473 87 62 474 88 63 475 89 99 476 125 99 477 125 98 478 124 62 479 88 63 480 89 64 481 90 100 482 126 100 483 126 99 484 125 63 485 89 64 486 90 65 487 91 101 488 127 101 489 127 100 490 126 64 491 90 65 492 91 66 493 92 102 494 128 102 495 128 101 496 127 65 497 91 66 498 92 67 499 93 103 500 129 103 501 129 102 502 128 66 503 92 67 504 93 68 505 94 104 506 130 104 507 130 103 508 129 67 509 93 68 510 94 69 511 95 105 512 131 105 513 131 104 514 130 68 515 94 69 516 95 70 517 96 106 518 132 106 519 132 105 520 131 69 521 95 70 522 96 71 523 97 107 524 133 107 525 133 106 526 132 70 527 96 71 528 97 36 529 62 72 530 98 72 531 98 107 532 133 71 533 97 1 534 1 0 535 0 235 536 134 235 537 134 108 538 135 1 539 1 2 540 2 1 541 1 108 542 135 108 543 135 109 544 136 2 545 2 3 546 3 2 547 2 109 548 136 109 549 136 236 550 137 3 551 3 4 552 4 3 553 3 236 554 137 236 555 137 110 556 138 4 557 4 5 558 5 4 559 4 110 560 138 110 561 138 111 562 139 5 563 5 6 564 6 5 565 5 111 566 139 111 567 139 112 568 140 6 569 6 7 570 7 6 571 6 112 572 140 112 573 140 113 574 141 7 575 7 8 576 8 7 577 7 113 578 141 113 579 141 237 580 142 8 581 8 9 582 9 8 583 8 237 584 142 237 585 142 114 586 143 9 587 9 10 588 10 9 589 36 114 590 144 114 591 144 115 592 145 10 593 10 11 594 11 10 595 10 115 596 145 115 597 145 116 598 146 11 599 11 12 600 12 11 601 11 116 602 146 116 603 146 238 604 147 12 605 12 13 606 13 12 607 12 238 608 147 238 609 147 117 610 148 13 611 13 14 612 14 13 613 13 117 614 148 117 615 148 118 616 149 14 617 14 15 618 15 14 619 14 118 620 149 118 621 149 119 622 150 15 623 15 16 624 16 15 625 15 119 626 150 119 627 150 239 628 151 16 629 16 17 630 17 16 631 16 239 632 151 239 633 151 240 634 152 17 635 17 18 636 18 17 637 17 240 638 152 240 639 152 241 640 153 18 641 18 19 642 19 18 643 18 241 644 153 241 645 153 242 646 154 19 647 19 20 648 20 19 649 19 242 650 154 242 651 154 120 652 155 20 653 20 21 654 21 20 655 20 120 656 155 120 657 155 243 658 156 21 659 21 22 660 22 21 661 21 243 662 156 243 663 156 244 664 157 22 665 22 23 666 23 22 667 22 244 668 157 244 669 157 121 670 158 23 671 23 24 672 24 23 673 23 121 674 158 121 675 158 245 676 159 24 677 24 25 678 25 24 679 24 245 680 159 245 681 159 246 682 160 25 683 25 26 684 26 25 685 25 246 686 160 246 687 160 122 688 161 26 689 26 27 690 27 26 691 26 122 692 161 122 693 161 247 694 162 27 695 27 28 696 28 27 697 27 247 698 162 247 699 162 123 700 163 28 701 28 29 702 29 28 703 28 123 704 163 123 705 163 248 706 164 29 707 29 30 708 30 29 709 29 248 710 164 248 711 164 249 712 165 30 713 30 31 714 31 30 715 30 249 716 165 249 717 165 124 718 166 31 719 31 32 720 32 31 721 31 124 722 166 124 723 166 125 724 167 32 725 32 33 726 33 32 727 32 125 728 167 125 729 167 250 730 168 33 731 33 34 732 34 33 733 33 250 734 168 250 735 168 126 736 169 34 737 34 35 738 35 34 739 34 126 740 169 126 741 169 251 742 170 35 743 35 0 744 0 35 745 35 251 746 170 251 747 170 235 748 134 0 749 0 290 750 380 291 751 381 292 752 382 292 753 382 293 754 383 294 755 384 290 756 380 292 757 382 294 758 384 294 759 384 295 760 385 296 761 386 296 762 386 297 763 387 298 764 388 294 765 384 296 766 386 298 767 388 298 768 388 299 769 389 300 770 390 300 771 390 301 772 391 302 773 392 298 774 388 300 775 390 302 776 392 294 777 384 298 778 388 302 779 392 302 780 392 303 781 393 304 782 394 304 783 394 305 784 395 306 785 396 302 786 392 304 787 394 306 788 396 306 789 396 307 790 397 308 791 398 308 792 398 309 793 399 310 794 400 306 795 396 308 796 398 310 797 400 302 798 392 306 799 396 310 800 400 294 801 384 302 802 392 310 803 400 310 804 400 311 805 401 312 806 402 312 807 402 313 808 403 314 809 404 310 810 400 312 811 402 314 812 404 314 813 404 315 814 405 316 815 406 316 816 406 317 817 407 318 818 408 314 819 404 316 820 406 318 821 408 310 822 400 314 823 404 318 824 408 294 825 384 310 826 400 318 827 408 290 828 380 294 829 384 318 830 408 318 831 408 319 832 409 320 833 410 320 834 410 321 835 411 322 836 412 318 837 408 320 838 410 322 839 412 290 840 380 318 841 408 322 842 412 322 843 412 323 844 413 288 845 378 290 846 380 322 847 412 288 848 378 289 849 379 290 850 380 288 851 378 163 852 207 166 853 210 165 854 209 165 855 209 164 856 208 163 857 207 164 858 208 165 859 209 168 860 212 168 861 212 167 862 211 164 863 208 167 864 211 168 865 212 170 866 214 170 867 214 169 868 213 167 869 211 169 870 213 170 871 214 172 872 216 172 873 216 171 874 215 169 875 213 171 876 215 172 877 216 174 878 218 174 879 218 173 880 217 171 881 215 173 882 217 174 883 218 176 884 220 176 885 220 175 886 219 173 887 217 175 888 219 176 889 220 178 890 222 178 891 222 177 892 221 175 893 219 177 894 221 178 895 222 180 896 224 180 897 224 179 898 223 177 899 221 179 900 223 180 901 224 182 902 226 182 903 226 181 904 225 179 905 223 181 906 225 182 907 226 184 908 228 184 909 228 183 910 227 181 911 225 183 912 227 184 913 228 186 914 230 186 915 230 185 916 229 183 917 227 185 918 229 186 919 230 188 920 232 188 921 232 187 922 231 185 923 229 187 924 231 188 925 232 190 926 234 190 927 234 189 928 233 187 929 231 189 930 233 190 931 234 192 932 236 192 933 236 191 934 235 189 935 233 191 936 235 192 937 236 194 938 238 194 939 238 193 940 237 191 941 235 193 942 237 194 943 238 196 944 240 196 945 240 195 946 239 193 947 237 195 948 239 196 949 240 198 950 242 198 951 242 197 952 241 195 953 239 197 954 241 198 955 242 200 956 244 200 957 244 199 958 243 197 959 241 199 960 243 200 961 244 202 962 246 202 963 246 201 964 245 199 965 243 201 966 245 202 967 246 204 968 248 204 969 248 203 970 247 201 971 245 203 972 247 204 973 248 206 974 250 206 975 250 205 976 249 203 977 247 205 978 249 206 979 250 208 980 252 208 981 252 207 982 251 205 983 249 207 984 251 208 985 252 210 986 254 210 987 254 209 988 253 207 989 251 209 990 253 210 991 254 212 992 256 212 993 256 211 994 255 209 995 253 211 996 255 212 997 256 214 998 258 214 999 258 213 1000 257 211 1001 255 213 1002 257 214 1003 258 216 1004 260 216 1005 260 215 1006 259 213 1007 257 215 1008 259 216 1009 260 218 1010 262 218 1011 262 217 1012 261 215 1013 259 217 1014 261 218 1015 262 220 1016 264 220 1017 264 219 1018 263 217 1019 261 219 1020 263 220 1021 264 222 1022 266 222 1023 266 221 1024 265 219 1025 263 221 1026 265 222 1027 266 224 1028 268 224 1029 268 223 1030 267 221 1031 265 223 1032 267 224 1033 268 226 1034 270 226 1035 270 225 1036 269 223 1037 267 225 1038 269 226 1039 270 228 1040 272 228 1041 272 227 1042 271 225 1043 269 227 1044 271 228 1045 272 230 1046 274 230 1047 274 229 1048 273 227 1049 271 229 1050 273 230 1051 274 232 1052 276 232 1053 276 231 1054 275 229 1055 273 231 1056 275 232 1057 276 234 1058 278 234 1059 278 233 1060 277 231 1061 275 233 1062 277 234 1063 278 166 1064 210 166 1065 210 163 1066 207 233 1067 277 166 1068 210 128 1069 172 129 1070 173 129 1071 173 165 1072 209 166 1073 210 165 1074 209 129 1075 173 130 1076 174 130 1077 174 168 1078 212 165 1079 209 168 1080 212 130 1081 174 131 1082 175 131 1083 175 170 1084 214 168 1085 212 170 1086 214 131 1087 175 132 1088 176 132 1089 176 172 1090 216 170 1091 214 172 1092 216 132 1093 176 133 1094 177 133 1095 177 174 1096 218 172 1097 216 174 1098 218 133 1099 177 134 1100 178 134 1101 178 176 1102 220 174 1103 218 176 1104 220 134 1105 178 135 1106 179 135 1107 179 178 1108 222 176 1109 220 178 1110 222 135 1111 179 136 1112 180 136 1113 180 180 1114 224 178 1115 222 180 1116 224 136 1117 180 137 1118 181 137 1119 181 182 1120 226 180 1121 224 182 1122 226 137 1123 181 138 1124 182 138 1125 182 184 1126 228 182 1127 226 184 1128 228 138 1129 182 139 1130 183 139 1131 183 186 1132 230 184 1133 228 186 1134 230 139 1135 183 140 1136 184 140 1137 184 188 1138 232 186 1139 230 188 1140 232 140 1141 184 141 1142 185 141 1143 185 190 1144 234 188 1145 232 190 1146 234 141 1147 185 142 1148 186 142 1149 186 192 1150 236 190 1151 234 192 1152 236 142 1153 186 143 1154 187 143 1155 187 194 1156 238 192 1157 236 194 1158 238 143 1159 187 144 1160 188 144 1161 188 196 1162 240 194 1163 238 196 1164 240 144 1165 188 145 1166 189 145 1167 189 198 1168 242 196 1169 240 198 1170 242 145 1171 189 146 1172 190 146 1173 190 200 1174 244 198 1175 242 200 1176 244 146 1177 190 147 1178 191 147 1179 191 202 1180 246 200 1181 244 202 1182 246 147 1183 191 148 1184 192 148 1185 192 204 1186 248 202 1187 246 204 1188 248 148 1189 192 149 1190 193 149 1191 193 206 1192 250 204 1193 248 206 1194 250 149 1195 193 150 1196 194 150 1197 194 208 1198 252 206 1199 250 208 1200 252 150 1201 194 151 1202 195 151 1203 195 210 1204 254 208 1205 252 210 1206 254 151 1207 195 152 1208 196 152 1209 196 212 1210 256 210 1211 254 212 1212 256 152 1213 196 153 1214 197 153 1215 197 214 1216 258 212 1217 256 214 1218 258 153 1219 197 154 1220 198 154 1221 198 216 1222 260 214 1223 258 216 1224 260 154 1225 198 155 1226 199 155 1227 199 218 1228 262 216 1229 260 218 1230 262 155 1231 199 156 1232 200 156 1233 200 220 1234 264 218 1235 262 220 1236 264 156 1237 200 157 1238 201 157 1239 201 222 1240 266 220 1241 264 222 1242 266 157 1243 201 158 1244 202 158 1245 202 224 1246 268 222 1247 266 224 1248 268 158 1249 202 159 1250 203 159 1251 203 226 1252 270 224 1253 268 226 1254 270 159 1255 203 160 1256 204 160 1257 204 228 1258 272 226 1259 270 228 1260 272 160 1261 204 161 1262 205 161 1263 205 230 1264 274 228 1265 272 230 1266 274 161 1267 205 162 1268 206 162 1269 206 232 1270 276 230 1271 274 232 1272 276 162 1273 206 127 1274 171 127 1275 171 234 1276 278 232 1277 276 234 1278 278 127 1279 171 128 1280 172 128 1281 172 166 1282 210 234 1283 278 164 1284 208 108 1285 279 235 1286 280 235 1287 280 163 1288 207 164 1289 208 167 1290 211 109 1291 281 108 1292 279 108 1293 279 164 1294 208 167 1295 211 169 1296 213 236 1297 282 109 1298 281 109 1299 281 167 1300 211 169 1301 213 171 1302 215 110 1303 283 236 1304 282 236 1305 282 169 1306 213 171 1307 215 173 1308 217 111 1309 284 110 1310 283 110 1311 283 171 1312 215 173 1313 217 175 1314 219 112 1315 285 111 1316 284 111 1317 284 173 1318 217 175 1319 219 177 1320 221 113 1321 286 112 1322 285 112 1323 285 175 1324 219 177 1325 221 179 1326 223 237 1327 287 113 1328 286 113 1329 286 177 1330 221 179 1331 223 181 1332 225 114 1333 288 237 1334 287 237 1335 287 179 1336 223 181 1337 225 183 1338 290 115 1339 289 114 1340 292 114 1341 292 181 1342 291 183 1343 290 185 1344 294 116 1345 293 115 1346 289 115 1347 289 183 1348 290 185 1349 294 187 1350 296 238 1351 295 116 1352 293 116 1353 293 185 1354 294 187 1355 296 189 1356 298 117 1357 297 238 1358 295 238 1359 295 187 1360 296 189 1361 298 191 1362 300 118 1363 299 117 1364 297 117 1365 297 189 1366 298 191 1367 300 193 1368 302 119 1369 301 118 1370 299 118 1371 299 191 1372 300 193 1373 302 195 1374 304 239 1375 303 119 1376 301 119 1377 301 193 1378 302 195 1379 304 197 1380 306 240 1381 305 239 1382 303 239 1383 303 195 1384 304 197 1385 306 199 1386 308 241 1387 307 240 1388 305 240 1389 305 197 1390 306 199 1391 308 201 1392 310 242 1393 309 241 1394 307 241 1395 307 199 1396 308 201 1397 310 203 1398 312 120 1399 311 242 1400 309 242 1401 309 201 1402 310 203 1403 312 205 1404 314 243 1405 313 120 1406 311 120 1407 311 203 1408 312 205 1409 314 207 1410 316 244 1411 315 243 1412 313 243 1413 313 205 1414 314 207 1415 316 209 1416 318 121 1417 317 244 1418 315 244 1419 315 207 1420 316 209 1421 318 211 1422 320 245 1423 319 121 1424 317 121 1425 317 209 1426 318 211 1427 320 213 1428 322 246 1429 321 245 1430 319 245 1431 319 211 1432 320 213 1433 322 215 1434 324 122 1435 323 246 1436 321 246 1437 321 213 1438 322 215 1439 324 217 1440 326 247 1441 325 122 1442 323 122 1443 323 215 1444 324 217 1445 326 219 1446 328 123 1447 327 247 1448 325 247 1449 325 217 1450 326 219 1451 328 221 1452 330 248 1453 329 123 1454 327 123 1455 327 219 1456 328 221 1457 330 223 1458 332 249 1459 331 248 1460 329 248 1461 329 221 1462 330 223 1463 332 225 1464 334 124 1465 333 249 1466 331 249 1467 331 223 1468 332 225 1469 334 227 1470 336 125 1471 335 124 1472 333 124 1473 333 225 1474 334 227 1475 336 229 1476 338 250 1477 337 125 1478 335 125 1479 335 227 1480 336 229 1481 338 231 1482 340 126 1483 339 250 1484 337 250 1485 337 229 1486 338 231 1487 340 233 1488 277 251 1489 341 126 1490 339 126 1491 339 231 1492 340 233 1493 277 163 1494 207 235 1495 280 251 1496 341 251 1497 341 233 1498 277 163 1499 207 128 1500 172 127 1501 171 253 1502 343 253 1503 343 252 1504 342 128 1505 172 127 1506 171 162 1507 206 254 1508 344 254 1509 344 253 1510 343 127 1511 171 162 1512 206 161 1513 205 255 1514 345 255 1515 345 254 1516 344 162 1517 206 161 1518 205 160 1519 204 256 1520 346 256 1521 346 255 1522 345 161 1523 205 160 1524 204 159 1525 203 257 1526 347 257 1527 347 256 1528 346 160 1529 204 159 1530 203 158 1531 202 258 1532 348 258 1533 348 257 1534 347 159 1535 203 158 1536 202 157 1537 201 259 1538 349 259 1539 349 258 1540 348 158 1541 202 157 1542 201 156 1543 200 260 1544 350 260 1545 350 259 1546 349 157 1547 201 156 1548 200 155 1549 199 261 1550 351 261 1551 351 260 1552 350 156 1553 200 155 1554 199 154 1555 198 262 1556 352 262 1557 352 261 1558 351 155 1559 199 154 1560 198 153 1561 197 263 1562 353 263 1563 353 262 1564 352 154 1565 198 153 1566 197 152 1567 196 264 1568 354 264 1569 354 263 1570 353 153 1571 197 152 1572 196 151 1573 195 265 1574 355 265 1575 355 264 1576 354 152 1577 196 151 1578 195 150 1579 194 266 1580 356 266 1581 356 265 1582 355 151 1583 195 150 1584 194 149 1585 193 267 1586 357 267 1587 357 266 1588 356 150 1589 194 149 1590 193 148 1591 192 268 1592 358 268 1593 358 267 1594 357 149 1595 193 148 1596 192 147 1597 191 269 1598 359 269 1599 359 268 1600 358 148 1601 192 147 1602 191 146 1603 190 270 1604 360 270 1605 360 269 1606 359 147 1607 191 146 1608 190 145 1609 189 271 1610 361 271 1611 361 270 1612 360 146 1613 190 145 1614 189 144 1615 188 272 1616 362 272 1617 362 271 1618 361 145 1619 189 144 1620 188 143 1621 187 273 1622 363 273 1623 363 272 1624 362 144 1625 188 143 1626 187 142 1627 186 274 1628 364 274 1629 364 273 1630 363 143 1631 187 142 1632 186 141 1633 185 275 1634 365 275 1635 365 274 1636 364 142 1637 186 141 1638 185 140 1639 184 276 1640 366 276 1641 366 275 1642 365 141 1643 185 140 1644 184 139 1645 183 277 1646 367 277 1647 367 276 1648 366 140 1649 184 139 1650 183 138 1651 182 278 1652 368 278 1653 368 277 1654 367 139 1655 183 138 1656 182 137 1657 181 279 1658 369 279 1659 369 278 1660 368 138 1661 182 137 1662 181 136 1663 180 280 1664 370 280 1665 370 279 1666 369 137 1667 181 136 1668 180 135 1669 179 281 1670 371 281 1671 371 280 1672 370 136 1673 180 135 1674 179 134 1675 178 282 1676 372 282 1677 372 281 1678 371 135 1679 179 134 1680 178 133 1681 177 283 1682 373 283 1683 373 282 1684 372 134 1685 178 133 1686 177 132 1687 176 284 1688 374 284 1689 374 283 1690 373 133 1691 177 132 1692 176 131 1693 175 285 1694 375 285 1695 375 284 1696 374 132 1697 176 131 1698 175 130 1699 174 286 1700 376 286 1701 376 285 1702 375 131 1703 175 130 1704 174 129 1705 173 287 1706 377 287 1707 377 286 1708 376 130 1709 174 129 1710 173 128 1711 172 252 1712 342 252 1713 342 287 1714 377 129 1715 173 252 1716 342 253 1717 343 289 1718 379 289 1719 379 288 1720 378 252 1721 342 253 1722 343 254 1723 344 290 1724 380 290 1725 380 289 1726 379 253 1727 343 254 1728 344 255 1729 345 291 1730 381 291 1731 381 290 1732 380 254 1733 344 255 1734 345 256 1735 346 292 1736 382 292 1737 382 291 1738 381 255 1739 345 256 1740 346 257 1741 347 293 1742 383 293 1743 383 292 1744 382 256 1745 346 257 1746 347 258 1747 348 294 1748 384 294 1749 384 293 1750 383 257 1751 347 258 1752 348 259 1753 349 295 1754 385 295 1755 385 294 1756 384 258 1757 348 259 1758 349 260 1759 350 296 1760 386 296 1761 386 295 1762 385 259 1763 349 260 1764 350 261 1765 351 297 1766 387 297 1767 387 296 1768 386 260 1769 350 261 1770 351 262 1771 352 298 1772 388 298 1773 388 297 1774 387 261 1775 351 262 1776 352 263 1777 353 299 1778 389 299 1779 389 298 1780 388 262 1781 352 263 1782 353 264 1783 354 300 1784 390 300 1785 390 299 1786 389 263 1787 353 264 1788 354 265 1789 355 301 1790 391 301 1791 391 300 1792 390 264 1793 354 265 1794 355 266 1795 356 302 1796 392 302 1797 392 301 1798 391 265 1799 355 266 1800 356 267 1801 357 303 1802 393 303 1803 393 302 1804 392 266 1805 356 267 1806 357 268 1807 358 304 1808 394 304 1809 394 303 1810 393 267 1811 357 268 1812 358 269 1813 359 305 1814 395 305 1815 395 304 1816 394 268 1817 358 269 1818 359 270 1819 360 306 1820 396 306 1821 396 305 1822 395 269 1823 359 270 1824 360 271 1825 361 307 1826 397 307 1827 397 306 1828 396 270 1829 360 271 1830 361 272 1831 362 308 1832 398 308 1833 398 307 1834 397 271 1835 361 272 1836 362 273 1837 363 309 1838 399 309 1839 399 308 1840 398 272 1841 362 273 1842 363 274 1843 364 310 1844 400 310 1845 400 309 1846 399 273 1847 363 274 1848 364 275 1849 365 311 1850 401 311 1851 401 310 1852 400 274 1853 364 275 1854 365 276 1855 366 312 1856 402 312 1857 402 311 1858 401 275 1859 365 276 1860 366 277 1861 367 313 1862 403 313 1863 403 312 1864 402 276 1865 366 277 1866 367 278 1867 368 314 1868 404 314 1869 404 313 1870 403 277 1871 367 278 1872 368 279 1873 369 315 1874 405 315 1875 405 314 1876 404 278 1877 368 279 1878 369 280 1879 370 316 1880 406 316 1881 406 315 1882 405 279 1883 369 280 1884 370 281 1885 371 317 1886 407 317 1887 407 316 1888 406 280 1889 370 281 1890 371 282 1891 372 318 1892 408 318 1893 408 317 1894 407 281 1895 371 282 1896 372 283 1897 373 319 1898 409 319 1899 409 318 1900 408 282 1901 372 283 1902 373 284 1903 374 320 1904 410 320 1905 410 319 1906 409 283 1907 373 284 1908 374 285 1909 375 321 1910 411 321 1911 411 320 1912 410 284 1913 374 285 1914 375 286 1915 376 322 1916 412 322 1917 412 321 1918 411 285 1919 375 286 1920 376 287 1921 377 323 1922 413 323 1923 413 322 1924 412 286 1925 376 287 1926 377 252 1927 342 288 1928 378 288 1929 378 323 1930 413 287 1931 377</p>
        </triangles>
      </mesh>
    </geometry>
  </library_geometries>
  <library_visual_scenes>
    <visual_scene id="robocore_motor" name="robocore_motor">
      <node name="motor" id="motor" sid="motor">
        <matrix sid="matrix">1.000000 0.000000 0.000000 0.000000 0.000000 1.000000 -0.000000 0.000000 -0.000000 0.000000 1.000000 0.000000 0.000000 0.000000 0.000000 1.000000</matrix>
        <instance_geometry url="#motor-lib">
          <bind_material>
            <technique_common>
              <instance_material symbol="AluminumFBXASC032-FBXASC032AnodizedFBXASC032GlossyFBXASC032FBXASC040GreyFBXASC041" target="#AluminumFBXASC032-FBXASC032AnodizedFBXASC032GlossyFBXASC032FBXASC040GreyFBXASC041"/>
            </technique_common>
          </bind_material>
        </instance_geometry>
        <extra>
          <technique profile="FCOLLADA">
            <visibility>1.000000</visibility>
          </technique>
        </extra>
      </node>
      <extra>
        <technique profile="MAX3D">
          <frame_rate>30.000000</frame_rate>
        </technique>
        <technique profile="FCOLLADA">
          <start_time>0.000000</start_time>
          <end_time>3.333333</end_time>
        </technique>
      </extra>
    </visual_scene>
  </library_visual_scenes>
  <scene>
    <instance_visual_scene url="#robocore_motor"/>
  </scene>
</COLLADA>
