<?xml version="1.0" encoding="utf-8"?>
<COLLADA xmlns="http://www.collada.org/2005/11/COLLADASchema" version="1.4.1">
  <asset>
    <contributor>
      <author/>
      <authoring_tool>FBX COLLADA exporter</authoring_tool>
      <comments/>
    </contributor>
    <created>2026-10-02T09:26:32Z</created>
    <keywords/>
    <modified>2026-10-02T09:26:32Z</modified>
    <revision/>
    <subject/>
    <title/>
    <unit meter="0.001000" name="centimeter"/>
    <up_axis>Z_UP</up_axis>
  </asset>
  <library_materials>
    <material id="CarbonFBXASC032FiberFBXASC032-FBXASC032Twill" name="CarbonFBXASC032FiberFBXASC032-FBXASC032Twill">
      <instance_effect url="#CarbonFBXASC032FiberFBXASC032-FBXASC032Twill-fx"/>
    </material>
  </library_materials>
  <library_effects>
    <effect id="CarbonFBXASC032FiberFBXASC032-FBXASC032Twill-fx" name="CarbonFBXASC032FiberFBXASC032-FBXASC032Twill">
      <profile_COMMON>
        <technique sid="standard">
          <phong>
            <emission>
              <color sid="emission">0.000000  0.000000 0.000000 1.000000</color>
            </emission>
            <ambient>
              <color sid="ambient">0.098039  0.098039 0.098039 1.000000</color>
            </ambient>
            <diffuse>
              <color sid="diffuse">0.098039  0.098039 0.098039 1.000000</color>
            </diffuse>
            <specular>
              <color sid="specular">0.172877  0.172877 0.172877 1.000000</color>
            </specular>
            <shininess>
              <float sid="shininess">19.999998</float>
            </shininess>
            <transparency>
              <float sid="transparency">0.000000</float>
            </transparency>
          </phong>
        </technique>
      </profile_COMMON>
    </effect>
  </library_effects>
  <library_geometries>
    <geometry id="propeller-lib" name="propellerMesh">
      <mesh>
        <source id="propeller-POSITION">
          <float_array id="propeller-POSITION-array" count="1845">
3.069729 -1.039841 9.148124
-0.016117 0.007385 22.899791
0.070332 0.148807 0.458803
0.802471 -0.006562 -2.766055
-0.892185 -0.091050 -1.778341
0.015439 0.002062 -22.900209
-0.825092 0.030004 1.778448
-3.069471 -1.039841 -9.148542
0.940837 -0.176675 2.064356
-1.982928 -0.301217 -18.330541
-0.781154 0.047234 6.852775
2.333929 -0.440508 16.031083
-1.875308 -0.945467 -4.326066
1.875567 -0.945467 4.325648
0.790254 0.038682 -9.148542
0.155865 -0.158690 -0.623719
-0.652833 -0.003593 16.031083
-0.674927 -0.120958 5.688212
0.293902 -0.014884 -20.617162
0.270943 0.242861 -3.213233
1.514212 -0.179908 20.616753
0.816451 -0.090418 -0.000209
-0.801040 -0.085176 -1.050930
-2.642026 -0.592869 -13.740708
0.789159 -0.049447 -5.688627
-0.791160 0.050588 3.879160
0.210830 0.188276 2.627021
-2.749244 -1.275698 -6.853191
0.835695 -0.013965 -1.634610
-0.305686 0.002968 20.616744
-1.513954 -0.179908 -20.617171
-2.789410 -1.270293 -7.025876
2.970743 -1.190169 7.998325
-1.335029 -0.580496 -3.213631
-2.970485 -1.190169 -7.998743
0.653091 -0.003593 -16.031501
2.789668 -1.270293 7.025458
1.335287 -0.580496 3.213213
2.749502 -1.275698 6.852773
2.969231 -1.191280 8.003005
-2.968972 -1.191280 -8.003423
3.028063 -1.132229 8.470533
2.910959 -0.782222 11.450452
-3.027805 -1.132229 -8.470951
-2.910701 -0.782222 -11.450870
-0.781266 -0.005680 11.450452
2.642284 -0.592869 13.740291
-0.859541 -0.002111 0.370682
0.803835 0.120383 -0.466751
-2.333670 -0.440508 -16.031501
1.983186 -0.301217 18.330123
0.757950 -0.133103 1.343501
-2.749823 -1.274729 -6.853191
-0.793389 -0.023793 2.626949
-1.051528 -0.319502 -2.488248
-0.210572 0.188276 -2.627439
0.803440 -0.002539 -4.551014
0.111756 -0.155450 0.710902
2.750081 -1.274729 6.852773
0.271972 -0.149039 -0.127100
-0.314319 0.143276 18.330127
-0.515780 0.166865 9.148124
0.762403 -0.037940 -11.450870
-0.060986 0.148348 -0.455050
0.528224 -0.051005 3.879212
-0.896381 -0.075363 -22.900209
-0.783057 0.074227 -1.634068
3.068013 -1.040985 9.157507
-3.067755 -1.040985 -9.157925
0.485916 -0.031326 -18.330545
0.896639 -0.075363 22.899791
2.333181 -0.443291 16.031083
-2.332923 -0.443291 -16.031501
-1.111344 -0.400447 -3.879677
-0.270685 0.242861 3.212815
-0.797769 -0.006324 9.148124
-0.829510 0.048553 -0.463019
-0.271643 -0.149043 0.126834
0.440599 -0.207100 -5.688632
1.051787 -0.319502 2.487830
0.825018 0.005835 -1.922380
-0.786369 0.127610 1.343511
0.783316 0.074227 1.633650
0.781412 0.047234 -6.853192
0.872566 -0.223737 2.277105
0.825846 0.100702 -1.050853
0.000129 -0.154128 -0.442709
0.000129 -0.154128 0.442291
0.850927 -0.605118 6.148161
-0.485657 -0.031326 18.330127
-0.826767 0.102427 -1.052179
1.097252 -0.369604 2.627298
-2.422394 -1.218561 -5.688503
2.422653 -1.218561 5.688085
0.047851 0.183640 1.778364
0.829768 0.048554 0.462623
-0.070008 0.193889 -1.922296
0.892444 -0.091050 1.777923
-1.583187 -0.843233 -4.551014
0.110858 -0.138755 2.812928
-0.381513 0.159618 -9.148542
-0.971601 -0.223371 -2.206817
0.751268 -0.052337 -2.488015
-0.110282 -0.138705 -2.813346
0.727710 -0.144400 -1.343913
0.783740 -0.038520 -7.998710
-0.824890 -0.078642 -0.000209
0.793455 0.008448 -3.657410
-1.763948 -0.238809 -19.484452
1.764206 -0.238809 19.484034
0.460205 0.242311 -2.766137
-0.727452 -0.144400 1.343495
1.111603 -0.400447 3.879259
0.000129 0.141945 0.757291
0.791091 -0.142177 1.706383
0.068650 0.137929 -0.742023
0.600736 0.004874 2.347508
-0.600478 0.004874 -2.347926
0.827025 0.102427 1.051761
0.239774 0.146049 -0.180682
-0.839830 -0.053193 1.343499
-0.296312 0.152074 0.045860
-0.769658 -0.027452 3.212672
-0.759386 -0.138487 -1.489608
-0.803182 -0.002539 4.550596
0.819042 0.006383 -2.347901
1.388856 -0.048949 18.330125
-0.459947 0.242311 2.765720
1.583446 -0.843233 4.550596
0.115676 0.152570 0.276646
1.766348 -0.880221 4.102076
-1.766089 -0.880221 -4.102494
0.678188 0.090501 -4.551015
-0.781886 0.130056 -0.000209
0.796339 0.027183 -7.998710
-0.850136 -0.604936 -6.148579
-0.872308 -0.223737 -2.277523
-0.389550 0.075883 -22.900209
-1.096993 -0.369604 -2.627715
-0.796081 0.027183 7.998292
-0.783482 -0.038520 7.998292
-0.858982 -0.024636 -1.489317
0.859240 -0.024636 1.488899
-0.115358 0.152567 -0.277089
-0.911918 -0.134611 -1.921944
-0.810476 -0.055925 1.921978
0.749730 0.145996 -0.000209
0.729680 0.155888 -1.634552
1.546627 -0.735866 3.657415
-1.546368 -0.735866 -3.657833
-0.135175 -0.153239 -0.519592
-0.527966 -0.051005 -3.879630
0.798027 -0.006324 -9.148542
-0.155284 -0.158709 0.625347
0.381772 0.159618 9.148124
0.156155 0.153388 0.621287
2.423390 -1.217349 5.688083
-2.423131 -1.217349 -5.688501
0.971859 -0.223371 2.206399
-0.797668 0.070200 2.064644
0.202867 -0.295965 9.148124
-0.724113 -0.134069 -0.461228
0.762139 -0.058295 -9.148542
0.807299 0.047894 -2.766066
-0.082104 0.203417 -3.213253
0.082362 0.203417 3.212835
0.314577 0.143276 -18.330545
0.753806 0.149763 1.343609
-0.021326 -0.103033 -2.145541
-0.020721 -0.157188 -0.756323
-0.202609 -0.295965 -9.148542
-0.799340 -0.034381 2.347482
0.725569 0.192469 0.462310
0.345883 -0.148710 0.462972
0.212334 -0.148060 0.211850
-0.825587 0.100702 1.050435
-0.799640 0.019266 4.101869
-1.147981 -0.419178 -2.766497
1.148239 -0.419178 2.766079
0.753121 -0.146193 -0.357015
-0.777876 0.134427 0.462541
0.844426 -0.041382 -1.343918
0.796491 0.005672 -3.213096
0.105691 0.139653 -0.483320
-0.216647 0.007736 -5.688590
-0.805421 -0.011071 5.688207
0.389755 0.075891 22.899791
-0.753547 0.149763 -1.344027
0.786317 -0.018597 -4.102283
0.300129 0.154380 -0.000209
-0.790833 -0.142177 -1.706801
0.797926 0.070200 -2.065062
0.861309 0.021056 -0.466474
0.786627 0.127610 -1.343929
-0.726906 -0.155195 0.463284
-0.073373 0.141549 0.460494
0.216905 0.007736 5.688172
0.799898 0.019266 -4.102286
-0.206253 0.144944 0.217521
-0.272313 -0.146647 -0.125808
0.940713 -0.278457 3.435137
-0.940454 -0.278457 -3.435555
0.636484 -0.149398 1.634222
0.213745 0.191868 -3.657515
-0.213487 0.191868 3.657097
-0.743099 0.187956 -0.461982
0.821361 -0.050454 -1.778895
-0.835437 -0.013965 1.634192
-0.719701 0.122679 3.212719
0.719959 0.122679 -3.213137
-0.785642 -0.007266 3.656989
-1.979761 -1.006853 -4.551025
1.980020 -1.006853 4.550607
-0.789996 0.038682 9.148124
-0.942271 -0.173771 -2.064760
0.942529 -0.173771 2.064342
0.801299 -0.085176 1.050513
0.757819 -0.078790 -2.065085
0.021877 -0.103053 2.145123
-0.157371 -0.001971 -0.600143
0.121671 0.206183 2.206488
0.137255 -0.153245 0.522314
0.752144 -0.123605 0.460510
-0.150091 0.134619 0.647121
-0.749974 -0.171958 -1.993835
-0.205619 0.205682 -18.330545
-0.027794 0.172457 -1.634521
-0.832968 0.016441 -1.051896
-0.504121 0.108200 -1.778699
0.504380 0.108200 1.778281
0.833226 0.016441 1.051478
-1.656337 -0.809541 -3.879895
1.656595 -0.809541 3.879477
-0.783339 -0.118619 -1.343925
-1.438630 -0.659260 -3.435887
1.438889 -0.659260 3.435469
0.671092 -0.060242 2.627072
-0.670834 -0.060242 -2.627490
-0.428879 -0.029909 -22.900209
-0.940578 -0.176675 -2.064774
-0.224373 0.156441 -0.199203
2.392134 -1.206475 5.594925
-2.391876 -1.206475 -5.595343
-0.075239 0.147047 -0.738505
0.825350 0.030004 -1.778866
-0.677930 0.090501 4.550597
-0.809547 0.012099 2.765640
0.205878 0.205682 18.330127
0.224632 0.156441 0.198785
-0.000047 -0.151582 -0.300209
0.429280 -0.029917 22.899791
-2.056496 -0.324783 -11.450870
-0.745488 0.187043 -1.052219
0.745746 0.187043 1.051801
0.879446 -0.079223 1.705940
-0.879187 -0.079223 -1.706358
3.056144 -0.944302 9.920336
0.000412 -0.157514 0.757291
1.874522 -0.946177 4.325645
-1.874264 -0.946177 -4.326063
0.823437 -0.149592 1.850227
0.211045 0.277438 -2.347924
-0.155047 0.153481 -0.573254
-0.210787 0.277438 2.347506
-3.055886 -0.944302 -9.920754
0.837424 0.066908 1.343606
0.000589 -0.151579 0.299791
0.115965 0.144831 -0.276944
0.411196 0.050704 3.435065
0.726677 -0.155636 -1.050640
-0.410938 0.050704 -3.435483
0.990725 -0.246751 2.277091
-0.990467 -0.246751 -2.277509
0.143026 -0.006857 -0.533977
-0.752862 -0.146193 0.356597
-0.729421 0.155888 1.634134
-0.278807 0.002372 0.110219
0.912176 -0.134611 1.921526
0.847277 0.033539 -0.000209
-0.781662 0.100884 1.921926
-0.732451 0.124743 2.765674
0.732710 0.124743 -2.766092
0.640313 0.133983 -11.450870
0.389576 0.204100 -3.435476
-0.389318 0.204100 3.435058
-0.825371 -0.015309 1.921968
0.226599 -0.094137 -2.766046
-0.702530 -0.079793 2.206513
0.792000 0.038499 -4.325963
0.711363 -0.088768 -4.551014
0.781920 0.100884 -1.922344
-0.797164 0.020256 3.434974
-0.511819 0.026454 18.330127
-0.847025 0.033533 -0.000209
-0.837165 0.066908 -1.344024
-1.050671 -0.320124 -2.488243
1.050930 -0.320124 2.487825
0.746547 -0.048336 -2.627367
0.524370 -0.461911 4.550596
0.097587 -0.006857 -0.723935
-0.523964 -0.461863 -4.551014
-0.440341 -0.207100 5.688214
0.143026 -0.001971 0.666023
-0.829479 -0.014442 1.778465
-0.842930 0.077484 0.462750
0.571136 0.034386 2.206471
-0.570878 0.034386 -2.206889
-0.780393 -0.043112 4.550596
-1.097656 -0.369172 -2.627723
1.097914 -0.369172 2.627305
0.834874 -0.056367 1.343543
-1.178138 -0.486028 -3.213655
1.178397 -0.486028 3.213237
0.512078 0.026454 -18.330545
0.255918 0.002372 -0.156964
-0.823178 -0.149592 -1.850645
-0.293275 0.002372 -0.062770
0.259662 0.177809 -7.998714
-0.117630 -0.006852 0.704381
0.074484 -0.001971 0.460947
-1.086843 -0.498311 -8.940597
1.087711 -0.498459 8.940179
0.000129 0.147896 0.299791
-0.157371 -0.006852 0.599853
-0.799657 -0.003176 4.325544
0.132976 -0.156982 -0.515604
1.010312 -0.270092 2.347557
-1.010053 -0.270092 -2.347975
0.826788 0.052237 -1.634584
-1.980471 -1.006001 -4.551025
1.980729 -1.006001 4.550607
1.007494 -0.346252 11.746641
-1.006659 -0.346152 -11.747059
-0.791741 0.038499 4.325545
0.861718 -0.004581 -1.050752
-0.800920 -0.054457 2.064668
0.066361 -0.006857 -0.457312
0.795328 0.007904 -3.879572
-0.066103 -0.006852 0.456894
-0.861460 -0.004581 1.050334
-0.823783 0.012429 1.921960
0.812858 0.033809 -2.627375
0.788812 -0.076041 -1.922398
0.028053 0.172457 1.634103
-0.117630 -0.001971 -0.495619
0.066361 -0.001971 0.742688
-0.846369 -0.013183 -1.344004
-0.121413 0.206183 -2.206906
-0.134942 -0.157062 0.518784
-0.826530 0.052237 1.634167
0.000129 0.147896 -0.300209
-0.092686 0.212008 3.435119
0.092944 0.212008 -3.435537
0.293534 0.002372 0.062352
-0.820479 0.011573 2.206510
-0.819155 0.031782 1.921954
-0.149765 0.205547 -2.347915
0.150023 0.205547 2.347497
0.791418 0.050588 -3.879578
0.812848 -0.028668 -2.206930
-0.884676 -0.063233 -1.778305
0.884934 -0.063233 1.777887
-0.211856 -0.151104 0.212070
0.801027 0.041757 -3.213105
-0.726419 -0.155636 1.050222
1.216036 -0.164341 7.998298
-1.215777 -0.164341 -7.998715
-0.118698 -0.253598 4.325538
0.797612 -0.020209 -6.853192
-0.797354 -0.020209 6.852775
0.730295 -0.142242 -0.000209
-0.601921 0.113640 -1.634324
0.602180 0.113640 1.633906
0.212214 -0.151102 -0.212388
-0.123597 -0.001971 -0.697667
-0.235540 0.002372 -0.185843
1.198045 -0.457647 4.101936
-1.197786 -0.457647 -4.102354
0.586383 -0.100946 4.101905
-0.586125 -0.100946 -4.102323
-0.135224 -0.154804 -0.680743
0.815243 -0.055766 0.460810
0.750232 -0.171958 1.993417
-0.306125 -0.072888 18.330127
-0.795069 0.007904 3.879154
-0.621426 -0.039421 16.031083
0.915754 -0.129151 1.921486
-0.915496 -0.129151 -1.921904
0.821199 -0.036468 -1.922392
-0.793196 0.008448 3.656992
0.809398 -0.012799 -2.488016
0.682689 0.163757 -2.347910
-0.682431 0.163757 2.347492
0.903324 -0.110420 1.849795
-0.903066 -0.110420 -1.850212
-0.807041 0.047894 2.765648
0.134078 0.134959 -0.683059
0.272643 -0.146645 0.125234
0.805680 -0.011071 -5.688625
0.759644 -0.138487 1.489190
-0.812600 0.033809 2.626957
0.185763 0.002372 0.235460
-0.809907 -0.126697 -2.347967
0.810166 -0.126697 2.347549
0.799916 -0.003176 -4.325962
2.056754 -0.324783 11.450452
2.962613 -0.963549 9.148124
-2.962355 -0.963549 -9.148542
0.670485 -0.090259 -11.450870
-0.796884 -0.027919 2.487597
0.841047 0.060039 -1.343925
-0.840788 0.060039 1.343508
-0.115642 0.144832 0.276553
0.775621 0.135564 -0.384115
1.712861 -0.699517 5.688167
-1.712603 -0.699517 -5.688585
-0.259404 0.177809 7.998296
-0.014811 -0.266679 -4.102274
-0.822934 0.102369 0.379284
-0.636225 -0.149398 -1.634640
0.786798 0.082427 -2.206922
-0.786539 0.082427 2.206504
-0.766045 0.129930 -18.330545
-0.871205 -0.062216 -1.634163
0.871463 -0.062216 1.633745
-0.737187 -0.140750 -0.000209
0.813208 -0.040107 -2.065084
0.062690 0.002372 0.293196
-0.814984 -0.055763 -0.461313
0.076068 0.047655 4.550599
-0.075810 0.047655 -4.551017
0.621685 -0.039421 -16.031501
0.859799 -0.002111 -0.371100
0.820915 -0.086507 -1.343915
0.411131 0.221206 -3.213193
-0.410873 0.221206 3.212775
0.820737 0.011573 -2.206928
-0.783012 -0.031704 4.325542
0.776540 0.037101 -11.450870
0.781103 0.112255 -1.778829
-0.780844 0.112255 1.778411
-0.570971 0.183830 -1.051521
0.571229 0.183830 1.051103
0.362388 -0.100230 -16.031501
-0.062431 0.002372 -0.293613
0.680130 0.151616 11.450452
-0.679871 0.151616 -11.450870
0.778084 0.133951 -1.050870
0.783270 -0.031704 -4.325960
0.797422 0.020256 -3.435392
0.760289 0.047286 1.777908
-0.760031 0.047286 -1.778326
0.806321 -0.008582 -2.627369
-0.582429 0.158625 -1.343977
0.582687 0.158625 1.343559
0.703142 -0.127018 -1.634635
-0.761874 -0.145403 -1.634605
0.762133 -0.145403 1.634187
0.957166 -0.198605 2.135478
-0.956907 -0.198605 -2.135896
0.727160 -0.155239 -0.465991
1.023310 -0.344078 2.766097
-1.023051 -0.344078 -2.766515
-0.211976 -0.148062 -0.212368
-0.749649 0.141181 1.050460
0.185763 0.002372 -0.235878
-0.185505 0.002372 0.235460
0.000129 0.145342 -0.442709
-0.066103 -0.001971 -0.743106
0.823247 -0.001112 -2.065078
0.103719 0.149145 0.718431
-0.762145 -0.037940 11.450452
-0.822988 -0.001112 2.064660
-0.469367 0.000326 -3.657488
0.469626 0.000326 3.657071
0.119282 -0.158996 -0.703208
0.353543 0.097784 3.212782
-0.353284 0.097784 -3.213200
-0.137295 0.277285 2.765776
0.137553 0.277285 -2.766194
0.156265 0.135461 -0.579526
1.025340 -0.340300 3.657132
-1.025082 -0.340300 -3.657550
0.157629 -0.001971 0.599791
0.157629 -0.006857 -0.600209
0.811603 -0.019434 -2.347900
0.847944 -0.021220 -0.000209
-0.732041 -0.009203 -22.900209
-0.125369 0.075705 -22.900209
0.125548 0.075690 22.899791
-0.840070 -0.073569 -1.489484
0.747913 -0.159539 17.351153
0.828648 -0.090340 1.489105
-0.820657 -0.086507 1.343497
-0.002412 0.152692 1.343518
0.394431 0.115569 -4.551015
-0.394172 0.115569 4.550598
0.002670 0.152692 -1.343936
0.766303 0.129930 18.330127
2.087432 -0.575739 11.450452
-2.087174 -0.575739 -11.450870
0.980385 -0.246964 2.277093
-0.980127 -0.246964 -2.277511
0.907360 -0.180286 2.064475
-0.907101 -0.180286 -2.064893
-0.217595 0.087136 20.616744
0.217853 0.087136 -20.617162
0.754746 -0.125629 1.050303
2.168300 -1.040369 6.852775
-2.168042 -1.040369 -6.853192
1.007969 -0.271391 2.347554
-1.007710 -0.271391 -2.347972
-0.754488 -0.125629 -1.050720
0.824544 0.103602 0.462485
0.173367 -0.195635 3.212655
-0.858917 -0.216170 -3.213277
0.859175 -0.216170 3.212859
0.787783 -0.088840 -1.778902
-0.332553 0.272125 2.765753
0.332812 0.272125 -2.766171
0.973908 -0.221044 2.206393
-0.973650 -0.221044 -2.206811
-0.258213 -0.082934 2.487593
-0.484400 0.166205 3.657048
0.484659 0.166205 -3.657466
0.817529 -0.070275 -1.634628
0.702789 -0.079793 -2.206931
-0.113767 -0.150057 -0.277748
-0.747227 -0.159496 -17.351571
-1.959384 -0.705017 -9.157925
1.959642 -0.705017 9.157507
-0.059076 -0.146981 -1.343909
-1.388598 -0.048949 -18.330543
-0.224173 0.002372 0.199010
0.369602 0.184547 -3.657483
-0.369343 0.184547 3.657065
0.740734 -0.046507 -2.766053
0.732282 -0.009197 22.899791
-0.938293 -0.274501 -5.688604
0.938551 -0.274501 5.688186
-0.241548 0.219104 3.435096
0.241806 0.219104 -3.435514
-0.172995 -0.195612 -3.213073
0.842460 -0.129596 1.778302
-0.842202 -0.129596 -1.778720
0.924482 -0.156014 1.993045
-0.924223 -0.156014 -1.993463
-0.812080 0.130790 -0.462561
-0.638659 0.050905 16.031083
0.638917 0.050905 -16.031501
0.279066 0.002372 -0.110637
-0.291274 0.156036 -0.071513
-0.128903 0.135123 0.690106
0.050901 -0.154918 -0.451117
0.794531 0.039413 -4.102288
-0.794273 0.039413 4.101870
-0.800769 0.041757 3.212687
0.020945 0.146361 0.443673
0.285224 0.149766 -0.093596
0.928271 -0.152343 1.993015
-0.928013 -0.152343 -1.993433
-0.786059 -0.018597 4.101865
-0.793865 -0.005644 4.101866
-0.776909 -0.106205 -0.461052
-0.818783 0.006383 2.347483
0.798024 0.031678 -3.879575
-0.797765 0.031678 3.879157
2.415623 -0.630665 9.148124
-2.415365 -0.630665 -9.148542
-0.121663 -0.159007 0.699655
-0.715693 -0.053011 3.212672
0.852841 0.052124 -0.375232
-0.134140 0.137657 0.517463
-0.429698 -0.178055 9.148124
0.516038 0.166865 -9.148542
0.788824 -0.052688 -2.206931
0.143720 -0.154529 0.664505
-0.640054 0.133983 11.450452
0.798850 0.102350 -1.634565
-0.798591 0.102350 1.634147
-0.148434 0.152730 -0.652508
-0.799304 -0.079757 1.778484
0.114025 -0.150057 0.277330
-0.860984 0.021117 0.462817
-0.155295 -0.153487 -0.574720
0.407691 -0.145699 -0.000209
0.416479 0.255242 -2.206899
-0.416221 0.255242 2.206481
0.134418 -0.001971 0.517495
0.295403 -0.147105 -0.053250
1.147283 -0.419333 2.766069
-1.147025 -0.419333 -2.766487
-0.726705 0.151521 -0.000209
-0.800654 -0.043354 2.206513
-0.128727 0.241895 3.212840
0.128985 0.241895 -3.213258
-1.886520 -0.431663 -13.740708
1.886779 -0.431663 13.740291
0.146899 0.152998 0.542652
-0.761881 -0.058295 9.148124
-0.295136 -0.147106 0.052881
-0.788901 -0.049447 5.688209
-0.123597 -0.006852 0.502333
-0.796232 0.005672 3.212678
0.116207 -0.354897 6.852775
-1.980471 -1.006001 -4.551025
-1.766089 -0.880221 -4.102494
-1.766089 -0.880221 -4.102494
-1.980471 -1.006001 -4.551025
1.766348 -0.880221 4.102076
1.980729 -1.006001 4.550607
1.980729 -1.006001 4.550607
1.766348 -0.880221 4.102076
-1.875308 -0.945467 -4.326066
1.875567 -0.945467 4.325648
</float_array>
          <technique_common>
            <accessor source="#propeller-POSITION-array" count="615" stride="3">
              <param name="X" type="float"/>
              <param name="Y" type="float"/>
              <param name="Z" type="float"/>
            </accessor>
          </technique_common>
        </source>
        <source id="propeller-Normal0">
          <float_array id="propeller-Normal0-array" count="10962">
-0.257798 -0.964388 0.059127
-0.172019 -0.983898 0.048514
-0.190812 -0.980988 0.035390
0.213477 0.976876 -0.011846
0.332931 0.942839 0.014570
0.414056 0.910011 -0.020921
0.112282 0.992054 -0.056754
0.069861 0.997547 -0.004427
0.006444 0.998618 0.052161
-0.022336 0.999671 -0.012632
-0.213477 0.976876 0.011846
0.022420 0.999486 0.022927
0.347986 -0.937458 -0.008868
0.371066 -0.928373 -0.020811
0.585033 -0.810954 -0.009524
0.066752 -0.997399 -0.027176
-0.001505 -0.999113 -0.042072
0.051769 -0.998576 0.012850
0.022336 0.999671 0.012632
0.213477 0.976876 -0.011846
-0.022420 0.999486 -0.022927
-0.097976 -0.995070 0.015381
-0.277321 -0.960621 0.017313
-0.218874 -0.975662 0.013307
0.038368 0.998623 -0.035774
-0.006444 0.998618 -0.052161
-0.140149 0.990075 0.010472
-0.158580 -0.987170 -0.018654
0.012388 -0.999899 -0.006939
-0.159065 -0.987019 0.022163
0.257798 -0.964388 -0.059127
0.172019 -0.983898 -0.048514
0.190812 -0.980988 -0.035390
-0.414056 0.910011 0.020921
-0.529387 0.848102 -0.021748
-0.580151 0.814429 0.011428
-0.066763 -0.997400 0.027142
0.015509 -0.999873 -0.003697
-0.051769 -0.998576 -0.012850
-0.046079 0.998844 0.013684
-0.140149 0.990075 0.010472
-0.006444 0.998618 -0.052161
-0.214042 0.976763 -0.010947
-0.332931 0.942839 -0.014570
-0.213477 0.976876 0.011846
0.161504 -0.986695 -0.018696
0.100523 -0.994640 -0.024223
0.190812 -0.980988 -0.035390
-0.022420 0.999486 -0.022927
0.164221 0.985930 -0.031207
-0.003446 0.999805 -0.019462
-0.739374 0.673291 -0.002515
-0.499293 0.866413 -0.005842
-0.625881 0.779743 0.016525
0.332931 0.942839 0.014570
0.529387 0.848102 0.021748
0.414056 0.910011 -0.020921
-0.197877 -0.979722 0.031448
-0.161504 -0.986695 0.018696
-0.190812 -0.980988 0.035390
-0.548805 0.828880 -0.108496
-0.657835 0.752610 0.028834
-0.499994 0.856926 -0.125240
0.208456 -0.963385 0.168630
0.371566 -0.924014 0.090202
0.201976 -0.971394 0.124899
-0.208456 -0.963385 -0.168630
-0.371566 -0.924014 -0.090202
-0.201981 -0.971391 -0.124912
0.390820 0.916339 -0.087073
0.486249 0.868123 -0.099620
0.525846 0.846302 -0.085199
0.296629 0.954606 -0.027187
0.022420 0.999486 0.022927
0.203832 0.978979 0.007322
0.301059 -0.953588 0.005880
0.645832 -0.763478 -0.001837
0.445511 -0.894975 0.023224
-0.051769 -0.998576 -0.012850
0.018309 -0.999815 -0.005912
0.020670 -0.999755 -0.007940
0.014135 0.998852 0.045761
0.001705 0.999669 0.025669
0.014600 0.999635 0.022735
-0.009952 0.998291 -0.057576
-0.072178 0.997382 0.004452
-0.112282 0.992054 0.056754
-0.017451 -0.999775 0.012021
-0.009976 -0.999871 0.012591
-0.006105 -0.999974 -0.003860
-0.429832 -0.902865 0.008887
-0.629293 -0.777164 0.002592
-0.411638 -0.911342 -0.003055
-0.530345 0.847356 0.026858
-0.296629 0.954606 0.027187
-0.378994 0.925393 0.003382
-0.264314 -0.960060 0.091781
-0.364791 -0.926021 0.097025
-0.307786 -0.943076 0.125998
-0.322657 -0.946056 0.029517
-0.307923 -0.947780 -0.083046
-0.371566 -0.924014 -0.090202
0.296629 0.954606 -0.027187
-0.022336 0.999671 -0.012632
0.022420 0.999486 0.022927
0.170658 -0.984691 -0.035488
0.100523 -0.994640 -0.024223
0.105199 -0.994363 -0.013208
-0.036621 0.997297 0.063695
-0.010982 0.997938 0.063239
0.147883 0.986480 0.070619
0.625881 0.779743 -0.016525
0.499293 0.866413 0.005842
0.245732 0.969044 -0.023861
-0.161504 -0.986695 0.018696
-0.100543 -0.994638 0.024227
-0.190812 -0.980988 0.035390
0.332931 0.942839 0.014570
0.485741 0.871084 0.072592
0.504887 0.862330 0.038404
0.159065 -0.987019 -0.022163
0.158556 -0.987176 0.018549
-0.012584 -0.999898 0.006758
0.048617 0.998761 -0.010629
0.145604 0.989272 -0.011817
0.006444 0.998618 0.052161
0.112282 0.992054 -0.056754
0.006444 0.998618 0.052161
0.035255 0.992004 -0.121181
0.051769 -0.998576 0.012850
-0.059706 -0.997062 0.047988
0.073737 -0.993929 0.081661
-0.932576 -0.323540 -0.160076
-0.794996 -0.589745 -0.142061
-0.909298 -0.391470 -0.141169
0.197877 -0.979722 -0.031448
0.161504 -0.986695 -0.018696
0.190812 -0.980988 -0.035390
0.347986 -0.937458 -0.008868
0.629293 -0.777164 -0.002592
0.645832 -0.763478 -0.001837
0.499293 0.866413 0.005842
0.203832 0.978979 0.007322
0.245732 0.969044 -0.023861
-0.411638 -0.911342 -0.003055
-0.520216 -0.853698 -0.023973
-0.370896 -0.928320 -0.025647
-0.143391 0.988425 0.049556
0.036621 0.997297 -0.063695
-0.147883 0.986480 -0.070619
0.579869 0.814393 0.022716
0.693410 0.711292 -0.115096
0.656245 0.751410 -0.068734
-0.112282 0.992054 0.056754
-0.072178 0.997382 0.004452
-0.006444 0.998618 -0.052161
0.264314 -0.960060 -0.091781
0.364791 -0.926021 -0.097025
0.307786 -0.943076 -0.125998
-0.839917 -0.515947 0.168339
-0.688759 -0.709487 0.149127
-0.856148 -0.389166 0.339940
0.159065 -0.987019 -0.022163
-0.012584 -0.999898 0.006758
0.066752 -0.997399 -0.027176
0.780748 0.624791 -0.008257
0.649911 0.759709 -0.021409
0.510284 0.859937 -0.010853
0.326454 0.943036 0.064114
0.485741 0.871084 0.072592
0.332931 0.942839 0.014570
-0.170675 -0.984688 0.035496
-0.100543 -0.994638 0.024227
-0.097976 -0.995070 0.015381
-0.326461 0.943034 -0.064115
-0.485741 0.871084 -0.072592
-0.332931 0.942839 -0.014570
-0.404367 -0.907509 -0.113644
-0.932576 -0.323540 -0.160076
-0.429698 -0.892751 -0.135485
-0.839917 -0.515947 0.168339
0.165628 -0.976768 -0.135983
0.067778 -0.997085 -0.035051
-0.982258 0.106903 0.154079
-0.839917 -0.515947 0.168339
-0.957656 0.173937 0.229434
0.543298 0.831082 -0.118869
0.747467 0.639092 -0.181258
0.606769 0.779938 -0.153390
0.839917 -0.515947 -0.168339
0.935176 -0.340977 -0.095812
0.874449 -0.484615 -0.022067
-0.042599 -0.934219 0.354148
0.002140 -0.947153 0.320776
0.142239 -0.947316 0.286986
-0.390820 0.916339 0.087073
-0.486249 0.868123 0.099620
-0.525846 0.846302 0.085199
-0.839917 -0.515947 0.168339
-0.935176 -0.340977 0.095812
-0.874449 -0.484615 0.022067
-0.543298 0.831082 0.118869
-0.747467 0.639092 0.181258
-0.606769 0.779938 0.153390
0.530345 0.847356 -0.026858
0.296629 0.954606 -0.027187
0.378994 0.925393 -0.003382
0.105199 -0.994363 -0.013208
0.371066 -0.928373 -0.020811
0.347986 -0.937458 -0.008868
0.982258 0.106903 -0.154079
0.839917 -0.515947 -0.168339
0.957656 0.173937 -0.229434
0.839917 -0.515947 -0.168339
-0.165628 -0.976768 0.135983
-0.067778 -0.997085 0.035051
-0.073737 -0.993929 -0.081661
-0.208456 -0.963385 -0.168630
-0.201981 -0.971391 -0.124912
0.548805 0.828880 0.108496
0.657835 0.752610 -0.028834
0.499994 0.856926 0.125240
0.839917 -0.515947 -0.168339
0.688759 -0.709487 -0.149127
0.856148 -0.389166 -0.339940
-0.322657 -0.946056 0.029517
-0.371566 -0.924014 -0.090202
-0.357203 -0.933991 0.008162
-0.354753 -0.922664 0.151130
-0.307786 -0.943076 0.125998
-0.365623 -0.924966 0.103724
0.874449 -0.484615 -0.022067
0.703915 -0.710015 -0.019558
0.839917 -0.515947 -0.168339
0.354753 -0.922664 -0.151130
0.307786 -0.943076 -0.125998
0.365623 -0.924966 -0.103724
-0.874449 -0.484615 0.022067
-0.703915 -0.710015 0.019558
-0.839917 -0.515947 0.168339
0.619498 0.776254 -0.116841
0.874449 -0.484615 -0.022067
0.747467 0.639092 -0.181258
0.874449 -0.484615 -0.022067
0.150680 -0.980471 0.126384
0.074820 -0.991830 0.103322
0.390820 0.916339 -0.087073
0.414056 0.910011 -0.020921
0.486249 0.868123 -0.099620
0.874449 -0.484615 -0.022067
0.993246 -0.115773 -0.007672
0.904349 -0.415504 0.097513
-0.874449 -0.484615 0.022067
-0.150680 -0.980471 -0.126384
-0.074820 -0.991830 -0.103322
-0.619498 0.776254 0.116841
-0.874449 -0.484615 0.022067
-0.747467 0.639092 0.181258
-0.414056 0.910011 0.020921
-0.580151 0.814429 0.011428
-0.486249 0.868123 0.099620
-0.874449 -0.484615 0.022067
-0.993246 -0.115773 0.007672
-0.904349 -0.415504 -0.097513
-0.902448 0.430671 0.010536
-0.769277 0.637811 0.037555
-0.613783 0.789445 0.006859
-0.429832 -0.902865 0.008887
-0.218874 -0.975662 0.013307
-0.277321 -0.960621 0.017313
0.404367 -0.907509 0.113644
0.932576 -0.323540 0.160076
0.429698 -0.892751 0.135485
0.932576 -0.323540 0.160076
0.794996 -0.589745 0.142061
0.909298 -0.391470 0.141169
-0.006103 -0.999617 -0.027008
0.001955 -0.999633 -0.027009
-0.158580 -0.987170 -0.018654
0.009816 0.998282 0.057758
0.014135 0.998852 0.045761
0.032885 0.999417 0.009230
-0.009952 0.998291 -0.057576
0.123079 0.992244 -0.017414
-0.032885 0.999417 -0.009230
0.043256 0.998888 -0.018762
0.027245 0.999142 -0.031179
0.145604 0.989272 -0.011817
-0.032885 0.999417 -0.009230
0.123079 0.992244 -0.017414
-0.001705 0.999669 -0.025669
0.951516 -0.304643 -0.042540
0.935356 -0.353307 0.016852
0.774349 -0.632398 0.021355
-0.332931 0.942839 -0.014570
-0.529387 0.848102 -0.021748
-0.414056 0.910011 0.020921
-0.909298 -0.391470 -0.141169
-0.975246 -0.164726 -0.147515
-0.932576 -0.323540 -0.160076
0.332931 0.942839 0.014570
0.504887 0.862330 0.038404
0.529387 0.848102 0.021748
0.909298 -0.391470 0.141169
0.975246 -0.164726 0.147515
0.932576 -0.323540 0.160076
-0.066763 -0.997400 0.027142
-0.051769 -0.998576 -0.012850
-0.073737 -0.993929 -0.081661
0.558224 0.815168 0.154554
0.784564 0.615385 0.075897
0.491153 0.845641 0.208950
-0.707163 0.690529 0.151953
-0.580176 0.813072 0.048062
-0.565547 0.824602 0.013693
-0.856148 -0.389166 0.339940
-0.914400 -0.346485 0.209335
-0.839917 -0.515947 0.168339
-0.951999 0.305817 0.013157
-0.860771 0.508802 0.013880
-0.780748 0.624791 0.008257
-0.159065 -0.987019 0.022163
0.012388 -0.999899 -0.006939
-0.066763 -0.997400 0.027142
-0.866742 -0.378462 0.324845
-0.974648 -0.137949 0.176156
-0.996961 0.043301 0.064757
-0.268935 -0.951798 0.147496
0.208456 -0.963385 0.168630
0.073737 -0.993929 0.081661
0.143391 0.988425 -0.049556
-0.036621 0.997297 0.063695
0.147883 0.986480 0.070619
-0.244846 0.967147 -0.068392
-0.432393 0.897845 -0.083134
-0.273778 0.957106 -0.094834
0.445511 -0.894975 0.023224
0.307919 -0.947782 0.083041
0.301059 -0.953588 0.005880
0.982251 -0.187358 -0.008969
0.991849 0.126455 -0.015668
0.999105 -0.038439 -0.017645
-0.208535 0.000000 -0.978015
-0.379652 0.000000 -0.925129
-0.185295 0.000000 -0.982683
-0.140149 0.990075 0.010472
-0.046079 0.998844 0.013684
-0.027251 0.999142 0.031173
-0.158580 -0.987170 -0.018654
0.003049 -0.999682 -0.025031
0.010439 -0.999821 -0.015775
-0.009952 0.998291 -0.057576
-0.073197 0.997312 0.003242
-0.072178 0.997382 0.004452
0.707163 0.690529 -0.151953
0.580176 0.813072 -0.048062
0.565547 0.824602 -0.013693
0.856148 -0.389166 -0.339940
0.914400 -0.346485 -0.209335
0.839917 -0.515947 -0.168339
0.241834 -0.970282 0.008339
-0.051769 -0.998576 -0.012850
0.003578 -0.999993 0.001411
0.158556 -0.987176 0.018549
-0.003046 -0.999682 0.025034
-0.010549 -0.999818 0.015896
-0.798534 0.595415 0.088458
-0.583353 0.807181 0.090328
-0.566904 0.821162 0.065670
-0.097976 -0.995070 0.015381
-0.270647 -0.961644 0.044614
-0.289818 -0.956407 0.035919
-0.499293 0.866413 -0.005842
-0.203832 0.978979 -0.007322
-0.245732 0.969044 0.023861
-0.953927 0.300032 0.002020
-0.998476 0.055146 0.002164
-0.969066 0.246535 0.011481
0.347986 -0.937458 -0.008868
0.585033 -0.810954 -0.009524
0.629293 -0.777164 -0.002592
0.902448 0.430671 -0.010536
0.769277 0.637811 -0.037555
0.613783 0.789445 -0.006859
-0.006105 -0.999974 -0.003860
-0.019291 -0.999789 0.007046
-0.019069 -0.999765 0.010290
0.158556 -0.987176 0.018549
-0.010549 -0.999818 0.015896
-0.009696 -0.999891 0.011148
0.048617 0.998761 -0.010629
0.043256 0.998888 -0.018762
0.145604 0.989272 -0.011817
0.074004 0.997251 -0.003655
0.069861 0.997547 -0.004427
0.009816 0.998282 0.057758
0.244846 0.967147 0.068392
0.432393 0.897845 0.083134
0.273778 0.957106 0.094834
0.505983 0.859513 0.072233
0.548805 0.828880 0.108496
0.579869 0.814393 0.022716
0.054754 -0.998397 -0.014360
0.161504 -0.986695 -0.018696
0.098372 -0.995108 -0.009073
-0.214042 0.976763 -0.010947
-0.326461 0.943034 -0.064115
-0.332931 0.942839 -0.014570
-0.859139 0.510070 -0.041350
-0.491153 0.845641 -0.208950
-0.784564 0.615385 -0.075897
-0.558224 0.815168 -0.154554
-0.784564 0.615385 -0.075897
-0.491153 0.845641 -0.208950
0.904349 -0.415504 0.097513
0.760728 -0.645430 0.068646
0.874449 -0.484615 -0.022067
-0.264314 -0.960060 0.091781
-0.307786 -0.943076 0.125998
-0.224679 -0.973017 0.052508
0.264314 -0.960060 -0.091781
0.307786 -0.943076 -0.125998
0.224679 -0.973017 -0.052508
-0.904349 -0.415504 -0.097513
-0.760728 -0.645430 -0.068646
-0.874449 -0.484615 0.022067
0.208249 -0.977667 -0.028288
0.498369 -0.865120 -0.056532
0.309966 -0.950364 -0.026999
0.798534 0.595415 -0.088458
0.582713 0.807652 -0.090247
0.566904 0.821162 -0.065670
-0.054765 -0.998396 0.014360
-0.161504 -0.986695 0.018696
-0.137137 -0.990552 0.000781
0.143540 0.988785 0.041234
0.326454 0.943036 0.064114
0.214042 0.976763 0.010947
-0.172019 -0.983898 0.048514
-0.197877 -0.979722 0.031448
-0.190812 -0.980988 0.035390
0.810455 -0.566418 0.149441
0.794996 -0.589745 0.142061
0.932576 -0.323540 0.160076
-0.810455 -0.566418 -0.149441
-0.794996 -0.589745 -0.142061
-0.932576 -0.323540 -0.160076
0.172019 -0.983898 -0.048514
0.197877 -0.979722 -0.031448
0.190812 -0.980988 -0.035390
-0.579869 0.814393 -0.022716
-0.693410 0.711292 0.115096
-0.656245 0.751410 0.068734
-0.505983 0.859513 -0.072233
-0.548805 0.828880 -0.108496
-0.579869 0.814393 -0.022716
-0.780748 0.624791 0.008257
-0.649911 0.759709 0.021409
-0.510284 0.859937 0.010853
0.270532 0.961541 -0.047445
0.244846 0.967147 0.068392
0.023190 0.998864 0.041639
-0.411638 -0.911342 -0.003055
-0.675834 -0.737052 0.001539
-0.690769 -0.723050 0.005996
-0.953927 0.300032 0.002020
-0.993764 0.111503 0.000221
-0.998476 0.055146 0.002164
0.009816 0.998282 0.057758
0.069861 0.997547 -0.004427
0.112282 0.992054 -0.056754
-0.798630 -0.601536 -0.018559
-0.637892 -0.768156 -0.055056
-0.899167 -0.437089 -0.021278
-0.001533 0.000000 -0.999999
0.213986 0.000000 -0.976837
0.196977 0.000000 -0.980408
-0.027251 0.999142 0.031173
-0.046079 0.998844 0.013684
-0.042730 0.998851 0.021687
0.224679 -0.973017 -0.052508
0.170658 -0.984691 -0.035488
0.264314 -0.960060 -0.091781
0.301059 -0.953588 0.005880
0.307919 -0.947782 0.083041
0.322638 -0.946062 -0.029506
0.638101 0.759755 0.124899
0.558224 0.815168 0.154554
0.674435 0.734430 0.075829
0.866742 -0.378462 -0.324845
0.619286 -0.658703 -0.427312
0.042599 -0.934219 -0.354148
0.403049 0.915178 0.000962
0.613467 0.788850 -0.037057
0.506664 0.861585 -0.031035
0.324404 -0.942538 -0.079899
0.085216 -0.993110 -0.080443
0.140252 -0.987724 -0.068785
-0.403049 0.915178 -0.000962
-0.613467 0.788850 0.037057
-0.506664 0.861585 0.031035
-0.349783 -0.936600 0.020780
-0.628488 -0.777650 0.016240
-0.349661 -0.936716 -0.017320
0.996961 0.043301 -0.064757
0.984174 0.174202 -0.032470
0.989320 0.118871 -0.084353
0.999611 0.013967 0.024142
0.998210 0.053000 -0.027697
0.996961 0.043301 -0.064757
0.645832 -0.763478 -0.001837
0.675834 -0.737052 -0.001539
0.690769 -0.723050 -0.005996
0.739374 0.673291 0.002515
0.499293 0.866413 0.005842
0.625881 0.779743 -0.016525
-0.208456 -0.963385 -0.168630
-0.127291 -0.951112 -0.281395
-0.093535 -0.948361 -0.303089
-0.208456 -0.963385 -0.168630
-0.313264 -0.925503 -0.212861
-0.401183 -0.912066 -0.084781
0.951516 -0.304643 -0.042540
0.997113 -0.072524 -0.022481
0.935356 -0.353307 0.016852
-0.038368 0.998623 0.035774
0.006444 0.998618 0.052161
0.145604 0.989272 -0.011817
-0.785564 0.000000 -0.618780
-0.708797 0.000000 -0.705412
-0.618780 0.000000 -0.785564
0.379652 0.000000 0.925129
0.420520 0.000000 0.907283
0.707018 0.000000 0.707196
-0.197199 0.000000 0.980364
-0.214688 0.000000 0.976683
-0.386119 0.000000 0.922449
0.785564 0.000000 0.618780
0.741337 0.000000 0.671133
0.859166 0.000000 0.511696
-0.066763 -0.997400 0.027142
0.012388 -0.999899 -0.006939
0.015509 -0.999873 -0.003697
0.986889 0.000000 0.161398
0.978015 0.000000 0.208535
0.938991 0.000000 0.343941
0.020670 -0.999755 -0.007940
0.019544 -0.999780 -0.007579
0.017575 -0.999775 -0.011913
-1.000000 0.000000 -0.000000
-0.988995 0.000000 0.147948
-0.984466 0.000000 -0.175573
-0.177935 -0.983464 0.033729
-0.097976 -0.995070 0.015381
-0.218874 -0.975662 0.013307
-0.301059 -0.953588 -0.005880
-0.307923 -0.947780 -0.083046
-0.322657 -0.946056 0.029517
-0.553207 0.831887 0.043896
-0.296629 0.954606 0.027187
-0.530345 0.847356 0.026858
-0.553207 0.831887 0.043896
-0.798534 0.595415 0.088458
-0.566904 0.821162 0.065670
-0.899167 -0.437089 -0.021278
-0.999293 0.023078 0.029664
-0.954901 -0.295110 0.032789
-0.519496 -0.847909 0.105707
-0.500784 -0.863445 0.060653
-0.640827 -0.763647 0.078639
0.042599 -0.934219 -0.354148
0.359513 -0.838731 -0.409000
0.866742 -0.378462 -0.324845
0.042599 -0.934219 -0.354148
-0.002140 -0.947153 -0.320776
-0.142239 -0.947316 -0.286986
0.357203 -0.933991 -0.008162
0.364791 -0.926021 -0.097025
0.322638 -0.946062 -0.029506
-0.856148 -0.389166 0.339940
-0.688759 -0.709487 0.149127
-0.745629 -0.587261 0.314900
0.856148 -0.389166 -0.339940
0.688759 -0.709487 -0.149127
0.745629 -0.587261 -0.314900
-0.357203 -0.933991 0.008162
-0.364791 -0.926021 0.097025
-0.322657 -0.946056 0.029517
0.084592 0.995696 0.037857
0.036621 0.997297 -0.063695
-0.143391 0.988425 0.049556
0.434984 0.895460 0.094550
0.202923 0.972431 0.114889
0.118648 0.988608 -0.092617
0.983262 -0.168753 0.068689
0.980688 0.192885 0.032357
0.999611 0.013967 0.024142
-0.017347 -0.999716 0.016359
0.241834 -0.970282 0.008339
0.003578 -0.999993 0.001411
-0.084592 0.995696 -0.037857
-0.036621 0.997297 0.063695
0.143391 0.988425 -0.049556
-0.202923 0.972431 -0.114889
-0.169049 0.981316 0.091879
-0.434984 0.895460 -0.094550
0.866742 -0.378462 -0.324845
0.974648 -0.137949 -0.176156
0.996961 0.043301 -0.064757
0.519496 -0.847909 -0.105707
0.772259 -0.628049 -0.095763
0.742697 -0.653145 -0.147659
0.371566 -0.924014 0.090202
0.208456 -0.963385 0.168630
0.401183 -0.912066 0.084781
0.357203 -0.933991 -0.008162
0.371566 -0.924014 0.090202
0.274603 -0.953910 0.121030
-0.165545 -0.984750 0.053496
-0.066763 -0.997400 0.027142
-0.140252 -0.987724 0.068785
-0.242443 -0.967261 -0.075017
-0.307923 -0.947780 -0.083046
-0.301059 -0.953588 -0.005880
-0.428980 0.900631 0.069573
-0.525846 0.846302 0.085199
-0.432393 0.897845 -0.083134
-0.244846 0.967147 -0.068392
-0.428980 0.900631 0.069573
-0.432393 0.897845 -0.083134
-0.866742 -0.378462 0.324845
-0.619286 -0.658703 0.427312
-0.042599 -0.934219 0.354148
-0.638101 0.759755 -0.124899
-0.558224 0.815168 -0.154554
-0.674435 0.734430 -0.075829
0.445511 -0.894975 0.023224
0.509008 -0.860378 -0.025721
0.316894 -0.948250 -0.020022
0.950610 -0.309034 -0.028949
0.998095 -0.058907 -0.018359
0.953780 -0.299082 -0.029199
0.085216 -0.993110 -0.080443
0.066752 -0.997399 -0.027176
0.140252 -0.987724 -0.068785
0.239857 -0.965758 0.098897
0.445511 -0.894975 0.023224
0.316894 -0.948250 -0.020022
0.996004 -0.075819 -0.047202
0.941012 0.333345 -0.058121
0.982448 0.180022 -0.048863
0.557958 -0.827034 -0.068546
0.337531 -0.938244 -0.075965
0.332975 -0.939354 -0.082104
0.988164 -0.153401 -0.000481
0.998476 0.055146 -0.002164
0.991210 -0.132248 -0.003741
0.759444 -0.650568 -0.002242
0.722372 -0.691426 -0.010465
0.906309 -0.422609 -0.002135
-0.987055 -0.145055 -0.068420
-0.998141 0.000000 -0.060944
-0.999611 0.013967 -0.024144
-0.922517 -0.383829 0.040460
-0.898244 -0.439200 -0.016140
-0.638612 -0.769173 -0.023377
0.625881 0.779743 -0.016525
0.245732 0.969044 -0.023861
0.649911 0.759709 -0.021409
0.822122 -0.569270 -0.006843
0.619672 -0.784532 0.022739
0.856834 -0.515582 0.003415
-0.485741 0.871084 -0.072592
-0.930519 -0.292411 -0.220521
-0.504887 0.862330 -0.038404
-0.965772 -0.110458 -0.234699
-0.918315 -0.269153 -0.290264
-0.930519 -0.292411 -0.220521
0.504887 0.862330 0.038404
0.485741 0.871084 0.072592
0.930519 -0.292411 0.220521
0.965772 -0.110458 0.234699
0.918315 -0.269153 0.290264
0.930519 -0.292411 0.220521
-0.077481 0.991121 -0.108055
-0.084592 0.995696 -0.037857
0.143391 0.988425 -0.049556
0.649911 0.759709 -0.021409
0.245732 0.969044 -0.023861
0.418976 0.907666 -0.024538
-0.661755 -0.747244 0.060883
-0.628488 -0.777650 0.016240
-0.345418 -0.937121 0.049911
-0.345418 -0.937121 0.049911
-0.537969 -0.841227 0.054091
-0.678198 -0.732719 0.056297
0.432393 0.897845 0.083134
0.525846 0.846302 -0.085199
0.565547 0.824602 -0.013693
0.435677 0.895424 0.091661
0.596222 0.802771 -0.008814
0.433677 0.897062 0.084872
-0.618780 0.000000 -0.785564
-0.657710 0.000000 -0.753271
-0.785564 0.000000 -0.618780
0.773285 0.000000 -0.634058
0.618780 0.000000 -0.785564
0.524198 0.000000 -0.851596
0.400536 -0.881826 -0.248907
0.258445 -0.930404 -0.259911
0.268935 -0.951798 -0.147496
0.198329 -0.932029 -0.303296
0.013203 -0.965526 -0.259972
0.268935 -0.951798 -0.147496
0.524029 0.000000 0.851700
0.420520 0.000000 0.907283
0.618702 0.000000 0.785626
-1.000000 0.000000 -0.000000
-0.991340 0.000000 -0.131322
-0.979455 0.000000 0.201663
0.612060 0.790809 0.001976
0.566146 0.823022 0.045973
0.367540 0.929985 0.006462
0.306757 0.950939 -0.040196
0.491934 0.867092 0.078436
0.265858 0.961762 -0.065837
-0.491934 0.867092 -0.078436
-0.265858 0.961762 0.065837
-0.306757 0.950939 0.040196
-0.612060 0.790809 -0.001976
-0.566146 0.823022 -0.045973
-0.367540 0.929985 -0.006462
0.984174 0.174202 -0.032470
0.996961 0.043301 -0.064757
0.998210 0.053000 -0.027697
-0.112282 0.992054 0.056754
-0.006444 0.998618 -0.052161
-0.035255 0.992004 0.121181
-0.214688 0.000000 0.976683
-0.429472 0.000000 0.903080
-0.386119 0.000000 0.922449
-0.907283 0.000000 -0.420520
-0.908381 0.000000 -0.418144
-0.785564 0.000000 -0.618780
-0.975782 -0.214136 0.044672
-0.941012 0.333345 0.058121
-0.982448 0.180022 0.048863
-0.975782 -0.214136 0.044672
-0.997113 -0.072524 0.022481
-0.964687 -0.262806 -0.017674
0.908142 0.000000 0.418663
0.785564 0.000000 0.618780
0.907283 0.000000 0.420520
0.196977 0.000000 -0.980408
0.213986 0.000000 -0.976837
0.385903 0.000000 -0.922539
-0.991849 0.126455 0.015668
-0.943756 0.330577 0.006687
-0.951999 0.305817 0.013157
-0.242443 -0.967261 -0.075017
-0.321536 -0.946841 -0.010274
-0.153474 -0.983809 -0.092549
-0.001505 -0.999113 -0.042072
-0.006105 -0.999974 -0.003860
0.051769 -0.998576 0.012850
-0.954901 -0.295110 0.032789
-0.999293 0.023078 0.029664
-0.841223 -0.536273 0.068959
-0.625881 0.779743 0.016525
-0.499293 0.866413 -0.005842
-0.245732 0.969044 0.023861
-0.520216 -0.853698 -0.023973
-0.734559 -0.678378 -0.015070
-0.589726 -0.807587 0.005200
0.613467 0.788850 -0.037057
0.719334 0.693872 -0.033164
0.506664 0.861585 -0.031035
0.752270 -0.657626 -0.040230
0.755789 -0.653214 -0.045768
0.554721 -0.829038 -0.070568
0.143540 0.988785 0.041234
0.214042 0.976763 0.010947
0.022336 0.999671 0.012632
0.022336 0.999671 0.012632
0.214042 0.976763 0.010947
0.213477 0.976876 -0.011846
-0.245732 0.969044 0.023861
-0.190967 0.978878 0.073004
-0.418976 0.907666 0.024538
0.077481 0.991121 0.108055
0.084592 0.995696 0.037857
-0.143391 0.988425 0.049556
-0.357203 -0.933991 0.008162
-0.371566 -0.924014 -0.090202
-0.274603 -0.953910 -0.121030
-0.371566 -0.924014 -0.090202
-0.208456 -0.963385 -0.168630
-0.401183 -0.912066 -0.084781
-0.009952 0.998291 -0.057576
-0.032885 0.999417 -0.009230
-0.055640 0.998400 0.010047
-0.044660 0.998783 0.020933
-0.035978 0.999163 0.019480
-0.027251 0.999142 0.031173
0.626783 0.773663 -0.092679
0.580176 0.813072 -0.048062
0.707163 0.690529 -0.151953
-0.371566 -0.924014 -0.090202
-0.401183 -0.912066 -0.084781
-0.303663 -0.944711 -0.123735
0.371566 -0.924014 0.090202
0.401183 -0.912066 0.084781
0.303663 -0.944711 0.123735
-0.626783 0.773663 0.092679
-0.580176 0.813072 0.048062
-0.707163 0.690529 0.151953
0.245732 0.969044 -0.023861
0.190967 0.978878 -0.073004
0.418976 0.907666 -0.024538
-0.270532 0.961541 0.047445
-0.244846 0.967147 -0.068392
-0.023190 0.998864 -0.041639
-0.574157 0.818707 0.007902
-0.575876 0.817516 -0.005877
-0.735818 0.677085 -0.011326
-0.964687 -0.262806 -0.017674
-0.999589 -0.000021 -0.028660
-0.989039 -0.145173 -0.026948
0.953927 0.300032 -0.002020
0.998476 0.055146 -0.002164
0.969066 0.246535 -0.011481
0.851079 0.525038 0.000666
0.877319 0.479904 -0.001713
0.730345 0.683061 0.004941
0.322638 -0.946062 -0.029506
0.307919 -0.947782 0.083041
0.371566 -0.924014 0.090202
0.322638 -0.946062 -0.029506
0.371566 -0.924014 0.090202
0.357203 -0.933991 -0.008162
-0.039782 -0.950333 0.308683
-0.013203 -0.965526 0.259972
-0.152185 -0.936148 0.316965
0.208456 -0.963385 0.168630
0.313264 -0.925503 0.212861
0.401183 -0.912066 0.084781
0.180389 0.982447 -0.047519
0.408404 0.911377 -0.050972
0.372606 0.925704 -0.065096
-0.000000 0.000000 -1.000000
-0.000000 0.000000 -1.000000
-0.000000 0.000000 -1.000000
0.208456 -0.963385 0.168630
0.127291 -0.951112 0.281395
0.093535 -0.948361 0.303089
-0.042599 -0.934219 0.354148
-0.359513 -0.838731 0.409000
-0.866742 -0.378462 0.324845
-0.998476 0.055146 0.002164
-0.993764 0.111503 0.000221
-0.991210 -0.132248 0.003741
-0.851079 0.525038 -0.000666
-0.877319 0.479904 0.001713
-0.730345 0.683061 -0.004941
-0.988164 -0.153401 0.000481
-0.998476 0.055146 0.002164
-0.991210 -0.132248 0.003741
-0.629293 -0.777164 0.002592
-0.675834 -0.737052 0.001539
-0.411638 -0.911342 -0.003055
-0.999611 0.013967 -0.024144
-0.998210 0.053000 0.027697
-0.996961 0.043301 0.064757
-0.344933 0.925867 -0.154247
-0.672800 0.731701 -0.109331
-0.584623 0.809534 -0.053581
0.519496 -0.847909 -0.105707
0.500784 -0.863445 -0.060653
0.640827 -0.763647 -0.078639
0.954901 -0.295110 -0.032789
0.899160 -0.437103 0.021286
0.999293 0.023078 -0.029664
0.049073 0.998665 -0.016144
0.035978 0.999163 -0.019480
0.027245 0.999142 -0.031179
0.009816 0.998282 0.057758
0.032885 0.999417 0.009230
0.054621 0.998448 -0.010874
0.073737 -0.993929 0.081661
-0.059706 -0.997062 0.047988
-0.090219 -0.992228 0.085700
-0.962475 -0.180607 0.202540
-0.866742 -0.378462 0.324845
-0.892264 -0.355581 0.278257
-0.993678 0.111925 0.008774
-0.985123 0.170394 0.022317
-0.999448 0.029934 0.014378
-0.797065 -0.602860 0.035334
-0.797380 -0.601308 0.051129
-0.903358 -0.426816 0.042101
0.998104 -0.057364 0.022293
0.980784 0.192807 0.029788
0.985262 -0.168967 0.026616
0.145604 0.989272 -0.011817
0.002888 0.998823 -0.048427
0.123079 0.992244 -0.017414
0.613467 0.788850 -0.037057
0.403049 0.915178 0.000962
0.741958 0.668735 -0.047870
0.780408 0.623259 -0.050107
0.403049 0.915178 0.000962
0.712482 0.701055 -0.029856
0.579869 0.814393 0.022716
0.569959 0.821538 0.014888
0.505983 0.859513 0.072233
0.537888 -0.686103 -0.489835
0.042599 -0.934219 -0.354148
0.333818 -0.830351 -0.446186
-0.579869 0.814393 -0.022716
-0.569959 0.821538 -0.014888
-0.505983 0.859513 -0.072233
-0.537888 -0.686103 0.489835
-0.042599 -0.934219 0.354148
-0.333818 -0.830351 0.446186
-0.009976 -0.999871 0.012591
-0.017451 -0.999775 0.012021
-0.012784 -0.999785 0.016313
0.472091 0.000000 -0.881550
0.388030 0.000000 -0.921647
0.000000 0.000000 -1.000000
-0.432393 0.897845 -0.083134
-0.525846 0.846302 0.085199
-0.565547 0.824602 0.013693
-0.435677 0.895424 -0.091661
-0.596222 0.802771 0.008814
-0.433677 0.897062 -0.084872
0.953927 0.300032 -0.002020
0.993764 0.111503 -0.000221
0.998476 0.055146 -0.002164
0.998476 0.055146 -0.002164
0.993764 0.111503 -0.000221
0.991210 -0.132248 -0.003741
0.857594 0.000000 0.514328
0.785564 0.000000 0.618780
0.907283 0.000000 0.420520
-0.158580 -0.987170 -0.018654
0.010439 -0.999821 -0.015775
0.009727 -0.999892 -0.011042
0.428980 0.900631 -0.069573
0.525846 0.846302 -0.085199
0.432393 0.897845 0.083134
0.244846 0.967147 0.068392
0.428980 0.900631 -0.069573
0.432393 0.897845 0.083134
-0.009952 0.998291 -0.057576
-0.055640 0.998400 0.010047
-0.067814 0.997692 0.003531
-0.852629 0.000000 0.522517
-0.870640 0.000000 0.491920
-0.931872 0.000000 0.362788
0.525846 0.846302 -0.085199
0.543298 0.831082 -0.118869
0.606769 0.779938 -0.153390
0.914400 -0.346485 -0.209335
0.856148 -0.389166 -0.339940
0.948784 -0.020244 -0.315276
-0.525846 0.846302 0.085199
-0.543298 0.831082 0.118869
-0.606769 0.779938 0.153390
-0.914400 -0.346485 0.209335
-0.856148 -0.389166 0.339940
-0.948784 -0.020244 0.315276
0.962475 -0.180607 -0.202540
0.866742 -0.378462 -0.324845
0.892264 -0.355581 -0.278257
0.039782 -0.950333 -0.308683
0.013203 -0.965526 -0.259972
0.152185 -0.936148 -0.316965
-0.613467 0.788850 0.037057
-0.403049 0.915178 -0.000962
-0.741958 0.668735 0.047870
-0.955768 0.294110 0.002620
-0.780748 0.624791 0.008257
-0.985123 0.170394 0.022317
-0.224679 -0.973017 0.052508
-0.170675 -0.984688 0.035496
-0.264314 -0.960060 0.091781
-0.301059 -0.953588 -0.005880
-0.322657 -0.946056 0.029517
-0.257854 -0.965855 0.025199
-0.799528 -0.599895 0.029681
-0.798630 -0.601536 -0.018559
-0.899167 -0.437089 -0.021278
-0.006105 -0.999974 -0.003860
-0.241650 -0.970235 0.015787
0.051769 -0.998576 0.012850
0.629293 -0.777164 -0.002592
0.675834 -0.737052 -0.001539
0.645832 -0.763478 -0.001837
0.759444 -0.650568 -0.002242
0.906309 -0.422609 -0.002135
0.798219 -0.602366 -0.001084
0.951999 0.305817 -0.013157
0.860771 0.508802 -0.013880
0.780748 0.624791 -0.008257
0.982597 0.185195 -0.014333
0.951999 0.305817 -0.013157
0.955768 0.294110 -0.002620
-0.426838 0.901504 -0.071418
-0.612060 0.790809 -0.001976
-0.367540 0.929985 -0.006462
-0.084592 0.995696 -0.037857
-0.306757 0.950939 0.040196
-0.036621 0.997297 0.063695
0.426838 0.901504 0.071418
0.612060 0.790809 0.001976
0.367540 0.929985 0.006462
0.084592 0.995696 0.037857
0.306757 0.950939 -0.040196
0.036621 0.997297 -0.063695
0.553207 0.831887 -0.043896
0.798534 0.595415 -0.088458
0.566904 0.821162 -0.065670
0.553207 0.831887 -0.043896
0.296629 0.954606 -0.027187
0.530345 0.847356 -0.026858
0.859139 0.510070 0.041350
0.491153 0.845641 0.208950
0.784564 0.615385 0.075897
-0.035255 0.992004 0.121181
-0.006444 0.998618 -0.052161
0.111474 0.978502 0.173512
0.307919 -0.947782 0.083041
0.445511 -0.894975 0.023224
0.239857 -0.965758 0.098897
0.066752 -0.997399 -0.027176
0.051769 -0.998576 0.012850
0.073737 -0.993929 0.081661
-0.386918 0.000000 0.922114
-0.556441 0.000000 0.830887
-0.472091 0.000000 0.881550
-0.012584 -0.999898 0.006758
-0.015647 -0.999870 0.003800
0.066752 -0.997399 -0.027176
0.177935 -0.983464 -0.033729
0.105199 -0.994363 -0.013208
0.347986 -0.937458 -0.008868
0.301059 -0.953588 0.005880
0.322638 -0.946062 -0.029506
0.177935 -0.983464 -0.033729
-0.318637 -0.946105 0.057934
-0.537969 -0.841227 0.054091
-0.345418 -0.937121 0.049911
-0.951999 0.305817 0.013157
-0.780748 0.624791 0.008257
-0.955768 0.294110 0.002620
0.860189 0.509597 -0.019659
0.464624 0.884068 -0.050477
0.584623 0.809534 0.053581
0.860189 0.509597 -0.019659
0.682126 0.728628 -0.061685
0.464624 0.884068 -0.050477
0.020670 -0.999755 -0.007940
0.003578 -0.999993 0.001411
-0.051769 -0.998576 -0.012850
0.017575 -0.999775 -0.011913
0.009971 -0.999871 -0.012587
0.020670 -0.999755 -0.007940
-1.000000 0.000000 -0.000000
-1.000000 0.000000 -0.000000
-0.981370 0.000000 -0.192127
0.020670 -0.999755 -0.007940
0.005332 -0.999945 -0.009077
0.003578 -0.999993 0.001411
-0.006444 0.998618 -0.052161
0.038368 0.998623 -0.035774
0.010982 0.997938 -0.063239
-0.975782 -0.214136 0.044672
-0.982448 0.180022 0.048863
-0.997113 -0.072524 0.022481
-0.997095 -0.075791 -0.007552
-0.943756 0.330577 0.006687
-0.991849 0.126455 0.015668
-0.887091 0.461481 0.010277
-0.815955 0.577971 0.012918
-0.860771 0.508802 0.013880
-0.042599 -0.934219 0.354148
-0.619286 -0.658703 0.427312
-0.429999 -0.792327 0.432803
-0.548805 0.828880 -0.108496
-0.575297 0.812402 -0.095058
-0.617585 0.781532 -0.088297
0.548805 0.828880 0.108496
0.575297 0.812402 0.095058
0.617585 0.781532 0.088297
0.042599 -0.934219 -0.354148
0.619286 -0.658703 -0.427312
0.429999 -0.792327 -0.432803
0.774349 -0.632398 0.021355
0.566464 -0.823894 0.017796
0.797065 -0.602860 -0.035334
0.158556 -0.987176 0.018549
-0.017343 -0.999448 0.028347
0.003577 -0.999625 0.027153
-0.370244 0.928933 0.001548
-0.552026 0.833746 -0.011609
-0.574581 0.818415 -0.007311
-0.000207 0.998767 0.049642
0.014135 0.998852 0.045761
-0.140149 0.990075 0.010472
0.566464 -0.823894 0.017796
0.566017 -0.824211 -0.017342
0.797065 -0.602860 -0.035334
0.563812 -0.824872 -0.041246
0.345418 -0.937121 -0.049911
0.557958 -0.827034 -0.068546
0.509008 -0.860378 -0.025721
0.619672 -0.784532 0.022739
0.822122 -0.569270 -0.006843
0.999105 -0.038439 -0.017645
0.991849 0.126455 -0.015668
0.986694 0.161611 -0.017802
0.049073 0.998665 -0.016144
0.027245 0.999142 -0.031179
0.043388 0.998817 -0.021956
-0.208535 0.000000 -0.978015
0.000000 0.000000 -1.000000
-0.000000 0.000000 -1.000000
-0.164221 0.985930 0.031207
-0.270532 0.961541 0.047445
0.003446 0.999805 0.019462
-0.390820 0.916339 0.087073
-0.414056 0.910011 0.020921
-0.486249 0.868123 0.099620
-0.411638 -0.911342 -0.003055
-0.645832 -0.763478 0.001837
-0.698375 -0.715297 -0.024944
-0.411638 -0.911342 -0.003055
-0.690769 -0.723050 0.005996
-0.645832 -0.763478 0.001837
-0.043227 -0.998912 0.017509
-0.097976 -0.995070 0.015381
-0.054765 -0.998396 0.014360
-0.180517 0.982423 0.047528
-0.408404 0.911377 0.050972
-0.372877 0.925593 0.065125
-0.672800 0.731701 -0.109331
-0.344933 0.925867 -0.154247
-0.491153 0.845641 -0.208950
0.035255 0.992004 -0.121181
0.006444 0.998618 0.052161
-0.111474 0.978502 -0.173512
0.445511 -0.894975 0.023224
0.645832 -0.763478 -0.001837
0.554200 -0.832025 0.024438
0.903215 -0.428657 0.021365
0.961403 -0.274555 0.018014
0.950446 -0.310610 0.013152
0.123079 0.992244 -0.017414
0.002888 0.998823 -0.048427
-0.001703 0.998739 -0.050171
-0.929788 0.000000 0.368095
-0.984246 0.000000 0.176805
-1.000000 0.000000 -0.000000
-0.268935 -0.951798 0.147496
-0.332822 -0.938491 0.092002
-0.482802 -0.859125 0.169725
-0.519496 -0.847909 0.105707
-0.852755 -0.511822 0.104153
-0.742697 -0.653145 0.147659
0.955768 0.294110 -0.002620
0.780748 0.624791 -0.008257
0.992370 0.121402 -0.021509
0.951999 0.305817 -0.013157
0.780748 0.624791 -0.008257
0.955768 0.294110 -0.002620
0.860196 0.509629 0.018449
0.732480 0.680651 0.013705
0.818297 0.574241 0.025240
0.863666 0.503703 -0.019070
0.864535 0.502342 0.015217
0.952265 0.304760 0.017677
0.996004 -0.075819 -0.047202
0.982448 0.180022 -0.048863
0.997113 -0.072524 -0.022481
0.006444 0.998618 0.052161
-0.038368 0.998623 0.035774
-0.010982 0.997938 0.063239
-0.241851 -0.970278 -0.008330
-0.027222 -0.999395 -0.021665
-0.227564 -0.973160 -0.034266
-0.349661 -0.936716 -0.017320
-0.628488 -0.777650 0.016240
-0.348810 -0.936946 -0.021548
-0.000000 0.000000 1.000000
-0.132165 0.000000 0.991228
0.208535 0.000000 0.978015
-0.044660 0.998783 0.020933
-0.050737 0.998608 0.014430
-0.035978 0.999163 0.019480
0.213477 0.976876 -0.011846
0.414056 0.910011 -0.020921
0.390820 0.916339 -0.087073
0.164221 0.985930 -0.031207
0.270532 0.961541 -0.047445
-0.003446 0.999805 -0.019462
0.997095 -0.075791 0.007552
0.943756 0.330577 -0.006687
0.991849 0.126455 -0.015668
0.950446 -0.310610 0.013152
0.961403 -0.274555 0.018014
0.982364 -0.186402 0.014650
0.852629 0.000000 -0.522517
0.887377 0.000000 -0.461044
0.687940 0.000000 -0.725768
-0.140149 0.990075 0.010472
-0.016781 0.999043 0.040391
-0.000207 0.998767 0.049642
-0.006105 -0.999974 -0.003860
-0.005341 -0.999945 0.009083
0.001705 -0.999985 0.005237
1.000000 0.000000 0.000000
1.000000 0.000000 0.000000
0.981336 0.000000 0.192300
0.607322 0.794439 -0.005101
0.433677 0.897062 0.084872
0.596222 0.802771 -0.008814
0.579869 0.814393 0.022716
0.596222 0.802771 -0.008814
0.580176 0.813072 -0.048062
-0.596222 0.802771 0.008814
-0.607322 0.794439 0.005101
-0.433677 0.897062 -0.084872
-0.580176 0.813072 0.048062
-0.579869 0.814393 -0.022716
-0.596222 0.802771 0.008814
-0.051769 -0.998576 -0.012850
0.145458 -0.988906 -0.030111
0.242085 -0.968508 -0.058200
0.241834 -0.970282 0.008339
0.241650 -0.970235 -0.015787
-0.051769 -0.998576 -0.012850
0.226904 0.969750 -0.089997
0.418976 0.907666 -0.024538
0.190967 0.978878 -0.073004
-0.244846 0.967147 -0.068392
-0.273778 0.957106 -0.094834
-0.112505 0.985729 -0.125221
-0.226904 0.969750 0.089997
-0.418976 0.907666 0.024538
-0.190967 0.978878 0.073004
0.244846 0.967147 0.068392
0.273778 0.957106 0.094834
0.112505 0.985729 0.125221
-0.957795 0.287445 0.001810
-0.923473 0.383657 0.002169
-0.860171 0.509626 0.019677
-0.860171 0.509626 0.019677
-0.958381 0.285483 0.002266
-0.957795 0.287445 0.001810
0.836471 -0.546165 -0.044937
0.797065 -0.602860 -0.035334
0.557958 -0.827034 -0.068546
0.995745 -0.079147 -0.047195
0.994745 -0.096693 -0.033652
0.992370 0.121402 -0.021509
-0.741958 0.668735 0.047870
-0.403049 0.915178 -0.000962
-0.780408 0.623259 0.050107
-0.903358 -0.426816 0.042101
-0.797380 -0.601308 0.051129
-0.940407 -0.337983 0.037432
-0.304498 0.950841 0.056405
-0.418976 0.907666 0.024538
-0.226904 0.969750 0.089997
-0.780748 0.624791 0.008257
-0.510284 0.859937 0.010853
-0.506664 0.861585 0.031035
0.780748 0.624791 -0.008257
0.510284 0.859937 -0.010853
0.506664 0.861585 -0.031035
0.304498 0.950841 -0.056405
0.418976 0.907666 -0.024538
0.226904 0.969750 -0.089997
-0.997095 -0.075791 -0.007552
-0.993187 0.116523 -0.001405
-0.943756 0.330577 0.006687
-0.734559 -0.678378 -0.015070
-0.698375 -0.715297 -0.024944
-0.746899 -0.664374 -0.027365
-0.856148 -0.389166 0.339940
-0.903668 -0.053348 0.424898
-0.948784 -0.020244 0.315276
-0.615264 -0.622774 0.483324
-0.825646 -0.327331 0.459524
-0.856148 -0.389166 0.339940
0.856148 -0.389166 -0.339940
0.903668 -0.053348 -0.424898
0.948784 -0.020244 -0.315276
0.615264 -0.622774 -0.483324
0.825646 -0.327331 -0.459524
0.856148 -0.389166 -0.339940
-0.532124 0.846661 -0.003067
-0.378994 0.925393 0.003382
-0.203832 0.978979 -0.007322
-0.203832 0.978979 -0.007322
-0.378994 0.925393 0.003382
-0.296629 0.954606 0.027187
-0.707427 0.698893 -0.105332
-0.558224 0.815168 -0.154554
-0.638101 0.759755 -0.124899
-0.996961 0.043301 0.064757
-0.967228 -0.143823 0.209248
-0.866742 -0.378462 0.324845
0.707427 0.698893 0.105332
0.558224 0.815168 0.154554
0.638101 0.759755 0.124899
0.996961 0.043301 -0.064757
0.967228 -0.143823 -0.209248
0.866742 -0.378462 -0.324845
0.721878 -0.689541 -0.058527
0.954901 -0.295110 -0.032789
0.911040 -0.405896 -0.072484
0.241650 -0.970235 -0.015787
0.189362 -0.981602 -0.024493
-0.051769 -0.998576 -0.012850
0.849429 -0.525760 -0.045228
0.943028 -0.331175 -0.031954
0.940272 -0.338627 -0.034929
0.828068 -0.558563 -0.048079
0.557958 -0.827034 -0.068546
0.554721 -0.829038 -0.070568
-0.153474 -0.983809 -0.092549
-0.321536 -0.946841 -0.010274
-0.032695 -0.999394 -0.011920
-0.073737 -0.993929 -0.081661
-0.153474 -0.983809 -0.092549
-0.066763 -0.997400 0.027142
0.978015 0.000000 -0.208535
0.904848 0.000000 -0.425736
0.859072 0.000000 -0.511855
0.859387 0.000000 0.511326
0.978015 0.000000 0.208535
0.987056 0.000000 0.160374
-0.006444 0.998618 -0.052161
0.010982 0.997938 -0.063239
0.036621 0.997297 -0.063695
0.265858 0.961762 -0.065837
0.434984 0.895460 0.094550
0.118648 0.988608 -0.092617
0.009971 -0.999871 -0.012587
0.017575 -0.999775 -0.011913
0.012784 -0.999785 -0.016313
-0.515236 0.000000 0.857048
-0.718182 0.000000 0.695855
-0.618780 0.000000 0.785564
0.799528 -0.599895 -0.029681
0.798617 -0.601553 0.018568
0.899160 -0.437103 0.021286
0.798617 -0.601553 0.018568
0.772901 -0.631407 0.062843
0.899160 -0.437103 0.021286
-0.062934 0.998009 0.004202
-0.049274 0.998736 0.009971
-0.006444 0.998618 -0.052161
0.389341 0.000000 -0.921094
0.524198 0.000000 -0.851596
0.472091 0.000000 -0.881550
0.073737 -0.993929 0.081661
0.153456 -0.983816 0.092510
0.066752 -0.997399 -0.027176
0.073737 -0.993929 0.081661
0.208456 -0.963385 0.168630
0.201976 -0.971394 0.124899
-0.143571 0.988780 -0.041235
-0.326461 0.943034 -0.064115
-0.214042 0.976763 -0.010947
0.180389 0.982447 -0.047519
-0.022336 0.999671 -0.012632
0.296629 0.954606 -0.027187
-0.202923 0.972431 -0.114889
-0.070789 0.993781 0.085956
-0.169049 0.981316 0.091879
0.006444 0.998618 0.052161
-0.010982 0.997938 0.063239
-0.036621 0.997297 0.063695
-0.996961 0.043301 0.064757
-0.999293 0.023078 0.029664
-0.999611 0.013967 -0.024144
-0.999293 0.023078 0.029664
-0.996961 0.043301 0.064757
-0.989864 -0.119131 0.077309
-0.434984 0.895460 -0.094550
-0.356713 0.900897 -0.247266
-0.111474 0.978502 -0.173512
-0.111474 0.978502 -0.173512
-0.303350 0.924017 -0.232748
0.035255 0.992004 -0.121181
0.434984 0.895460 0.094550
0.356713 0.900897 0.247266
0.111474 0.978502 0.173512
0.111474 0.978502 0.173512
0.303350 0.924017 0.232748
-0.035255 0.992004 0.121181
0.954901 -0.295110 -0.032789
0.999293 0.023078 -0.029664
0.911040 -0.405896 -0.072484
0.996961 0.043301 -0.064757
0.999293 0.023078 -0.029664
0.999611 0.013967 0.024142
-0.580176 0.813072 0.048062
-0.693410 0.711292 0.115096
-0.579869 0.814393 -0.022716
-0.042599 -0.934219 0.354148
-0.537888 -0.686103 0.489835
-0.615264 -0.622774 0.483324
0.042599 -0.934219 -0.354148
0.537888 -0.686103 -0.489835
0.615264 -0.622774 -0.483324
0.580176 0.813072 -0.048062
0.693410 0.711292 -0.115096
0.579869 0.814393 0.022716
-0.640827 -0.763647 0.078639
-0.500784 -0.863445 0.060653
-0.721878 -0.689541 0.058527
0.051769 -0.998576 0.012850
-0.241650 -0.970235 0.015787
-0.189362 -0.981602 0.024493
-0.333818 -0.830351 0.446186
-0.042599 -0.934219 0.354148
-0.138304 -0.912073 0.385997
-0.579869 0.814393 -0.022716
-0.656245 0.751410 0.068734
-0.569959 0.821538 -0.014888
0.333818 -0.830351 -0.446186
0.042599 -0.934219 -0.354148
0.138304 -0.912073 -0.385997
0.579869 0.814393 0.022716
0.656245 0.751410 -0.068734
0.569959 0.821538 0.014888
0.566146 0.823022 0.045973
0.491934 0.867092 0.078436
0.306757 0.950939 -0.040196
0.558224 0.815168 0.154554
0.548805 0.828880 0.108496
0.617585 0.781532 0.088297
-0.558224 0.815168 -0.154554
-0.548805 0.828880 -0.108496
-0.617585 0.781532 -0.088297
-0.566146 0.823022 -0.045973
-0.491934 0.867092 -0.078436
-0.306757 0.950939 0.040196
-0.000000 0.000000 -1.000000
-0.000000 0.000000 -1.000000
-0.000000 0.000000 -1.000000
0.054754 -0.998397 -0.014360
0.043337 -0.998907 -0.017520
0.105199 -0.994363 -0.013208
-0.152185 -0.936148 0.316965
-0.013203 -0.965526 0.259972
-0.198329 -0.932029 0.303296
-0.962475 -0.180607 0.202540
-0.892264 -0.355581 0.278257
-0.835307 -0.471112 0.283400
0.707018 0.000000 0.707196
0.420520 0.000000 0.907283
0.618780 0.000000 0.785564
0.054621 0.998448 -0.010874
0.032885 0.999417 0.009230
0.039232 0.999209 -0.006550
0.856148 -0.389166 -0.339940
0.606684 -0.658813 -0.444859
0.615264 -0.622774 -0.483324
-0.004156 -0.993320 -0.115318
-0.086272 -0.973673 -0.210992
0.856148 -0.389166 -0.339940
-0.856148 -0.389166 0.339940
-0.606684 -0.658813 0.444859
-0.615264 -0.622774 0.483324
0.004156 -0.993320 0.115318
0.086272 -0.973673 0.210992
-0.856148 -0.389166 0.339940
0.006444 0.998618 0.052161
0.069861 0.997547 -0.004427
0.056204 0.998404 -0.005498
0.132384 0.000000 0.991198
0.000000 0.000000 1.000000
0.208535 0.000000 0.978015
0.995745 -0.079147 -0.047195
0.992370 0.121402 -0.021509
0.971121 0.234259 -0.045243
0.741958 0.668735 -0.047870
0.403049 0.915178 0.000962
0.780408 0.623259 -0.050107
-0.649911 0.759709 0.021409
-0.245732 0.969044 0.023861
-0.418976 0.907666 0.024538
-0.625881 0.779743 0.016525
-0.245732 0.969044 0.023861
-0.649911 0.759709 0.021409
-0.835036 -0.548934 0.037238
-0.978157 -0.206193 0.026339
-0.951647 -0.305740 0.029859
-0.647903 -0.761202 0.028184
-0.519674 -0.853653 0.034861
-0.589726 -0.807587 0.005200
-0.296629 0.954606 0.027187
0.022336 0.999671 0.012632
-0.022420 0.999486 -0.022927
-0.180517 0.982423 0.047528
0.022336 0.999671 0.012632
-0.296629 0.954606 0.027187
-0.055640 0.998400 0.010047
-0.032885 0.999417 -0.009230
-0.039231 0.999209 0.006542
-0.618780 0.000000 -0.785564
-0.707351 0.000000 -0.706863
-0.420520 0.000000 -0.907283
-0.010549 -0.999818 0.015896
-0.003046 -0.999682 0.025034
-0.009671 -0.999771 0.019089
-0.009976 -0.999871 0.012591
-0.012784 -0.999785 0.016313
-0.010712 -0.999812 0.016131
0.000000 0.000000 1.000000
0.000000 0.000000 1.000000
0.000000 0.000000 1.000000
0.000000 0.000000 1.000000
0.000000 0.000000 1.000000
0.000000 0.000000 1.000000
-0.213477 0.976876 0.011846
-0.414056 0.910011 0.020921
-0.390820 0.916339 0.087073
-0.213477 0.976876 0.011846
-0.332931 0.942839 -0.014570
-0.414056 0.910011 0.020921
-0.584623 0.809534 -0.053581
-0.860767 0.508575 -0.020789
-0.860171 0.509626 0.019677
-0.584623 0.809534 -0.053581
-0.834606 0.547161 -0.063625
-0.860767 0.508575 -0.020789
0.584623 0.809534 0.053581
0.860767 0.508575 0.020789
0.860189 0.509597 -0.019659
0.584623 0.809534 0.053581
0.834606 0.547161 0.063625
0.860767 0.508575 0.020789
0.332822 -0.938491 -0.092002
0.660902 -0.730559 -0.171734
0.482802 -0.859125 -0.169725
0.888530 -0.418551 -0.187960
0.996961 0.043301 -0.064757
0.988576 -0.073033 -0.131850
-0.888530 -0.418551 0.187960
-0.996961 0.043301 0.064757
-0.974648 -0.137949 0.176156
-0.332822 -0.938491 0.092002
-0.660902 -0.730559 0.171734
-0.482802 -0.859125 0.169725
0.334291 -0.935256 0.116384
0.904349 -0.415504 0.097513
0.347110 -0.929001 0.128340
0.580151 0.814429 -0.011428
0.904349 -0.415504 0.097513
0.543298 0.831082 -0.118869
-0.001796 0.000000 -0.999998
0.000000 0.000000 -1.000000
-0.208535 0.000000 -0.978015
0.015509 -0.999873 -0.003697
0.018309 -0.999815 -0.005912
-0.051769 -0.998576 -0.012850
-0.371566 -0.924014 -0.090202
-0.303663 -0.944711 -0.123735
-0.274603 -0.953910 -0.121030
0.615264 -0.622774 -0.483324
0.606684 -0.658813 -0.444859
0.499125 -0.741528 -0.448341
0.371566 -0.924014 0.090202
0.303663 -0.944711 0.123735
0.274603 -0.953910 0.121030
-0.615264 -0.622774 0.483324
-0.606684 -0.658813 0.444859
-0.499125 -0.741528 0.448341
0.268935 -0.951798 -0.147496
0.332822 -0.938491 -0.092002
0.482802 -0.859125 -0.169725
-0.051769 -0.998576 -0.012850
0.059706 -0.997062 -0.047988
-0.073737 -0.993929 -0.081661
-0.265858 0.961762 0.065837
-0.036621 0.997297 0.063695
-0.306757 0.950939 0.040196
-0.070789 0.993781 0.085956
-0.036621 0.997297 0.063695
-0.169049 0.981316 0.091879
0.852629 0.000000 -0.522517
0.904848 0.000000 -0.425736
0.708838 0.000000 -0.705372
0.009816 0.998282 0.057758
0.054621 0.998448 -0.010874
0.070421 0.997513 -0.003076
0.118648 0.988608 -0.092617
0.036621 0.997297 -0.063695
0.265858 0.961762 -0.065837
0.265858 0.961762 -0.065837
0.036621 0.997297 -0.063695
0.306757 0.950939 -0.040196
-0.334291 -0.935256 -0.116384
-0.904349 -0.415504 -0.097513
-0.347110 -0.929001 -0.128340
-0.580151 0.814429 0.011428
-0.904349 -0.415504 -0.097513
-0.543298 0.831082 0.118869
0.672800 0.731701 0.109331
0.344933 0.925867 0.154247
0.491153 0.845641 0.208950
0.672800 0.731701 0.109331
0.584623 0.809534 0.053581
0.344933 0.925867 0.154247
0.012784 -0.999785 -0.016313
0.003049 -0.999682 -0.025031
0.009671 -0.999771 -0.019082
0.010712 -0.999812 -0.016131
0.012784 -0.999785 -0.016313
0.009671 -0.999771 -0.019082
0.145604 0.989272 -0.011817
0.027245 0.999142 -0.031179
0.011345 0.998976 -0.043806
-0.618780 0.000000 0.785564
-0.706950 0.000000 0.707263
-0.747675 0.000000 0.664065
0.435677 0.895424 0.091661
0.433677 0.897062 0.084872
0.273778 0.957106 0.094834
0.367540 0.929985 0.006462
0.273778 0.957106 0.094834
0.426838 0.901504 0.071418
0.066752 -0.997399 -0.027176
0.165545 -0.984750 -0.053496
0.159065 -0.987019 -0.022163
0.563812 -0.824872 -0.041246
0.349783 -0.936600 -0.020780
0.345418 -0.937121 -0.049911
-0.435677 0.895424 -0.091661
-0.433677 0.897062 -0.084872
-0.273778 0.957106 -0.094834
-0.273778 0.957106 -0.094834
-0.426838 0.901504 -0.071418
-0.367540 0.929985 -0.006462
0.013203 -0.965526 -0.259972
0.054129 -0.944492 -0.324046
-0.127291 -0.951112 -0.281395
0.866742 -0.378462 -0.324845
0.359513 -0.838731 -0.409000
0.470115 -0.785335 -0.402791
-0.013203 -0.965526 0.259972
-0.054129 -0.944492 0.324046
0.127291 -0.951112 0.281395
-0.866742 -0.378462 0.324845
-0.359513 -0.838731 0.409000
-0.470115 -0.785335 0.402791
-0.978015 0.000000 -0.208535
-0.984452 0.000000 -0.175654
-0.843472 0.000000 -0.537173
-0.978015 0.000000 0.208535
-0.929221 0.000000 0.369524
-0.940398 0.000000 0.340075
-0.348810 -0.936946 -0.021548
-0.628488 -0.777650 0.016240
-0.638612 -0.769173 -0.023377
-0.159948 -0.986854 -0.023148
-0.227564 -0.973160 -0.034266
-0.158580 -0.987170 -0.018654
-0.780408 0.623259 0.050107
-0.403049 0.915178 -0.000962
-0.712482 0.701055 0.029856
-0.147883 0.986480 -0.070619
0.036621 0.997297 -0.063695
0.010982 0.997938 -0.063239
0.929788 0.000000 -0.368095
0.984217 0.000000 -0.176968
1.000000 0.000000 0.000000
0.618780 0.000000 -0.785564
0.706617 0.000000 -0.707596
0.747675 0.000000 -0.664065
0.152185 -0.936148 -0.316965
0.013203 -0.965526 -0.259972
0.198329 -0.932029 -0.303296
0.962475 -0.180607 -0.202540
0.892264 -0.355581 -0.278257
0.835307 -0.471112 -0.283400
0.574581 0.818415 0.007311
0.523914 0.851713 0.009934
0.683314 0.729881 0.018875
0.682126 0.728628 -0.061685
0.522136 0.848825 -0.082884
0.464624 0.884068 -0.050477
-0.956489 0.290482 0.027363
-0.845530 0.533545 0.020193
-0.904303 0.425474 0.034755
-0.613467 0.788850 0.037057
-0.719334 0.693872 0.033164
-0.506664 0.861585 0.031035
-0.649911 0.759709 0.021409
-0.418976 0.907666 0.024538
-0.510284 0.859937 0.010853
-0.510284 0.859937 0.010853
-0.418976 0.907666 0.024538
-0.506664 0.861585 0.031035
0.649911 0.759709 -0.021409
0.418976 0.907666 -0.024538
0.510284 0.859937 -0.010853
0.510284 0.859937 -0.010853
0.418976 0.907666 -0.024538
0.506664 0.861585 -0.031035
0.877319 0.479904 -0.001713
0.613783 0.789445 -0.006859
0.532124 0.846661 0.003067
0.902448 0.430671 -0.010536
0.613783 0.789445 -0.006859
0.877319 0.479904 -0.001713
-0.023152 0.992050 -0.123698
-0.112505 0.985729 -0.125221
0.023716 0.992673 -0.118479
-0.023190 0.998864 -0.041639
0.112365 0.988608 -0.100139
0.190967 0.978878 -0.073004
0.023152 0.992050 0.123698
0.112505 0.985729 0.125221
-0.023716 0.992673 0.118479
0.023190 0.998864 0.041639
-0.112365 0.988608 0.100139
-0.190967 0.978878 0.073004
-0.940272 -0.338627 0.034929
-0.994814 -0.099862 0.019312
-0.986028 -0.164892 0.023646
-0.940272 -0.338627 0.034929
-0.968470 -0.247268 0.030395
-0.940407 -0.337983 0.037432
0.065989 -0.996303 0.055015
0.140252 -0.987724 -0.068785
0.066752 -0.997399 -0.027176
0.153456 -0.983816 0.092510
0.065989 -0.996303 0.055015
0.066752 -0.997399 -0.027176
-0.318637 -0.946105 0.057934
-0.529442 -0.847187 0.044330
-0.537969 -0.841227 0.054091
-0.032695 -0.999394 -0.011920
-0.321536 -0.946841 -0.010274
-0.140252 -0.987724 0.068785
0.999775 0.019821 0.007577
0.989453 0.144819 0.003227
0.980803 0.194991 0.001806
0.832271 0.554293 -0.009186
0.739374 0.673291 0.002515
0.625881 0.779743 -0.016525
0.619672 -0.784532 0.022739
0.698375 -0.715297 0.024944
0.746899 -0.664374 0.027365
0.619672 -0.784532 0.022739
0.809187 -0.587060 0.024027
0.856834 -0.515582 0.003415
0.956489 0.290482 -0.027363
0.904303 0.425474 -0.034755
0.971121 0.234259 -0.045243
0.956489 0.290482 -0.027363
0.845530 0.533545 -0.020193
0.904303 0.425474 -0.034755
-0.927078 -0.374413 0.018452
-0.856834 -0.515582 -0.003415
-0.920488 -0.390668 0.009017
-0.999105 -0.038439 0.017645
-0.991849 0.126455 0.015668
-0.986694 0.161611 0.017802
-0.661076 -0.748592 0.050875
-0.644030 -0.761665 0.071353
-0.829101 -0.555575 0.062669
-0.661076 -0.748592 0.050875
-0.829101 -0.555575 0.062669
-0.680443 -0.732018 0.033878
-0.860171 0.509626 0.019677
-0.827710 0.560234 0.032149
-0.700264 0.711469 0.058662
-0.732480 0.680651 -0.013705
-0.701390 0.712502 -0.019804
-0.827916 0.560266 -0.025635
-0.984174 0.174202 0.032470
-0.996961 0.043301 0.064757
-0.998210 0.053000 0.027697
-0.996961 0.043301 0.064757
-0.984174 0.174202 0.032470
-0.989320 0.118871 0.084353
-0.359513 -0.838731 0.409000
-0.042599 -0.934219 0.354148
-0.048981 -0.935120 0.350929
0.208456 -0.963385 0.168630
0.093535 -0.948361 0.303089
0.201833 -0.942881 0.265024
0.359513 -0.838731 -0.409000
0.042599 -0.934219 -0.354148
0.048981 -0.935120 -0.350929
-0.208456 -0.963385 -0.168630
-0.093535 -0.948361 -0.303089
-0.201833 -0.942881 -0.265024
0.316894 -0.948250 -0.020022
0.140252 -0.987724 -0.068785
0.065989 -0.996303 0.055015
0.519674 -0.853653 -0.034861
0.743412 -0.667928 -0.034795
0.529442 -0.847187 -0.044330
-0.201981 -0.971391 -0.124912
-0.307923 -0.947780 -0.083046
-0.242443 -0.967261 -0.075017
-0.201981 -0.971391 -0.124912
-0.371566 -0.924014 -0.090202
-0.307923 -0.947780 -0.083046
-0.852629 0.000000 0.522517
-0.862823 0.000000 0.505506
-0.929221 0.000000 0.369524
-0.250999 0.000000 0.967987
-0.386918 0.000000 0.922114
-0.472091 0.000000 0.881550
0.201976 -0.971394 0.124899
0.307919 -0.947782 0.083041
0.239857 -0.965758 0.098897
0.201976 -0.971394 0.124899
0.371566 -0.924014 0.090202
0.307919 -0.947782 0.083041
-0.429832 -0.902865 0.008887
-0.411638 -0.911342 -0.003055
-0.301059 -0.953588 -0.005880
-0.242443 -0.967261 -0.075017
-0.301059 -0.953588 -0.005880
-0.411638 -0.911342 -0.003055
-0.931872 0.000000 0.362788
-0.870640 0.000000 0.491920
-0.978015 0.000000 0.208535
-0.785564 0.000000 -0.618780
-0.657710 0.000000 -0.753271
-0.882839 0.000000 -0.469675
-0.997948 -0.054157 0.034147
-0.985123 0.170394 0.022317
-0.995745 -0.079147 0.047195
-0.985123 0.170394 0.022317
-0.997948 -0.054157 0.034147
-0.992370 0.121402 0.021509
-0.997113 -0.072524 0.022481
-0.994998 0.098114 -0.018786
-0.964687 -0.262806 -0.017674
-0.980794 0.192760 -0.029788
-0.998104 -0.057364 -0.022293
-0.948625 0.315679 -0.021374
0.356713 0.900897 0.247266
0.434984 0.895460 0.094550
0.558224 0.815168 0.154554
0.491934 0.867092 0.078436
0.434984 0.895460 0.094550
0.265858 0.961762 -0.065837
-0.434984 0.895460 -0.094550
-0.265858 0.961762 0.065837
-0.491934 0.867092 -0.078436
-0.356713 0.900897 -0.247266
-0.434984 0.895460 -0.094550
-0.558224 0.815168 -0.154554
-0.816564 -0.576816 -0.022508
-0.941019 -0.337937 -0.016776
-0.855744 -0.516809 -0.024694
-0.816564 -0.576816 -0.022508
-0.772337 -0.635206 0.002926
-0.941019 -0.337937 -0.016776
-0.042599 -0.934219 0.354148
-0.429999 -0.792327 0.432803
-0.249712 -0.877083 0.410327
-0.548805 0.828880 -0.108496
-0.499994 0.856926 -0.125240
-0.575297 0.812402 -0.095058
0.042599 -0.934219 -0.354148
0.429999 -0.792327 -0.432803
0.249712 -0.877083 -0.410327
0.548805 0.828880 0.108496
0.499994 0.856926 0.125240
0.575297 0.812402 0.095058
0.999293 0.023078 -0.029664
0.996961 0.043301 -0.064757
0.989864 -0.119131 -0.077309
0.640827 -0.763647 -0.078639
0.721878 -0.689541 -0.058527
0.911040 -0.405896 -0.072484
-0.612060 0.790809 -0.001976
-0.579869 0.814393 -0.022716
-0.548805 0.828880 -0.108496
-0.596222 0.802771 0.008814
-0.579869 0.814393 -0.022716
-0.607322 0.794439 0.005101
0.607322 0.794439 -0.005101
0.596222 0.802771 -0.008814
0.579869 0.814393 0.022716
0.612060 0.790809 0.001976
0.579869 0.814393 0.022716
0.548805 0.828880 0.108496
0.661076 -0.748592 -0.050875
0.829101 -0.555575 -0.062669
0.680443 -0.732018 -0.033878
0.661076 -0.748592 -0.050875
0.644030 -0.761665 -0.071353
0.829101 -0.555575 -0.062669
-0.950315 0.000000 0.311291
-0.929788 0.000000 0.368095
-1.000000 0.000000 0.000000
-0.798816 0.000000 0.601576
-0.618780 0.000000 0.785564
-0.747675 0.000000 0.664065
-0.400536 -0.881826 0.248907
-0.258445 -0.930404 0.259911
-0.268935 -0.951798 0.147496
-0.198329 -0.932029 0.303296
-0.013203 -0.965526 0.259972
-0.268935 -0.951798 0.147496
0.978015 0.000000 0.208535
0.971344 0.000000 0.237680
0.988139 0.000000 -0.153564
1.000000 0.000000 0.000000
0.988139 0.000000 -0.153564
0.929788 0.000000 -0.368095
0.022420 0.999486 0.022927
-0.164221 0.985930 0.031207
0.003446 0.999805 0.019462
0.203832 0.978979 0.007322
0.022420 0.999486 0.022927
0.245732 0.969044 -0.023861
0.953779 0.000000 -0.300510
0.852629 0.000000 -0.522517
0.925843 0.000000 -0.377908
0.389341 0.000000 -0.921094
0.472091 0.000000 -0.881550
0.559751 0.000000 -0.828661
-0.132165 0.000000 0.991228
0.000000 0.000000 1.000000
-0.472091 0.000000 0.881550
-0.852629 0.000000 0.522517
-0.931872 0.000000 0.362788
-0.746839 0.000000 0.665005
0.235786 -0.969537 -0.066362
0.177935 -0.983464 -0.033729
0.322638 -0.946062 -0.029506
0.264314 -0.960060 -0.091781
0.322638 -0.946062 -0.029506
0.364791 -0.926021 -0.097025
-0.264314 -0.960060 0.091781
-0.322657 -0.946056 0.029517
-0.364791 -0.926021 0.097025
-0.235804 -0.969531 0.066384
-0.257854 -0.965855 0.025199
-0.322657 -0.946056 0.029517
-0.050737 0.998608 0.014430
-0.039231 0.999209 0.006542
-0.035978 0.999163 0.019480
-0.000000 0.000000 -1.000000
-0.208535 0.000000 -0.978015
-0.001533 0.000000 -0.999999
0.953779 0.000000 -0.300510
0.925843 0.000000 -0.377908
0.978015 0.000000 -0.208535
0.857594 0.000000 0.514328
0.978015 0.000000 0.208535
0.986886 0.000000 0.161417
-0.998049 -0.061428 -0.011123
-0.989453 0.144819 -0.003227
-0.999775 0.019821 -0.007577
-0.950446 -0.310610 -0.013152
-0.961403 -0.274555 -0.018014
-0.982364 -0.186402 -0.014650
-0.009671 -0.999771 0.019089
-0.012733 -0.999775 0.016974
-0.010549 -0.999818 0.015896
-0.618780 0.000000 -0.785564
-0.708797 0.000000 -0.705412
-0.517287 0.000000 -0.855812
0.866742 -0.378462 -0.324845
0.891800 -0.289063 -0.348044
0.619286 -0.658703 -0.427312
0.558224 0.815168 0.154554
0.617585 0.781532 0.088297
0.674435 0.734430 0.075829
-0.866742 -0.378462 0.324845
-0.891800 -0.289063 0.348044
-0.619286 -0.658703 0.427312
-0.558224 0.815168 -0.154554
-0.617585 0.781532 -0.088297
-0.674435 0.734430 -0.075829
0.995745 -0.079147 -0.047195
0.992191 0.112357 -0.054150
0.996004 -0.075819 -0.047202
0.995745 -0.079147 -0.047195
0.971121 0.234259 -0.045243
0.992191 0.112357 -0.054150
-0.825646 -0.327331 0.459524
-0.615264 -0.622774 0.483324
-0.773324 -0.408147 0.485167
-0.773575 0.601675 0.198922
-0.898419 0.254140 0.358128
-0.726621 0.669405 0.154658
0.773575 0.601675 -0.198922
0.898419 0.254140 -0.358128
0.726621 0.669405 -0.154658
0.825646 -0.327331 -0.459524
0.615264 -0.622774 -0.483324
0.773324 -0.408147 -0.485167
-0.177935 -0.983464 0.033729
-0.170675 -0.984688 0.035496
-0.097976 -0.995070 0.015381
-0.235804 -0.969531 0.066384
-0.170675 -0.984688 0.035496
-0.177935 -0.983464 0.033729
0.177935 -0.983464 -0.033729
0.170658 -0.984691 -0.035488
0.105199 -0.994363 -0.013208
0.235786 -0.969537 -0.066362
0.170658 -0.984691 -0.035488
0.177935 -0.983464 -0.033729
-0.832271 0.554293 0.009186
-0.739374 0.673291 -0.002515
-0.625881 0.779743 0.016525
-0.999775 0.019821 -0.007577
-0.989453 0.144819 -0.003227
-0.980803 0.194991 -0.001806
0.997113 -0.072524 -0.022481
0.951786 0.305983 -0.021871
0.995043 0.097681 0.018638
0.927770 0.370249 -0.046463
0.951786 0.305983 -0.021871
0.997113 -0.072524 -0.022481
-0.345418 -0.937121 0.049911
-0.675496 -0.734868 0.060608
-0.669663 -0.740059 0.062162
-0.829511 -0.556659 0.045185
-0.951647 -0.305740 0.029859
-0.940272 -0.338627 0.034929
-0.618780 0.000000 -0.785564
-0.670232 0.000000 -0.742152
-0.785564 0.000000 -0.618780
-0.420520 0.000000 -0.907283
-0.268902 0.000000 -0.963168
-0.670232 0.000000 -0.742152
0.985849 -0.167624 0.002043
0.997095 -0.075791 0.007552
0.991849 0.126455 -0.015668
0.809187 -0.587060 0.024027
0.877666 -0.479025 0.015388
0.856834 -0.515582 0.003415
0.299649 0.000000 0.954050
0.208535 0.000000 0.978015
-0.132165 0.000000 0.991228
0.852504 0.000000 0.522720
0.907283 0.000000 0.420520
0.785564 0.000000 0.618780
-0.951786 0.305983 0.021871
-0.863666 0.503703 0.019070
-0.952147 0.305120 -0.017826
-0.835997 0.547265 0.040133
-0.863666 0.503703 0.019070
-0.951786 0.305983 0.021871
-0.995745 -0.079147 0.047195
-0.985123 0.170394 0.022317
-0.971121 0.234259 0.045243
-0.878305 0.478100 0.000115
-0.985123 0.170394 0.022317
-0.780748 0.624791 0.008257
0.986694 0.161611 -0.017802
0.951999 0.305817 -0.013157
0.982597 0.185195 -0.014333
0.998095 -0.058907 -0.018359
0.996795 -0.076359 -0.023858
0.998494 -0.050232 -0.022038
0.332975 -0.939354 -0.082104
0.085216 -0.993110 -0.080443
0.324404 -0.942538 -0.079899
0.544951 -0.836071 -0.063354
0.752270 -0.657626 -0.040230
0.554721 -0.829038 -0.070568
0.202923 0.972431 0.114889
0.070789 0.993781 -0.085956
0.118648 0.988608 -0.092617
0.070789 0.993781 -0.085956
0.036621 0.997297 -0.063695
0.118648 0.988608 -0.092617
0.657508 0.000000 -0.753448
0.618780 0.000000 -0.785564
0.523744 0.000000 -0.851875
0.859072 0.000000 -0.511855
0.904848 0.000000 -0.425736
0.852629 0.000000 -0.522517
-0.785564 0.000000 -0.618780
-0.708743 0.000000 -0.705467
-0.618780 0.000000 -0.785564
-0.208535 0.000000 -0.978015
-0.351036 0.000000 -0.936362
-0.179337 0.000000 -0.983788
-0.841223 -0.536273 0.068959
-0.640827 -0.763647 0.078639
-0.721878 -0.689541 0.058527
-0.841223 -0.536273 0.068959
-0.721878 -0.689541 0.058527
-0.954901 -0.295110 0.032789
-0.434984 0.895460 -0.094550
-0.169049 0.981316 0.091879
-0.265858 0.961762 0.065837
-0.169049 0.981316 0.091879
-0.036621 0.997297 0.063695
-0.265858 0.961762 0.065837
0.010439 -0.999821 -0.015775
0.003049 -0.999682 -0.025031
0.012784 -0.999785 -0.016313
-0.000000 0.000000 1.000000
0.420520 0.000000 0.907283
0.520668 0.000000 0.853759
-0.995745 -0.079147 0.047195
-0.992191 0.112357 0.054150
-0.975782 -0.214136 0.044672
-0.995745 -0.079147 0.047195
-0.971121 0.234259 0.045243
-0.992191 0.112357 0.054150
0.039232 0.999209 -0.006550
0.035978 0.999163 -0.019480
0.054621 0.998448 -0.010874
0.000589 0.000000 1.000000
0.000000 0.000000 1.000000
0.208535 0.000000 0.978015
-0.023716 0.992673 0.118479
0.112505 0.985729 0.125221
-0.069862 0.992061 0.104567
0.112505 0.985729 0.125221
0.273778 0.957106 0.094834
0.077481 0.991121 0.108055
0.023716 0.992673 -0.118479
-0.112505 0.985729 -0.125221
0.069862 0.992061 -0.104567
-0.112505 0.985729 -0.125221
-0.273778 0.957106 -0.094834
-0.077481 0.991121 -0.108055
-1.000000 0.000000 0.000000
-0.929788 0.000000 0.368095
-1.000000 0.000000 -0.000000
-0.971344 0.000000 -0.237680
-0.907283 0.000000 -0.420520
-0.877520 0.000000 -0.479540
-0.940272 -0.338627 0.034929
-0.998095 -0.058907 0.018359
-0.994814 -0.099862 0.019312
-0.982597 0.185195 0.014333
-0.955768 0.294110 0.002620
-0.986372 0.164329 0.008086
-0.956489 0.290482 0.027363
-0.904303 0.425474 0.034755
-0.971121 0.234259 0.045243
-0.878305 0.478100 0.000115
-0.971121 0.234259 0.045243
-0.985123 0.170394 0.022317
-0.367540 0.929985 -0.006462
-0.306757 0.950939 0.040196
-0.084592 0.995696 -0.037857
-0.367540 0.929985 -0.006462
-0.566146 0.823022 -0.045973
-0.306757 0.950939 0.040196
0.367540 0.929985 0.006462
0.306757 0.950939 -0.040196
0.084592 0.995696 0.037857
0.367540 0.929985 0.006462
0.566146 0.823022 0.045973
0.306757 0.950939 -0.040196
0.997095 -0.075791 0.007552
0.993187 0.116523 0.001405
0.943756 0.330577 -0.006687
0.887091 0.461481 -0.010277
0.815955 0.577971 -0.012918
0.860771 0.508802 -0.013880
0.943028 -0.331175 -0.031954
0.998095 -0.058907 -0.018359
0.940272 -0.338627 -0.034929
0.953780 -0.299082 -0.029199
0.998095 -0.058907 -0.018359
0.951647 -0.305740 -0.029859
-0.989320 0.118871 0.084353
-0.984174 0.174202 0.032470
-0.859139 0.510070 -0.041350
-0.859139 0.510070 -0.041350
-0.672800 0.731701 -0.109331
-0.491153 0.845641 -0.208950
0.989320 0.118871 -0.084353
0.984174 0.174202 -0.032470
0.859139 0.510070 0.041350
0.859139 0.510070 0.041350
0.672800 0.731701 0.109331
0.491153 0.845641 0.208950
0.002084 -0.999646 -0.026532
0.003049 -0.999682 -0.025031
-0.158580 -0.987170 -0.018654
0.706617 0.000000 -0.707596
0.905907 0.000000 -0.423477
0.747675 0.000000 -0.664065
0.986694 0.161611 -0.017802
0.991849 0.126455 -0.015668
0.951999 0.305817 -0.013157
0.991849 0.126455 -0.015668
0.943756 0.330577 -0.006687
0.951999 0.305817 -0.013157
-0.159065 -0.987019 0.022163
-0.066763 -0.997400 0.027142
-0.165545 -0.984750 0.053496
-0.345418 -0.937121 0.049911
-0.628488 -0.777650 0.016240
-0.349783 -0.936600 0.020780
0.390820 0.916339 -0.087073
0.525846 0.846302 -0.085199
0.428980 0.900631 -0.069573
0.164221 0.985930 -0.031207
0.390820 0.916339 -0.087073
0.270532 0.961541 -0.047445
-0.164221 0.985930 0.031207
-0.390820 0.916339 0.087073
-0.270532 0.961541 0.047445
-0.390820 0.916339 0.087073
-0.525846 0.846302 0.085199
-0.428980 0.900631 0.069573
-0.411638 -0.911342 -0.003055
-0.370896 -0.928320 -0.025647
-0.242443 -0.967261 -0.075017
-0.242443 -0.967261 -0.075017
-0.370896 -0.928320 -0.025647
-0.321536 -0.946841 -0.010274
0.851079 0.525038 0.000666
0.730345 0.683061 0.004941
0.835340 0.549726 0.002945
0.835340 0.549726 0.002945
0.730345 0.683061 0.004941
0.848220 0.529643 0.000917
-0.835340 0.549726 -0.002945
-0.730345 0.683061 -0.004941
-0.848220 0.529643 -0.000917
-0.851079 0.525038 -0.000666
-0.730345 0.683061 -0.004941
-0.835340 0.549726 -0.002945
0.523341 -0.850745 0.048446
0.772901 -0.631407 0.062843
0.655926 -0.754669 0.015343
0.523796 -0.851438 0.026275
0.566464 -0.823894 0.017796
0.774349 -0.632398 0.021355
-0.111474 0.978502 -0.173512
-0.202923 0.972431 -0.114889
-0.434984 0.895460 -0.094550
-0.111474 0.978502 -0.173512
-0.070789 0.993781 0.085956
-0.202923 0.972431 -0.114889
0.111474 0.978502 0.173512
0.202923 0.972431 0.114889
0.434984 0.895460 0.094550
0.111474 0.978502 0.173512
0.070789 0.993781 -0.085956
0.202923 0.972431 0.114889
-0.706950 0.000000 0.707263
-0.906144 0.000000 0.422969
-0.747675 0.000000 0.664065
-0.002084 -0.999646 0.026533
-0.003046 -0.999682 0.025034
0.158556 -0.987176 0.018549
0.907283 0.000000 0.420520
0.943258 0.000000 0.332059
0.978015 0.000000 0.208535
0.859387 0.000000 0.511326
0.907283 0.000000 0.420520
0.978015 0.000000 0.208535
0.618780 0.000000 0.785564
0.384957 0.000000 0.922934
0.748342 0.000000 0.663313
0.785564 0.000000 0.618780
0.877520 0.000000 0.479540
0.907283 0.000000 0.420520
0.565547 0.824602 -0.013693
0.581506 0.813467 -0.011049
0.434743 0.895918 0.091262
0.565547 0.824602 -0.013693
0.580176 0.813072 -0.048062
0.581506 0.813467 -0.011049
-0.565547 0.824602 0.013693
-0.581506 0.813467 0.011049
-0.434743 0.895918 -0.091262
-0.565547 0.824602 0.013693
-0.580176 0.813072 0.048062
-0.581506 0.813467 0.011049
0.432393 0.897845 0.083134
0.565547 0.824602 -0.013693
0.434743 0.895918 0.091262
0.432393 0.897845 0.083134
0.434743 0.895918 0.091262
0.273778 0.957106 0.094834
-0.432393 0.897845 -0.083134
-0.434743 0.895918 -0.091262
-0.273778 0.957106 -0.094834
-0.432393 0.897845 -0.083134
-0.565547 0.824602 0.013693
-0.434743 0.895918 -0.091262
0.132384 0.000000 0.991198
0.420520 0.000000 0.907283
0.524029 0.000000 0.851700
0.066752 -0.997399 -0.027176
-0.015647 -0.999870 0.003800
-0.001505 -0.999113 -0.042072
0.992983 -0.116511 0.020270
0.983262 -0.168753 0.068689
0.999611 0.013967 0.024142
0.992983 -0.116511 0.020270
0.999611 0.013967 0.024142
0.999293 0.023078 -0.029664
0.268935 -0.951798 -0.147496
-0.208456 -0.963385 -0.168630
-0.073737 -0.993929 -0.081661
-0.073737 -0.993929 -0.081661
0.059706 -0.997062 -0.047988
0.090219 -0.992228 -0.085700
-0.097976 -0.995070 0.015381
-0.309966 -0.950364 0.026999
-0.277321 -0.960621 0.017313
-0.097976 -0.995070 0.015381
-0.289818 -0.956407 0.035919
-0.309966 -0.950364 0.026999
-0.734559 -0.678378 -0.015070
-0.809187 -0.587060 -0.024027
-0.877666 -0.479025 -0.015388
-0.856834 -0.515582 -0.003415
-0.939825 -0.341641 -0.003278
-0.920488 -0.390668 0.009017
-0.680443 -0.732018 0.033878
-0.849447 -0.526055 0.041298
-0.722372 -0.691426 0.010465
-0.680443 -0.732018 0.033878
-0.829101 -0.555575 0.062669
-0.849447 -0.526055 0.041298
0.707427 0.698893 0.105332
0.784564 0.615385 0.075897
0.558224 0.815168 0.154554
0.866742 -0.378462 -0.324845
0.967228 -0.143823 -0.209248
0.971782 -0.077228 -0.222880
-0.707427 0.698893 -0.105332
-0.784564 0.615385 -0.075897
-0.558224 0.815168 -0.154554
-0.866742 -0.378462 0.324845
-0.967228 -0.143823 0.209248
-0.971782 -0.077228 0.222880
0.996894 -0.075101 -0.023719
0.909555 -0.413631 -0.040249
0.940272 -0.338627 -0.034929
0.999448 0.029934 -0.014378
0.993678 0.111925 -0.008774
0.992370 0.121402 -0.021509
-0.985849 -0.167624 -0.002043
-0.997095 -0.075791 -0.007552
-0.991849 0.126455 0.015668
-0.856834 -0.515582 -0.003415
-0.877666 -0.479025 -0.015388
-0.939825 -0.341641 -0.003278
0.529442 -0.847187 -0.044330
0.743412 -0.667928 -0.034795
0.537969 -0.841227 -0.054091
0.318637 -0.946105 -0.057934
0.537969 -0.841227 -0.054091
0.321035 -0.944382 -0.071269
0.506664 0.861585 -0.031035
0.418976 0.907666 -0.024538
0.304498 0.950841 -0.056405
0.506664 0.861585 -0.031035
0.304498 0.950841 -0.056405
0.403049 0.915178 0.000962
-0.506664 0.861585 0.031035
-0.418976 0.907666 0.024538
-0.304498 0.950841 0.056405
-0.506664 0.861585 0.031035
-0.304498 0.950841 0.056405
-0.403049 0.915178 -0.000962
0.632818 -0.728819 -0.261467
0.400536 -0.881826 -0.248907
0.268935 -0.951798 -0.147496
0.974648 -0.137949 -0.176156
0.866742 -0.378462 -0.324845
0.962475 -0.180607 -0.202540
-0.632818 -0.728819 0.261467
-0.400536 -0.881826 0.248907
-0.268935 -0.951798 0.147496
-0.974648 -0.137949 0.176156
-0.866742 -0.378462 0.324845
-0.962475 -0.180607 0.202540
-0.986694 0.161611 0.017802
-0.991849 0.126455 0.015668
-0.951999 0.305817 0.013157
-0.982597 0.185195 0.014333
-0.951999 0.305817 0.013157
-0.955768 0.294110 0.002620
0.006444 0.998618 0.052161
0.056204 0.998404 -0.005498
0.048617 0.998761 -0.010629
-0.602447 0.000000 0.798159
-0.618780 0.000000 0.785564
-0.739071 0.000000 0.673628
-0.908381 0.000000 -0.418144
-0.707351 0.000000 -0.706863
-0.785564 0.000000 -0.618780
0.009971 -0.999871 -0.012587
0.005332 -0.999945 -0.009077
0.020670 -0.999755 -0.007940
0.772337 -0.635206 -0.002926
0.915351 -0.402642 -0.003463
0.941019 -0.337937 0.016776
0.772337 -0.635206 -0.002926
0.937345 -0.348366 -0.005074
0.915351 -0.402642 -0.003463
-0.051769 -0.998576 -0.012850
0.189362 -0.981602 -0.024493
0.145458 -0.988906 -0.030111
0.500784 -0.863445 -0.060653
0.721878 -0.689541 -0.058527
0.640827 -0.763647 -0.078639
-0.986694 0.161611 0.017802
-0.951999 0.305817 0.013157
-0.982597 0.185195 0.014333
-0.998095 -0.058907 0.018359
-0.978157 -0.206193 0.026339
-0.998494 -0.050232 0.022038
-0.877520 0.000000 -0.479540
-0.907283 0.000000 -0.420520
-0.785564 0.000000 -0.618780
-0.748342 0.000000 -0.663313
-0.618780 0.000000 -0.785564
-0.385157 0.000000 -0.922851
-0.548805 0.828880 -0.108496
-0.558224 0.815168 -0.154554
-0.491934 0.867092 -0.078436
-0.491934 0.867092 -0.078436
-0.558224 0.815168 -0.154554
-0.434984 0.895460 -0.094550
0.491934 0.867092 0.078436
0.558224 0.815168 0.154554
0.434984 0.895460 0.094550
0.548805 0.828880 0.108496
0.558224 0.815168 0.154554
0.491934 0.867092 0.078436
0.903215 -0.428657 0.021365
0.941019 -0.337937 0.016776
0.961403 -0.274555 0.018014
0.998049 -0.061428 0.011123
0.989453 0.144819 0.003227
0.999775 0.019821 0.007577
0.414056 0.910011 -0.020921
0.529387 0.848102 0.021748
0.580151 0.814429 -0.011428
0.414056 0.910011 -0.020921
0.580151 0.814429 -0.011428
0.486249 0.868123 -0.099620
0.543298 0.831082 -0.118869
0.619498 0.776254 -0.116841
0.747467 0.639092 -0.181258
0.904349 -0.415504 0.097513
0.619498 0.776254 -0.116841
0.543298 0.831082 -0.118869
-0.543298 0.831082 0.118869
-0.619498 0.776254 0.116841
-0.747467 0.639092 0.181258
-0.904349 -0.415504 -0.097513
-0.619498 0.776254 0.116841
-0.543298 0.831082 0.118869
0.347986 -0.937458 -0.008868
0.645832 -0.763478 -0.001837
0.301059 -0.953588 0.005880
0.177935 -0.983464 -0.033729
0.347986 -0.937458 -0.008868
0.301059 -0.953588 0.005880
-0.827902 -0.559862 0.033645
-0.978157 -0.206193 0.026339
-0.835036 -0.548934 0.037238
-0.318637 -0.946105 0.057934
-0.519674 -0.853653 0.034861
-0.529442 -0.847187 0.044330
0.835997 0.547265 -0.040133
0.712482 0.701055 -0.029856
0.863666 0.503703 -0.019070
0.780408 0.623259 -0.050107
0.712482 0.701055 -0.029856
0.835997 0.547265 -0.040133
-0.835997 0.547265 0.040133
-0.712482 0.701055 0.029856
-0.863666 0.503703 0.019070
-0.780408 0.623259 0.050107
-0.712482 0.701055 0.029856
-0.835997 0.547265 0.040133
-0.027251 0.999142 0.031173
-0.016781 0.999043 0.040391
-0.140149 0.990075 0.010472
0.747675 0.000000 -0.664065
0.687940 0.000000 -0.725768
0.618780 0.000000 -0.785564
0.864535 0.502342 0.015217
0.732480 0.680651 0.013705
0.860196 0.509629 0.018449
0.366054 0.930593 0.001179
0.145604 0.989272 -0.011817
0.368213 0.929740 -0.001693
0.525846 0.846302 -0.085199
0.606769 0.779938 -0.153390
0.707163 0.690529 -0.151953
0.525846 0.846302 -0.085199
0.707163 0.690529 -0.151953
0.565547 0.824602 -0.013693
-0.525846 0.846302 0.085199
-0.606769 0.779938 0.153390
-0.707163 0.690529 0.151953
-0.525846 0.846302 0.085199
-0.707163 0.690529 0.151953
-0.565547 0.824602 0.013693
-0.203832 0.978979 -0.007322
-0.022420 0.999486 -0.022927
-0.245732 0.969044 0.023861
-0.296629 0.954606 0.027187
-0.022420 0.999486 -0.022927
-0.203832 0.978979 -0.007322
0.065989 -0.996303 0.055015
0.153456 -0.983816 0.092510
0.239857 -0.965758 0.098897
0.239857 -0.965758 0.098897
0.316894 -0.948250 -0.020022
0.065989 -0.996303 0.055015
-0.735818 0.677085 -0.011326
-0.575876 0.817516 -0.005877
-0.732480 0.680651 -0.013705
-0.948625 0.315679 -0.021374
-0.998104 -0.057364 -0.022293
-0.952147 0.305120 -0.017826
0.051769 -0.998576 0.012850
-0.145458 -0.988906 0.030111
-0.242085 -0.968508 0.058200
0.051769 -0.998576 0.012850
-0.189362 -0.981602 0.024493
-0.145458 -0.988906 0.030111
0.780748 0.624791 -0.008257
0.845530 0.533545 -0.020193
0.956489 0.290482 -0.027363
0.780748 0.624791 -0.008257
0.506664 0.861585 -0.031035
0.719334 0.693872 -0.033164
-0.780748 0.624791 0.008257
-0.845530 0.533545 0.020193
-0.956489 0.290482 0.027363
-0.780748 0.624791 0.008257
-0.506664 0.861585 0.031035
-0.719334 0.693872 0.033164
-0.022336 0.999671 -0.012632
-0.214042 0.976763 -0.010947
-0.213477 0.976876 0.011846
-0.143571 0.988780 -0.041235
-0.214042 0.976763 -0.010947
-0.022336 0.999671 -0.012632
-0.888530 -0.418551 0.187960
-0.974648 -0.137949 0.176156
-0.913522 -0.352519 0.202997
-0.332822 -0.938491 0.092002
-0.742697 -0.653145 0.147659
-0.660902 -0.730559 0.171734
0.888530 -0.418551 -0.187960
0.988576 -0.073033 -0.131850
0.913522 -0.352519 -0.202997
0.332822 -0.938491 -0.092002
0.742697 -0.653145 -0.147659
0.660902 -0.730559 -0.171734
-0.655944 -0.754654 -0.015333
-0.227564 -0.973160 -0.034266
-0.637892 -0.768156 -0.055056
-0.348810 -0.936946 -0.021548
-0.638612 -0.769173 -0.023377
-0.227556 -0.973268 -0.031096
0.554721 -0.829038 -0.070568
0.753275 -0.655698 -0.051348
0.849429 -0.525760 -0.045228
0.849429 -0.525760 -0.045228
0.828068 -0.558563 -0.048079
0.554721 -0.829038 -0.070568
-0.196409 0.000000 -0.980522
-0.208535 0.000000 -0.978015
-0.000000 0.000000 -1.000000
-0.385157 0.000000 -0.922851
-0.618780 0.000000 -0.785564
-0.420520 0.000000 -0.907283
-0.899167 -0.437089 -0.021278
-0.830523 -0.553094 -0.065710
-0.999611 0.013967 -0.024144
-0.999611 0.013967 -0.024144
-0.999293 0.023078 0.029664
-0.899167 -0.437089 -0.021278
0.023190 0.998864 0.041639
0.244846 0.967147 0.068392
-0.112365 0.988608 0.100139
0.023152 0.992050 0.123698
0.244846 0.967147 0.068392
0.112505 0.985729 0.125221
-0.023190 0.998864 -0.041639
-0.244846 0.967147 -0.068392
0.112365 0.988608 -0.100139
-0.023152 0.992050 -0.123698
-0.244846 0.967147 -0.068392
-0.112505 0.985729 -0.125221
0.680443 -0.732018 -0.033878
0.849447 -0.526055 -0.041298
0.722372 -0.691426 -0.010465
0.680443 -0.732018 -0.033878
0.829101 -0.555575 -0.062669
0.849447 -0.526055 -0.041298
0.952265 0.304760 0.017677
0.864535 0.502342 0.015217
0.860196 0.509629 0.018449
0.935356 -0.353307 0.016852
0.997113 -0.072524 -0.022481
0.995043 0.097681 0.018638
0.797065 -0.602860 -0.035334
0.951516 -0.304643 -0.042540
0.774349 -0.632398 0.021355
0.995745 -0.079147 -0.047195
0.951516 -0.304643 -0.042540
0.797065 -0.602860 -0.035334
0.226904 0.969750 -0.089997
0.069862 0.992061 -0.104567
0.304498 0.950841 -0.056405
0.226904 0.969750 -0.089997
0.023716 0.992673 -0.118479
0.069862 0.992061 -0.104567
-0.226904 0.969750 0.089997
-0.069862 0.992061 0.104567
-0.304498 0.950841 0.056405
-0.226904 0.969750 0.089997
-0.023716 0.992673 0.118479
-0.069862 0.992061 0.104567
0.940272 -0.338627 -0.034929
0.998095 -0.058907 -0.018359
0.994814 -0.099862 -0.019312
0.982597 0.185195 -0.014333
0.955768 0.294110 -0.002620
0.986372 0.164329 -0.008086
-0.855744 -0.516809 -0.024694
-0.941019 -0.337937 -0.016776
-0.903215 -0.428657 -0.021365
-0.809187 -0.587060 -0.024027
-0.903215 -0.428657 -0.021365
-0.877666 -0.479025 -0.015388
0.969066 0.246535 -0.011481
0.999927 0.000365 -0.012114
0.983113 0.176804 -0.047207
0.969066 0.246535 -0.011481
0.998476 0.055146 -0.002164
0.999927 0.000365 -0.012114
0.971121 0.234259 -0.045243
0.902201 0.428230 -0.051496
0.992191 0.112357 -0.054150
0.971121 0.234259 -0.045243
0.904303 0.425474 -0.034755
0.902201 0.428230 -0.051496
-0.971121 0.234259 0.045243
-0.902201 0.428230 0.051496
-0.992191 0.112357 0.054150
-0.971121 0.234259 0.045243
-0.904303 0.425474 0.034755
-0.902201 0.428230 0.051496
0.112282 0.992054 -0.056754
0.012544 0.997241 -0.073168
0.009816 0.998282 0.057758
0.112282 0.992054 -0.056754
-0.056495 0.985420 -0.160484
0.012544 0.997241 -0.073168
-0.112282 0.992054 0.056754
0.056495 0.985420 0.160484
-0.012544 0.997241 0.073168
-0.009952 0.998291 -0.057576
-0.112282 0.992054 0.056754
-0.012544 0.997241 0.073168
0.043337 -0.998907 -0.017520
0.309966 -0.950364 -0.026999
0.105199 -0.994363 -0.013208
0.309966 -0.950364 -0.026999
0.371066 -0.928373 -0.020811
0.105199 -0.994363 -0.013208
0.420520 0.000000 0.907283
0.384957 0.000000 0.922934
0.618780 0.000000 0.785564
0.208535 0.000000 0.978015
0.196303 0.000000 0.980543
0.384957 0.000000 0.922934
0.164221 0.985930 -0.031207
0.213477 0.976876 -0.011846
0.390820 0.916339 -0.087073
-0.022420 0.999486 -0.022927
0.213477 0.976876 -0.011846
0.164221 0.985930 -0.031207
0.022420 0.999486 0.022927
-0.213477 0.976876 0.011846
-0.164221 0.985930 0.031207
-0.164221 0.985930 0.031207
-0.213477 0.976876 0.011846
-0.390820 0.916339 0.087073
0.574157 0.818707 -0.007902
0.366054 0.930593 0.001179
0.575927 0.817481 0.005809
0.378823 0.925462 0.003648
0.366054 0.930593 0.001179
0.574157 0.818707 -0.007902
0.855744 -0.516809 0.024694
0.941019 -0.337937 0.016776
0.903215 -0.428657 0.021365
0.619672 -0.784532 0.022739
0.746899 -0.664374 0.027365
0.809187 -0.587060 0.024027
0.822122 -0.569270 -0.006843
0.856834 -0.515582 0.003415
0.920488 -0.390668 -0.009017
0.982251 -0.187358 -0.008969
0.985849 -0.167624 0.002043
0.991849 0.126455 -0.015668
0.111474 0.978502 0.173512
0.356713 0.900897 0.247266
0.303350 0.924017 0.232748
0.356713 0.900897 0.247266
0.558224 0.815168 0.154554
0.491153 0.845641 0.208950
-0.356713 0.900897 -0.247266
-0.558224 0.815168 -0.154554
-0.491153 0.845641 -0.208950
-0.111474 0.978502 -0.173512
-0.356713 0.900897 -0.247266
-0.303350 0.924017 -0.232748
0.519674 -0.853653 -0.034861
0.509008 -0.860378 -0.025721
0.743412 -0.667928 -0.034795
0.950610 -0.309034 -0.028949
0.996795 -0.076359 -0.023858
0.998095 -0.058907 -0.018359
0.035255 0.992004 -0.121181
-0.303350 0.924017 -0.232748
-0.056495 0.985420 -0.160484
0.035255 0.992004 -0.121181
-0.056495 0.985420 -0.160484
0.112282 0.992054 -0.056754
-0.035255 0.992004 0.121181
0.056495 0.985420 0.160484
-0.112282 0.992054 0.056754
-0.035255 0.992004 0.121181
0.303350 0.924017 0.232748
0.056495 0.985420 0.160484
0.066752 -0.997399 -0.027176
0.085216 -0.993110 -0.080443
0.165545 -0.984750 -0.053496
0.557958 -0.827034 -0.068546
0.345418 -0.937121 -0.049911
0.337531 -0.938244 -0.075965
-0.332822 -0.938491 0.092002
-0.519496 -0.847909 0.105707
-0.742697 -0.653145 0.147659
-0.059706 -0.997062 0.047988
0.051769 -0.998576 0.012850
-0.242085 -0.968508 0.058200
0.332822 -0.938491 -0.092002
0.519496 -0.847909 -0.105707
0.742697 -0.653145 -0.147659
0.059706 -0.997062 -0.047988
-0.051769 -0.998576 -0.012850
0.242085 -0.968508 -0.058200
0.054129 -0.944492 -0.324046
0.013203 -0.965526 -0.259972
0.039782 -0.950333 -0.308683
0.494253 -0.775280 -0.393261
0.689258 -0.620151 -0.374613
0.866742 -0.378462 -0.324845
-0.054129 -0.944492 0.324046
-0.013203 -0.965526 0.259972
-0.039782 -0.950333 0.308683
-0.494253 -0.775280 0.393261
-0.689258 -0.620151 0.374613
-0.866742 -0.378462 0.324845
0.159948 -0.986854 0.023148
0.181234 -0.982941 0.031317
0.158556 -0.987176 0.018549
0.349678 -0.936712 0.017216
0.566017 -0.824211 -0.017342
0.566464 -0.823894 0.017796
0.566146 0.823022 0.045973
0.548805 0.828880 0.108496
0.491934 0.867092 0.078436
0.612060 0.790809 0.001976
0.548805 0.828880 0.108496
0.566146 0.823022 0.045973
-0.612060 0.790809 -0.001976
-0.548805 0.828880 -0.108496
-0.566146 0.823022 -0.045973
-0.566146 0.823022 -0.045973
-0.548805 0.828880 -0.108496
-0.491934 0.867092 -0.078436
0.707018 0.000000 0.707196
0.785564 0.000000 0.618780
0.908142 0.000000 0.418663
-0.009976 -0.999871 0.012591
-0.005341 -0.999945 0.009083
-0.006105 -0.999974 -0.003860
-0.734608 0.678339 0.014363
-0.574157 0.818707 0.007902
-0.735818 0.677085 -0.011326
-0.565225 0.824784 0.015896
-0.574157 0.818707 0.007902
-0.734608 0.678339 0.014363
-0.386119 0.000000 0.922449
-0.429472 0.000000 0.903080
-0.472091 0.000000 0.881550
-0.386119 0.000000 0.922449
-0.472091 0.000000 0.881550
-0.546022 0.000000 0.837771
0.472091 0.000000 -0.881550
0.545860 0.000000 -0.837876
0.385903 0.000000 -0.922539
0.385903 0.000000 -0.922539
0.429011 0.000000 -0.903299
0.472091 0.000000 -0.881550
0.000000 0.000000 -1.000000
0.198087 0.000000 -0.980184
0.000000 0.000000 -1.000000
0.054621 0.998448 -0.010874
0.035978 0.999163 -0.019480
0.049073 0.998665 -0.016144
0.420520 0.000000 0.907283
0.478527 0.000000 0.878073
0.618702 0.000000 0.785626
0.208535 0.000000 0.978015
0.000000 0.000000 1.000000
0.312092 0.000000 0.950052
0.999448 0.029934 -0.014378
0.996894 -0.075101 -0.023719
0.940272 -0.338627 -0.034929
0.940272 -0.338627 -0.034929
0.994814 -0.099862 -0.019312
0.986028 -0.164892 -0.023646
-0.072178 0.997382 0.004452
-0.062934 0.998009 0.004202
-0.006444 0.998618 -0.052161
-0.420520 0.000000 -0.907283
-0.262457 0.000000 -0.964944
-0.657710 0.000000 -0.753271
-0.722372 -0.691426 0.010465
-0.882385 -0.470385 0.011592
-0.906309 -0.422609 0.002135
-0.722372 -0.691426 0.010465
-0.849447 -0.526055 0.041298
-0.882385 -0.470385 0.011592
-0.940272 -0.338627 0.034929
-0.986028 -0.164892 0.023646
-0.968470 -0.247268 0.030395
-0.996894 -0.075101 0.023719
-0.999448 0.029934 0.014378
-0.985123 0.170394 0.022317
-0.434743 0.895918 -0.091262
-0.581506 0.813467 0.011049
-0.435677 0.895424 -0.091661
-0.434743 0.895918 -0.091262
-0.435677 0.895424 -0.091661
-0.273778 0.957106 -0.094834
0.434743 0.895918 0.091262
0.435677 0.895424 0.091661
0.273778 0.957106 0.094834
0.434743 0.895918 0.091262
0.581506 0.813467 -0.011049
0.435677 0.895424 0.091661
-0.756527 0.000000 0.653962
-0.862823 0.000000 0.505506
-0.852629 0.000000 0.522517
-0.009696 -0.999891 0.011148
-0.012584 -0.999898 0.006758
0.158556 -0.987176 0.018549
0.426838 0.901504 0.071418
0.433677 0.897062 0.084872
0.607322 0.794439 -0.005101
0.426838 0.901504 0.071418
0.273778 0.957106 0.094834
0.433677 0.897062 0.084872
-0.433677 0.897062 -0.084872
-0.426838 0.901504 -0.071418
-0.273778 0.957106 -0.094834
-0.433677 0.897062 -0.084872
-0.607322 0.794439 0.005101
-0.426838 0.901504 -0.071418
0.367540 0.929985 0.006462
0.084592 0.995696 0.037857
0.273778 0.957106 0.094834
0.077481 0.991121 0.108055
0.273778 0.957106 0.094834
0.084592 0.995696 0.037857
-0.077481 0.991121 -0.108055
-0.273778 0.957106 -0.094834
-0.084592 0.995696 -0.037857
-0.273778 0.957106 -0.094834
-0.367540 0.929985 -0.006462
-0.084592 0.995696 -0.037857
0.043388 0.998817 -0.021956
0.027245 0.999142 -0.031179
0.043256 0.998888 -0.018762
-0.785564 0.000000 -0.618780
-0.670232 0.000000 -0.742152
-0.890273 0.000000 -0.455428
0.581506 0.813467 -0.011049
0.596222 0.802771 -0.008814
0.435677 0.895424 0.091661
0.580176 0.813072 -0.048062
0.596222 0.802771 -0.008814
0.581506 0.813467 -0.011049
-0.581506 0.813467 0.011049
-0.596222 0.802771 0.008814
-0.435677 0.895424 -0.091661
-0.580176 0.813072 0.048062
-0.596222 0.802771 0.008814
-0.581506 0.813467 0.011049
-1.000000 0.000000 -0.000000
-0.984466 0.000000 -0.175573
-0.978015 0.000000 -0.208535
-0.978015 0.000000 -0.208535
-0.990642 0.000000 -0.136485
-1.000000 0.000000 -0.000000
-0.978015 0.000000 -0.208535
-0.991340 0.000000 -0.131322
-1.000000 0.000000 -0.000000
-1.000000 0.000000 -0.000000
-0.984452 0.000000 -0.175654
-0.978015 0.000000 -0.208535
0.554721 -0.829038 -0.070568
0.755789 -0.653214 -0.045768
0.753275 -0.655698 -0.051348
0.951647 -0.305740 -0.029859
0.998095 -0.058907 -0.018359
0.943028 -0.331175 -0.031954
0.772901 -0.631407 0.062843
0.868777 -0.490667 0.066876
0.899160 -0.437103 0.021286
0.774349 -0.632398 0.021355
0.935356 -0.353307 0.016852
0.870488 -0.491693 0.022111
0.098372 -0.995108 -0.009073
0.161504 -0.986695 -0.018696
0.137153 -0.990550 -0.000776
-0.326461 0.943034 -0.064115
-0.514940 0.848683 -0.120723
-0.485741 0.871084 -0.072592
-0.000000 0.000000 -1.000000
-0.000000 0.000000 -1.000000
-0.000000 0.000000 -1.000000
0.180389 0.982447 -0.047519
-0.143571 0.988780 -0.041235
-0.022336 0.999671 -0.012632
0.000000 0.000000 1.000000
0.000000 0.000000 1.000000
0.000000 0.000000 1.000000
-0.180517 0.982423 0.047528
0.143540 0.988785 0.041234
0.022336 0.999671 0.012632
-0.852755 -0.511822 0.104153
-0.985310 -0.127960 0.113097
-0.742697 -0.653145 0.147659
-0.989864 -0.119131 0.077309
-0.985310 -0.127960 0.113097
-0.852755 -0.511822 0.104153
-0.054765 -0.998396 0.014360
-0.097976 -0.995070 0.015381
-0.100543 -0.994638 0.024227
-0.161504 -0.986695 0.018696
-0.054765 -0.998396 0.014360
-0.100543 -0.994638 0.024227
0.905246 -0.408719 -0.116099
0.985310 -0.127960 -0.113097
0.742697 -0.653145 -0.147659
0.989864 -0.119131 -0.077309
0.985310 -0.127960 -0.113097
0.905246 -0.408719 -0.116099
-0.922517 -0.383829 0.040460
-0.797065 -0.602860 0.035334
-0.995745 -0.079147 0.047195
-0.797065 -0.602860 0.035334
-0.922517 -0.383829 0.040460
-0.638612 -0.769173 -0.023377
0.070789 0.993781 -0.085956
-0.006444 0.998618 -0.052161
0.036621 0.997297 -0.063695
0.111474 0.978502 0.173512
-0.006444 0.998618 -0.052161
0.070789 0.993781 -0.085956
0.245732 0.969044 -0.023861
-0.023190 0.998864 -0.041639
0.190967 0.978878 -0.073004
0.003446 0.999805 0.019462
-0.270532 0.961541 0.047445
-0.023190 0.998864 -0.041639
-0.003446 0.999805 -0.019462
0.270532 0.961541 -0.047445
0.023190 0.998864 0.041639
-0.245732 0.969044 0.023861
0.023190 0.998864 0.041639
-0.190967 0.978878 0.073004
-0.111474 0.978502 -0.173512
0.006444 0.998618 0.052161
-0.070789 0.993781 0.085956
-0.070789 0.993781 0.085956
0.006444 0.998618 0.052161
-0.036621 0.997297 0.063695
0.214042 0.976763 0.010947
0.326454 0.943036 0.064114
0.332931 0.942839 0.014570
0.214042 0.976763 0.010947
0.332931 0.942839 0.014570
0.213477 0.976876 -0.011846
-0.257798 -0.964388 0.059127
-0.224679 -0.973017 0.052508
-0.307786 -0.943076 0.125998
-0.190812 -0.980988 0.035390
-0.224679 -0.973017 0.052508
-0.257798 -0.964388 0.059127
0.257798 -0.964388 -0.059127
0.224679 -0.973017 -0.052508
0.307786 -0.943076 -0.125998
0.190812 -0.980988 -0.035390
0.224679 -0.973017 -0.052508
0.257798 -0.964388 -0.059127
-0.127291 -0.951112 -0.281395
0.299261 -0.881021 -0.366395
0.176275 -0.917201 -0.357309
-0.127291 -0.951112 -0.281395
0.069464 -0.937258 -0.341647
-0.093535 -0.948361 -0.303089
0.127291 -0.951112 0.281395
-0.069464 -0.937258 0.341647
0.093535 -0.948361 0.303089
0.127291 -0.951112 0.281395
-0.299261 -0.881021 0.366395
-0.176275 -0.917201 0.357309
0.013203 -0.965526 -0.259972
-0.127291 -0.951112 -0.281395
-0.208456 -0.963385 -0.168630
0.268935 -0.951798 -0.147496
0.013203 -0.965526 -0.259972
-0.208456 -0.963385 -0.168630
-0.268935 -0.951798 0.147496
-0.013203 -0.965526 0.259972
0.208456 -0.963385 0.168630
-0.013203 -0.965526 0.259972
0.127291 -0.951112 0.281395
0.208456 -0.963385 0.168630
-0.553207 0.831887 0.043896
-0.408404 0.911377 0.050972
-0.296629 0.954606 0.027187
-0.408404 0.911377 0.050972
-0.180517 0.982423 0.047528
-0.296629 0.954606 0.027187
0.408404 0.911377 -0.050972
0.180389 0.982447 -0.047519
0.296629 0.954606 -0.027187
0.553207 0.831887 -0.043896
0.408404 0.911377 -0.050972
0.296629 0.954606 -0.027187
0.467024 -0.884003 -0.020686
0.466633 -0.884375 0.011635
0.656666 -0.753745 -0.025665
0.467024 -0.884003 -0.020686
0.656666 -0.753745 -0.025665
0.392491 -0.919103 -0.034647
-0.357203 -0.933991 0.008162
-0.365623 -0.924966 0.103724
-0.364791 -0.926021 0.097025
-0.364791 -0.926021 0.097025
-0.365623 -0.924966 0.103724
-0.307786 -0.943076 0.125998
0.357203 -0.933991 -0.008162
0.365623 -0.924966 -0.103724
0.364791 -0.926021 -0.097025
0.364791 -0.926021 -0.097025
0.365623 -0.924966 -0.103724
0.307786 -0.943076 -0.125998
0.866742 -0.378462 -0.324845
0.470115 -0.785335 -0.402791
0.494253 -0.775280 -0.393261
-0.127291 -0.951112 -0.281395
0.176275 -0.917201 -0.357309
0.069464 -0.937258 -0.341647
0.127291 -0.951112 0.281395
-0.176275 -0.917201 0.357309
-0.069464 -0.937258 0.341647
-0.866742 -0.378462 0.324845
-0.470115 -0.785335 0.402791
-0.494253 -0.775280 0.393261
-0.467024 -0.884003 0.020686
-0.656666 -0.753745 0.025665
-0.392491 -0.919103 0.034647
-0.467024 -0.884003 0.020686
-0.466654 -0.884364 -0.011625
-0.656666 -0.753745 0.025665
0.999611 0.013967 0.024142
0.998285 0.055617 0.018255
0.998210 0.053000 -0.027697
0.999611 0.013967 0.024142
0.980688 0.192885 0.032357
0.998285 0.055617 0.018255
-0.201981 -0.971391 -0.124912
-0.153474 -0.983809 -0.092549
-0.073737 -0.993929 -0.081661
-0.201981 -0.971391 -0.124912
-0.242443 -0.967261 -0.075017
-0.153474 -0.983809 -0.092549
-0.607322 0.794439 0.005101
-0.612060 0.790809 -0.001976
-0.426838 0.901504 -0.071418
-0.607322 0.794439 0.005101
-0.579869 0.814393 -0.022716
-0.612060 0.790809 -0.001976
0.607322 0.794439 -0.005101
0.612060 0.790809 0.001976
0.426838 0.901504 0.071418
0.607322 0.794439 -0.005101
0.579869 0.814393 0.022716
0.612060 0.790809 0.001976
0.802003 -0.595263 -0.049531
0.557958 -0.827034 -0.068546
0.828068 -0.558563 -0.048079
0.836471 -0.546165 -0.044937
0.557958 -0.827034 -0.068546
0.802003 -0.595263 -0.049531
-0.143391 0.988425 0.049556
-0.147883 0.986480 -0.070619
-0.304498 0.950841 0.056405
-0.304498 0.950841 0.056405
-0.069862 0.992061 0.104567
-0.143391 0.988425 0.049556
0.143391 0.988425 -0.049556
0.147883 0.986480 0.070619
0.304498 0.950841 -0.056405
0.304498 0.950841 -0.056405
0.069862 0.992061 -0.104567
0.143391 0.988425 -0.049556
0.866742 -0.378462 -0.324845
0.980928 0.100546 -0.166344
0.973931 0.019270 -0.226026
0.891800 -0.289063 -0.348044
0.866742 -0.378462 -0.324845
0.936506 -0.196220 -0.290611
-0.866742 -0.378462 0.324845
-0.980928 0.100546 0.166344
-0.973931 0.019270 0.226026
-0.891800 -0.289063 0.348044
-0.866742 -0.378462 0.324845
-0.936506 -0.196220 0.290611
-0.032695 -0.999394 -0.011920
-0.140252 -0.987724 0.068785
-0.066763 -0.997400 0.027142
-0.153474 -0.983809 -0.092549
-0.032695 -0.999394 -0.011920
-0.066763 -0.997400 0.027142
-0.171393 0.980320 0.097961
-0.190967 0.978878 0.073004
-0.112365 0.988608 0.100139
-0.171393 0.980320 0.097961
-0.226904 0.969750 0.089997
-0.190967 0.978878 0.073004
0.171393 0.980320 -0.097961
0.226904 0.969750 -0.089997
0.190967 0.978878 -0.073004
0.171393 0.980320 -0.097961
0.190967 0.978878 -0.073004
0.112365 0.988608 -0.100139
0.797065 -0.602860 -0.035334
0.836471 -0.546165 -0.044937
0.995745 -0.079147 -0.047195
0.995745 -0.079147 -0.047195
0.836471 -0.546165 -0.044937
0.994745 -0.096693 -0.033652
0.316674 -0.948005 -0.031690
0.317219 -0.947314 -0.044357
0.140252 -0.987724 -0.068785
0.140252 -0.987724 -0.068785
0.318637 -0.946105 -0.057934
0.321035 -0.944382 -0.071269
-0.010712 -0.999812 0.016131
-0.012784 -0.999785 0.016313
-0.009671 -0.999771 0.019089
0.000589 0.000000 1.000000
0.208535 0.000000 0.978015
0.185295 0.000000 0.982683
0.161504 -0.986695 -0.018696
0.054754 -0.998397 -0.014360
0.100523 -0.994640 -0.024223
0.100523 -0.994640 -0.024223
0.054754 -0.998397 -0.014360
0.105199 -0.994363 -0.013208
0.170658 -0.984691 -0.035488
0.235786 -0.969537 -0.066362
0.264314 -0.960060 -0.091781
0.235786 -0.969537 -0.066362
0.322638 -0.946062 -0.029506
0.264314 -0.960060 -0.091781
-0.170675 -0.984688 0.035496
-0.235804 -0.969531 0.066384
-0.264314 -0.960060 0.091781
-0.235804 -0.969531 0.066384
-0.322657 -0.946056 0.029517
-0.264314 -0.960060 0.091781
-0.019291 -0.999789 0.007046
-0.006105 -0.999974 -0.003860
-0.001505 -0.999113 -0.042072
-0.001505 -0.999113 -0.042072
-0.015647 -0.999870 0.003800
-0.019291 -0.999789 0.007046
-0.332931 0.942839 -0.014570
-0.504887 0.862330 -0.038404
-0.529387 0.848102 -0.021748
-0.332931 0.942839 -0.014570
-0.485741 0.871084 -0.072592
-0.504887 0.862330 -0.038404
0.929788 0.000000 -0.368095
0.887377 0.000000 -0.461044
0.852629 0.000000 -0.522517
0.852629 0.000000 -0.522517
0.905907 0.000000 -0.423477
0.929788 0.000000 -0.368095
0.112365 0.988608 -0.100139
-0.023152 0.992050 -0.123698
0.171393 0.980320 -0.097961
-0.023152 0.992050 -0.123698
0.112365 0.988608 -0.100139
-0.244846 0.967147 -0.068392
-0.112365 0.988608 0.100139
0.023152 0.992050 0.123698
-0.171393 0.980320 0.097961
0.023152 0.992050 0.123698
-0.112365 0.988608 0.100139
0.244846 0.967147 0.068392
0.316894 -0.948250 -0.020022
0.316674 -0.948005 -0.031690
0.140252 -0.987724 -0.068785
0.316894 -0.948250 -0.020022
0.509008 -0.860378 -0.025721
0.316674 -0.948005 -0.031690
0.326454 0.943036 0.064114
0.514923 0.848694 0.120717
0.485741 0.871084 0.072592
0.000000 0.000000 1.000000
0.000000 0.000000 1.000000
0.000000 0.000000 1.000000
-0.270532 0.961541 0.047445
-0.428980 0.900631 0.069573
-0.244846 0.967147 -0.068392
-0.270532 0.961541 0.047445
-0.390820 0.916339 0.087073
-0.428980 0.900631 0.069573
0.270532 0.961541 -0.047445
0.428980 0.900631 -0.069573
0.244846 0.967147 0.068392
0.270532 0.961541 -0.047445
0.390820 0.916339 -0.087073
0.428980 0.900631 -0.069573
-0.171393 0.980320 0.097961
0.023152 0.992050 0.123698
-0.023716 0.992673 0.118479
-0.171393 0.980320 0.097961
-0.023716 0.992673 0.118479
-0.226904 0.969750 0.089997
0.171393 0.980320 -0.097961
0.023716 0.992673 -0.118479
0.226904 0.969750 -0.089997
0.171393 0.980320 -0.097961
-0.023152 0.992050 -0.123698
0.023716 0.992673 -0.118479
0.239857 -0.965758 0.098897
0.153456 -0.983816 0.092510
0.201976 -0.971394 0.124899
0.201976 -0.971394 0.124899
0.153456 -0.983816 0.092510
0.073737 -0.993929 0.081661
0.660902 -0.730559 -0.171734
0.632818 -0.728819 -0.261467
0.482802 -0.859125 -0.169725
0.632818 -0.728819 -0.261467
0.268935 -0.951798 -0.147496
0.482802 -0.859125 -0.169725
-0.660902 -0.730559 0.171734
-0.632818 -0.728819 0.261467
-0.482802 -0.859125 0.169725
-0.632818 -0.728819 0.261467
-0.268935 -0.951798 0.147496
-0.482802 -0.859125 0.169725
0.268935 -0.951798 -0.147496
0.258445 -0.930404 -0.259911
0.198329 -0.932029 -0.303296
0.683324 -0.651891 -0.328795
0.435487 -0.836226 -0.333283
0.835307 -0.471112 -0.283400
-0.683324 -0.651891 0.328795
-0.435487 -0.836226 0.333283
-0.835307 -0.471112 0.283400
-0.268935 -0.951798 0.147496
-0.258445 -0.930404 0.259911
-0.198329 -0.932029 0.303296
-0.690040 0.722800 0.037482
-0.317332 0.946687 0.055529
-0.584623 0.809534 -0.053581
-0.690040 0.722800 0.037482
-0.550349 0.831117 0.079756
-0.317332 0.946687 0.055529
-0.926279 0.374189 0.044599
-0.933308 0.352119 0.070342
-0.769277 0.637811 0.037555
-0.926279 0.374189 0.044599
-0.769277 0.637811 0.037555
-0.902448 0.430671 0.010536
0.926279 0.374189 -0.044599
0.769277 0.637811 -0.037555
0.902448 0.430671 -0.010536
0.926279 0.374189 -0.044599
0.933308 0.352119 -0.070342
0.769277 0.637811 -0.037555
-0.950315 0.000000 0.311291
-0.852629 0.000000 0.522517
-0.929788 0.000000 0.368095
-0.852629 0.000000 0.522517
-0.906144 0.000000 0.422969
-0.929788 0.000000 0.368095
0.907283 0.000000 0.420520
0.877520 0.000000 0.479540
0.971344 0.000000 0.237680
0.032885 0.999417 0.009230
0.014135 0.998852 0.045761
0.014600 0.999635 0.022735
0.819254 0.000000 -0.573431
0.852629 0.000000 -0.522517
0.953779 0.000000 -0.300510
-0.049274 0.998736 0.009971
-0.046079 0.998844 0.013684
-0.006444 0.998618 -0.052161
-0.012784 -0.999785 0.016313
-0.012733 -0.999775 0.016974
-0.009671 -0.999771 0.019089
-0.208535 0.000000 -0.978015
-0.322359 0.000000 -0.946618
0.000000 0.000000 -1.000000
0.993187 0.116523 0.001405
0.965958 0.258692 -0.001827
0.943756 0.330577 -0.006687
0.993187 0.116523 0.001405
0.980803 0.194991 0.001806
0.965958 0.258692 -0.001827
-0.993187 0.116523 -0.001405
-0.965958 0.258692 0.001827
-0.943756 0.330577 0.006687
-0.993187 0.116523 -0.001405
-0.980803 0.194991 -0.001806
-0.965958 0.258692 0.001827
-0.982251 -0.187358 0.008969
-0.991849 0.126455 0.015668
-0.999105 -0.038439 0.017645
-0.982251 -0.187358 0.008969
-0.985849 -0.167624 -0.002043
-0.991849 0.126455 0.015668
-0.055640 0.998400 0.010047
-0.039231 0.999209 0.006542
-0.050737 0.998608 0.014430
-0.132165 0.000000 0.991228
-0.472091 0.000000 0.881550
-0.445735 0.000000 0.895165
-0.798816 0.000000 0.601576
-0.852629 0.000000 0.522517
-0.950315 0.000000 0.311291
0.011345 0.998976 -0.043806
0.002888 0.998823 -0.048427
0.145604 0.989272 -0.011817
0.892264 -0.355581 -0.278257
0.866742 -0.378462 -0.324845
0.842928 -0.437557 -0.313076
0.683324 -0.651891 -0.328795
0.409370 -0.842825 -0.349375
0.435487 -0.836226 -0.333283
-0.892264 -0.355581 0.278257
-0.866742 -0.378462 0.324845
-0.842928 -0.437557 0.313076
-0.683324 -0.651891 0.328795
-0.409370 -0.842825 0.349375
-0.435487 -0.836226 0.333283
-0.734559 -0.678378 -0.015070
-0.746899 -0.664374 -0.027365
-0.809187 -0.587060 -0.024027
-0.809187 -0.587060 -0.024027
-0.855744 -0.516809 -0.024694
-0.903215 -0.428657 -0.021365
-0.903215 -0.428657 -0.021365
-0.961403 -0.274555 -0.018014
-0.950446 -0.310610 -0.013152
-0.903215 -0.428657 -0.021365
-0.941019 -0.337937 -0.016776
-0.961403 -0.274555 -0.018014
-0.241851 -0.970278 -0.008330
-0.466654 -0.884364 -0.011625
-0.467024 -0.884003 0.020686
-0.241851 -0.970278 -0.008330
-0.227564 -0.973160 -0.034266
-0.466654 -0.884364 -0.011625
-0.951647 -0.305740 0.029859
-0.998095 -0.058907 0.018359
-0.940272 -0.338627 0.034929
-0.978157 -0.206193 0.026339
-0.998095 -0.058907 0.018359
-0.951647 -0.305740 0.029859
0.999775 0.019821 0.007577
0.980803 0.194991 0.001806
0.993187 0.116523 0.001405
0.997095 -0.075791 0.007552
0.999775 0.019821 0.007577
0.993187 0.116523 0.001405
-0.997095 -0.075791 -0.007552
-0.999775 0.019821 -0.007577
-0.993187 0.116523 -0.001405
-0.999775 0.019821 -0.007577
-0.980803 0.194991 -0.001806
-0.993187 0.116523 -0.001405
0.486249 0.868123 -0.099620
0.543298 0.831082 -0.118869
0.525846 0.846302 -0.085199
0.486249 0.868123 -0.099620
0.580151 0.814429 -0.011428
0.543298 0.831082 -0.118869
-0.486249 0.868123 0.099620
-0.580151 0.814429 0.011428
-0.543298 0.831082 0.118869
-0.486249 0.868123 0.099620
-0.543298 0.831082 0.118869
-0.525846 0.846302 0.085199
0.986748 0.000000 -0.162260
0.978015 0.000000 -0.208535
0.925843 0.000000 -0.377908
-0.158580 -0.987170 -0.018654
0.009727 -0.999892 -0.011042
0.012388 -0.999899 -0.006939
-0.321536 -0.946841 -0.010274
-0.519674 -0.853653 0.034861
-0.318637 -0.946105 0.057934
-0.519674 -0.853653 0.034861
-0.321536 -0.946841 -0.010274
-0.589726 -0.807587 0.005200
0.948625 0.315679 0.021374
0.980784 0.192807 0.029788
0.998104 -0.057364 0.022293
0.995043 0.097681 0.018638
0.948625 0.315679 0.021374
0.998104 -0.057364 0.022293
0.732421 0.000000 0.680852
0.618780 0.000000 0.785564
0.466679 0.000000 0.884427
-0.027251 0.999142 0.031173
-0.042730 0.998851 0.021687
-0.044660 0.998783 0.020933
-0.257854 -0.965855 0.025199
-0.218874 -0.975662 0.013307
-0.301059 -0.953588 -0.005880
-0.301059 -0.953588 -0.005880
-0.218874 -0.975662 0.013307
-0.429832 -0.902865 0.008887
0.203832 0.978979 0.007322
0.378994 0.925393 -0.003382
0.296629 0.954606 -0.027187
0.532124 0.846661 0.003067
0.378994 0.925393 -0.003382
0.203832 0.978979 0.007322
0.324404 -0.942538 -0.079899
0.140252 -0.987724 -0.068785
0.321035 -0.944382 -0.071269
0.550462 -0.832013 -0.068894
0.544951 -0.836071 -0.063354
0.554721 -0.829038 -0.070568
0.020670 -0.999755 -0.007940
0.018309 -0.999815 -0.005912
0.019544 -0.999780 -0.007579
-0.785564 0.000000 -0.618780
-0.819301 0.000000 -0.573364
-0.708743 0.000000 -0.705467
-0.902448 0.430671 0.010536
-0.613783 0.789445 0.006859
-0.877319 0.479904 0.001713
-0.877319 0.479904 0.001713
-0.613783 0.789445 0.006859
-0.532124 0.846661 -0.003067
0.941012 0.333345 -0.058121
0.780408 0.623259 -0.050107
0.927770 0.370249 -0.046463
0.741958 0.668735 -0.047870
0.780408 0.623259 -0.050107
0.941012 0.333345 -0.058121
-0.941012 0.333345 0.058121
-0.780408 0.623259 0.050107
-0.927770 0.370249 0.046463
-0.741958 0.668735 0.047870
-0.780408 0.623259 0.050107
-0.941012 0.333345 0.058121
0.009816 0.998282 0.057758
0.070421 0.997513 -0.003076
0.074004 0.997251 -0.003655
1.000000 0.000000 -0.000418
0.987980 0.000000 0.154582
0.985246 0.000000 -0.171141
-0.661755 -0.747244 0.060883
-0.345418 -0.937121 0.049911
-0.669663 -0.740059 0.062162
-0.797380 -0.601308 0.051129
-0.797065 -0.602860 0.035334
-0.661755 -0.747244 0.060883
-0.420520 0.000000 -0.907283
-0.707351 0.000000 -0.706863
-0.379652 0.000000 -0.925129
0.009971 -0.999871 -0.012587
0.012784 -0.999785 -0.016313
0.010712 -0.999812 -0.016131
-0.864384 0.502597 -0.015354
-0.952147 0.305120 -0.017826
-0.863666 0.503703 0.019070
-0.948625 0.315679 -0.021374
-0.952147 0.305120 -0.017826
-0.864384 0.502597 -0.015354
-0.006105 -0.999974 -0.003860
-0.019069 -0.999765 0.010290
-0.017451 -0.999775 0.012021
0.986818 0.000000 -0.161833
0.978015 0.000000 -0.208535
0.859072 0.000000 -0.511855
0.003578 -0.999993 0.001411
0.005332 -0.999945 -0.009077
-0.001705 -0.999985 -0.005237
0.003577 -0.999625 0.027153
-0.001955 -0.999633 0.027009
0.158556 -0.987176 0.018549
0.304498 0.950841 -0.056405
0.147883 0.986480 0.070619
0.204637 0.977730 0.046567
0.204637 0.977730 0.046567
0.147883 0.986480 0.070619
0.175366 0.984139 0.026771
-0.204637 0.977730 -0.046567
-0.147883 0.986480 -0.070619
-0.175366 0.984139 -0.026771
-0.204637 0.977730 -0.046567
-0.304498 0.950841 0.056405
-0.147883 0.986480 -0.070619
-0.746839 0.000000 0.665005
-0.618780 0.000000 0.785564
-0.747260 0.000000 0.664532
-0.618780 0.000000 0.785564
-0.718182 0.000000 0.695855
-0.747260 0.000000 0.664532
0.158556 -0.987176 0.018549
-0.001955 -0.999633 0.027009
-0.002084 -0.999646 0.026533
-0.906144 0.000000 0.422969
-0.984246 0.000000 0.176805
-0.929788 0.000000 0.368095
-0.208456 -0.963385 -0.168630
-0.201833 -0.942881 -0.265024
-0.313264 -0.925503 -0.212861
0.042599 -0.934219 -0.354148
-0.142239 -0.947316 -0.286986
0.048981 -0.935120 -0.350929
0.208456 -0.963385 0.168630
0.201833 -0.942881 0.265024
0.313264 -0.925503 0.212861
-0.042599 -0.934219 0.354148
0.142239 -0.947316 0.286986
-0.048981 -0.935120 0.350929
-0.550349 0.831117 0.079756
-0.358468 0.928468 0.097197
-0.317332 0.946687 0.055529
-0.370244 0.928933 0.001548
-0.360191 0.932879 0.000457
-0.552026 0.833746 -0.011609
-0.345418 -0.937121 0.049911
-0.678198 -0.732719 0.056297
-0.675496 -0.734868 0.060608
-0.829511 -0.556659 0.045185
-0.940272 -0.338627 0.034929
-0.816254 -0.575637 0.048692
-0.069862 0.992061 0.104567
0.112505 0.985729 0.125221
0.077481 0.991121 0.108055
-0.069862 0.992061 0.104567
0.077481 0.991121 0.108055
-0.143391 0.988425 0.049556
0.069862 0.992061 -0.104567
-0.077481 0.991121 -0.108055
0.143391 0.988425 -0.049556
0.069862 0.992061 -0.104567
-0.112505 0.985729 -0.125221
-0.077481 0.991121 -0.108055
0.170658 -0.984691 -0.035488
0.190812 -0.980988 -0.035390
0.100523 -0.994640 -0.024223
0.224679 -0.973017 -0.052508
0.190812 -0.980988 -0.035390
0.170658 -0.984691 -0.035488
-0.224679 -0.973017 0.052508
-0.190812 -0.980988 0.035390
-0.170675 -0.984688 0.035496
-0.170675 -0.984688 0.035496
-0.190812 -0.980988 0.035390
-0.100543 -0.994638 0.024227
-0.009952 0.998291 -0.057576
-0.067814 0.997692 0.003531
-0.073197 0.997312 0.003242
-1.000000 0.000000 -0.000000
-0.990642 0.000000 -0.136485
-0.931872 0.000000 0.362788
-0.759444 -0.650568 0.002242
-0.722372 -0.691426 0.010465
-0.906309 -0.422609 0.002135
-0.759444 -0.650568 0.002242
-0.906309 -0.422609 0.002135
-0.798219 -0.602366 0.001084
0.905907 0.000000 -0.423477
0.984217 0.000000 -0.176968
0.929788 0.000000 -0.368095
-0.158580 -0.987170 -0.018654
0.001955 -0.999633 -0.027009
0.002084 -0.999646 -0.026532
-0.772337 -0.635206 0.002926
-0.915351 -0.402642 0.003463
-0.941019 -0.337937 -0.016776
-0.772337 -0.635206 0.002926
-0.937345 -0.348366 0.005074
-0.915351 -0.402642 0.003463
0.466679 0.000000 0.884427
0.618780 0.000000 0.785564
0.420520 0.000000 0.907283
0.520668 0.000000 0.853759
0.420520 0.000000 0.907283
0.618780 0.000000 0.785564
-0.741255 -0.671112 0.012222
-0.856834 -0.515582 -0.003415
-0.927078 -0.374413 0.018452
-0.741255 -0.671112 0.012222
-0.927078 -0.374413 0.018452
-0.815119 -0.578531 0.029703
-0.177935 -0.983464 0.033729
-0.257854 -0.965855 0.025199
-0.235804 -0.969531 0.066384
-0.177935 -0.983464 0.033729
-0.218874 -0.975662 0.013307
-0.257854 -0.965855 0.025199
</float_array>
          <technique_common>
            <accessor source="#propeller-Normal0-array" count="3654" stride="3">
              <param name="X" type="float"/>
              <param name="Y" type="float"/>
              <param name="Z" type="float"/>
            </accessor>
          </technique_common>
        </source>
        <vertices id="propeller-VERTEX">
          <input semantic="POSITION" source="#propeller-POSITION"/>
        </vertices>
        <triangles count="1218" material="CarbonFBXASC032FiberFBXASC032-FBXASC032Twill">
          <input semantic="VERTEX" offset="0" source="#propeller-VERTEX"/>
          <input semantic="NORMAL" offset="1" source="#propeller-Normal0"/>
          <p> 42 0 46 1 597 2 445 3 126 4 405 5 441 6 243 7 497 8 225 9 446 10 317 11 408 12 431 13 62 14 168 15 531 16 419 17 247 18 445 19 416 20 383 21 385 22 573 23 464 24 494 25 180 26 194 27 569 28 364 29 44 30 23 31 596 32 251 33 49 34 44 35 218 36 257 37 202 38 223 39 180 40 494 41 422 42 532 43 446 44 108 45 528 46 596 47 416 48 154 49 245 50 185 51 10 52 333 53 126 54 11 55 405 56 71 57 109 58 597 59 462 60 33 61 177 62 136 63 98 64 542 65 84 66 128 67 514 68 365 69 567 70 414 71 166 72 317 73 574 74 78 75 24 76 289 77 202 78 57 79 173 80 592 81 121 82 551 83 172 84 470 85 442 86 150 87 463 88 161 89 471 90 599 91 17 92 548 93 60 94 577 95 530 96 508 97 67 98 88 99 298 100 128 101 166 102 225 103 317 104 332 105 528 106 443 107 261 108 193 109 586 110 288 111 83 112 132 113 109 114 491 115 597 116 126 117 20 118 50 119 269 120 460 121 475 122 396 123 413 124 497 125 441 126 497 127 453 128 419 129 190 130 224 131 9 132 23 133 44 134 72 135 108 136 596 137 408 138 162 139 24 140 83 141 574 142 132 143 17 144 307 145 122 146 518 147 263 148 587 149 312 150 232 151 148 152 442 153 470 154 494 155 529 156 509 157 68 158 31 159 27 160 242 161 269 162 475 163 168 164 420 165 358 166 281 167 537 168 20 169 126 170 331 171 491 172 383 173 487 174 30 175 532 176 72 177 9 178 108 179 31 180 40 181 27 182 34 183 31 184 52 185 406 186 32 187 58 188 36 189 32 190 41 191 33 192 131 193 591 194 366 195 568 196 415 197 31 198 34 199 43 200 407 201 34 202 52 203 549 204 166 205 282 206 443 207 431 208 408 209 32 210 36 211 58 212 36 213 39 214 38 215 382 216 84 217 514 218 461 219 37 220 178 221 36 222 38 223 241 224 88 225 128 226 93 227 39 228 67 229 38 230 41 231 39 232 36 233 40 234 68 235 27 236 43 237 40 238 31 239 0 240 41 241 32 242 41 243 67 244 39 245 365 246 405 247 567 248 41 249 0 250 256 251 43 252 68 253 40 254 7 255 43 256 34 257 251 258 44 259 568 260 43 261 7 262 264 263 45 264 548 265 577 266 471 267 573 268 385 269 71 270 50 271 109 272 50 273 46 274 42 275 161 276 600 277 194 278 205 279 592 280 240 281 172 282 146 283 248 284 480 285 267 286 413 287 248 288 146 289 189 290 181 291 432 292 21 293 532 294 49 295 251 296 44 297 49 298 9 299 126 300 50 301 11 302 42 303 11 304 50 305 218 306 202 307 382 308 403 309 386 310 82 311 157 312 131 313 377 314 242 315 52 316 31 317 395 318 25 319 421 320 364 321 569 322 218 323 459 324 4 325 141 326 315 327 136 328 224 329 519 330 261 331 586 332 430 333 379 334 164 335 289 336 300 337 78 338 449 339 363 340 182 341 427 342 582 343 266 344 180 345 223 346 412 347 194 348 362 349 348 350 172 351 155 352 470 353 156 354 130 355 376 356 241 357 58 358 36 359 222 360 202 361 585 362 460 363 373 364 325 365 29 366 1 367 505 368 383 369 1 370 29 371 10 372 61 373 245 374 213 375 75 376 45 377 408 378 62 379 162 380 438 381 549 382 282 383 161 384 380 385 584 386 460 387 325 388 15 389 396 390 480 391 413 392 580 393 243 394 205 395 429 396 378 397 165 398 37 399 461 400 312 401 238 402 108 403 487 404 422 405 487 406 532 407 360 408 66 409 387 410 402 411 387 412 66 413 256 414 67 415 41 416 530 417 67 418 499 419 529 420 68 421 500 422 264 423 68 424 43 425 5 426 18 427 69 428 18 429 5 430 506 431 250 432 109 433 70 434 186 435 537 436 498 437 46 438 71 439 597 440 71 441 46 442 50 443 72 444 23 445 9 446 23 447 72 448 596 449 311 450 231 451 149 452 33 453 462 454 311 455 421 456 25 457 280 458 196 459 429 460 496 461 17 462 140 463 369 464 213 465 139 466 75 467 205 468 243 469 441 470 563 471 106 472 428 473 266 474 362 475 322 476 412 477 223 478 572 479 500 480 332 481 529 482 78 483 300 484 135 485 520 486 403 487 326 488 458 489 79 490 37 491 147 492 290 493 391 494 217 495 455 496 526 497 275 498 279 499 392 500 364 501 493 502 194 503 142 504 265 505 386 506 95 507 118 508 142 509 24 510 105 511 368 512 398 513 83 514 288 515 84 516 501 517 296 518 84 519 590 520 130 521 181 522 334 523 432 524 447 525 497 526 413 527 273 528 325 529 336 530 527 531 444 532 463 533 350 534 249 535 267 536 374 537 243 538 580 539 218 540 569 541 257 542 223 543 323 544 572 545 173 546 576 547 221 548 483 549 221 550 576 551 160 552 383 553 573 554 301 555 298 556 88 557 292 558 60 559 548 560 292 561 29 562 505 563 428 564 227 565 22 566 456 567 123 568 490 569 37 570 296 571 458 572 37 573 130 574 590 575 92 576 509 577 135 578 242 579 27 580 92 581 241 582 38 583 93 584 93 585 508 586 88 587 478 588 263 589 518 590 305 591 229 592 94 593 486 594 278 595 95 596 370 597 222 598 585 599 479 600 261 601 519 602 228 603 96 604 306 605 458 606 97 607 142 608 457 609 492 610 424 611 98 612 136 613 131 614 92 615 98 616 211 617 111 618 218 619 287 620 367 621 298 622 301 623 538 624 415 625 379 626 430 627 538 628 379 629 459 630 54 631 33 632 521 633 402 634 327 635 289 636 3 637 536 638 452 639 125 640 390 641 455 642 168 643 526 644 417 645 289 646 536 647 181 648 328 649 410 650 517 651 455 652 342 653 105 654 152 655 368 656 162 657 62 658 152 659 106 660 293 661 76 662 120 663 47 664 106 665 288 666 132 667 358 668 182 669 289 670 107 671 30 672 108 673 9 674 30 675 65 676 108 677 50 678 20 679 109 680 20 681 70 682 109 683 595 684 479 685 519 686 358 687 132 688 209 689 581 690 493 691 111 692 111 693 171 694 593 695 378 696 414 697 376 698 474 699 481 700 268 701 345 702 470 703 302 704 569 705 318 706 257 707 393 708 277 709 260 710 545 711 503 712 260 713 380 714 468 715 374 716 484 717 480 718 396 719 516 720 236 721 26 722 357 723 116 724 220 725 117 726 347 727 356 728 515 729 237 730 55 731 265 732 142 733 118 734 442 735 494 736 454 737 249 738 373 739 267 740 353 741 397 742 401 743 120 744 349 745 411 746 120 747 339 748 47 749 199 750 375 751 316 752 322 753 362 754 412 755 556 756 25 757 395 758 367 759 570 760 99 761 531 762 161 763 419 764 22 765 227 766 346 767 333 768 10 769 245 770 307 771 210 772 122 773 290 774 191 775 391 776 390 777 485 778 342 779 186 780 498 781 247 782 247 783 498 784 445 785 245 786 523 787 208 788 594 789 478 790 518 791 93 792 128 793 212 794 128 795 84 796 130 797 172 798 248 799 2 800 195 801 322 802 412 803 330 804 130 805 156 806 128 807 130 808 258 809 98 810 131 811 259 812 329 813 131 814 157 815 132 816 524 817 209 818 184 819 430 820 495 821 464 822 180 823 304 824 47 825 293 826 106 827 14 828 152 829 438 830 134 831 14 832 83 833 135 834 300 835 98 836 135 837 98 838 92 839 459 840 504 841 239 842 136 843 591 844 131 845 488 846 506 847 5 848 238 849 487 850 137 851 136 852 502 853 295 854 33 855 295 856 459 857 75 858 139 859 369 860 139 861 213 862 10 863 140 864 75 865 369 866 599 867 140 868 17 869 76 870 90 871 141 872 187 873 294 874 252 875 457 876 399 877 492 878 216 879 381 880 230 881 467 882 350 883 267 884 205 885 240 886 63 887 224 888 190 889 315 890 394 891 459 892 560 893 354 894 340 895 472 896 493 897 145 898 207 899 432 900 278 901 486 902 413 903 558 904 146 905 290 906 147 907 439 908 578 909 147 910 193 911 312 912 235 913 37 914 232 915 37 916 148 917 311 918 234 919 33 920 231 921 33 922 149 923 463 924 150 925 86 926 344 927 63 928 86 929 379 930 415 931 377 932 473 933 482 934 270 935 14 936 134 937 152 938 152 939 134 940 368 941 348 942 602 943 323 944 194 945 348 946 153 947 539 948 414 949 378 950 429 951 539 952 378 953 172 954 2 955 598 956 588 957 221 958 598 959 414 960 406 961 58 962 58 963 241 964 156 965 415 966 407 967 52 968 52 969 242 970 157 971 393 972 458 973 559 974 458 975 503 976 8 977 279 978 275 979 440 980 354 981 421 982 340 983 499 984 331 985 530 986 301 987 88 988 604 989 22 990 563 991 428 992 161 993 512 994 419 995 162 996 105 997 24 998 162 999 152 1000 105 1001 163 1002 358 1003 420 1004 341 1005 163 1006 436 1007 477 1008 515 1009 55 1010 479 1011 356 1012 261 1013 476 1014 516 1015 26 1016 478 1017 357 1018 263 1019 313 1020 18 1021 506 1022 313 1023 166 1024 549 1025 361 1026 82 1027 386 1028 454 1029 494 1030 372 1031 300 1032 289 1033 417 1034 168 1035 419 1036 224 1037 169 1038 475 1039 299 1040 475 1041 169 1042 168 1043 170 1044 443 1045 408 1046 78 1047 135 1048 170 1049 287 1050 171 1051 111 1052 395 1053 421 1054 354 1055 513 1056 172 1057 253 1058 513 1059 278 1060 172 1061 173 1062 585 1063 202 1064 221 1065 174 1066 173 1067 353 1068 589 1069 397 1070 173 1071 397 1072 585 1073 494 1074 464 1075 81 1076 120 1077 411 1078 339 1079 384 1080 25 1081 556 1082 555 1083 333 1084 25 1085 33 1086 54 1087 308 1088 462 1089 308 1090 54 1091 461 1092 309 1093 79 1094 37 1095 79 1096 309 1097 21 1098 179 1099 433 1100 460 1101 370 1102 585 1103 180 1104 133 1105 418 1106 121 1107 592 1108 180 1109 179 1110 269 1111 433 1112 433 1113 104 1114 517 1115 3 1116 289 1117 182 1118 182 1119 363 1120 3 1121 467 1122 267 1123 183 1124 336 1125 86 1126 467 1127 100 1128 184 1129 132 1130 366 1131 251 1132 568 1133 17 1134 601 1135 307 1136 17 1137 369 1138 601 1139 1 1140 383 1141 250 1142 489 1143 505 1144 1 1145 294 1146 187 1147 66 1148 453 1149 497 1150 371 1151 289 1152 24 1153 56 1154 188 1155 404 1156 337 1157 146 1158 558 1159 189 1160 550 1161 589 1162 353 1163 315 1164 190 1165 544 1166 456 1167 490 1168 423 1169 436 1170 420 1171 80 1172 163 1173 420 1174 436 1175 571 1176 413 1177 278 1178 85 1179 48 1180 192 1181 181 1182 410 1183 334 1184 497 1185 447 1186 193 1187 161 1188 194 1189 425 1190 194 1191 493 1192 274 1193 87 1194 557 1195 338 1196 195 1197 557 1198 322 1199 445 1200 405 1201 365 1202 154 1203 196 1204 245 1205 337 1206 358 1207 363 1208 337 1209 404 1210 197 1211 533 1212 121 1213 198 1214 180 1215 198 1216 121 1217 161 1218 199 1219 600 1220 316 1221 600 1222 199 1223 200 1224 268 1225 481 1226 312 1227 481 1228 130 1229 482 1230 201 1231 270 1232 131 1233 311 1234 482 1235 202 1236 399 1237 457 1238 222 1239 507 1240 202 1241 434 1242 209 1243 524 1244 430 1245 164 1246 352 1247 435 1248 208 1249 523 1250 429 1251 165 1252 351 1253 76 1254 293 1255 547 1256 547 1257 90 1258 76 1259 525 1260 433 1261 517 1262 28 1263 206 1264 80 1265 440 1266 275 1267 579 1268 207 1269 145 1270 303 1271 127 1272 208 1273 435 1274 421 1275 280 1276 392 1277 420 1278 281 1279 391 1280 110 1281 209 1282 434 1283 384 1284 566 1285 25 1286 210 1287 307 1288 437 1289 242 1290 329 1291 157 1292 131 1293 329 1294 242 1295 241 1296 330 1297 156 1298 130 1299 330 1300 241 1301 10 1302 577 1303 61 1304 61 1305 577 1306 60 1307 214 1308 402 1309 521 1310 141 1311 387 1312 459 1313 215 1314 403 1315 520 1316 142 1317 386 1318 458 1319 51 1320 216 1321 310 1322 507 1323 51 1324 202 1325 426 1326 359 1327 388 1328 388 1329 517 1330 342 1331 99 1332 570 1333 522 1334 382 1335 99 1336 218 1337 219 1338 262 1339 150 1340 380 1341 219 1342 584 1343 494 1344 81 1345 263 1346 220 1347 305 1348 94 1349 174 1350 221 1351 87 1352 87 1353 221 1354 319 1355 216 1356 222 1357 381 1358 222 1359 21 1360 381 1361 113 1362 552 1363 494 1364 113 1365 257 1366 318 1367 224 1368 103 1369 168 1370 224 1371 136 1372 542 1373 137 1374 487 1375 422 1376 488 1377 225 1378 166 1379 228 1380 226 1381 96 1382 497 1383 193 1384 261 1385 141 1386 227 1387 76 1388 227 1389 141 1390 346 1391 306 1392 451 1393 371 1394 371 1395 66 1396 453 1397 305 1398 450 1399 372 1400 372 1401 82 1402 454 1403 216 1404 230 1405 310 1406 142 1407 230 1408 95 1409 131 1410 231 1411 311 1412 33 1413 231 1414 131 1415 37 1416 232 1417 130 1418 130 1419 232 1420 312 1421 490 1422 123 1423 233 1424 419 1425 512 1426 233 1427 149 1428 33 1429 234 1430 311 1431 149 1432 234 1433 148 1434 37 1435 235 1436 312 1437 148 1438 235 1439 236 1440 116 1441 357 1442 403 1443 461 1444 79 1445 402 1446 462 1447 54 1448 237 1449 117 1450 356 1451 238 1452 137 1453 5 1454 238 1455 5 1456 443 1457 239 1458 504 1459 546 1460 394 1461 560 1462 144 1463 463 1464 444 1465 375 1466 63 1467 240 1468 143 1469 241 1470 212 1471 130 1472 93 1473 212 1474 241 1475 242 1476 211 1477 131 1478 92 1479 211 1480 242 1481 497 1482 243 1483 115 1484 169 1485 115 1486 468 1487 28 1488 80 1489 244 1490 439 1491 147 1492 578 1493 25 1494 245 1495 208 1496 333 1497 245 1498 25 1499 409 1500 246 1501 171 1502 246 1503 53 1504 122 1505 60 1506 247 1507 416 1508 489 1509 247 1510 60 1511 2 1512 248 1513 129 1514 401 1515 174 1516 427 1517 325 1518 373 1519 249 1520 463 1521 86 1522 527 1523 250 1524 186 1525 1 1526 250 1527 537 1528 186 1529 446 1530 251 1531 366 1532 446 1533 532 1534 251 1535 252 1536 90 1537 547 1538 252 1539 294 1540 90 1541 253 1542 118 1543 513 1544 253 1545 265 1546 118 1547 114 1548 254 1549 543 1550 424 1551 142 1552 97 1553 423 1554 141 1555 4 1556 190 1557 255 1558 544 1559 67 1560 256 1561 42 1562 42 1563 256 1564 406 1565 257 1566 113 1567 345 1568 257 1569 57 1570 202 1571 128 1572 258 1573 212 1574 130 1575 212 1576 258 1577 98 1578 259 1579 211 1580 131 1581 211 1582 259 1583 260 1584 114 1585 543 1586 202 1587 114 1588 382 1589 347 1590 261 1591 356 1592 226 1593 261 1594 96 1595 344 1596 262 1597 63 1598 205 1599 63 1600 262 1601 94 1602 263 1603 220 1604 220 1605 263 1606 357 1607 68 1608 264 1609 44 1610 44 1611 264 1612 407 1613 265 1614 167 1615 82 1616 265 1617 253 1618 167 1619 87 1620 362 1621 266 1622 582 1623 87 1624 266 1625 413 1626 267 1627 119 1628 465 1629 373 1630 314 1631 474 1632 268 1633 165 1634 26 1635 165 1636 476 1637 168 1638 104 1639 269 1640 433 1641 269 1642 104 1643 473 1644 270 1645 164 1646 164 1647 477 1648 55 1649 503 1650 158 1651 501 1652 458 1653 296 1654 510 1655 504 1656 101 1657 502 1658 459 1659 295 1660 511 1661 273 1662 15 1663 325 1664 484 1665 396 1666 15 1667 274 1668 493 1669 106 1670 274 1671 425 1672 194 1673 579 1674 275 1675 81 1676 587 1677 263 1678 81 1679 276 1680 600 1681 316 1682 466 1683 362 1684 533 1685 8 1686 503 1687 545 1688 393 1689 559 1690 277 1691 413 1692 146 1693 278 1694 278 1695 146 1696 172 1697 355 1698 159 1699 279 1700 279 1701 159 1702 392 1703 25 1704 208 1705 280 1706 280 1707 208 1708 392 1709 358 1710 209 1711 281 1712 281 1713 209 1714 391 1715 14 1716 282 1717 83 1718 438 1719 282 1720 14 1721 203 1722 352 1723 541 1724 495 1725 534 1726 524 1727 204 1728 351 1729 540 1730 496 1731 535 1732 523 1733 145 1734 354 1735 472 1736 145 1737 285 1738 303 1739 286 1740 526 1741 168 1742 103 1743 286 1744 168 1745 287 1746 409 1747 171 1748 522 1749 570 1750 287 1751 197 1752 56 1753 288 1754 56 1755 398 1756 288 1757 289 1758 56 1759 448 1760 289 1761 188 1762 107 1763 80 1764 290 1765 244 1766 80 1767 191 1768 290 1769 603 1770 210 1771 291 1772 603 1773 556 1774 246 1775 89 1776 29 1777 292 1778 89 1779 292 1780 385 1781 547 1782 293 1783 133 1784 418 1785 133 1786 293 1787 294 1788 141 1789 90 1790 141 1791 294 1792 387 1793 295 1794 33 1795 138 1796 136 1797 295 1798 138 1799 296 1800 37 1801 91 1802 84 1803 296 1804 91 1805 536 1806 526 1807 286 1808 297 1809 452 1810 102 1811 514 1812 298 1813 367 1814 514 1815 128 1816 298 1817 299 1818 15 1819 396 1820 115 1821 169 1822 299 1823 542 1824 300 1825 417 1826 542 1827 98 1828 300 1829 471 1830 17 1831 301 1832 367 1833 301 1834 17 1835 598 1836 221 1837 483 1838 302 1839 470 1840 155 1841 303 1842 340 1843 207 1844 340 1845 303 1846 285 1847 339 1848 583 1849 47 1850 293 1851 47 1852 418 1853 450 1854 305 1855 403 1856 116 1857 305 1858 220 1859 306 1860 347 1861 117 1862 451 1863 306 1864 402 1865 307 1866 124 1867 437 1868 307 1869 601 1870 124 1871 33 1872 308 1873 177 1874 462 1875 177 1876 308 1877 37 1878 309 1879 178 1880 461 1881 178 1882 309 1883 230 1884 142 1885 310 1886 492 1887 51 1888 310 1889 515 1890 311 1891 462 1892 482 1893 311 1894 201 1895 200 1896 481 1897 312 1898 516 1899 312 1900 461 1901 69 1902 313 1903 431 1904 69 1905 18 1906 313 1907 558 1908 550 1909 189 1910 119 1911 465 1912 314 1913 394 1914 144 1915 315 1916 546 1917 504 1918 315 1919 316 1920 551 1921 121 1922 316 1923 121 1924 276 1925 317 1926 100 1927 132 1928 574 1929 317 1930 132 1931 223 1932 318 1933 569 1934 113 1935 318 1936 552 1937 557 1938 87 1939 319 1940 588 1941 598 1942 2 1943 320 1944 170 1945 135 1946 529 1947 135 1948 509 1949 530 1950 88 1951 508 1952 321 1953 604 1954 88 1955 557 1956 129 1957 322 1958 322 1959 427 1960 266 1961 223 1962 569 1963 323 1964 348 1965 323 1966 153 1967 324 1968 124 1969 176 1970 384 1971 324 1972 176 1973 249 1974 553 1975 325 1976 336 1977 325 1978 553 1979 458 1980 326 1981 79 1982 403 1983 79 1984 326 1985 459 1986 327 1987 54 1988 402 1989 54 1990 327 1991 28 1992 328 1993 181 1994 28 1995 244 1996 328 1997 605 1998 606 1999 12 2000 608 2001 613 2002 607 2003 610 2004 13 2005 609 2006 611 2007 612 2008 614 2009 160 2010 331 2011 383 2012 321 2013 331 2014 160 2015 170 2016 332 2017 443 2018 320 2019 332 2020 170 2021 124 2022 185 2023 333 2024 176 2025 124 2026 333 2027 334 2028 85 2029 192 2030 410 2031 85 2032 334 2033 111 2034 335 2035 145 2036 593 2037 171 2038 145 2039 336 2040 183 2041 273 2042 336 2043 467 2044 183 2045 107 2046 337 2047 363 2048 188 2049 337 2050 107 2051 195 2052 338 2053 557 2054 572 2055 323 2056 602 2057 339 2058 175 2059 583 2060 411 2061 175 2062 339 2063 207 2064 340 2065 6 2066 355 2067 340 2068 421 2069 3 2070 163 2071 341 2072 125 2073 3 2074 341 2075 342 2076 455 2077 217 2078 575 2079 390 2080 342 2081 229 2082 343 2083 94 2084 343 2085 263 2086 94 2087 150 2088 344 2089 86 2090 150 2091 262 2092 344 2093 302 2094 57 2095 345 2096 345 2097 57 2098 257 2099 346 2100 490 2101 233 2102 346 2103 233 2104 22 2105 306 2106 96 2107 347 2108 96 2109 261 2110 347 2111 348 2112 362 2113 87 2114 87 2115 338 2116 348 2117 207 2118 349 2119 120 2120 207 2121 6 2122 349 2123 143 2124 350 2125 63 2126 249 2127 350 2128 444 2129 540 2130 351 2131 74 2132 351 2133 165 2134 594 2135 541 2136 352 2137 19 2138 352 2139 164 2140 595 2141 189 2142 550 2143 353 2144 189 2145 353 2146 248 2147 145 2148 564 2149 354 2150 400 2151 354 2152 564 2153 355 2154 279 2155 6 2156 355 2157 6 2158 340 2159 55 2160 356 2161 479 2162 55 2163 237 2164 356 2165 26 2166 357 2167 478 2168 26 2169 236 2170 357 2171 337 2172 565 2173 358 2174 554 2175 288 2176 358 2177 359 2178 125 2179 388 2180 390 2181 125 2182 485 2183 387 2184 294 2185 360 2186 360 2187 294 2188 66 2189 386 2190 265 2191 361 2192 361 2193 265 2194 82 2195 77 2196 362 2197 194 2198 362 2199 77 2200 533 2201 3 2202 363 2203 163 2204 363 2205 358 2206 163 2207 364 2208 218 2209 111 2210 111 2211 493 2212 364 2213 365 2214 414 2215 539 2216 154 2217 365 2218 196 2219 100 2220 366 2221 184 2222 366 2223 415 2224 538 2225 17 2226 122 2227 367 2228 367 2229 122 2230 570 2231 134 2232 83 2233 368 2234 368 2235 83 2236 398 2237 369 2238 10 2239 185 2240 139 2241 10 2242 369 2243 370 2244 21 2245 222 2246 370 2247 179 2248 21 2249 371 2250 228 2251 306 2252 371 2253 226 2254 228 2255 372 2256 229 2257 305 2258 372 2259 343 2260 229 2261 373 2262 59 2263 314 2264 59 2265 373 2266 460 2267 374 2268 580 2269 219 2270 380 2271 374 2272 219 2273 375 2274 143 2275 240 2276 375 2277 240 2278 316 2279 376 2280 112 2281 64 2282 376 2283 130 2284 112 2285 377 2286 73 2287 151 2288 377 2289 131 2290 73 2291 378 2292 376 2293 64 2294 378 2295 64 2296 165 2297 379 2298 151 2299 164 2300 379 2301 377 2302 151 2303 169 2304 468 2305 380 2306 168 2307 169 2308 531 2309 381 2310 486 2311 95 2312 381 2313 95 2314 230 2315 260 2316 84 2317 382 2318 382 2319 114 2320 260 2321 383 2322 89 2323 385 2324 383 2325 29 2326 89 2327 210 2328 561 2329 384 2330 210 2331 389 2332 291 2333 385 2334 16 2335 471 2336 385 2337 292 2338 16 2339 215 2340 386 2341 403 2342 458 2343 386 2344 215 2345 214 2346 387 2347 402 2348 459 2349 387 2350 214 2351 80 2352 206 2353 388 2354 469 2355 436 2356 80 2357 389 2358 384 2359 556 2360 210 2361 384 2362 389 2363 102 2364 452 2365 390 2366 102 2367 390 2368 575 2369 391 2370 209 2371 110 2372 391 2373 110 2374 147 2375 392 2376 208 2377 127 2378 392 2379 127 2380 275 2381 97 2382 393 2383 260 2384 97 2385 458 2386 393 2387 4 2388 394 2389 315 2390 4 2391 459 2392 394 2393 246 2394 556 2395 395 2396 400 2397 395 2398 354 2399 497 2400 115 2401 396 2402 115 2403 299 2404 396 2405 397 2406 174 2407 401 2408 174 2409 397 2410 173 2411 24 2412 398 2413 56 2414 24 2415 368 2416 398 2417 202 2418 51 2419 399 2420 399 2421 51 2422 492 2423 246 2424 395 2425 400 2426 564 2427 246 2428 400 2429 248 2430 353 2431 401 2432 248 2433 401 2434 129 2435 462 2436 402 2437 117 2438 117 2439 402 2440 306 2441 116 2442 403 2443 305 2444 461 2445 403 2446 116 2447 188 2448 56 2449 404 2450 404 2451 56 2452 197 2453 405 2454 11 2455 42 2456 405 2457 42 2458 567 2459 406 2460 0 2461 32 2462 256 2463 0 2464 406 2465 407 2466 7 2467 34 2468 264 2469 7 2470 407 2471 408 2472 24 2473 78 2474 170 2475 408 2476 78 2477 53 2478 246 2479 409 2480 287 2481 53 2482 409 2483 410 2484 193 2485 85 2486 578 2487 193 2488 410 2489 411 2490 81 2491 175 2492 579 2493 81 2494 411 2495 412 2496 198 2497 180 2498 533 2499 198 2500 466 2501 48 2502 413 2503 571 2504 447 2505 413 2506 48 2507 414 2508 58 2509 156 2510 414 2511 156 2512 376 2513 415 2514 52 2515 157 2516 415 2517 157 2518 377 2519 61 2520 416 2521 245 2522 60 2523 416 2524 61 2525 286 2526 103 2527 417 2528 417 2529 536 2530 286 2531 304 2532 180 2533 418 2534 418 2535 47 2536 583 2537 419 2538 123 2539 456 2540 419 2541 233 2542 123 2543 420 2544 191 2545 80 2546 420 2547 391 2548 191 2549 421 2550 159 2551 355 2552 421 2553 392 2554 159 2555 225 2556 422 2557 446 2558 137 2559 422 2560 225 2561 423 2562 4 2563 255 2564 190 2565 423 2566 255 2567 424 2568 97 2569 254 2570 114 2571 424 2572 254 2573 563 2574 425 2575 106 2576 274 2577 106 2578 425 2579 342 2580 359 2581 426 2582 426 2583 388 2584 342 2585 129 2586 427 2587 322 2588 129 2589 401 2590 427 2591 428 2592 106 2593 76 2594 76 2595 227 2596 428 2597 496 2598 429 2599 535 2600 204 2601 429 2602 351 2603 495 2604 430 2605 534 2606 203 2607 430 2608 352 2609 431 2610 35 2611 62 2612 431 2613 313 2614 35 2615 192 2616 48 2617 571 2618 432 2619 334 2620 192 2621 433 2622 181 2623 21 2624 28 2625 181 2626 433 2627 434 2628 19 2629 110 2630 434 2631 541 2632 19 2633 435 2634 74 2635 127 2636 435 2637 540 2638 74 2639 388 2640 125 2641 436 2642 341 2643 436 2644 125 2645 437 2646 124 2647 562 2648 561 2649 562 2650 384 2651 438 2652 62 2653 35 2654 438 2655 152 2656 62 2657 244 2658 439 2659 328 2660 244 2661 290 2662 439 2663 6 2664 440 2665 349 2666 6 2667 279 2668 440 2669 441 2670 252 2671 205 2672 441 2673 187 2674 252 2675 442 2676 167 2677 253 2678 172 2679 442 2680 253 2681 5 2682 69 2683 443 2684 69 2685 431 2686 443 2687 444 2688 143 2689 375 2690 444 2691 350 2692 143 2693 154 2694 445 2695 365 2696 416 2697 445 2698 154 2699 317 2700 446 2701 100 2702 100 2703 446 2704 366 2705 85 2706 447 2707 48 2708 193 2709 447 2710 85 2711 448 2712 56 2713 188 2714 289 2715 448 2716 188 2717 182 2718 107 2719 449 2720 449 2721 107 2722 363 2723 372 2724 450 2725 82 2726 450 2727 403 2728 82 2729 451 2730 402 2731 66 2732 371 2733 451 2734 66 2735 297 2736 3 2737 452 2738 452 2739 3 2740 125 2741 453 2742 66 2743 187 2744 453 2745 187 2746 441 2747 454 2748 167 2749 442 2750 454 2751 82 2752 167 2753 168 2754 455 2755 104 2756 517 2757 104 2758 455 2759 190 2760 456 2761 423 2762 190 2763 419 2764 456 2765 114 2766 457 2767 424 2768 114 2769 202 2770 457 2771 158 2772 503 2773 458 2774 271 2775 158 2776 458 2777 101 2778 504 2779 459 2780 272 2781 101 2782 459 2783 179 2784 370 2785 460 2786 460 2787 269 2788 179 2789 236 2790 461 2791 116 2792 516 2793 461 2794 236 2795 515 2796 462 2797 237 2798 237 2799 462 2800 117 2801 463 2802 375 2803 199 2804 463 2805 199 2806 161 2807 175 2808 464 2809 304 2810 81 2811 464 2812 175 2813 267 2814 373 2815 465 2816 267 2817 465 2818 119 2819 466 2820 198 2821 412 2822 412 2823 362 2824 466 2825 86 2826 63 2827 467 2828 63 2829 350 2830 467 2831 468 2832 243 2833 374 2834 468 2835 115 2836 243 2837 469 2838 80 2839 388 2840 388 2841 436 2842 469 2843 470 2844 113 2845 494 2846 345 2847 113 2848 470 2849 471 2850 45 2851 75 2852 471 2853 16 2854 45 2855 145 2856 472 2857 285 2858 285 2859 472 2860 340 2861 151 2862 73 2863 473 2864 151 2865 473 2866 164 2867 64 2868 474 2869 165 2870 64 2871 112 2872 474 2873 475 2874 15 2875 299 2876 15 2877 475 2878 460 2879 476 2880 268 2881 200 2882 476 2883 165 2884 268 2885 270 2886 477 2887 164 2888 270 2889 201 2890 477 2891 26 2892 478 2893 165 2894 594 2895 165 2896 478 2897 595 2898 164 2899 479 2900 164 2901 55 2902 479 2903 183 2904 267 2905 480 2906 273 2907 183 2908 480 2909 112 2910 481 2911 474 2912 130 2913 481 2914 112 2915 73 2916 482 2917 473 2918 131 2919 482 2920 73 2921 483 2922 576 2923 302 2924 302 2925 155 2926 483 2927 273 2928 480 2929 484 2930 484 2931 15 2932 273 2933 342 2934 485 2935 359 2936 485 2937 125 2938 359 2939 21 2940 486 2941 381 2942 21 2943 432 2944 486 2945 487 2946 108 2947 65 2948 487 2949 65 2950 30 2951 5 2952 137 2953 488 2954 488 2955 137 2956 225 2957 1 2958 186 2959 489 2960 489 2961 186 2962 247 2963 490 2964 141 2965 423 2966 346 2967 141 2968 490 2969 250 2970 383 2971 491 2972 109 2973 250 2974 491 2975 492 2976 142 2977 424 2978 310 2979 142 2980 492 2981 120 2982 493 2983 207 2984 493 2985 120 2986 106 2987 343 2988 494 2989 263 2990 372 2991 494 2992 343 2993 132 2994 495 2995 524 2996 132 2997 184 2998 495 2999 245 3000 196 3001 496 3002 245 3003 496 3004 523 3005 371 3006 497 3007 226 3008 226 3009 497 3010 261 3011 498 3012 537 3013 126 3014 498 3015 126 3016 445 3017 42 3018 499 3019 67 3020 597 3021 499 3022 42 3023 44 3024 500 3025 68 3026 596 3027 500 3028 44 3029 501 3030 158 3031 271 3032 501 3033 510 3034 296 3035 502 3036 511 3037 295 3038 502 3039 101 3040 272 3041 503 3042 501 3043 84 3044 260 3045 503 3046 84 3047 315 3048 504 3049 136 3050 504 3051 502 3052 136 3053 292 3054 505 3055 60 3056 505 3057 489 3058 60 3059 506 3060 488 3061 166 3062 313 3063 506 3064 166 3065 507 3066 222 3067 216 3068 507 3069 216 3070 51 3071 93 3072 38 3073 508 3074 508 3075 38 3076 67 3077 92 3078 27 3079 509 3080 509 3081 27 3082 68 3083 458 3084 510 3085 271 3086 501 3087 271 3088 510 3089 502 3090 272 3091 511 3092 459 3093 511 3094 272 3095 512 3096 22 3097 233 3098 512 3099 563 3100 22 3101 95 3102 513 3103 118 3104 95 3105 278 3106 513 3107 514 3108 99 3109 382 3110 514 3111 367 3112 99 3113 201 3114 515 3115 477 3116 201 3117 311 3118 515 3119 200 3120 516 3121 476 3122 200 3123 312 3124 516 3125 206 3126 517 3127 388 3128 525 3129 517 3130 206 3131 518 3132 587 3133 127 3134 127 3135 74 3136 518 3137 519 3138 586 3139 110 3140 110 3141 19 3142 519 3143 458 3144 215 3145 520 3146 326 3147 458 3148 520 3149 459 3150 214 3151 521 3152 327 3153 459 3154 521 3155 522 3156 287 3157 218 3158 99 3159 522 3160 218 3161 284 3162 523 3163 535 3164 284 3165 435 3166 523 3167 283 3168 434 3169 524 3170 283 3171 524 3172 534 3173 433 3174 525 3175 28 3176 28 3177 525 3178 206 3179 297 3180 102 3181 526 3182 526 3183 102 3184 575 3185 527 3186 86 3187 249 3188 249 3189 444 3190 527 3191 108 3192 238 3193 528 3194 528 3195 238 3196 443 3197 332 3198 320 3199 529 3200 320 3201 135 3202 529 3203 331 3204 321 3205 530 3206 321 3207 88 3208 530 3209 380 3210 161 3211 531 3212 531 3213 169 3214 380 3215 532 3216 9 3217 49 3218 532 3219 30 3220 9 3221 276 3222 121 3223 533 3224 533 3225 77 3226 276 3227 534 3228 203 3229 283 3230 203 3231 534 3232 430 3233 535 3234 204 3235 284 3236 204 3237 535 3238 429 3239 536 3240 297 3241 526 3242 536 3243 3 3244 297 3245 537 3246 70 3247 20 3248 250 3249 70 3250 537 3251 184 3252 538 3253 430 3254 184 3255 366 3256 538 3257 196 3258 539 3259 429 3260 196 3261 365 3262 539 3263 284 3264 204 3265 540 3266 284 3267 540 3268 435 3269 283 3270 541 3271 434 3272 283 3273 203 3274 541 3275 417 3276 103 3277 542 3278 542 3279 103 3280 224 3281 254 3282 97 3283 543 3284 97 3285 260 3286 543 3287 255 3288 4 3289 544 3290 4 3291 315 3292 544 3293 260 3294 277 3295 545 3296 559 3297 545 3298 277 3299 560 3300 546 3301 144 3302 315 3303 144 3304 546 3305 547 3306 205 3307 252 3308 547 3309 133 3310 205 3311 16 3312 292 3313 548 3314 16 3315 548 3316 45 3317 35 3318 549 3319 438 3320 35 3321 313 3322 549 3323 558 3324 314 3325 550 3326 314 3327 59 3328 550 3329 316 3330 240 3331 551 3332 240 3333 592 3334 551 3335 552 3336 318 3337 223 3338 552 3339 223 3340 494 3341 86 3342 553 3343 249 3344 336 3345 553 3346 86 3347 565 3348 554 3349 358 3350 565 3351 288 3352 554 3353 566 3354 555 3355 25 3356 566 3357 333 3358 555 3359 291 3360 556 3361 603 3362 291 3363 389 3364 556 3365 2 3366 129 3367 557 3368 557 3369 319 3370 2 3371 119 3372 314 3373 558 3374 119 3375 558 3376 413 3377 559 3378 458 3379 8 3380 559 3381 8 3382 545 3383 560 3384 459 3385 239 3386 560 3387 239 3388 546 3389 210 3390 437 3391 561 3392 561 3393 437 3394 562 3395 562 3396 324 3397 384 3398 562 3399 124 3400 324 3401 161 3402 563 3403 512 3404 161 3405 425 3406 563 3407 171 3408 564 3409 145 3410 246 3411 564 3412 171 3413 197 3414 288 3415 565 3416 337 3417 197 3418 565 3419 384 3420 176 3421 566 3422 176 3423 333 3424 566 3425 567 3426 406 3427 414 3428 567 3429 42 3430 406 3431 568 3432 44 3433 407 3434 568 3435 407 3436 415 3437 153 3438 323 3439 569 3440 194 3441 153 3442 569 3443 570 3444 53 3445 287 3446 53 3447 570 3448 122 3449 571 3450 278 3451 432 3452 192 3453 571 3454 432 3455 572 3456 602 3457 195 3458 412 3459 572 3460 195 3461 604 3462 573 3463 301 3464 301 3465 573 3466 471 3467 574 3468 282 3469 166 3470 83 3471 282 3472 574 3473 217 3474 526 3475 575 3476 217 3477 575 3478 342 3479 173 3480 57 3481 576 3482 302 3483 576 3484 57 3485 45 3486 577 3487 213 3488 213 3489 577 3490 10 3491 328 3492 578 3493 410 3494 439 3495 578 3496 328 3497 349 3498 579 3499 411 3500 440 3501 579 3502 349 3503 205 3504 262 3505 580 3506 219 3507 580 3508 262 3509 581 3510 111 3511 145 3512 145 3513 493 3514 581 3515 427 3516 174 3517 582 3518 174 3519 87 3520 582 3521 304 3522 583 3523 175 3524 418 3525 583 3526 304 3527 161 3528 584 3529 150 3530 584 3531 219 3532 150 3533 585 3534 397 3535 589 3536 585 3537 589 3538 460 3539 110 3540 586 3541 147 3542 147 3543 586 3544 193 3545 275 3546 587 3547 81 3548 275 3549 127 3550 587 3551 2 3552 319 3553 588 3554 319 3555 221 3556 588 3557 460 3558 589 3559 59 3560 59 3561 589 3562 550 3563 84 3564 91 3565 590 3566 37 3567 590 3568 91 3569 136 3570 138 3571 591 3572 33 3573 591 3574 138 3575 133 3576 592 3577 205 3578 180 3579 592 3580 133 3581 111 3582 593 3583 335 3584 593 3585 145 3586 335 3587 74 3588 351 3589 594 3590 74 3591 594 3592 518 3593 19 3594 595 3595 519 3596 19 3597 352 3598 595 3599 332 3600 596 3601 528 3602 500 3603 596 3604 332 3605 499 3606 597 3607 331 3608 331 3609 597 3610 491 3611 172 3612 598 3613 155 3614 483 3615 155 3616 598 3617 599 3618 471 3619 75 3620 599 3621 75 3622 140 3623 77 3624 600 3625 276 3626 194 3627 600 3628 77 3629 601 3630 185 3631 124 3632 601 3633 369 3634 185 3635 195 3636 602 3637 338 3638 348 3639 338 3640 602 3641 122 3642 210 3643 603 3644 122 3645 603 3646 246 3647 160 3648 604 3649 321 3650 160 3651 573 3652 604 3653</p>
        </triangles>
      </mesh>
    </geometry>
  </library_geometries>
  <library_visual_scenes>
    <visual_scene id="robocore_prop_ccw" name="robocore_prop_ccw">
      <node name="propeller" id="propeller" sid="propeller">
        <matrix sid="matrix">9.999996 -0.000005 -0.000000 0.000000 0.000000 0.000002 -9.999996 0.000000 0.000005 10.000001 0.000002 0.000000 0.000000 0.000000 0.000000 1.000000</matrix>
        <instance_geometry url="#propeller-lib">
          <bind_material>
            <technique_common>
              <instance_material symbol="CarbonFBXASC032FiberFBXASC032-FBXASC032Twill" target="#CarbonFBXASC032FiberFBXASC032-FBXASC032Twill"/>
            </technique_common>
          </bind_material>
        </instance_geometry>
        <extra>
          <technique profile="FCOLLADA">
            <visibility>1.000000</visibility>
          </technique>
        </extra>
      </node>
      <extra>
        <technique profile="MAX3D">
          <frame_rate>30.000000</frame_rate>
        </technique>
        <technique profile="FCOLLADA">
          <start_time>0.000000</start_time>
          <end_time>3.333333</end_time>
        </technique>
      </extra>
    </visual_scene>
  </library_visual_scenes>
  <scene>
    <instance_visual_scene url="#robocore_prop_ccw"/>
  </scene>
</COLLADA>
