<?xml version="1.0" encoding="utf-8"?>
<COLLADA xmlns="http://www.collada.org/2005/11/COLLADASchema" version="1.4.1">
  <asset>
    <contributor>
      <author/>
      <authoring_tool>FBX COLLADA exporter</authoring_tool>
      <comments/>
    </contributor>
    <created>2026-10-02T09:24:42Z</created>
    <keywords/>
    <modified>2026-10-02T09:24:42Z</modified>
    <revision/>
    <subject/>
    <title/>
    <unit meter="0.001000" name="centimeter"/>
    <up_axis>Z_UP</up_axis>
  </asset>
  <library_materials>
    <material id="OpaqueFBXASC040240FBXASC044245FBXASC044247FBXASC041FBXASC032FBXASC0401FBXASC041" name="OpaqueFBXASC040240FBXASC044245FBXASC044247FBXASC041FBXASC032FBXASC0401FBXASC041">
      <instance_effect url="#OpaqueFBXASC040240FBXASC044245FBXASC044247FBXASC041FBXASC032FBXASC0401FBXASC041-fx"/>
    </material>
    <material id="PlasticFBXASC032-FBXASC032MatteFBXASC032FBXASC040BlackFBXASC041" name="PlasticFBXASC032-FBXASC032MatteFBXASC032FBXASC040BlackFBXASC041">
      <instance_effect url="#PlasticFBXASC032-FBXASC032MatteFBXASC032FBXASC040BlackFBXASC041-fx"/>
    </material>
    <material id="CarbonFBXASC032FiberFBXASC032-FBXASC032Twill" name="CarbonFBXASC032FiberFBXASC032-FBXASC032Twill">
      <instance_effect url="#CarbonFBXASC032FiberFBXASC032-FBXASC032Twill-fx"/>
    </material>
  </library_materials>
  <library_effects>
    <effect id="OpaqueFBXASC040240FBXASC044245FBXASC044247FBXASC041FBXASC032FBXASC0401FBXASC041-fx" name="OpaqueFBXASC040240FBXASC044245FBXASC044247FBXASC041FBXASC032FBXASC0401FBXASC041">
      <profile_COMMON>
        <technique sid="standard">
          <phong>
            <emission>
              <color sid="emission">0.000000  0.000000 0.000000 1.000000</color>
            </emission>
            <ambient>
              <color sid="ambient">0.941176  0.960784 0.968627 1.000000</color>
            </ambient>
            <diffuse>
              <color sid="diffuse">0.941176  0.960784 0.968627 1.000000</color>
            </diffuse>
            <specular>
              <color sid="specular">0.172877  0.172877 0.172877 1.000000</color>
            </specular>
            <shininess>
              <float sid="shininess">19.999998</float>
            </shininess>
            <transparency>
              <float sid="transparency">0.000000</float>
            </transparency>
          </phong>
        </technique>
      </profile_COMMON>
    </effect>
    <effect id="PlasticFBXASC032-FBXASC032MatteFBXASC032FBXASC040BlackFBXASC041-fx" name="PlasticFBXASC032-FBXASC032MatteFBXASC032FBXASC040BlackFBXASC041">
      <profile_COMMON>
        <technique sid="standard">
          <phong>
            <emission>
              <color sid="emission">0.000000  0.000000 0.000000 1.000000</color>
            </emission>
            <ambient>
              <color sid="ambient">0.098039  0.098039 0.098039 1.000000</color>
            </ambient>
            <diffuse>
              <color sid="diffuse">0.098039  0.098039 0.098039 1.000000</color>
            </diffuse>
            <specular>
              <color sid="specular">0.172877  0.172877 0.172877 1.000000</color>
            </specular>
            <shininess>
              <float sid="shininess">19.999998</float>
            </shininess>
            <transparency>
              <float sid="transparency">0.000000</float>
            </transparency>
          </phong>
        </technique>
      </profile_COMMON>
    </effect>
    <effect id="CarbonFBXASC032FiberFBXASC032-FBXASC032Twill-fx" name="CarbonFBXASC032FiberFBXASC032-FBXASC032Twill">
      <profile_COMMON>
        <technique sid="standard">
          <phong>
            <emission>
              <color sid="emission">0.000000  0.000000 0.000000 1.000000</color>
            </emission>
            <ambient>
              <color sid="ambient">0.098039  0.098039 0.098039 1.000000</color>
            </ambient>
            <diffuse>
              <color sid="diffuse">0.098039  0.098039 0.098039 1.000000</color>
            </diffuse>
            <specular>
              <color sid="specular">0.172877  0.172877 0.172877 1.000000</color>
            </specular>
            <shininess>
              <float sid="shininess">19.999998</float>
            </shininess>
            <transparency>
              <float sid="transparency">0.000000</float>
            </transparency>
          </phong>
        </technique>
      </profile_COMMON>
    </effect>
  </library_effects>
  <library_geometries>
    <geometry id="bottom_cover-lib" name="bottom_coverMesh">
      <mesh>
        <source id="bottom_cover-POSITION">
          <float_array id="bottom_cover-POSITION-array" count="8259">
5.499874 -7.660065 -3.199983
5.499844 -7.660064 3.200018
-3.200115 -7.659923 -5.500023
0.074887 -7.509977 -5.500008
0.666851 -7.509986 -3.206369
4.762590 -7.510054 -4.889971
-3.274280 -7.509920 0.074976
-5.500139 -7.509884 0.074966
-3.206506 -7.509921 0.666952
3.199833 -7.660025 5.500007
-3.200167 -7.659920 5.499977
8.338362 -5.567937 8.211260
8.655230 -5.585161 8.528132
7.564334 -6.267901 7.437235
-0.075164 -7.509971 5.499991
-0.667129 -7.509962 3.206353
-3.200164 -7.509920 5.499977
-7.982949 -7.132788 -0.075046
-6.748647 -7.416141 -3.200040
-7.982934 -7.132789 -3.200046
-6.594092 -3.159868 -9.937792
0.074980 -3.159978 -10.050009
6.594051 -3.160085 -9.937730
10.049933 -3.160139 0.075038
9.937654 -3.160135 6.594108
9.937715 -3.160139 -6.594034
7.819647 -5.523110 -9.361596
7.782439 -5.849281 -8.885058
8.528033 -5.585163 -8.655346
-5.577111 -7.475912 5.115924
-4.890146 -7.509892 4.762675
-5.500154 -7.509883 3.199966
-10.050067 -3.159809 -0.075056
-9.937788 -3.159813 -6.594127
-9.937850 -3.159809 6.594016
8.497945 -5.630386 8.625403
8.269008 -5.489578 8.396462
7.437055 -6.267899 7.564514
6.593958 -3.160080 9.937773
-0.075114 -3.159970 10.049990
-6.594185 -3.159863 9.937712
4.388080 -1.879083 10.500011
-4.000095 -1.878946 10.499973
-6.696834 -5.260023 10.478101
-10.500027 -1.878842 -4.000059
-10.479715 -5.342933 6.635528
-10.500067 -1.878839 4.388118
-0.075144 -4.859970 10.349991
-6.671501 -4.859862 10.330174
-6.671475 -3.259862 10.330174
-10.330315 -3.259803 6.671300
-10.330341 -4.859803 6.671300
-10.350096 -4.859804 0.074943
6.696631 -5.260249 -10.478118
-4.388173 -1.878942 -10.500030
4.388178 -1.879086 -10.499989
10.492171 -5.911316 4.068091
10.497303 -5.883745 -4.065609
10.499974 -1.879186 -4.388137
10.499935 -1.879186 4.000039
10.478008 -5.260306 6.696724
-4.068212 -5.911075 10.492274
4.065488 -5.883636 10.497407
-3.200082 -6.666414 -9.160198
-0.075067 -6.035756 -10.241759
-3.200066 -5.996408 -10.286392
-0.075123 -7.509974 -3.274150
-0.075113 -7.509974 -5.500009
-0.667099 -7.509964 -3.206375
10.330177 -3.260145 -6.671319
10.330151 -4.860145 -6.671318
10.349906 -4.860144 -0.074961
9.160050 -6.666614 -0.074966
10.241636 -6.035923 -0.074961
9.160064 -6.666615 -3.199966
4.067987 -5.911214 -10.492292
-4.065712 -5.883508 -10.497424
-10.492395 -5.910973 -4.068108
-10.497527 -5.883398 4.065592
-6.671378 -3.259867 -10.330255
-6.671405 -4.859867 -10.330255
-0.075047 -4.859976 -10.350010
-10.350069 -3.259804 -0.075058
-10.330278 -4.859806 -6.671415
-10.330252 -3.259806 -6.671415
1.140968 -7.509994 -2.882347
-3.100139 -7.509923 -0.000023
-3.048388 -7.509924 0.564063
7.982684 -7.133050 0.075029
6.748373 -7.416361 3.200023
7.982669 -7.133049 3.200029
10.349931 -3.260144 0.075039
10.330088 -4.860142 6.671397
10.330114 -3.260142 6.671397
9.160035 -6.666613 3.200034
10.241635 -6.035923 0.075039
9.160049 -6.666614 0.075034
-10.286483 -5.996289 0.074943
-10.286497 -5.996288 3.199943
-8.563172 -3.259831 8.690293
-7.053614 -3.259855 10.171884
-7.053640 -4.859855 10.171885
0.074883 -3.259972 10.349991
6.671240 -3.260081 10.330236
6.671214 -4.860081 10.330237
4.974403 -7.372736 6.570688
3.199831 -7.416301 6.748532
3.632785 -7.199087 7.738635
-8.053528 -7.267877 -3.200046
-6.784336 -7.562444 3.199960
-8.053558 -7.267875 3.199954
-10.153960 -5.320787 7.301920
-8.645889 -5.603579 8.783455
-8.732884 -3.603793 8.732719
3.199903 -7.268063 -8.053402
-3.200108 -7.562506 -6.784205
-3.200097 -7.267958 -8.053432
-7.317064 -5.258569 -10.148571
-8.640691 -5.618587 -8.778657
-8.732803 -3.592351 -8.732819
-3.200172 -7.267954 8.053385
3.199829 -7.562607 6.784188
3.199828 -7.268059 8.053415
8.732654 -3.604080 8.732801
8.783357 -5.603865 8.645773
9.758636 -5.428009 7.697609
7.178129 -5.294673 -10.259713
8.173749 -1.879155 -9.291758
8.732735 -3.604085 -8.732737
8.053259 -7.268140 3.200029
6.784057 -7.562669 -3.199977
8.053289 -7.268141 -3.199971
3.199905 -7.132974 -7.982810
0.074905 -7.132922 -7.982825
3.199894 -7.416305 -6.748518
0.074980 -3.259978 -10.350009
6.671311 -4.860086 -10.330192
6.671337 -3.260086 -10.330193
-10.153891 -5.320791 -7.302033
-9.291795 -1.878868 -8.173804
-9.839800 -3.159814 -6.830689
-8.350959 -3.159839 -8.478259
-6.830655 -3.159864 -9.839806
-8.478317 -3.159833 8.350882
-9.839864 -3.159811 6.830579
-6.928213 -3.159858 9.759578
-7.178333 -5.294432 10.259696
-8.173841 -1.878884 9.291741
-0.000153 -7.509973 3.099992
0.563933 -7.509982 3.048241
0.074846 -7.509974 3.274133
0.074836 -7.509974 5.499992
0.666821 -7.509984 3.206359
9.540905 -1.879172 -7.924589
9.929951 -1.879167 -7.535542
10.153754 -5.321125 -7.301938
10.349905 -3.010142 6.468520
10.349975 -1.879183 -4.388137
10.349966 -3.010146 -6.468442
9.937656 -3.010135 6.594108
10.259602 -5.294719 7.178222
9.291703 -1.879171 8.173786
-0.075169 -7.416248 6.748517
-3.200169 -7.416196 6.748502
-3.200170 -7.132864 7.982793
-7.819860 -5.522848 9.361578
-7.782662 -5.849021 8.885041
-8.528248 -5.584878 8.655329
-8.690371 -3.259834 -8.563113
-10.171962 -3.259809 -7.053554
-10.171989 -4.859809 -7.053554
-7.321128 -6.955881 -6.521831
-7.871144 -6.647026 -6.965184
-7.883780 -6.955871 -5.665877
7.535578 -1.879128 -9.929931
7.924621 -1.879146 -9.540889
4.388178 -1.879086 -10.349990
-4.388173 -1.878942 -10.350029
6.468465 -3.010083 -10.349980
-4.308712 -6.768630 9.190395
-3.200170 -6.783161 9.262796
-3.809387 -6.385682 9.952624
-5.695875 -6.385651 9.504001
-4.876468 -6.768620 9.056937
-5.065759 -6.385661 9.718326
9.262707 -6.783369 -3.199965
9.262678 -6.783367 3.200035
7.367746 -7.087806 6.583827
8.611304 -6.768889 5.998072
7.507550 -6.768870 7.507756
-3.200084 -6.783166 -9.262843
3.199917 -6.783271 -9.262813
6.583704 -7.087797 -7.367886
5.997953 -6.768850 -8.611439
7.507638 -6.768874 -7.507685
-6.610027 -5.944807 -9.794962
-7.473551 -6.385626 -8.463778
-7.879619 -5.944786 -8.963957
-9.262931 -6.783064 -3.200052
-9.952753 -6.385584 -3.809275
-9.190531 -6.768552 -4.308594
10.286269 -5.996628 -3.199961
9.103535 -6.276416 -6.308068
9.661196 -5.849311 -6.601655
8.885011 -5.849299 -7.782476
-5.500138 -7.509884 -0.075034
-4.890102 -7.509895 -4.762737
-5.500124 -7.509885 -3.200034
-5.116071 -7.475923 -5.576981
-4.762822 -7.509897 -4.890016
-3.200113 -7.509923 -5.500023
-6.468594 -3.009865 10.349961
4.388081 -1.879083 10.350011
6.468368 -3.010078 10.350021
7.924533 -1.879143 9.540943
7.535487 -1.879125 9.929988
7.301826 -5.321073 10.153848
1.696199 -7.510001 2.594686
2.191882 -7.510009 2.192033
5.576835 -7.476098 -5.115941
4.889869 -7.510056 -4.762691
5.499876 -7.510065 -3.199983
-8.690451 -3.259829 8.563013
-10.172055 -4.859805 7.053441
-10.172028 -3.259805 7.053440
-9.103772 -6.276114 6.308051
-9.661419 -5.848990 6.601637
-8.885234 -5.849003 7.782459
10.171891 -3.260143 -7.053459
8.690287 -4.860119 -8.563031
10.171864 -4.860143 -7.053459
7.053476 -3.260093 -10.171903
7.053450 -4.860093 -10.171902
8.563034 -3.260117 -8.690311
-6.308178 -6.276164 -9.103662
-6.601757 -5.849045 -9.661316
-7.782579 -5.849025 -8.885131
-8.563091 -3.259836 -8.690391
-7.053545 -4.859861 -10.171968
-7.053519 -3.259861 -10.171969
5.115794 -7.476088 5.576965
4.762544 -7.510051 4.889999
3.199836 -7.510025 5.500007
5.499861 -7.510064 0.075017
4.889824 -7.510053 4.762720
5.499846 -7.510063 3.200018
-6.468497 -3.009871 -10.350040
-7.053515 -3.009861 -10.171969
-8.626708 -1.878883 -8.626750
-10.042493 -3.009811 -7.211000
-10.172024 -3.009805 7.053440
-8.626789 -1.878880 8.626654
-7.211055 -3.009853 10.042419
-10.350095 -3.009802 6.468423
-10.350035 -3.009806 -6.468539
-10.350065 -1.878843 3.999942
10.171798 -4.860139 7.053536
8.690207 -4.860115 8.563094
8.690233 -3.260114 8.563094
8.562953 -3.260112 8.690373
8.562927 -4.860112 8.690373
7.053355 -4.860087 10.171951
-4.388270 -1.878939 10.349970
-8.067775 -1.878885 9.185675
-7.818647 -1.878885 9.434805
-9.185728 -1.878870 -8.067739
-9.434859 -1.878861 -7.818610
-10.350026 -1.878843 -4.388234
0.074832 -6.666463 9.160166
0.074838 -6.035753 10.241742
3.199838 -5.996508 10.286375
-3.200168 -6.666409 9.160151
-0.075162 -6.035750 10.241741
-0.075168 -6.666460 9.160166
-0.075082 -6.666465 -9.160183
3.199918 -6.666519 -9.160168
0.074933 -6.035758 -10.241758
0.074918 -6.666468 -9.160182
-9.160284 -6.666314 -3.200051
-10.241864 -6.035586 -0.075056
-9.160299 -6.666313 -0.075051
6.830613 -3.160089 -9.839742
8.350904 -3.160113 -8.478181
9.839729 -3.160137 -6.830598
10.171895 -3.010143 -7.053459
9.823885 -1.879165 -7.429477
9.434839 -1.879171 -7.818523
9.385264 -5.424208 7.860239
8.690204 -5.010114 8.563094
10.171796 -5.010139 7.053536
7.320869 -6.956118 6.521814
7.870895 -6.647281 6.965167
7.883520 -6.956127 5.665860
7.053381 -3.260087 10.171950
6.651921 -3.160081 10.232120
0.074886 -3.159973 10.049991
7.053385 -3.010087 10.171950
8.626616 -1.879164 8.626733
10.042364 -3.010137 7.210981
7.429422 -1.879124 9.823921
7.818467 -1.879141 9.434876
6.830523 -3.010084 9.839787
6.593960 -3.010080 9.937773
-6.594183 -3.009863 9.937712
6.307941 -6.276366 9.103645
7.782356 -5.849276 8.885114
7.386850 -6.276384 8.394450
8.562924 -5.010112 8.690373
6.886206 -5.010084 9.922828
8.350794 -5.010109 8.478241
-10.133887 -5.436440 7.244091
-9.795066 -5.944751 6.609905
-9.605019 -5.573039 7.775412
-10.371812 -6.128035 3.199943
-10.424716 -6.080882 -3.200057
3.206228 -7.510027 -0.666968
5.499862 -7.510064 -0.074983
3.206222 -7.510026 0.666982
10.171825 -3.260139 7.053536
9.839668 -3.010134 6.830671
-7.429514 -1.878882 -9.823940
-7.818559 -1.878887 -9.434894
-7.924625 -1.878886 -9.540961
-7.535579 -1.878880 -9.930004
-9.540998 -1.878857 7.924571
-9.930044 -1.878839 7.535522
-9.823977 -1.878840 7.429456
-9.434932 -1.878858 7.818505
-0.075021 -3.259976 -10.350010
0.074953 -4.859978 -10.350009
0.074856 -4.859973 10.349992
-0.075117 -3.259970 10.349991
-4.924731 -5.770363 -10.497474
-6.620619 -5.346458 -10.481786
-6.533761 -6.768597 -8.299125
-6.314130 -6.385645 -9.222672
-10.350070 -3.259804 0.074942
-10.350095 -4.859804 -0.075057
10.349932 -3.260144 -0.074961
10.349905 -4.860144 0.075039
6.533457 -6.768854 8.299030
6.583635 -7.087793 7.367931
4.924511 -5.770519 10.497457
6.620413 -5.346670 10.481769
10.497355 -5.770615 -4.924630
10.481674 -5.346738 -6.620525
8.298911 -6.768887 -6.533592
7.367807 -7.087809 -6.583775
-3.206499 -7.509922 -0.666998
-2.882477 -7.509927 -1.141115
-3.048383 -7.509924 -0.564108
-4.068871 -5.847896 10.343481
-6.671504 -5.009862 10.330174
-0.075146 -5.009970 10.349991
-6.308263 -6.276159 9.103586
-7.387165 -6.276141 8.394381
-6.601848 -5.849040 9.661237
6.308026 -6.276371 -9.103603
7.386928 -6.276388 -8.394398
6.601625 -5.849262 -9.661255
4.068649 -5.848035 -10.343498
6.671308 -5.010086 -10.330192
0.074951 -5.009978 -10.350009
-10.343601 -5.847796 -4.068769
-10.330281 -5.009806 -6.671415
-10.350098 -5.009804 -0.075057
-9.103713 -6.276117 -6.308153
-8.394508 -6.276129 -7.387055
-9.661357 -5.848994 -6.601745
10.343378 -5.848134 4.068751
10.330086 -5.010142 6.671397
10.349902 -5.010144 0.075039
9.103476 -6.276413 6.308136
8.394271 -6.276401 7.387038
9.661135 -5.849308 6.601728
-8.690397 -4.859834 -8.563112
-8.563117 -4.859836 -8.690391
6.601535 -5.849257 9.661299
0.074854 -5.009972 10.349992
6.671212 -5.010081 10.330237
4.066537 -5.824975 10.347808
1.782926 -7.510004 -2.747062
1.246229 -7.509995 -3.028571
2.882210 -7.510022 -1.141088
2.594555 -7.510017 -1.696346
-1.246506 -7.509953 3.028554
-1.696501 -7.509945 2.594670
-1.141246 -7.509954 2.882330
8.626696 -1.879166 -8.626672
7.210925 -3.010095 -10.042438
7.818555 -1.879144 -9.434822
7.429511 -1.879126 -9.823868
-8.625519 -5.630105 8.498044
-7.564640 -6.267653 7.437164
-7.797802 -6.429054 7.670321
-8.690480 -5.009829 8.563013
-9.922935 -5.009809 6.886294
-8.478347 -5.009833 8.350883
8.625304 -5.630392 -8.498061
7.564404 -6.267905 -7.437181
7.797560 -6.429314 -7.670338
8.690284 -5.010119 -8.563031
9.922739 -5.010139 -6.886312
8.478152 -5.010115 -8.350900
10.349934 -1.879182 4.388215
9.185636 -1.879169 8.067719
9.434767 -1.879168 7.818591
6.239077 -7.476108 -3.489898
6.570559 -7.372766 -4.974547
8.394341 -6.276405 -7.386977
-8.394577 -6.276125 7.386959
-6.239354 -7.475902 3.489882
-6.570832 -7.372547 4.974531
-7.860353 -5.423924 9.385360
-8.563201 -5.009831 8.690293
-7.053642 -5.009855 10.171885
-8.211375 -5.567665 8.338461
-7.437362 -6.267655 7.564444
8.211162 -5.567939 -8.338478
7.437125 -6.267903 -7.564461
7.860144 -5.424187 -9.385378
8.563006 -5.010117 -8.690311
7.053447 -5.010093 -10.171902
-6.464402 -7.338656 -6.464326
-5.320392 -7.338675 -7.300713
-5.920716 -7.518040 -5.920636
-6.784306 -7.562446 -3.200040
-8.563198 -4.859831 8.690293
-8.690477 -4.859829 8.563013
8.690313 -3.260119 -8.563031
8.563008 -4.860117 -8.690311
-3.490028 -7.475949 -6.239224
-4.974676 -7.372576 -6.570704
-6.745217 -7.025936 -6.872438
-5.995025 -6.647057 -8.508831
-7.670451 -6.429060 -7.797690
-10.481781 -5.335170 -6.633653
-10.500026 -1.878841 -4.388235
-10.500016 -1.878825 -6.468541
-10.328689 -1.878828 -6.679077
-10.350023 -1.878834 -5.080863
10.499924 -1.879168 6.468520
10.499933 -1.879184 4.388216
10.328597 -1.879165 6.679057
10.349930 -1.879173 5.080844
-6.468578 -1.878889 10.499960
-4.579852 -1.878934 10.499971
-6.679114 -1.878885 10.328634
-4.930985 -1.878924 10.349968
6.830521 -3.160084 9.839787
8.350824 -3.160109 8.478240
6.997667 -3.160086 10.088910
9.839665 -3.160134 6.830671
8.478104 -3.160111 8.350961
-6.637329 -1.878889 -10.488102
-5.080801 -1.878921 -10.500033
-6.679015 -1.878888 -10.328717
-4.762396 -1.878932 -10.350030
10.328661 -1.879167 -6.678980
10.349976 -1.879180 -4.762359
10.488047 -1.879170 -6.637295
10.499978 -1.879177 -5.080765
-10.488139 -1.878823 6.637274
-10.500070 -1.878830 5.080747
-10.328754 -1.878826 6.678960
-10.350069 -1.878838 4.762340
6.678923 -1.879105 10.328698
4.762303 -1.879086 10.350013
6.637237 -1.879104 10.488082
5.080709 -1.879085 10.500014
6.468485 -1.879104 -10.499979
6.679022 -1.879108 -10.328655
5.080807 -1.879088 -10.349986
10.492295 -5.797665 4.929528
8.874594 -6.386000 6.910061
9.794561 -5.945257 6.609884
8.963570 -5.945243 7.879426
7.879322 -5.945230 -8.963691
6.909949 -6.385972 -8.874723
6.609779 -5.945209 -9.794682
4.929426 -5.797578 -10.492414
-8.299243 -6.768565 6.533626
-7.368071 -7.087564 6.583759
-7.507957 -6.768577 7.507734
-9.718502 -6.385586 5.065540
-8.864543 -6.768556 5.442431
-9.222783 -6.385594 6.314001
-6.899154 -7.518021 4.258634
-6.784126 -7.338648 6.109672
-7.638365 -7.338634 4.470198
-3.200171 -7.562502 6.784158
-5.065669 -6.385666 -9.718391
-5.442566 -6.768615 -8.864425
-3.200068 -6.128156 -10.371705
3.199934 -6.081107 -10.424610
-0.075049 -5.009976 -10.350010
-6.671407 -5.009867 -10.330255
-4.066759 -5.824847 -10.347825
-5.101039 -6.276184 -9.595297
-4.950636 -5.844845 -10.285136
-4.929647 -5.797410 10.492397
-5.759817 -5.768531 10.405555
-6.610118 -5.944802 9.794882
10.330148 -5.010145 -6.671318
10.349903 -5.010144 -0.074961
10.035800 -5.010141 -6.613355
10.171862 -5.010143 -7.053459
-10.330343 -5.009803 6.671300
-10.350098 -5.009804 0.074943
-10.035995 -5.009807 6.613338
-10.172057 -5.009805 7.053441
5.752071 -5.681035 -10.270424
3.199934 -5.996513 -10.286362
-5.752289 -5.680840 10.270406
-3.200162 -5.996403 10.286345
6.872299 -7.026160 -6.745095
8.508698 -6.647295 -5.994909
6.521693 -6.956108 -7.321007
6.965051 -6.647270 -7.871028
5.665739 -6.956095 -7.883658
-10.050097 -5.009809 -0.075056
-10.347927 -5.824740 4.066640
-10.343042 -5.888689 0.074943
-10.492516 -5.797323 -4.929545
-10.405674 -5.768459 -5.759715
-9.504131 -6.385592 -5.695764
-10.374087 -5.983700 -4.901859
-6.872560 -7.025930 6.745078
-8.508947 -6.647012 5.994892
-6.521952 -6.955890 7.320990
-6.965300 -6.647037 7.871011
-5.665998 -6.955904 7.883642
10.049902 -5.010139 0.075038
10.347705 -5.825082 -4.066657
10.321176 -5.946318 -0.074960
10.286240 -5.996626 3.200039
10.270306 -5.681105 5.752171
-10.286467 -5.996290 -3.200057
-10.270524 -5.680770 -5.752189
5.065380 -6.385936 9.718205
5.442279 -6.768836 8.864322
6.313809 -6.385957 9.222499
3.199836 -6.128256 10.371688
-3.200164 -6.080997 10.424592
-0.075064 -5.888861 -10.342939
0.074949 -5.009978 -10.050009
10.371580 -6.128377 -3.199960
10.424486 -6.081222 3.200040
9.718094 -6.386017 -5.065509
8.864203 -6.768896 -5.442414
9.222387 -6.386009 -6.313937
5.100802 -6.276346 9.595280
4.950413 -5.845002 10.285118
3.199832 -6.666514 9.160181
0.074840 -5.888858 10.342922
-0.075145 -5.009970 10.049991
-10.497575 -5.770268 4.924612
-10.424790 -5.749214 5.754404
-7.387086 -6.276146 -8.394468
-9.361693 -5.522828 -7.819762
-8.885161 -5.849007 -7.782560
-8.655445 -5.584881 -8.528149
6.784027 -7.562667 3.200024
4.258504 -7.518204 6.899007
6.109545 -7.338859 6.783982
4.470070 -7.338832 7.638221
3.199892 -7.562611 -6.784175
6.898876 -7.518250 -4.258651
6.783854 -7.338874 -6.109689
7.638093 -7.338888 -4.470215
-7.300791 -7.338642 -5.320333
-9.795005 -5.944754 -6.610014
-8.463820 -6.385610 -7.473518
6.647327 -5.460767 10.419590
5.754303 -5.749479 10.424671
6.609688 -5.945204 9.794727
9.291778 -1.879173 -8.173718
10.419494 -5.460833 -6.647441
10.424570 -5.749560 -5.754422
9.794622 -5.945261 -6.609809
7.053352 -5.010087 10.171951
6.613249 -5.010080 10.035889
-7.053547 -5.009861 -10.171968
-6.886401 -5.009864 -9.922846
-8.563120 -5.009836 -8.690391
-6.613444 -5.009868 -10.035907
2.882200 -7.510021 1.141099
3.048105 -7.510024 0.564092
3.274003 -7.510028 -0.074993
9.595170 -6.276424 -5.100929
10.285016 -5.845094 -4.950533
-8.350989 -5.009839 -8.478258
-8.498160 -5.630111 -8.625420
-8.269219 -5.489311 -8.396479
-7.437291 -6.267659 -7.564531
9.503726 -6.386010 5.695682
10.405454 -5.768798 5.759698
-9.595407 -6.276106 5.100912
-10.285238 -5.844753 4.950516
9.922675 -5.010135 6.886387
10.035738 -5.010137 6.613431
-10.035933 -5.009811 -6.613449
-9.922870 -5.009813 -6.886405
-10.171991 -5.009809 -7.053554
-8.690400 -5.009834 -8.563112
6.886298 -5.010090 -9.922782
6.613343 -5.010085 -10.035845
-6.886494 -5.009858 9.922764
-6.613538 -5.009863 10.035827
6.709214 -6.788519 6.582116
7.797489 -6.429310 7.670394
6.872236 -7.026156 6.745142
4.889829 -7.210053 4.762720
5.888357 -7.389982 5.761260
-6.910286 -6.385631 8.874852
-7.879702 -5.944782 8.963864
-7.697722 -5.427722 9.758732
-6.830745 -3.009859 9.839723
-9.839797 -3.009814 -6.830690
-6.830653 -3.009864 -9.839806
-9.937786 -3.009813 -6.594127
-8.338576 -5.567667 -8.211277
-7.564571 -6.267657 -7.437252
-9.385473 -5.423904 -7.860257
6.652017 -3.160086 -10.232077
6.997761 -3.160092 -10.088863
10.232062 -3.160144 -6.651998
10.049933 -3.160139 -0.074962
8.478182 -3.160116 -8.350901
10.088852 -3.160142 -6.997744
-6.997801 -3.159862 -10.088928
-6.652056 -3.159867 -10.232139
-0.075020 -3.159975 -10.050010
-9.937847 -3.009809 6.594016
-9.839861 -3.009811 6.830579
-2.378663 -7.209935 -2.251280
-4.890097 -7.209895 -4.762737
-2.747193 -7.509929 -1.783073
-3.028696 -7.209924 -1.246376
-2.747188 -7.209929 -1.783073
5.695570 -6.385952 -9.503855
5.759596 -5.768726 -10.405573
-4.762817 -7.209897 -4.890016
-2.251383 -7.209937 -2.378559
1.246206 -7.209993 3.028566
0.666826 -7.209984 3.206359
4.762549 -7.210051 4.889999
2.251116 -7.210010 2.378542
8.343814 -1.879161 -8.909559
8.732764 -1.879168 -8.732738
9.015646 -1.879172 -8.449852
-10.088986 -3.159806 6.997725
-10.050068 -3.159809 0.074944
-10.232197 -3.159804 6.651979
10.034670 -5.656767 -0.074962
9.912891 -5.878175 -0.074962
8.821008 -6.494358 -0.074967
-9.913115 -5.877849 0.074945
-8.821252 -6.494068 0.074950
-10.034886 -5.656437 0.074944
-1.783173 -7.209945 -2.747079
-1.246478 -7.509954 -3.028583
-1.783178 -7.509945 -2.747079
-2.192159 -7.509939 -2.192049
-2.594817 -7.509932 -1.696371
-0.075067 -5.956434 -9.817764
-0.075081 -6.494214 -8.821139
-0.075061 -5.656604 -10.034787
6.830615 -3.010089 -9.839742
9.839732 -3.010137 -6.830598
9.937718 -3.010139 -6.594034
6.594053 -3.010085 -9.937730
-6.594090 -3.009868 -9.937792
0.074841 -5.956431 9.817746
0.074837 -6.494212 8.821122
0.074845 -5.656601 10.034769
-0.000148 -7.209973 3.099992
-0.667124 -7.209962 3.206353
3.274002 -7.510028 0.075007
3.274008 -7.210028 -0.074993
3.048115 -7.210024 -0.564080
3.099866 -7.210025 0.000006
-10.232135 -3.159808 -6.652093
-10.088921 -3.159810 -6.997838
-8.478239 -3.159837 -8.350980
10.088786 -3.160138 6.997819
10.232000 -3.160140 6.652075
7.993945 -6.385985 7.994155
7.133791 -5.415412 10.224910
7.775314 -5.573324 9.604903
10.224814 -5.415468 -7.133904
9.604805 -5.573359 -7.775430
7.994043 -6.385989 -7.994074
-2.192175 -7.209937 2.192012
-1.696496 -7.209945 2.594670
-2.192180 -7.509937 2.192012
-3.028713 -7.509924 1.246331
-3.028708 -7.209924 1.246331
-3.206501 -7.209921 0.666952
2.191887 -7.210009 2.192033
2.435103 -7.360013 1.918222
1.918072 -7.360005 2.435249
1.140946 -7.209992 2.882341
0.563937 -7.209982 3.048241
-6.652151 -3.159862 10.232058
-6.997896 -3.159856 10.088844
-8.351038 -3.159835 8.478162
0.074841 -7.209974 5.499992
0.074851 -7.209974 3.274133
7.670209 -6.429308 7.797673
5.761077 -7.389979 5.888539
-8.559757 -5.484347 8.686841
-8.341986 -5.282126 8.469076
-8.469265 -5.282124 8.341796
8.469061 -5.282407 -8.341814
8.559547 -5.484633 -8.686858
8.341782 -5.282404 -8.469094
-8.963987 -5.944768 -7.879599
-10.333421 -5.286199 -7.066737
-10.148540 -1.878833 -7.317068
-8.273874 -6.955862 4.708095
-6.749809 -7.198916 6.061181
-7.570404 -7.198903 4.498995
-7.982964 -7.132787 3.199954
-7.982950 -7.132788 0.074954
-4.708233 -6.955924 -8.273753
-6.061323 -7.198931 -6.749683
-4.499136 -7.198957 -7.570278
-3.200095 -7.132868 -7.982840
-0.075095 -7.132920 -7.982825
8.273615 -6.956137 -4.708112
6.749541 -7.199141 -6.061198
7.570137 -7.199155 -4.499011
7.982699 -7.133051 -3.199971
7.982685 -7.133050 -0.074971
-9.291871 -1.878866 8.173702
-9.185803 -1.878867 8.067636
-8.909672 -1.878875 8.343770
8.173663 -1.879152 9.291815
8.067600 -1.879151 9.185747
8.343732 -1.879158 8.909616
-8.173756 -1.878886 -9.291833
-8.067690 -1.878888 -9.185765
-8.343824 -1.878886 -8.909636
3.048111 -7.510024 -0.564079
2.594560 -7.210017 -1.696346
-6.187194 -7.518032 5.625043
-4.967311 -7.518052 6.617652
-5.320461 -7.338672 7.300647
-6.583967 -7.087576 7.367869
-5.665926 -7.087591 7.968782
-5.998249 -6.768602 8.611505
-5.500133 -7.209883 -0.075034
-3.274274 -7.209920 -0.075024
-8.821251 -6.494068 -0.075050
5.499867 -7.210064 -0.074983
-0.075108 -7.209974 -5.500009
-0.075118 -7.209973 -3.274150
6.581997 -6.788520 -6.709350
6.745020 -7.026157 -6.872375
5.678359 -7.105380 -5.805725
2.251138 -7.210011 -2.378538
4.762595 -7.210053 -4.889971
-6.582188 -6.788304 -6.709411
-5.678568 -7.105194 -5.805778
-5.761350 -7.389793 -5.888555
0.074939 -5.656606 -10.034786
0.074919 -6.494217 -8.821138
-6.582251 -6.788301 6.709333
-6.745281 -7.025932 6.872358
-5.678623 -7.105191 5.805708
-4.762867 -7.509894 4.889955
-2.251405 -7.209936 2.378521
-4.762862 -7.209894 4.889955
-0.075158 -5.878008 9.912994
-0.075163 -6.494210 8.821121
-0.075155 -5.656598 10.034769
-5.500134 -7.209883 0.074966
-3.274275 -7.209920 0.074976
-5.500126 -7.659885 -3.200034
-5.500156 -7.659883 3.199966
-4.967250 -7.518056 -6.617715
-10.035931 -4.859811 -6.613449
-9.922868 -4.859813 -6.886405
10.035741 -4.860137 6.613431
9.922677 -4.860135 6.886387
1.246234 -7.209995 -3.028571
-0.000124 -7.509975 -3.100008
-0.564205 -7.209965 -3.048258
-0.564210 -7.509966 -3.048257
-9.922932 -4.859809 6.886294
-10.035993 -4.859807 6.613337
-10.050096 -4.859809 0.074944
-6.613535 -4.859863 10.035827
-6.886491 -4.859858 9.922764
6.613345 -4.860085 -10.035845
6.886301 -4.860090 -9.922782
-6.709468 -6.788302 -6.582133
-7.797731 -6.429058 -7.670411
-6.872497 -7.025934 -6.745159
-5.888630 -7.389791 -5.761277
9.922742 -4.860139 -6.886312
10.035802 -4.860141 -6.613355
10.049905 -4.860139 -0.074962
-7.994407 -6.385614 7.994181
3.199885 -7.660028 -5.499993
4.610863 -7.624970 -5.928840
4.967034 -7.518219 -6.617669
6.186916 -7.518239 -5.625059
5.928691 -7.624988 4.610996
6.617522 -7.518243 4.967164
5.624912 -7.518226 6.187047
-4.611145 -7.624815 5.928823
9.817641 -5.956594 0.075037
8.821007 -6.494358 0.075033
10.034669 -5.656767 0.075038
-10.034886 -5.656437 -0.075056
-9.817868 -5.956271 -0.075055
-7.642006 -5.551264 -9.731656
-6.904975 -5.298999 -10.409575
-6.931004 -1.878884 -10.407323
5.320189 -7.338850 -7.300663
4.470142 -7.338836 -7.638195
4.677114 -7.087766 -8.361327
7.300519 -7.338879 5.320316
7.638051 -7.338885 4.470269
8.361187 -7.087823 4.677238
-4.890141 -7.209892 4.762675
-2.378684 -7.209934 2.251241
-2.378689 -7.509934 2.251241
-2.747204 -7.209928 1.783031
5.499866 -7.210064 0.075017
3.274007 -7.210028 0.075007
2.746915 -7.510019 1.783056
3.028429 -7.210023 1.246359
2.746920 -7.210018 1.783056
2.378396 -7.210012 2.251263
-0.075159 -7.209971 5.499991
-0.075149 -7.209972 3.274132
8.341703 -5.282400 8.469154
8.686744 -5.484630 8.559643
8.468983 -5.282402 8.341875
0.074908 -6.890253 -7.748028
0.074892 -7.209977 -5.500008
0.074882 -7.209976 -3.274149
-8.341907 -5.282130 -8.469172
-8.686955 -5.484349 -8.559661
-8.469187 -5.282128 -8.341893
1.782905 -7.210002 2.747062
1.246201 -7.509994 3.028566
1.782900 -7.510003 2.747062
10.499975 -1.879184 -4.579717
4.579661 -1.879085 10.500012
-4.579753 -1.878937 -10.500031
6.061056 -7.199127 6.749667
4.498869 -7.199101 7.570262
6.744956 -7.026154 6.872421
5.678304 -7.105377 5.805761
4.579758 -1.879088 -10.349989
4.762401 -1.879089 -10.499987
-2.882472 -7.209927 -1.141115
-3.274279 -7.509920 -0.075024
-7.429603 -1.878879 9.823849
-7.074039 -1.878880 10.157505
-6.931102 -1.878881 10.407239
-7.317103 -1.878877 10.148484
9.823813 -1.879163 7.429548
10.157468 -1.879163 7.073984
10.407201 -1.879166 6.931045
10.148448 -1.879165 7.317047
-10.407294 -1.878827 -6.931066
-9.823905 -1.878843 -7.429569
-10.157560 -1.878832 -7.074004
-6.886398 -4.859864 -9.922846
-6.613442 -4.859868 -10.035907
-0.075048 -4.859975 -10.050009
6.886208 -4.860085 9.922828
6.613251 -4.860080 10.035889
0.074858 -4.859973 10.049992
-9.359204 -5.528333 7.816164
-10.030029 -5.359756 7.149540
-10.047032 -5.262911 7.198240
9.358992 -5.528645 -7.816181
10.029822 -5.360089 -7.149557
10.046829 -5.263245 -7.198257
-7.816278 -5.528363 -9.359107
-7.149652 -5.359808 -10.029934
-7.198350 -5.262962 -10.046939
7.816066 -5.528615 9.359089
7.149445 -5.360037 10.029917
7.198147 -5.263193 10.046922
-5.080900 -1.878918 10.499968
-4.762493 -1.878929 10.499970
-4.762492 -1.878929 10.349968
9.361481 -5.523131 7.819745
8.884938 -5.849295 7.782542
-8.546971 -7.087547 -3.682438
-7.968923 -7.087557 -5.665802
2.378412 -7.510014 -2.251258
2.378417 -7.210013 -2.251258
2.746937 -7.210019 -1.783047
4.889874 -7.210055 -4.762691
0.074830 -7.132918 7.982809
0.074831 -7.416250 6.748517
0.074837 -7.130444 6.629657
-5.888684 -7.389788 5.761205
-6.709530 -6.788298 6.582053
-5.805901 -7.105189 5.678428
5.888410 -7.389985 -5.761222
6.709276 -6.788522 -6.582070
5.805637 -7.105383 -5.678445
-10.500071 -1.878823 5.313096
-10.350070 -1.878833 5.080747
-10.350071 -1.878825 5.313097
-10.350022 -1.878827 -5.313213
-10.500022 -1.878832 -5.080864
-10.500021 -1.878825 -5.313213
10.499929 -1.879168 5.313194
10.499930 -1.879175 5.080845
10.349929 -1.879165 5.313193
10.407268 -1.879168 -6.930968
10.409463 -5.299282 -6.904881
10.298026 -5.231733 -7.133670
6.930912 -1.879109 10.407306
6.904770 -5.299220 10.409557
7.133560 -5.231676 10.298118
4.498940 -7.199105 -7.570236
4.285251 -7.372729 -6.851362
6.061119 -7.199130 -6.749627
3.199887 -7.510028 -5.499993
-1.141219 -7.509956 -2.882357
-1.141214 -7.209956 -2.882357
-1.696472 -7.209947 -2.594702
-1.918344 -7.359943 -2.435266
-2.435376 -7.359934 -1.918239
6.599047 -5.279170 -10.336166
7.198241 -5.263199 -10.046872
-10.046965 -5.262915 -7.198351
-10.336260 -5.278890 -6.599158
10.336055 -5.279226 6.599141
10.046762 -5.263241 7.198334
-6.599251 -5.278947 10.336149
-7.198444 -5.262957 10.046854
4.707974 -6.956075 8.273736
4.342082 -6.647222 9.089856
3.833406 -6.276325 9.841671
-4.499207 -7.198953 7.570220
-4.285524 -7.372584 6.851346
-6.061386 -7.198928 6.749610
-2.251410 -7.509936 2.378521
-2.594828 -7.209931 1.696330
-2.594833 -7.509931 1.696330
-2.882488 -7.509926 1.141072
2.882205 -7.210021 1.141099
5.576787 -7.476095 5.115977
7.570094 -7.199152 4.499065
6.851218 -7.372768 4.285379
6.749485 -7.199138 6.061244
-5.577063 -7.475915 -5.115993
-7.570362 -7.198906 -4.499082
-6.851491 -7.372545 -4.285396
-6.749752 -7.198920 -6.061261
-10.244679 -1.878827 6.926932
-10.042545 -1.878833 7.210887
-10.407360 -1.878825 6.930948
-10.332165 -5.293810 7.065618
-10.148611 -1.878831 7.316952
10.148519 -1.879167 -7.316973
10.244586 -1.879166 -6.926952
10.042453 -1.879165 -7.210907
7.316917 -1.879118 10.148555
6.926896 -1.879109 10.244625
7.210852 -1.879116 10.042489
-7.176496 -5.302106 -10.258979
-7.317010 -1.878880 -10.148574
-6.926988 -1.878884 -10.244642
-7.210944 -1.878882 -10.042506
2.191902 -7.510011 -2.192029
2.191907 -7.210010 -2.192029
1.696229 -7.210002 -2.594686
6.581935 -6.788517 6.709394
0.563966 -7.209984 -3.048252
-0.000119 -7.209975 -3.100008
1.696224 -7.510003 -2.594686
7.073947 -1.879115 -10.157522
6.931009 -1.879112 -10.407256
7.317011 -1.879121 -10.148503
-0.564238 -7.509964 3.048236
-0.564233 -7.209964 3.048236
-2.747209 -7.509928 1.783031
-10.410689 -5.231637 6.922769
-10.429591 -5.493727 6.535851
-10.289036 -5.406700 7.036986
7.968659 -7.087816 5.665786
9.056729 -6.768896 4.876308
9.718046 -6.386014 5.065582
5.665662 -7.087782 -7.968799
4.876190 -6.768831 -9.056864
5.065471 -6.385941 -9.718175
-3.048383 -7.209924 0.564063
-2.882483 -7.209926 1.141072
-3.048378 -7.209924 -0.564108
-3.206495 -7.209921 -0.666998
-7.507888 -6.768581 -7.507820
-8.611640 -6.768562 -5.998131
-6.748663 -7.416140 0.074960
-6.748677 -7.416139 3.199960
6.748388 -7.416362 -0.074977
6.748403 -7.416362 -3.199977
-3.200106 -7.416200 -6.748548
-0.075106 -7.416251 -6.748534
5.462924 -6.647245 -8.756402
4.342167 -6.647227 -9.089832
5.100892 -6.276351 -9.595249
-5.463173 -6.647061 8.756385
-4.342416 -6.647079 9.089815
-5.101129 -6.276179 9.595232
5.761132 -7.389983 -5.888502
-3.682562 -7.087624 8.546831
-4.470414 -7.338685 7.638179
-4.677378 -7.087607 8.361310
-9.089948 -6.647005 -4.342300
-8.756518 -6.647011 -5.463057
-9.595359 -6.276109 -5.101019
9.089699 -6.647301 4.342283
8.756269 -6.647296 5.463040
9.595122 -6.276421 5.101002
4.308356 -6.768817 9.190344
0.074877 -7.509976 -3.274149
0.666856 -7.209986 -3.206369
3.028436 -7.510024 -1.246348
2.746932 -7.510020 -1.783047
3.028441 -7.210024 -1.246348
3.206233 -7.210027 -0.666968
-7.535670 -1.878878 9.929914
-7.924714 -1.878883 9.540871
-9.929969 -1.878841 -7.535635
-9.540927 -1.878859 -7.924675
9.929877 -1.879165 7.535614
9.540834 -1.879170 7.924657
-6.583899 -7.087580 -7.367948
-5.665851 -7.087596 -7.968852
-4.470342 -7.338689 -7.638237
8.449879 -1.879162 -9.015623
8.067683 -1.879153 -9.185692
-0.075154 -7.509972 3.274133
-8.478345 -4.859833 8.350883
8.478154 -4.860116 -8.350900
8.350796 -4.860109 8.478241
-1.783203 -7.509944 2.747046
-1.246502 -7.209953 3.028554
-1.783198 -7.209944 2.747046
-2.192154 -7.209938 -2.192049
-2.594812 -7.209932 -1.696371
-7.748148 -6.890122 -0.075045
-6.629797 -7.130336 -0.075039
-7.748149 -6.890122 0.074955
-6.629798 -7.130336 0.074961
-0.075170 -7.132915 7.982808
-0.075165 -6.890246 7.748011
-0.075163 -7.130442 6.629657
0.074835 -6.890249 7.748012
7.747892 -6.890377 -0.074972
7.747891 -6.890377 0.075028
6.629533 -7.130554 0.075023
6.488312 -5.312698 10.343417
6.524973 -5.410814 10.290580
5.747636 -5.665021 10.286469
6.667974 -5.212291 10.330902
6.850093 -5.243599 10.271154
6.842806 -5.338238 10.226574
10.330809 -5.212356 -6.668084
10.271061 -5.243660 -6.850203
10.226480 -5.338299 -6.842918
10.343323 -5.312766 -6.488423
10.290484 -5.410880 -6.525086
10.286369 -5.665100 -5.747753
-6.488517 -5.312491 -10.343434
-6.525181 -5.410605 -10.290597
-5.747853 -5.664838 -10.286486
-6.668176 -5.212077 -10.330919
-6.850296 -5.243380 -10.271171
-6.843012 -5.338019 -10.226592
-10.343528 -5.312423 6.488405
-10.290693 -5.410539 6.525068
-10.286586 -5.664759 5.747736
-10.331011 -5.212013 6.668066
-10.271264 -5.243319 6.850186
-10.226686 -5.337959 6.842900
-7.670524 -6.429056 7.797601
7.670282 -6.429312 -7.797618
6.632924 -5.395735 -10.462687
-3.200065 -6.020873 -10.466016
10.462574 -5.395794 6.633020
9.190186 -6.768899 4.308560
9.952338 -6.386018 3.809242
-6.633132 -5.395512 10.462670
-8.350987 -4.859839 -8.478258
3.028424 -7.510023 1.246360
3.206227 -7.210026 0.666982
1.696204 -7.210001 2.594686
2.251111 -7.510010 2.378542
-8.492379 -3.159837 -8.619681
-0.075160 -5.888855 10.342921
0.074936 -5.888863 -10.342938
-10.343042 -5.888689 -0.075057
10.342817 -5.889029 0.075040
9.190226 -6.768901 -4.308491
-10.050098 -5.009809 0.074944
0.074952 -4.859978 -10.050009
10.049905 -4.860139 0.075038
0.074855 -5.009973 10.049992
8.469091 -6.956139 -3.702616
9.089740 -6.647304 -4.342215
-3.702737 -6.955941 -8.469229
-4.342331 -6.647084 -9.089872
-8.557515 -5.497516 -8.684777
-8.684874 -5.497509 8.557401
8.684663 -5.497799 -8.557418
8.557304 -5.497792 8.684760
0.074899 -7.130448 -6.629673
-0.075092 -6.890250 -7.748028
-0.075101 -7.130446 -6.629674
9.952373 -6.386020 -3.809166
3.809037 -6.385916 9.952485
8.492245 -3.160111 8.619662
-8.655670 -5.715318 -8.655613
-4.308626 -6.768634 -9.190453
-5.761405 -7.389790 5.888485
-10.350067 -1.878842 4.388118
-10.500068 -1.878836 4.762339
10.349932 -1.879178 4.762437
10.499932 -1.879181 4.762438
-10.350024 -1.878840 -4.762456
-10.500024 -1.878837 -4.762457
6.922718 -5.231949 -10.410525
7.137271 -5.409059 -10.228120
7.697513 -5.427980 -9.758749
7.925406 -5.657543 -9.386712
10.410415 -5.232002 6.922811
10.228007 -5.409105 7.137367
9.386595 -5.657563 7.925506
-6.922921 -5.231716 10.410507
-7.137480 -5.408819 10.228103
-7.925623 -5.657278 9.386695
3.099861 -7.510025 0.000006
-3.028701 -7.509925 -1.246376
-8.619739 -3.159830 8.492303
8.619604 -3.160118 -8.492322
-10.410613 -5.231639 -6.922910
-10.292803 -5.400363 -7.039521
-5.313249 -1.878908 10.349966
-5.313250 -1.878907 10.499967
-0.667094 -7.209964 -3.206375
-1.246473 -7.209954 -3.028583
3.702478 -6.956058 8.469212
-6.647537 -5.460554 -10.419608
-7.133999 -5.415183 -10.224927
-5.754523 -5.749295 -10.424689
-5.805848 -7.105192 -5.678499
5.805584 -7.105380 5.678482
1.782931 -7.210004 -2.747062
2.251133 -7.510012 -2.378537
-0.075115 -3.159970 10.249990
10.249932 -3.160142 0.075039
0.074981 -3.159978 -10.250009
-10.250067 -3.159806 -0.075057
5.080807 -1.879088 -10.499986
5.313158 -1.879085 -10.499985
-5.313152 -1.878911 -10.500035
-5.313153 -1.878911 -10.350033
-5.080802 -1.878922 -10.350032
5.313060 -1.879082 10.350015
5.080710 -1.879085 10.350014
5.313059 -1.879082 10.500015
10.349979 -1.879167 -5.313116
10.349978 -1.879174 -5.080766
10.499979 -1.879170 -5.313115
-6.748662 -7.416140 -0.075040
6.748388 -7.416362 0.075023
4.708051 -6.956079 -8.273709
-4.708311 -6.955920 8.273692
-10.286556 -5.375648 -6.622415
10.286349 -5.375983 6.622397
-6.622510 -5.375704 10.286444
6.622302 -5.375927 -10.286462
-10.290886 -5.838255 -4.949472
-10.325894 -5.606782 -5.732152
-9.841762 -6.276104 -3.833625
-4.949575 -5.838339 10.290766
-5.732251 -5.606853 10.325778
-3.833735 -6.276199 9.841635
3.833498 -6.276331 -9.841652
4.949353 -5.838507 -10.290784
5.732036 -5.607047 -10.325795
10.290664 -5.838591 4.949455
10.325679 -5.607118 5.732135
9.841525 -6.276426 3.833608
3.489810 -7.476064 -6.239191
5.115847 -7.476091 -5.576933
5.313157 -1.879085 -10.349985
8.478076 -4.860111 8.350962
8.350876 -4.860113 -8.478180
-8.478267 -4.859837 -8.350980
-8.351066 -4.859835 8.478162
-0.075051 -5.009975 -10.050009
-10.050095 -4.859809 -0.075056
10.049903 -5.010139 -0.074962
-0.075142 -4.859970 10.049991
0.563961 -7.509984 -3.048252
-8.463889 -6.385606 7.473421
-8.964059 -5.944764 7.879497
7.473199 -6.385976 8.463625
7.879238 -5.945225 8.963748
8.463513 -6.385997 -7.473328
8.963643 -5.945247 -7.879360
-8.273830 -6.955865 -4.708189
8.273571 -6.956134 4.708173
-6.870416 -3.259858 10.270032
6.870278 -3.260090 -10.270051
-10.270201 -4.859803 6.870242
5.994776 -6.647249 8.508814
-8.361494 -7.087548 4.677160
-7.968975 -7.087554 5.665711
8.361231 -7.087825 -4.677176
7.968712 -7.087819 -5.665728
5.665588 -7.087777 7.968835
4.677036 -7.087761 8.361354
10.270037 -3.260145 -6.870260
-0.075019 -3.159976 -10.250010
-6.870320 -3.259864 -10.270115
0.074885 -3.159973 10.249991
6.870182 -3.260084 10.270097
0.074894 -7.416254 -6.748533
6.629533 -7.130554 -0.074977
-10.466092 -6.020752 -3.200058
5.928734 -7.624991 -4.610957
4.610808 -7.624966 5.928866
-5.929015 -7.624794 4.610940
-8.909596 -1.878877 -8.343869
-8.732775 -1.878881 -8.732819
-8.449888 -1.878885 -9.015700
-8.361450 -7.087550 -4.677254
-9.057071 -6.768555 -4.876351
-9.718456 -6.385588 -5.065648
-6.617799 -7.518028 -4.967181
-7.638323 -7.338637 -4.470286
-10.270137 -4.859807 -6.870356
-10.270111 -3.259807 -6.870356
10.269947 -4.860141 6.870338
10.269973 -3.260141 6.870338
4.078401 -5.960968 10.284113
3.199839 -5.946199 10.321295
-3.200065 -5.946099 -10.321313
-4.078628 -5.960839 -10.284130
2.882215 -7.210021 -1.141088
8.655417 -5.715598 8.655631
8.645674 -5.603868 -8.783473
8.655531 -5.715602 -8.655534
-8.655749 -5.715313 8.655517
10.284008 -5.961074 -4.078523
10.321191 -5.946319 -3.199960
-10.284235 -5.960734 4.078506
-10.321417 -5.945978 3.199943
9.185711 -1.879171 -8.067655
8.909580 -1.879170 -8.343787
-4.677300 -7.087612 -8.361371
-4.943693 -5.876875 -10.461252
-10.461356 -5.876780 4.943573
-10.422080 -6.045763 4.079718
10.402122 -6.066057 4.081551
10.373860 -5.984038 4.901841
10.465864 -6.021094 3.200040
-4.081674 -6.065817 10.402228
-4.901964 -5.983786 10.373965
-3.200163 -6.020867 10.465969
4.308442 -6.768822 -9.190321
3.809130 -6.385921 -9.952466
4.081444 -6.065957 -10.402246
4.901736 -5.983952 -10.373982
-4.258781 -7.518067 -6.899023
10.257344 -5.283985 6.849250
10.269944 -5.010141 6.870338
-6.849361 -5.283703 10.257437
-6.870444 -5.009858 10.270033
6.849157 -5.283934 -10.257455
6.870249 -5.010090 -10.270051
-10.257548 -5.283652 -6.849268
-10.270139 -5.009807 -6.870356
-8.619659 -3.159835 -8.492402
-8.492460 -3.159832 8.619583
8.619525 -3.160113 8.492383
8.492326 -3.160116 -8.619601
-8.478269 -5.009837 -8.350980
8.478074 -5.010111 8.350962
8.350873 -5.010113 -8.478180
-8.351068 -5.009835 8.478163
-8.732856 -1.878878 8.732721
-9.015738 -1.878873 8.449834
-8.343906 -1.878884 8.909541
8.732683 -1.879165 8.732800
8.449796 -1.879160 9.015682
8.909504 -1.879167 8.343851
3.048110 -7.210024 0.564091
2.594544 -7.210016 1.696354
-8.396576 -5.489304 8.269105
8.396365 -5.489584 -8.269122
8.546708 -7.087826 3.682422
3.682298 -7.087749 -8.546848
10.249933 -3.160142 -0.074961
-10.250068 -3.159806 0.074943
6.646123 -5.454456 -10.424866
10.424753 -5.454514 6.646220
-6.646333 -5.454232 10.424849
-1.696477 -7.509947 -2.594702
10.421851 -6.046108 -4.079735
10.461132 -5.877127 -4.943590
4.079612 -6.046000 10.421957
4.943469 -5.877032 10.461235
-2.378668 -7.509936 -2.251280
2.378391 -7.510012 2.251263
6.870282 -3.010090 -10.270051
-6.870412 -3.009858 10.270032
-10.270107 -3.009807 -6.870356
10.269977 -3.010141 6.870337
3.702557 -6.956062 -8.469194
-3.702816 -6.955936 8.469177
10.270041 -3.010145 -6.870260
-10.270171 -3.009803 6.870241
-6.870316 -3.009864 -10.270115
6.870186 -3.010084 10.270097
-6.902769 -5.361565 -10.386862
-7.994335 -6.385618 -7.994271
-3.833643 -6.276205 -9.841688
9.841561 -6.276428 -3.833533
-2.251388 -7.509938 -2.378559
3.475867 -7.624948 6.259632
-6.259780 -7.624788 3.476000
6.259499 -7.624996 -3.476016
8.546742 -7.087828 -3.682359
3.682219 -7.087745 8.546866
1.140941 -7.509992 2.882341
-10.453147 -5.406393 6.650453
0.074934 -5.878016 -9.913011
3.199936 -5.888915 -10.342924
4.079948 -5.977575 -10.267540
-4.080175 -5.977435 10.267523
-3.200160 -5.888804 10.342906
10.267418 -5.977673 4.080053
10.342803 -5.889028 3.200040
-10.343027 -5.888690 -3.200057
-10.267645 -5.977337 -4.080070
8.469056 -6.956138 3.702678
-8.469315 -6.955861 -3.702695
-6.109880 -7.338659 6.783925
6.783797 -7.338871 6.109736
6.109608 -7.338863 -6.783941
-10.429530 -5.493731 -6.535966
-10.377610 -5.344247 -6.941823
9.091063 -5.589100 -8.338158
8.338042 -5.589083 9.091161
-9.091277 -5.588796 8.338141
-9.065486 -5.655711 -8.307054
-9.602059 -5.579530 -7.771332
-10.148971 -5.381580 -7.277266
10.112959 -5.335735 7.055403
10.173198 -5.186879 7.050599
-7.055514 -5.335452 10.113054
-7.050709 -5.186595 10.173289
7.055308 -5.335690 -10.113071
7.050507 -5.186832 -10.173307
-10.173399 -5.186549 -7.050617
-10.113165 -5.335407 -7.055420
-5.928972 -7.624796 -4.611012
-3.490087 -7.475946 6.239175
-5.116123 -7.475920 5.576917
6.239045 -7.476107 3.489940
-6.239321 -7.475904 -3.489957
3.199830 -6.783266 9.262826
-10.402352 -6.065717 -4.081568
-6.996260 -7.087573 -6.996188
-4.611089 -7.624818 -5.928883
-3.476149 -7.624837 -6.259648
10.393159 -5.347514 6.903787
6.903692 -5.347462 -10.393271
-6.903899 -5.347229 10.393253
7.883573 -6.956130 -5.665803
8.950798 -6.647301 -4.909397
-7.883833 -6.955868 5.665786
-8.951047 -6.647005 4.909380
5.665665 -6.956090 7.883695
4.909264 -6.647231 8.950914
-5.665924 -6.955908 -7.883711
-4.909513 -6.647075 -8.950931
-3.809294 -6.385687 -9.952677
-4.079841 -6.045871 -10.421974
-3.682482 -7.087628 -8.546882
-9.015659 -1.878875 -8.449933
-8.449972 -1.878882 9.015606
9.015567 -1.879169 8.449917
3.489752 -7.476061 6.239207
-9.988218 -5.774963 -0.075055
9.987997 -5.775291 0.075038
10.386750 -5.361848 -6.902674
6.902562 -5.361786 10.386844
-1.141241 -7.209954 2.882330
7.050412 -5.186827 10.173355
-10.173465 -5.186545 7.050504
10.173264 -5.186883 -7.050522
-7.050613 -5.186601 -10.173373
1.140973 -7.209993 -2.882347
2.594539 -7.510016 1.696354
-3.100134 -7.209923 -0.000023
6.897400 -5.405867 -10.361171
10.361058 -5.405920 6.897496
-6.897609 -5.405635 10.361154
10.373906 -5.984041 -4.901762
4.901639 -5.983947 10.374011
-10.374133 -5.983697 4.901744
-6.259748 -7.624790 -3.476075
-3.476207 -7.624833 6.259599
3.475926 -7.624951 -6.259615
6.259467 -7.624994 3.476058
-4.901867 -5.983791 -10.374028
-8.114576 -7.062007 3.806686
-8.114578 -7.215548 3.806686
-8.129313 -7.049191 3.975125
-8.129316 -7.201753 3.975125
-8.135532 -7.046112 3.998335
-8.173078 -7.178589 4.138445
-8.173075 -7.024954 4.138445
-8.244535 -7.146760 4.291685
-8.244532 -6.991885 4.291685
-8.296656 -7.125517 4.366121
-8.341517 -7.107958 4.430189
-8.341514 -6.950218 4.430189
-8.330860 -6.955861 4.414972
-8.397170 -7.087547 4.485842
-8.461073 -6.891014 4.549747
-8.461076 -7.055737 4.549747
-8.525867 -6.860495 4.595117
-8.533687 -7.021295 4.600590
-8.599579 -6.986373 4.646728
-8.599576 -6.823783 4.646728
-8.752818 -6.909706 4.718185
-8.752816 -6.751193 4.718185
-8.916138 -6.832105 4.761946
-8.916135 -6.677201 4.761946
-9.056660 -6.768553 4.774239
-8.985673 -6.647004 4.768029
-9.084575 -6.753853 4.776682
-9.084573 -6.592803 4.776682
-9.253013 -6.669514 4.761945
-9.253010 -6.504367 4.761945
-9.416329 -6.420099 4.718182
-9.351943 -6.454769 4.735434
-9.416332 -6.592089 4.718182
-9.461562 -6.571972 4.697090
-9.569571 -6.515528 4.646724
-9.569568 -6.340941 4.646724
-9.708073 -6.446606 4.549742
-9.701689 -6.276104 4.554210
-9.708070 -6.272557 4.549742
-9.827631 -6.390937 4.430182
-9.827628 -6.210576 4.430182
-9.840377 -6.385584 4.411980
-9.924611 -6.345850 4.291678
-9.924608 -6.165494 4.291678
-9.937837 -3.048239 4.263199
-9.937839 -3.159810 4.263199
-9.996015 -3.159809 4.138437
-9.996067 -6.318281 4.138437
-9.996064 -6.138681 4.138437
-10.039777 -3.159808 3.975116
-10.030382 -6.311573 4.010371
-10.039828 -6.309369 3.975116
-10.039825 -6.130952 3.975116
-10.041733 -5.009808 3.953095
-10.041731 -4.859808 3.953096
-10.042491 -6.133048 3.944645
-10.054543 -5.009808 3.806677
-10.054540 -4.859808 3.806677
-10.054512 -3.159808 3.806677
-10.054561 -6.130556 3.806678
-10.049470 -6.315574 3.864903
-10.054564 -6.315183 3.806677
-10.042349 -5.009808 3.667316
-10.042347 -4.859808 3.667316
-10.039775 -3.159808 3.638239
-10.039824 -6.147831 3.638239
-10.043272 -6.329968 3.677610
-10.039827 -6.331355 3.638239
-9.996013 -3.159809 3.474918
-10.022981 -6.162098 3.575380
-9.996065 -6.354521 3.474918
-9.996062 -6.175697 3.474918
-9.937835 -3.159810 3.350155
-9.937833 -3.048239 3.350155
-9.924608 -6.394212 3.321678
-9.924605 -6.214525 3.321678
-9.839370 -6.442562 3.199946
-9.827627 -6.449499 3.183175
-9.827624 -6.269296 3.183174
-9.839368 -6.262309 3.199946
-9.708068 -6.520126 3.063616
-9.708065 -6.340427 3.063616
-9.569565 -6.601943 2.966635
-9.569562 -6.422829 2.966635
-9.416326 -6.692465 2.895178
-9.416323 -6.513999 2.895178
-9.262959 -6.783063 2.854084
-9.253006 -6.787053 2.851417
-9.253003 -6.611166 2.851417
-9.084569 -6.854574 2.836682
-9.084566 -6.696324 2.836681
-9.160312 -6.666313 2.843308
-8.916131 -6.922096 2.851419
-8.916129 -6.763060 2.851419
-8.752812 -6.987565 2.895181
-8.752809 -6.827768 2.895181
-8.599572 -7.048995 2.966639
-8.599570 -6.888483 2.966639
-8.461070 -7.104516 3.063621
-8.461067 -6.943359 3.063621
-8.341512 -7.152443 3.183180
-8.341509 -6.990729 3.183180
-8.329768 -7.157151 3.199953
-8.329766 -6.995382 3.199953
-8.244532 -7.195730 3.321685
-8.244529 -7.032975 3.321685
-8.223725 -7.205688 3.366307
-8.173075 -7.215083 3.474926
-8.173073 -7.059813 3.474925
-8.197776 -7.054647 3.421948
-8.138094 -7.218371 3.605481
-8.129312 -7.065584 3.638246
-8.129315 -7.219555 3.638247
-8.114566 -7.243415 1.035980
-8.114563 -7.080643 1.035980
-8.129304 -7.237508 1.204418
-8.129301 -7.074804 1.204418
-8.173065 -7.219965 1.367739
-8.173063 -7.057465 1.367739
-8.244522 -7.191320 1.520979
-8.244520 -7.029154 1.520979
-8.341504 -7.152444 1.659483
-8.341502 -6.990729 1.659483
-8.461064 -7.104516 1.779041
-8.461061 -6.943359 1.779041
-8.599567 -7.048995 1.876022
-8.599564 -6.888483 1.876022
-8.752807 -6.987566 1.947479
-8.752804 -6.827769 1.947479
-8.916126 -6.922096 1.991240
-8.916124 -6.763061 1.991240
-9.084564 -6.854575 2.005975
-9.084562 -6.696324 2.005975
-9.253002 -6.787053 1.991238
-9.160309 -6.666313 1.999348
-9.252999 -6.611167 1.991238
-9.262955 -6.783063 1.988571
-9.416321 -6.692466 1.947476
-9.416318 -6.514000 1.947476
-9.569559 -6.601944 1.876018
-9.569556 -6.422830 1.876018
-9.708061 -6.520126 1.779036
-9.708058 -6.340427 1.779036
-9.827619 -6.449500 1.659476
-9.827616 -6.269296 1.659476
-9.924598 -6.392211 1.520972
-9.924595 -6.211598 1.520972
-9.937826 -3.159810 1.492493
-9.937824 -3.048240 1.492492
-9.996002 -3.159809 1.367731
-9.996055 -6.350000 1.367731
-9.996052 -6.169084 1.367731
-10.039764 -3.159809 1.204410
-10.031462 -6.329084 1.235586
-10.039815 -6.323961 1.204410
-10.039812 -6.143049 1.204410
-10.047858 -4.859809 1.112197
-10.047861 -5.009809 1.112197
-10.054499 -3.159809 1.035971
-10.054551 -6.314655 1.035971
-10.054527 -4.859809 1.035971
-10.054530 -5.009809 1.035971
-10.054548 -6.134281 1.035971
-10.048179 -4.859809 0.963418
-10.048182 -5.009809 0.963418
-10.039762 -3.159809 0.867533
-10.039814 -6.323163 0.867533
-10.039811 -6.143049 0.867533
-9.996000 -3.159810 0.704212
-9.996052 -6.349225 0.704212
-9.996049 -6.169084 0.704212
-9.937822 -3.159811 0.579449
-9.937820 -3.048240 0.579449
-9.924595 -6.392050 0.550972
-9.924592 -6.211598 0.550972
-9.908980 -6.401435 0.528672
-9.827614 -6.449500 0.412468
-9.827611 -6.269296 0.412468
-9.708055 -6.520126 0.292910
-9.708052 -6.340428 0.292910
-9.569552 -6.601944 0.195929
-9.569549 -6.422830 0.195929
-9.416313 -6.692466 0.124472
-9.416310 -6.513999 0.124472
-9.262946 -6.783064 0.083378
-9.252993 -6.787053 0.080711
-9.252990 -6.611167 0.080711
-9.084556 -6.854575 0.065975
-9.187114 -6.287585 0.074949
-9.187121 -6.650356 0.074949
-9.084548 -6.345471 0.065975
-8.916118 -6.922096 0.080712
-8.981983 -6.736964 0.074950
-8.981978 -6.403359 0.074950
-8.916116 -6.763061 0.080712
-8.752799 -6.987566 0.124475
-8.752796 -6.827769 0.124475
-8.599559 -7.048995 0.195933
-8.599557 -6.888484 0.195933
-8.461057 -7.104517 0.292915
-8.461054 -6.943360 0.292915
-8.341499 -7.152444 0.412474
-8.341496 -6.990730 0.412474
-8.244519 -7.191321 0.550979
-8.244516 -7.029154 0.550979
-8.173062 -7.219965 0.704219
-8.173060 -7.057466 0.704219
-8.129302 -7.237508 0.867540
-8.129299 -7.074804 0.867540
-3.554028 -3.359818 10.251153
-3.614728 -5.849392 10.081512
-3.518549 -5.473611 12.628856
3.670778 -3.410430 10.096585
3.638605 -5.850917 10.071368
3.610422 -4.613233 12.663477
3.595385 -4.744591 11.632628
3.595372 -5.237079 12.385926
-3.554615 -4.572310 12.174880
3.610406 -5.735832 12.137150
-3.569552 -4.437799 12.524301
2.900683 -1.970022 9.962242
0.020370 -5.490775 12.009259
0.020371 -5.440775 12.009259
-3.828192 -1.975161 10.010406
-3.077275 -6.160661 10.452574
3.193260 -6.241134 10.449324
0.020381 -4.681384 12.402039
3.587431 -3.795486 11.470125
-3.554627 -5.367363 11.762994
0.020381 -4.712323 12.362761
3.890194 -1.985683 9.995675
-3.050888 -5.852912 9.994007
-3.153205 -5.756249 12.038364
3.048263 -5.812112 10.030382
-3.064614 -4.551301 11.721954
0.020370 -5.364612 12.341290
0.020387 -4.616938 11.677224
3.105382 -4.797577 11.521135
3.105369 -5.278111 12.448698
0.020386 -4.654321 11.710427
-2.860623 -1.986633 9.997000
3.648552 -6.213031 10.452647
-3.518703 -5.827973 10.970241
3.149621 -4.630360 12.638670
-3.557367 -4.852903 10.086108
0.020371 -5.327228 12.308087
3.124268 -4.853015 9.730034
-3.070426 -4.608106 12.531251
-3.324627 -5.303203 11.612530
3.595372 -5.409240 11.843634
3.111172 -5.607189 12.204336
3.125732 -3.313184 10.058710
-3.186790 -5.070881 12.789680
-3.554629 -5.367363 12.255483
-3.093608 -3.389362 10.111665
-3.554633 -5.347803 12.366329
-3.571759 -6.242312 10.476421
3.598146 -4.853023 10.086148
3.105371 -5.803015 10.457998
-3.092258 -4.085640 11.878528
3.559353 -5.046779 12.792393
3.595371 -5.460378 11.823389
3.365382 -4.613255 12.344628
3.610300 -5.799524 10.962918
3.149557 -4.064582 11.890430
-3.554618 -4.521172 12.195127
-3.809625 -5.821304 9.703509
3.595384 -4.572430 12.174919
-3.082985 -4.852410 9.724540
-3.070382 -5.693667 10.935663
-3.554621 -4.825072 12.427644
-3.616947 -3.647051 10.936476
-3.518539 -4.814874 12.774898
3.595386 -4.633746 11.652188
3.169394 -3.530976 10.748386
-3.186796 -5.538119 12.570775
3.595371 -5.267175 12.431961
3.227532 -5.070989 12.789715
-3.591297 -5.693439 12.228774
3.692445 -5.810044 9.700849
-3.554616 -4.825073 11.590833
3.117392 -5.823896 9.718888
3.105372 -5.659929 10.884686
-2.891641 -5.833657 9.711386
-3.588900 -5.337902 10.052381
-3.128578 -3.530870 10.748351
3.667015 -4.852524 9.724578
-3.324633 -5.495719 12.009240
-3.554617 -4.568032 11.732896
3.120385 -4.487149 11.901880
3.365369 -5.495831 12.009277
3.621419 -3.604266 10.952683
-3.612346 -3.372887 10.093993
-3.643599 -5.844115 9.973828
3.521807 -3.326794 10.239852
-3.064629 -5.157029 12.585678
3.640189 -5.852791 10.410092
-3.599447 -5.852669 10.410053
-3.580621 -4.077030 11.956475
-3.554625 -4.804827 12.478782
3.105382 -4.551404 12.296560
-3.064632 -5.430146 12.296528
-3.087269 -5.844761 10.417677
3.227525 -5.538227 12.570811
3.203560 -6.012965 10.674132
0.020379 -5.095043 11.520249
3.632141 -5.595974 12.427752
3.626805 -4.379228 12.428376
3.395372 -5.848129 10.178621
3.559350 -5.253132 12.749884
-3.064616 -4.502584 12.202489
3.228826 -5.775037 12.039111
-3.554614 -4.614067 11.762992
-2.853074 -2.122248 9.771444
2.898587 -2.116405 9.764774
3.896925 -2.190227 9.736058
-3.814091 -5.851473 9.990978
0.020379 -5.084616 11.569150
-3.851413 -2.116292 9.764737
0.020387 -4.490775 12.009257
-2.994583 -3.217065 10.029998
-3.625732 -4.852902 9.729997
3.035417 -3.217167 10.030032
-3.688838 -4.509977 10.034911
-3.020371 -4.509989 10.034914
3.595381 -4.990836 11.509276
3.120375 -4.883431 12.512953
3.595376 -4.990834 12.509278
3.629663 -5.338024 10.052420
3.061162 -4.510091 10.034948
-3.586055 -5.749869 11.557205
-3.554627 -5.174762 12.474134
-3.211961 -4.453035 12.592265
3.755417 -3.217179 10.030036
3.850374 -5.821432 10.026529
-3.186654 -6.097254 10.636255
-3.094630 -5.460266 11.823352
0.020386 -4.540775 12.009257
3.365374 -5.303316 11.612567
3.729629 -4.510102 10.034951
3.679707 -4.164081 11.906725
-3.444619 -4.502454 12.642244
-3.518705 -6.045645 10.667413
-3.616428 -5.225473 12.671330
-3.211966 -4.760230 12.767630
-2.862200 -5.834393 9.990413
3.631965 -6.076006 10.593211
3.595387 -4.525941 11.825230
3.595370 -5.455729 12.193325
-3.182199 -5.337909 10.110503
3.652811 -3.435576 10.310324
3.203751 -4.467114 12.577149
-3.324618 -4.778357 11.551060
-3.070287 -3.856703 11.302320
3.228831 -5.811576 11.078671
3.278739 -3.593370 11.067431
3.626787 -5.749990 11.557244
3.105370 -5.430250 11.721991
3.595383 -4.898944 11.512707
-3.162824 -5.815170 10.966876
-3.123212 -5.749877 11.557207
3.512062 -4.032378 11.982154
-3.554632 -5.460258 11.823350
3.485379 -4.607236 12.710785
3.135376 -5.176716 11.539732
-3.079617 -4.774155 11.541988
-3.641250 -3.510917 10.309363
3.595385 -4.521292 12.195166
-3.554626 -5.176603 11.539695
-3.163006 -5.702687 12.306945
2.917847 -5.821784 10.020534
-3.324632 -5.303202 12.405951
3.610300 -5.890342 10.773032
2.932391 -5.841628 9.719293
-3.630930 -5.809388 9.713925
3.105368 -6.025185 10.466730
3.163945 -5.749982 11.557242
-3.324621 -4.678234 12.405949
-3.616486 -5.792066 10.830251
3.896864 -5.821433 9.750038
-3.616418 -4.639937 12.617255
3.227524 -5.666973 12.405667
3.685366 -5.590403 12.032088
-3.554624 -5.236960 11.632591
3.485375 -4.841517 12.795196
-3.064622 -4.797473 12.497379
3.274326 -5.338018 10.139527
3.105370 -5.157133 12.585712
3.559347 -5.473857 12.628762
-3.569572 -5.735737 12.137472
-3.080527 -5.817295 9.722217
3.111079 -4.133126 11.852001
3.595382 -4.672636 12.327475
-3.324616 -4.485719 12.009239
-3.644629 -5.626818 11.071610
3.365386 -4.485831 12.009276
3.595375 -5.309033 11.691080
-3.211734 -4.164200 12.192883
3.538291 -3.468732 10.708835
-3.128618 -5.260770 12.704973
3.365370 -5.303315 12.405988
-3.070678 -4.852911 9.961864
-3.354628 -5.848016 10.178584
3.111459 -4.853015 9.961899
3.679499 -5.834067 9.967709
-3.064632 -6.025081 10.466696
-3.580611 -3.706271 11.208064
-3.064630 -5.278008 12.448663
3.595379 -4.804946 12.478821
-3.070441 -5.607085 12.204302
3.111122 -5.802839 10.707689
-3.480980 -3.366651 10.388909
3.498018 -3.283907 10.078899
3.531165 -5.686743 12.393044
3.109152 -4.464002 12.370275
0.020372 -5.444417 11.798999
3.203745 -4.766326 12.747952
-3.554619 -4.990715 11.509237
3.595387 -4.521292 11.823389
3.595369 -5.460378 12.195166
3.196072 -6.231382 10.536217
-3.490392 -5.047787 12.801330
-3.278305 -4.852907 10.155133
3.395437 -2.101398 9.747832
3.169387 -3.765397 11.343302
-3.554629 -5.433202 12.091123
-3.188563 -3.297038 10.086802
3.203369 -4.101648 12.049244
3.679720 -3.698011 10.917361
-3.569570 -5.565448 12.499933
-3.554618 -4.672517 12.327436
-3.111395 -5.850804 10.071331
3.227387 -5.912973 10.789841
3.227530 -5.174341 12.771769
3.683571 -4.761543 12.592173
0.020373 -5.399052 11.820023
-3.714583 -3.217053 10.029995
3.685368 -6.025058 10.466460
3.558505 -6.224925 10.571938
-3.225971 -4.333900 12.459319
-3.162825 -5.854541 10.861526
-3.237938 -3.925340 11.788126
-3.079632 -5.494401 12.116638
-3.638925 -4.163958 11.906685
-3.518551 -5.713390 12.317989
-3.094624 -5.176611 11.539697
3.155046 -5.853016 10.091183
-3.490643 -5.921117 10.796043
3.105367 -5.507062 12.104807
3.657299 -5.144168 12.694256
3.595378 -5.176723 11.539734
-3.068385 -4.463899 12.370241
3.105367 -5.430249 12.296562
-3.070382 -5.802735 10.707655
-3.560953 -6.192322 10.574361
-3.512046 -3.293114 10.084620
-3.203292 -6.225032 10.577020
-3.128581 -3.641268 11.048491
-3.554634 -5.460258 12.195127
-3.554618 -4.714374 11.586555
-3.354563 -2.101285 9.747795
-3.643686 -5.812562 10.448661
-3.324615 -4.532541 11.796875
3.203390 -3.410048 10.450603
-3.264627 -4.965533 12.809004
3.504372 -5.338022 10.144539
-3.518535 -4.598483 12.689248
-3.622490 -6.026536 10.424920
-3.554614 -4.548227 11.927354
3.595371 -5.367483 12.255522
-3.612015 -4.405487 12.410258
3.595386 -4.614187 11.763031
-3.554628 -5.433202 11.927356
2.891270 -2.150007 9.989128
-3.463610 -5.337904 10.144501
3.266742 -4.334009 12.459355
0.020377 -4.886507 12.498265
3.899601 -2.150024 9.989133
3.105380 -4.619595 12.380506
3.512072 -3.658867 11.228191
3.105384 -4.759932 11.360542
-3.354563 -2.182688 9.705306
3.365373 -5.096141 12.503173
-3.164584 -6.246003 10.455461
3.531378 -6.026214 10.692040
-3.569566 -5.243377 12.721839
3.559355 -4.929995 12.792214
-3.064626 -4.971833 12.609066
3.278825 -4.594023 12.702111
3.682032 -5.663308 11.073033
3.595379 -4.825192 12.427683
3.595378 -5.156478 11.590872
-3.079614 -4.487045 11.901845
3.559365 -4.416197 12.544353
3.278729 -3.925449 11.788163
3.169352 -5.435747 12.608519
3.485412 -3.379395 10.445548
-3.324630 -5.203081 12.467419
0.020378 -4.896934 12.449364
3.683541 -5.786762 10.695764
3.610424 -4.520385 12.600163
3.365385 -4.678347 11.612565
-3.554624 -4.990714 12.509238
0.020385 -4.537133 12.219517
3.111074 -4.288669 12.115701
3.365382 -4.885521 11.515378
3.558982 -5.776224 12.039156
3.365386 -4.532653 11.796912
-3.654483 -5.828361 9.884648
-3.324633 -5.448897 12.221604
3.595385 -4.548347 12.091160
-3.554615 -4.548227 12.091121
3.365369 -5.449009 12.221641
-3.586009 -3.419843 10.374016
0.020375 -5.300166 11.616477
-3.070299 -4.288565 12.115667
3.623913 -3.339288 10.096016
3.595371 -5.433322 11.927395
-3.809565 -2.148118 10.029994
3.105379 -4.990827 11.484274
3.626833 -3.435674 10.429291
3.191247 -3.319409 10.094030
3.105371 -5.626932 11.071648
-3.238077 -5.177514 12.785369
-2.899565 -2.148133 10.029998
-3.653861 -4.852902 9.886174
-3.070430 -4.802665 12.628034
3.105366 -5.590393 12.032085
3.070035 -5.853015 9.809769
-3.612030 -5.736182 11.075771
3.595374 -5.082726 12.505846
-3.162989 -4.606808 12.679565
0.020384 -4.582497 12.198493
3.133088 -5.942975 10.638544
3.278819 -4.935024 12.805598
3.696085 -5.812123 10.061276
3.395389 -4.853019 10.165035
0.020376 -5.269227 11.655755
-3.591232 -5.991360 10.645051
-3.546624 -3.532907 10.831969
3.105373 -4.971937 12.609100
-3.630572 -6.179582 10.481454
3.111090 -3.734570 11.011827
3.111097 -3.530658 10.415512
3.485370 -5.090757 12.802576
-3.070277 -3.530554 10.415477
3.685397 -3.955498 11.406157
-3.641295 -5.626646 12.033431
3.531166 -5.595165 12.524777
3.118293 -6.176107 10.481444
3.485368 -5.826794 11.079252
0.020386 -4.681385 11.616475
0.020371 -5.300165 12.402041
-3.471264 -3.606039 11.100002
3.896926 -2.122361 9.771481
-3.324620 -4.613142 12.344591
3.365373 -5.368407 11.673925
-3.054266 -5.828370 9.874212
3.365380 -4.678347 12.405986
-3.324629 -5.368295 11.673888
-3.554631 -5.413398 11.732898
-3.079440 -6.048615 10.538147
-3.186798 -5.666865 12.405631
-3.481007 -4.333541 12.459562
-3.098549 -5.738179 11.075847
-3.444637 -5.790138 12.039652
-3.471276 -4.032261 11.982116
3.105385 -4.551404 11.721988
-3.554622 -4.990715 11.504237
-3.444636 -5.620766 12.501917
-3.569557 -4.714321 12.712670
-2.872203 -2.184609 9.713232
3.595382 -4.633746 12.366366
-3.064619 -4.619492 12.380472
3.485368 -5.887592 10.858633
-3.444625 -4.841401 12.795158
3.105395 -4.025973 11.550829
-3.644975 -5.812000 10.087110
-3.237925 -3.482044 10.765026
-3.094627 -5.347812 11.652151
-3.554616 -4.494146 11.917346
3.116563 -5.850909 10.019949
-3.186795 -5.458040 12.638654
3.111173 -5.442416 12.472534
3.278828 -4.449527 12.596219
-3.064616 -4.759828 11.360508
-3.554628 -4.990714 12.514238
0.020385 -4.712324 11.655753
0.020372 -5.269226 12.362763
-3.064605 -4.025870 11.550794
-3.094620 -4.990723 11.504240
-3.616425 -5.041155 12.709395
3.626835 -3.380306 10.226135
3.595373 -5.413518 11.732937
3.559348 -5.339994 12.713379
3.163942 -5.731713 12.037463
3.279397 -6.232237 10.577062
-3.238083 -5.769883 12.180978
3.685409 -3.571541 10.390042
3.111186 -4.608210 12.531286
3.896676 -5.821343 9.984583
-3.554631 -5.176602 12.478782
-3.079628 -5.098118 12.512918
3.105385 -4.619596 11.638042
-3.198141 -5.844122 10.131198
-3.068403 -5.628905 12.033520
3.105369 -5.478966 11.816025
-3.162826 -5.988494 10.693214
-3.554621 -4.633625 12.366326
3.485381 -4.502570 12.642282
-3.644591 -3.571418 10.390002
-3.064633 -5.463163 12.379007
3.610406 -5.712749 12.234091
-3.569563 -5.839969 10.854314
3.708810 -5.848135 9.874650
3.485372 -4.965782 12.808529
-3.490396 -5.343895 12.721441
3.149574 -6.071141 10.583411
3.149606 -5.659315 12.288805
3.631967 -5.965443 10.665524
3.621416 -3.706392 11.208103
-3.554615 -4.744471 11.632589
3.682029 -5.645038 11.553252
3.227527 -5.369652 12.695387
3.120384 -4.487149 12.116670
-3.518533 -4.501925 12.623422
-3.652552 -5.337902 9.900140
3.685412 -3.494643 10.100035
-3.858321 -5.806007 9.739086
2.922032 -2.183617 9.708754
3.111183 -4.802769 12.628069
-3.554628 -5.236959 12.385887
-3.638918 -3.909044 11.416638
-3.641293 -5.644915 11.553212
-3.070440 -5.442313 12.472500
-3.518256 -5.776105 12.039117
3.694642 -4.853025 9.886214
3.595370 -5.413517 12.285620
3.111123 -5.742502 10.805306
3.278763 -5.840485 10.973392
-3.490395 -5.256293 12.758276
3.133059 -3.379197 10.093246
3.278050 -5.828477 10.141688
-3.554629 -5.409119 12.174882
-3.858730 -2.149894 9.989091
-3.580618 -3.942715 11.710467
3.657303 -4.936439 12.709092
-3.540949 -6.214623 10.425422
-2.893733 -1.945678 9.969497
3.169381 -3.971007 11.763950
-3.324617 -4.678235 11.612528
-3.354621 -4.652359 12.734162
-3.151854 -4.852910 10.086110
-3.186797 -5.608182 12.492521
-3.211975 -5.277511 12.748109
3.531165 -5.749690 12.245613
-3.128613 -4.938524 12.754072
3.227524 -5.608289 12.492556
3.693317 -5.338025 9.900180
3.644470 -5.852189 10.245040
3.149616 -4.940133 12.732683
-3.851413 -2.149848 9.741628
0.020370 -5.479782 12.113526
3.671341 -4.435160 12.390049
3.278811 -5.466506 12.649945
3.551859 -5.844236 10.131235
3.485385 -4.330904 12.461486
3.192633 -4.853016 10.086146
3.278822 -4.758788 12.772759
-3.186652 -5.912865 10.789806
3.105367 -5.478965 12.202526
-3.324617 -4.496821 12.114550
3.610420 -4.714229 12.712532
-3.616431 -5.422489 12.563212
-3.647855 -3.474452 10.078860
-3.644597 -3.742491 10.904101
-3.070280 -3.625660 10.715976
3.657296 -5.422602 12.562976
-3.642814 -5.127962 12.620370
-3.354616 -4.417682 12.567476
-3.130104 -6.190688 10.559078
-3.481025 -5.823340 11.079086
3.678172 -5.562639 12.324553
-3.068691 -3.330464 10.056995
3.595370 -5.433322 12.091162
3.149577 -5.769663 10.955195
3.595386 -4.548348 11.927393
3.105371 -5.065454 12.604875
3.742484 -5.812124 10.030385
-3.060488 -5.812010 10.073927
-3.642801 -5.786639 10.695724
-3.064608 -4.171106 11.824985
-3.238028 -5.840376 10.973355
-3.490386 -4.700213 12.748626
-3.546616 -3.260603 10.045190
-3.641249 -3.486630 10.218274
-3.637407 -5.562406 12.324969
3.485415 -3.300238 10.147022
-3.554620 -4.744470 12.385886
3.595380 -4.744590 12.385926
-3.554629 -5.308913 12.327438
-3.554614 -4.672517 11.691039
-3.522295 -5.828362 10.114374
0.020371 -5.430881 12.103101
3.105373 -5.803015 10.100035
3.595371 -5.309033 12.327477
3.595385 -4.672637 11.691078
-3.554617 -4.614067 12.255483
3.595383 -4.614187 12.255522
3.595376 -5.237080 11.632630
-3.554625 -5.308913 11.691041
-3.136128 -6.203872 10.425367
-3.092397 -4.642259 12.617685
-3.064631 -5.942419 10.513563
3.559357 -4.814666 12.774834
-3.554614 -4.572310 11.843595
-3.292098 -5.337907 10.158412
-3.128589 -3.899237 11.625243
-3.554622 -5.156358 11.590833
3.595373 -5.367483 11.763033
-2.891643 -5.841530 10.010745
-3.444634 -6.040300 10.688620
-3.701250 -5.821305 10.027715
-3.064615 -4.619492 11.638008
-3.070438 -5.303246 12.575273
3.111172 -5.548621 12.336294
-3.518541 -4.930283 12.792232
-3.641117 -5.821306 10.245000
-3.123194 -4.379115 12.428338
3.610311 -6.237656 10.450442
-3.354629 -5.078379 12.804423
3.252706 -5.764787 12.179869
3.684429 -5.812685 10.448701
-3.125340 -3.307293 10.070964
3.679322 -4.853024 9.961901
-3.554628 -5.409120 11.843595
3.857158 -1.952575 9.998233
3.105374 -5.278112 11.569853
-3.859626 -5.802898 9.979998
3.278761 -6.103614 10.648900
3.693561 -5.850867 9.743220
3.155371 -5.853015 10.409865
3.105379 -4.703541 12.448698
3.625455 -6.169372 10.563649
-3.554621 -5.081697 11.517585
3.146270 -6.026941 10.417317
-3.611987 -3.425585 10.273472
-3.070382 -5.742399 10.805271
3.861287 -5.806136 9.701343
3.531165 -5.773947 12.143706
3.119410 -5.682228 11.554665
-3.490400 -5.686366 12.393492
3.621406 -4.077151 11.956515
3.395378 -4.652472 12.734199
3.105368 -5.362057 12.380507
3.595377 -4.899853 12.500931
-3.833719 -1.956051 9.958362
3.595379 -5.081817 11.517624
2.898587 -2.066783 10.000218
3.595387 -4.568152 11.732935
-3.554623 -4.908831 12.451726
0.020383 -4.597992 12.318648
3.595373 -5.156477 12.427683
3.227388 -5.865329 10.866923
3.365386 -4.594122 11.696792
3.610301 -5.840090 10.854354
-3.020700 -5.812010 10.034140
3.657310 -4.553745 12.558203
-3.481027 -5.805071 11.559305
3.365369 -5.387541 12.321761
-3.324633 -5.387428 12.321724
0.020374 -5.383557 11.699868
-3.225994 -5.786376 12.039510
3.635368 -6.026981 10.416486
3.521758 -5.805188 11.559343
3.595383 -4.825193 11.590872
-3.128623 -5.702059 12.234344
3.610413 -5.155896 12.746661
-3.324616 -4.594009 11.696755
3.595376 -4.990834 12.459278
-2.850399 -2.149910 9.989096
3.111086 -3.856806 11.302354
-3.064629 -5.626828 11.071613
3.594810 -5.794218 11.078013
0.020377 -5.201036 11.555617
-3.668116 -3.315837 10.042921
-3.554616 -4.806668 11.544343
2.987873 -5.852178 9.989133
0.020379 -4.780514 12.462899
0.020386 -4.501767 12.113526
-3.064632 -5.478862 12.202492
-3.070441 -5.548517 12.336260
-2.862198 -5.813325 9.718524
3.365371 -5.203193 12.467456
-3.324633 -5.484616 12.114550
3.365368 -5.484728 12.114587
3.243300 -6.248876 10.506308
3.365383 -4.778469 11.551097
3.171532 -6.211510 10.429614
3.595381 -4.990835 11.559277
3.365386 -4.496934 11.903966
-3.644617 -4.495766 12.348395
-3.820607 -5.851474 9.745533
3.111093 -3.625764 10.716011
-3.064617 -4.551300 12.296526
3.683564 -5.127645 12.620442
-3.064621 -4.703437 12.448663
-3.128585 -3.765292 11.343266
-3.518206 -3.366671 10.348889
-3.324629 -5.096029 12.503136
-3.128604 -4.484420 12.558233
2.933720 -1.946847 9.986021
-3.128597 -4.203467 12.168504
-3.660649 -5.848011 9.796554
-3.490401 -5.773777 12.144031
0.020383 -4.637271 12.287709
-3.324620 -4.885409 11.515341
-3.416638 -5.844119 10.167496
-3.191015 -5.794380 11.558900
3.595386 -4.540835 12.009278
-3.554614 -4.540715 12.009238
0.020371 -5.479782 11.904992
0.020387 -4.501768 11.904990
0.020374 -5.344279 11.730807
-3.128621 -5.511882 12.543857
2.891800 -5.813993 9.984498
3.595371 -5.440835 12.009278
-3.488232 -6.196103 10.607605
3.227524 -5.713772 12.311574
-3.324615 -4.496821 11.903929
3.485365 -5.438806 12.672285
3.365370 -5.484729 11.903968
3.850435 -2.148247 10.030036
-3.554627 -5.156357 12.427644
3.682072 -3.506082 10.291212
3.365385 -4.496933 12.114587
-3.324632 -5.484616 11.903931
0.020377 -5.180009 11.600980
3.850436 -2.227418 9.700036
-3.554629 -5.440715 12.009239
-3.444588 -3.379278 10.445510
-3.101106 -6.217693 10.480398
0.020379 -4.801540 12.417535
0.020385 -4.550668 12.103099
3.485377 -4.721068 12.762335
3.641236 -3.838043 11.450117
-3.070284 -3.734466 11.011792
3.169391 -3.641373 11.048527
3.149624 -4.499097 12.542471
-3.490380 -4.409446 12.550468
-3.591233 -6.075884 10.593171
3.149576 -5.865645 10.754538
-3.569568 -5.326720 12.686796
-3.238066 -4.593914 12.702075
3.254839 -3.287215 10.079773
3.105370 -5.184076 12.497415
3.165879 -3.277190 10.053102
-3.238028 -5.877805 10.873200
-3.094626 -4.990722 12.514240
3.861355 -5.851602 9.984503
-3.264636 -6.204605 10.607759
0.020386 -4.550668 11.915417
0.020372 -5.430882 11.915418
3.169351 -5.511988 12.543892
3.135374 -4.990827 12.514275
3.095517 -5.828474 9.884686
-2.890469 -1.976159 10.013744
3.559437 -6.097971 10.637438
3.558538 -6.246165 10.522906
3.395375 -4.791369 12.784011
3.395383 -4.417795 12.567514
3.135385 -4.521284 11.823387
2.898587 -2.149962 9.741665
3.485367 -5.330340 12.734043
3.773437 -5.812125 9.700874
3.395437 -2.182801 9.705344
3.278725 -4.079133 12.062541
-3.444637 -5.742313 12.284357
-3.638664 -5.840119 9.750985
3.595385 -4.714494 11.586594
-3.064614 -4.502584 11.815990
-3.554629 -5.347804 11.652149
0.020387 -4.564461 11.747998
0.020370 -5.417089 12.270518
3.850438 -2.071542 9.781394
0.020385 -4.754730 11.568482
0.020372 -5.226820 12.450034
-3.554627 -5.267057 11.586555
3.163963 -4.379221 12.428373
3.395380 -4.526101 12.660449
3.657294 -5.661524 12.218108
-3.354626 -4.935695 12.807345
-3.128615 -5.067039 12.752271
3.657225 -5.847377 10.740971
-3.094626 -5.267064 11.586557
-3.637391 -4.584349 12.519751
-3.064621 -4.702542 12.535648
-3.354619 -4.525988 12.660412
-3.324623 -4.752312 12.454422
-3.238029 -6.005154 10.713187
3.365383 -4.560253 12.273147
-3.580609 -3.653947 11.080857
3.365376 -5.229238 11.564094
-3.324618 -4.560141 12.273110
3.365371 -5.421409 11.745405
-3.324626 -5.229126 11.564057
3.169356 -5.165543 12.735220
-3.324630 -5.421297 11.745368
3.365379 -4.752424 12.454459
-3.480977 -3.303366 10.146199
-3.444634 -5.438690 12.672247
-3.611987 -3.440465 10.328667
-3.595100 -6.179436 10.424676
3.595376 -5.267176 11.586594
-3.094629 -5.413406 11.732900
3.659400 -3.307494 10.058712
-3.061320 -3.474462 10.078862
-3.554619 -4.804827 11.539695
3.531379 -5.836833 10.972521
-3.818662 -2.064780 10.021903
-3.809562 -2.071413 9.781352
3.485362 -5.790255 12.039690
-3.128623 -5.634459 12.386629
-3.480979 -3.341282 10.295827
-3.444621 -4.607120 12.710746
3.632160 -4.452624 12.510666
-3.098554 -5.701640 12.036287
-3.554617 -4.633626 11.652148
-3.444635 -6.106406 10.649445
3.105369 -5.244855 12.552488
-3.814171 -5.821213 10.026301
3.595384 -4.804947 11.539734
-3.616432 -5.524747 12.465150
3.595374 -5.347924 11.652188
-3.108839 -5.865540 10.754503
3.135380 -4.633738 12.366363
3.305367 -5.826791 11.079251
-3.108866 -4.779931 12.702815
3.595387 -4.494266 11.917385
2.940435 -2.148231 10.030031
3.395373 -4.935808 12.807382
2.902948 -5.834490 9.739625
3.149577 -5.812548 10.840443
3.231746 -5.794488 11.558936
3.657307 -4.733849 12.662573
3.135377 -4.804939 12.478819
-3.610925 -6.214588 10.480632
-3.580625 -4.221141 12.196872
-3.186794 -5.369545 12.695352
-3.554633 -5.487284 11.917348
3.595384 -4.568152 12.285618
-3.354624 -4.791256 12.783974
-3.569563 -5.890222 10.772993
3.626785 -5.731721 12.037465
-3.064629 -5.183972 12.497381
0.020386 -4.607092 11.774125
3.695394 -3.347640 10.053105
-3.094631 -5.347811 12.366331
3.135372 -5.347916 11.652186
0.020371 -5.374458 12.244391
-3.128593 -4.045650 11.900951
0.020384 -4.778334 11.612559
0.020373 -5.203216 12.405957
-3.064629 -5.802911 10.457964
3.135383 -4.714487 11.586592
3.738516 -5.844875 10.008945
3.681859 -5.914833 10.443837
-3.079662 -5.849401 10.044407
3.854839 -5.851602 9.739057
3.885730 -5.838384 9.865040
3.120589 -5.666875 12.034994
3.169357 -5.067145 12.752306
-3.128575 -3.434375 10.443459
-2.881157 -2.074309 9.783365
3.521806 -3.341399 10.295866
-3.554634 -5.413397 12.285581
-3.079632 -5.505723 12.009241
-2.890465 -2.064796 10.021908
3.595386 -4.494265 12.101168
3.096139 -4.853015 9.886211
3.670338 -5.849514 10.044444
-2.899627 -5.852914 9.980002
3.682073 -3.472784 10.163506
-3.732687 -5.852066 9.740899
-3.554634 -5.487284 12.101131
3.859535 -2.064909 10.021945
-3.616422 -4.833463 12.693812
-3.225989 -5.822915 11.079072
3.595381 -4.714493 12.431959
-3.202572 -6.248768 10.506273
-3.153200 -5.792788 11.077926
3.652768 -5.736304 11.075810
-3.444627 -4.965666 12.808491
3.170833 -6.190793 10.559113
3.395370 -5.078492 12.804460
3.120594 -5.703413 11.074557
3.105378 -4.702645 12.535683
-3.636208 -5.852067 10.021579
-3.444632 -5.887476 10.858595
-3.079619 -4.883328 11.505561
3.587448 -3.260723 10.045229
-3.827968 -2.183504 9.708717
-3.064628 -5.065350 12.604841
3.106401 -5.844228 9.973866
-3.554616 -4.521172 11.823350
-3.128620 -6.080592 10.602655
3.528960 -6.196221 10.607643
3.657294 -5.524911 12.464797
3.120383 -4.523576 12.225843
3.595371 -5.487404 11.917387
-3.554620 -4.568032 12.285579
-3.616486 -5.747517 10.949516
3.621418 -3.654068 11.080896
-3.554632 -5.267055 12.431922
3.594855 -3.379637 10.325485
-3.554623 -4.714374 12.431920
3.531379 -5.921234 10.796082
3.451310 -5.338020 10.159778
3.096901 -5.821420 10.059809
-3.079615 -4.487045 12.116636
3.120377 -5.098223 11.505596
3.595370 -5.347923 12.366368
-3.574755 -5.848013 10.088334
-3.064618 -4.554606 12.421455
-3.554617 -4.494146 12.101129
-3.079615 -4.475723 12.009241
-2.849626 -5.802915 9.980002
3.855052 -1.949377 9.957835
2.908085 -1.983002 10.003485
3.587420 -4.199713 12.210434
2.940438 -2.071527 9.781389
3.594856 -3.345701 10.195333
-2.899564 -2.227304 9.699999
3.595369 -5.487404 12.101170
3.120385 -4.475827 12.009275
3.203559 -6.092054 10.625590
3.159671 -6.227790 10.451874
-3.569563 -5.045008 12.762803
-3.238083 -5.726596 12.316943
3.149619 -4.780036 12.702850
-3.644632 -6.024935 10.466420
3.102145 -3.474566 10.078897
3.243801 -6.176267 10.611071
3.105372 -5.086357 12.525511
-3.078675 -5.682124 11.554630
3.097818 -5.850286 9.740156
-3.613035 -5.915778 10.415733
3.595373 -5.176722 12.478821
3.184429 -5.828475 10.079052
3.105369 -5.942522 10.513598
-3.069756 -5.840357 9.753630
3.169350 -5.719610 12.169909
-3.638541 -4.852902 9.961861
3.657225 -5.747639 10.949555
3.672000 -6.180183 10.474990
-3.354611 -4.852906 10.164997
-3.586057 -5.731600 12.037425
-3.108838 -5.812443 10.840408
3.120368 -5.505827 12.009276
3.126304 -6.175284 10.443262
-3.096227 -6.026734 10.419956
-3.053485 -4.822912 9.700000
-3.410548 -5.337905 10.159741
3.105366 -5.463267 12.379042
-3.079631 -5.494401 11.901846
3.559034 -3.313888 10.143722
3.227528 -5.274473 12.740037
-3.858273 -1.990587 9.972424
3.450240 -5.839437 10.164949
-3.495778 -6.248462 10.514170
-3.123226 -3.345704 10.101329
3.111174 -5.376355 12.528532
3.105366 -5.553836 12.215462
3.252611 -6.001840 10.709117
3.671368 -3.500814 10.410473
-3.064633 -5.579215 12.125145
-3.064631 -5.361954 12.380472
3.203748 -4.606915 12.679600
3.676888 -6.026140 10.438611
3.587437 -3.580459 10.961653
2.905049 -3.975621 10.015389
3.120017 -5.838370 10.279017
3.885794 -2.023825 9.875470
3.899540 -5.812127 9.865040
3.120369 -5.494505 11.901880
3.696515 -4.823025 9.700038
3.896926 -2.154122 9.749608
-3.580608 -3.604145 10.952643
3.685403 -3.742614 10.904141
3.105381 -4.554709 12.421490
3.595374 -5.081816 12.500931
-3.108838 -5.769558 10.955160
-3.569565 -5.156308 12.746591
-3.586010 -3.435553 10.429251
3.203367 -4.181955 12.181961
3.169353 -5.351493 12.662499
-3.070439 -5.376251 12.528497
-3.128619 -5.351387 12.662464
-3.518552 -5.740747 12.243593
3.203749 -4.534064 12.632427
3.146133 -6.126207 10.422478
3.657298 -5.225290 12.671240
-3.616415 -4.477000 12.487939
3.222962 -5.338017 10.110539
-3.490394 -5.164775 12.784292
3.203371 -4.023561 11.913427
-3.616433 -5.683023 12.128377
-3.586008 -3.384963 10.244633
3.587427 -3.920267 11.722248
3.100480 -4.510091 10.074268
3.559359 -4.703388 12.740149
3.610417 -4.932288 12.762621
-3.569556 -4.613240 12.663610
3.559439 -5.866465 10.867607
3.671322 -5.663968 12.034886
3.135381 -4.898936 11.512705
3.169350 -5.634565 12.386664
3.610415 -5.044663 12.762791
3.610408 -5.455611 12.605340
3.559361 -4.598438 12.689161
3.585951 -5.578404 12.510476
3.169383 -3.899343 11.625278
-3.569563 -5.799404 10.962879
3.595383 -4.899854 11.517624
-3.844951 -3.975508 10.015352
-3.168943 -3.276258 10.058579
-3.569554 -4.520314 12.600272
3.595370 -5.409239 12.174921
3.595386 -4.572430 11.843634
3.885761 -4.015223 9.714683
-3.554057 -4.357678 12.443021
-3.034519 -5.852411 9.918463
3.610418 -4.821311 12.745903
-3.094616 -4.714382 11.586557
2.898586 -2.227402 9.722670
-3.554626 -5.081696 12.500892
-3.554617 -4.899734 11.517585
3.471695 -4.853021 10.155170
3.485383 -4.409613 12.558595
-3.038133 -3.385033 10.045192
-3.203072 -6.176159 10.611036
-3.616429 -5.302913 12.638768
-2.864240 -3.975524 10.015356
-3.590150 -3.356580 10.116721
3.305374 -4.841457 12.795009
3.610411 -5.243220 12.721884
-3.554630 -5.455609 12.193286
-3.554613 -4.525821 11.825191
3.690310 -4.510101 10.074271
3.610410 -5.326802 12.686758
3.589345 -5.834066 10.096648
-3.569561 -4.932555 12.762696
-2.896517 -5.851610 9.739091
3.659785 -5.338024 10.006779
-3.601185 -3.291161 10.056992
-3.604723 -6.166144 10.540695
-3.162988 -4.533957 12.632392
-3.619022 -5.337902 10.006740
-3.638913 -3.746973 11.043686
3.559351 -5.162379 12.775631
3.094269 -4.823015 9.700035
-3.070384 -5.908199 10.596943
3.101541 -3.380139 10.062889
-3.655731 -4.822902 9.699998
3.599530 -6.211021 10.425543
-3.546632 -3.795367 11.470086
-3.840367 -5.810882 9.711382
-3.162586 -4.101541 12.049209
3.266772 -3.303897 10.146136
-2.853075 -2.190114 9.736021
-2.851050 -5.813897 9.745538
-3.545107 -6.224150 10.555900
3.227534 -4.936004 12.791607
3.521805 -3.361592 10.370359
3.685372 -5.803024 10.390044
3.885760 -3.975638 10.015394
3.120014 -5.915439 10.426895
-3.064629 -5.741556 10.713461
3.666771 -5.807182 9.733125
3.685383 -4.495889 12.348435
-3.518207 -3.392768 10.441613
-3.233564 -5.337908 10.139491
-3.070501 -5.833954 9.967672
-3.844981 -5.838254 9.864998
-2.881312 -5.807458 10.026305
-3.055358 -4.852912 9.886177
-3.186791 -5.174233 12.771733
-3.569559 -4.821492 12.746020
-3.128619 -5.997672 10.653549
3.105371 -5.741660 10.713495
3.105372 -5.362058 11.638044
-3.644628 -5.802901 10.390004
-3.591296 -5.595711 12.428134
3.395365 -6.236778 10.439121
-3.518703 -5.866346 10.867569
-3.569569 -5.455406 12.605478
-3.238082 -5.547909 12.580815
-3.554619 -4.990715 11.559238
2.937267 -5.813924 9.701339
-3.518706 -6.097852 10.637399
3.278763 -5.924258 10.798259
-3.616488 -5.971337 10.617982
-3.076294 -6.159439 10.487440
-3.299760 -5.839324 10.164912
3.802873 -5.852192 9.989137
-3.554619 -4.717109 12.427736
3.595381 -4.717229 12.427775
-3.554629 -5.264319 12.427738
-3.554615 -4.717110 11.590739
3.595373 -5.174882 12.474173
-3.554614 -4.637162 11.655685
3.595386 -4.637282 11.655724
-3.554618 -4.637161 12.362792
3.595382 -4.637281 12.362831
3.595371 -5.264439 12.427777
-3.554626 -5.344269 11.655685
-3.554630 -5.344268 12.362792
3.595374 -5.344389 11.655724
3.595370 -5.344388 12.362831
3.595385 -4.717230 11.590779
-3.554624 -5.264320 11.590741
3.595376 -5.264440 11.590781
3.052230 -5.844864 10.008942
3.621421 -3.557007 10.823509
-3.554621 -4.806667 12.474132
3.595379 -4.806787 12.474171
3.595370 -5.409332 12.282883
3.595387 -4.572337 11.735672
-3.554627 -5.409213 11.735633
3.595373 -5.409333 11.735672
3.595378 -5.174883 11.544384
-3.554622 -5.174763 11.544345
-3.554616 -4.572217 12.282844
3.595384 -4.572337 12.282883
-3.554630 -5.409212 12.282844
-3.554613 -4.572217 11.735633
3.595384 -4.806788 11.544382
-3.554628 -5.455609 11.825191
3.595371 -5.455729 11.825230
3.278810 -5.548018 12.580851
-3.554615 -4.525820 12.193286
3.595385 -4.525940 12.193325
-3.211969 -4.935288 12.800250
-3.554629 -5.482368 11.918258
3.595387 -4.499182 11.918295
-3.554613 -4.499062 11.918256
-3.554614 -4.499062 12.100219
3.595386 -4.499182 12.100258
3.595370 -5.482487 12.100260
-3.694447 -5.852066 9.990947
-3.064624 -4.895192 12.525476
-3.160655 -5.833953 10.096610
-3.554030 -3.394828 10.381020
3.657223 -5.971459 10.618022
3.593981 -6.211123 10.565549
-3.762127 -5.852065 9.989096
3.595382 -4.908952 11.566790
-3.146251 -5.852409 10.113809
-3.616433 -5.636943 12.285274
-3.163006 -5.744568 12.175399
3.585933 -6.038744 10.656588
-3.238081 -5.466397 12.649909
-3.844917 -2.023695 9.875428
-3.630102 -5.827255 9.736169
3.214291 -5.852516 10.134362
-3.238082 -5.619225 12.501163
-3.554618 -4.908832 11.566751
-3.264616 -4.409230 12.558859
-3.554625 -5.072598 12.451726
-3.238030 -6.103504 10.648864
3.603749 -5.852522 10.113846
-3.511410 -5.337904 10.120765
3.552172 -5.338022 10.120804
3.105366 -5.579319 12.125179
-3.859563 -2.112432 9.809943
-3.064633 -5.553732 12.215427
-3.064628 -5.659826 10.884651
-3.238075 -5.072313 12.803637
2.905083 -2.023809 9.875465
3.531164 -5.722053 12.320973
-3.064623 -4.788179 12.573867
3.278815 -5.177623 12.785405
3.644499 -6.183627 10.429164
3.587440 -3.488391 10.702110
-3.597018 -5.839319 10.049943
-3.354636 -6.236665 10.439084
-3.238083 -5.678959 12.412719
3.278817 -5.072423 12.803674
3.111123 -5.693771 10.935698
3.278763 -5.877915 10.873237
3.485366 -6.040416 10.688658
-3.490644 -6.002755 10.710323
-3.580606 -3.556886 10.823470
-3.479825 -6.232080 10.575167
3.169353 -5.972233 10.673626
-3.064612 -4.327995 12.091190
3.227526 -5.458147 12.638690
3.227388 -5.826849 10.969889
3.595371 -5.482488 11.918297
-3.554621 -5.072599 11.566751
-3.554630 -5.482367 12.100221
-3.554624 -4.990714 12.459239
-3.057494 -5.811777 9.701116
-3.064630 -5.244751 12.552454
3.111885 -6.116624 10.456196
3.595374 -5.072718 12.451765
-3.238028 -5.924148 10.798223
2.905019 -5.838367 9.865035
3.332429 -5.848128 10.172239
-3.554029 -3.369565 10.288327
3.632140 -5.668038 12.297911
3.595377 -4.908951 12.451765
3.595379 -5.072719 11.566790
3.715481 -5.852524 9.918500
-2.864206 -2.023712 9.875433
3.882073 -1.960098 9.985785
3.105391 -4.171209 11.825020
-3.554623 -4.899733 12.500892
3.657222 -6.061035 10.563048
2.922059 -5.849314 9.984578
-3.554630 -5.490715 12.009239
3.595370 -5.490835 12.009278
3.681862 -5.821429 10.245040
3.594827 -4.357798 12.443060
3.111121 -5.908303 10.596977
2.890437 -2.112546 9.809980
-3.816361 -1.948432 9.990897
-2.864270 -5.838270 9.865003
3.652812 -3.401923 10.181254
</float_array>
          <technique_common>
            <accessor source="#bottom_cover-POSITION-array" count="2753" stride="3">
              <param name="X" type="float"/>
              <param name="Y" type="float"/>
              <param name="Z" type="float"/>
            </accessor>
          </technique_common>
        </source>
        <source id="bottom_cover-Normal0">
          <float_array id="bottom_cover-Normal0-array" count="49518">
-0.496047 0.618320 0.609604
-0.375910 0.804424 0.459993
-0.536446 0.628897 0.562774
0.040768 0.995613 -0.084220
0.019432 0.999549 -0.022910
0.033189 0.999449 0.000377
0.000886 -0.002145 0.999997
-0.000005 -0.006465 0.999979
-0.172663 -0.095107 0.980379
-0.999996 -0.002546 -0.000879
-0.970923 -0.173526 0.164915
-0.999983 -0.005878 -0.000005
0.172660 -0.095113 -0.980379
-0.000886 -0.002145 -0.999997
0.000005 -0.006465 -0.999979
0.963670 -0.265388 0.030146
0.974769 -0.222687 -0.015337
0.999997 -0.002161 -0.000886
0.999997 -0.002161 -0.000886
0.999979 -0.006481 0.000005
0.980377 -0.095126 0.172662
-0.030150 -0.265371 0.963675
0.015334 -0.222671 0.974773
0.000886 -0.002145 0.999997
0.008260 0.897424 0.441091
-0.001875 0.734236 0.678892
0.007056 0.726532 0.687096
-0.437266 0.899332 -0.000002
-0.633116 0.774056 -0.000717
-0.441077 0.897432 0.008245
0.028190 -0.266556 -0.963407
-0.022409 -0.217470 -0.975810
-0.000886 -0.002145 -0.999997
-0.963634 -0.265509 -0.030248
-0.974756 -0.222736 0.015462
-0.999996 -0.002546 -0.000879
-0.441077 0.897432 -0.008249
-0.678880 0.734247 0.001881
-0.437266 0.899332 -0.000002
-0.080511 0.982554 -0.167649
-0.008530 0.988203 -0.152915
-0.023181 0.963053 -0.268313
-0.753561 -0.200225 0.626143
-0.658404 -0.337969 0.672519
-0.705967 -0.003984 0.708233
-0.654271 -0.159537 -0.739241
-0.647669 -0.359765 -0.671636
-0.707883 -0.004811 -0.706313
0.708233 -0.004007 0.705967
0.672513 -0.337991 0.658398
0.712720 -0.273974 0.645731
0.581355 -0.188436 -0.791529
0.705893 -0.002954 -0.708312
0.705967 -0.004007 -0.708233
-0.751304 -0.154326 -0.641658
-0.707528 -0.001048 -0.706685
-0.707883 -0.004811 -0.706313
-0.581362 -0.188417 0.791529
-0.705893 -0.002931 0.708313
-0.705967 -0.003984 0.708233
0.707107 -0.002013 -0.707103
0.707107 -0.002013 -0.707104
0.743249 -0.229675 -0.628355
0.791526 -0.188439 0.581359
0.708312 -0.002954 0.705893
0.708233 -0.004007 0.705967
0.496067 0.618304 -0.609605
0.375937 0.804412 -0.459993
0.536467 0.628879 -0.562774
0.286605 0.932453 0.219977
0.347554 0.897592 0.271174
0.302353 0.937977 0.169649
0.581355 -0.188436 -0.791529
0.707098 -0.005728 -0.707093
0.707097 -0.005729 -0.707093
-0.075978 -0.893868 0.441845
-0.007135 -0.895075 0.445859
-0.039749 -0.853036 0.520336
-0.200359 -0.848248 0.490236
-0.130467 -0.895774 0.424932
-0.142536 -0.847974 0.510513
0.289611 -0.929030 0.230280
0.394333 -0.894455 0.210837
0.320789 -0.895299 0.309086
0.230265 -0.929029 -0.289626
0.210822 -0.894452 -0.394347
0.309071 -0.895299 -0.320803
-0.377857 -0.794695 -0.475062
-0.273814 -0.801814 -0.531150
-0.243264 -0.847777 -0.471271
-0.243264 -0.847777 -0.471271
-0.323294 -0.850061 -0.415786
-0.377857 -0.794695 -0.475062
-0.445874 -0.895067 -0.007121
-0.520350 -0.853028 -0.039735
-0.441860 -0.893862 -0.075964
-0.441077 0.897432 0.008245
-0.633116 0.774056 -0.000717
-0.686526 0.727058 0.008261
-0.460666 0.852758 0.246151
-0.525894 0.803775 0.278176
-0.463114 0.805782 0.369108
-0.463114 0.805782 0.369108
-0.396118 0.866210 0.304584
-0.460666 0.852758 0.246151
0.084236 0.995612 0.040752
0.022926 0.999549 0.019415
-0.000361 0.999450 0.033172
0.707103 -0.002013 0.707108
0.707104 -0.002013 0.707107
0.628352 -0.229673 0.743253
-0.040736 0.995614 0.084219
-0.019399 0.999549 0.022909
-0.033156 0.999450 -0.000378
0.460695 0.852743 -0.246151
0.525920 0.803757 -0.278176
0.463141 0.805766 -0.369109
0.463141 0.805766 -0.369109
0.396146 0.866197 -0.304584
0.460695 0.852743 -0.246151
0.246165 0.852746 0.460680
0.278189 0.803762 0.525907
0.369122 0.805768 0.463127
0.369122 0.805768 0.463127
0.304598 0.866198 0.396132
0.246165 0.852746 0.460680
-0.084203 0.995615 -0.040752
-0.022893 0.999549 -0.019416
0.000394 0.999450 -0.033173
0.592049 0.006969 0.805872
0.704796 0.008337 0.709361
0.768983 0.008010 0.639219
0.805873 0.006965 -0.592048
0.709361 0.008337 -0.704796
0.639219 0.008012 -0.768983
-0.001358 0.898840 -0.438275
0.000454 0.734992 -0.678075
-0.006373 0.726897 -0.686717
0.008264 0.897424 -0.441092
-0.001869 0.734236 -0.678892
0.000017 0.899325 -0.437281
0.000013 0.899325 0.437281
-0.001875 0.734236 0.678892
0.008260 0.897424 0.441091
-0.008234 0.897425 0.441091
0.001893 0.734236 0.678892
0.000013 0.899325 0.437281
0.441106 0.897417 0.008249
0.678904 0.734225 -0.001881
0.437296 0.899318 0.000002
-0.805872 0.006992 0.592048
-0.707000 0.017507 0.706997
-0.707002 0.017504 0.706995
-0.711216 0.213289 -0.669836
-0.709429 0.005423 -0.704756
-0.811282 -0.011186 -0.584548
-0.286574 0.932462 -0.219978
-0.347524 0.897603 -0.271174
-0.302322 0.937987 -0.169650
-0.700458 0.000011 -0.713693
-0.555055 0.006016 -0.831792
-0.592318 0.000010 -0.805704
-0.592318 0.000010 -0.805704
-0.700458 0.000011 -0.713693
-0.700458 0.000011 -0.713693
-0.592048 0.006989 -0.805872
-0.704795 0.008359 -0.709361
-0.768982 0.008035 -0.639219
-0.592048 0.006989 -0.805872
-0.706997 0.017508 -0.707000
-0.706993 0.017502 -0.707004
-0.660007 -0.597329 0.455620
-0.530610 -0.801922 0.274541
-0.627613 -0.592364 0.505180
-0.805698 0.000013 -0.592326
-0.713687 0.000012 -0.700465
-0.713687 0.000012 -0.700465
-0.713687 0.000012 -0.700465
-0.805698 0.000013 -0.592326
-0.805698 0.000013 -0.592326
0.592049 0.006969 0.805872
0.706996 0.017484 0.707001
0.706997 0.017482 0.707001
-0.707110 -0.001989 0.707101
-0.707108 -0.001989 0.707103
-0.753561 -0.200225 0.626143
0.805873 0.006965 -0.592048
0.707002 0.017482 -0.706996
0.707003 0.017480 -0.706994
0.147737 -0.000002 0.989027
0.192558 0.006008 0.981267
0.002995 0.000000 0.999996
0.002995 0.000000 0.999996
0.002995 0.000000 0.999996
0.147737 -0.000002 0.989027
-0.192567 0.006014 0.981265
-0.147746 0.000003 0.989025
-0.003004 0.000000 0.999996
-0.003004 0.000000 0.999996
-0.003004 0.000000 0.999996
-0.192567 0.006014 0.981265
-0.002995 -0.000000 -0.999996
-0.147737 0.000002 -0.989027
-0.192558 0.006013 -0.981267
-0.192558 0.006013 -0.981267
-0.002995 -0.000000 -0.999996
-0.002995 -0.000000 -0.999996
0.003004 -0.000000 -0.999996
0.192567 0.006007 -0.981265
0.147746 -0.000003 -0.989025
0.147746 -0.000003 -0.989025
0.003004 -0.000000 -0.999996
0.003004 -0.000000 -0.999996
-0.000886 -0.002145 -0.999997
-0.032348 -0.168094 -0.985240
-0.160840 -0.205495 -0.965351
-0.245682 -0.893788 -0.375211
-0.323294 -0.850061 -0.415786
-0.243264 -0.847777 -0.471271
0.981267 -0.006027 -0.192558
0.989027 -0.000016 -0.147737
0.999996 -0.000016 -0.002995
0.999996 -0.000016 -0.002995
0.999996 -0.000016 -0.002995
0.981267 -0.006027 -0.192558
0.989025 -0.000016 0.147746
0.989025 -0.000016 0.147746
0.999996 -0.000016 0.003004
0.999996 -0.000016 0.003004
0.999996 -0.000016 0.003004
0.989025 -0.000016 0.147746
-0.989027 0.000016 0.147737
-0.981267 0.006027 0.192558
-0.999996 0.000016 0.002995
-0.999996 0.000016 0.002995
-0.999996 0.000016 0.002995
-0.989027 0.000016 0.147737
-0.989025 0.000016 -0.147746
-0.989025 0.000016 -0.147746
-0.999996 0.000016 -0.003004
-0.999996 0.000016 -0.003004
-0.999996 0.000016 -0.003004
-0.989025 0.000016 -0.147746
0.245646 -0.893801 0.375203
0.221945 -0.933795 0.280654
0.320789 -0.895299 0.309086
0.000886 -0.002145 0.999997
0.032342 -0.168094 0.985240
0.160833 -0.205500 0.965351
0.999997 -0.002161 -0.000886
0.985238 -0.168110 -0.032345
0.965347 -0.205514 -0.160837
0.375188 -0.893804 -0.245661
0.280638 -0.933797 -0.221960
0.309071 -0.895299 -0.320803
0.023055 0.262443 -0.964672
0.169881 0.025234 -0.985141
0.000345 0.006123 -0.999981
-0.023047 0.262444 0.964672
-0.169880 0.025240 0.985141
-0.000345 0.006123 0.999981
0.964676 0.262428 0.023051
0.985142 0.025221 0.169880
0.999981 0.006107 0.000345
-0.964668 0.262460 -0.023051
-0.985141 0.025253 -0.169880
-0.999981 0.006140 -0.000345
0.713687 -0.000012 0.700465
0.805698 -0.000013 0.592326
0.805698 -0.000013 0.592326
0.805698 -0.000013 0.592326
0.713687 -0.000012 0.700465
0.713687 -0.000012 0.700465
0.592318 -0.000010 0.805704
0.700458 -0.000011 0.713693
0.700458 -0.000011 0.713693
0.700458 -0.000011 0.713693
0.555055 0.005998 0.831792
0.592318 -0.000010 0.805704
-0.369095 0.805780 -0.463128
-0.304570 0.866208 -0.396132
-0.246137 0.852754 -0.460681
-0.246137 0.852754 -0.460681
-0.278163 0.803771 -0.525907
-0.369095 0.805780 -0.463128
0.000571 0.005476 -0.999985
-0.190144 -0.029617 -0.981309
-0.024220 0.213187 -0.976711
-0.805872 0.006992 0.592048
-0.709361 0.008359 0.704796
-0.639219 0.008032 0.768983
-0.639219 0.008032 0.768983
-0.707109 0.000010 0.707104
-0.707110 0.000011 0.707104
-0.707110 0.000011 0.707104
-0.697715 -0.003596 0.716367
-0.639219 0.008032 0.768983
-0.040736 0.995614 0.084219
-0.088216 0.996078 -0.006856
-0.167335 0.982574 0.080917
0.040768 0.995613 -0.084220
0.088248 0.996075 0.006855
0.167367 0.982568 -0.080918
0.669839 0.213266 -0.711219
0.704756 0.005400 -0.709429
0.584547 -0.011209 -0.811282
-0.669832 0.213289 0.711219
-0.704756 0.005423 0.709429
-0.584548 -0.011190 0.811282
-0.120419 -0.984808 -0.125109
-0.195640 -0.962051 -0.190220
-0.129763 -0.961903 -0.240632
-0.129763 -0.961903 -0.240632
-0.088920 -0.983448 -0.157870
-0.120419 -0.984808 -0.125109
-0.159767 -0.987149 0.003219
-0.294913 -0.955476 0.009547
-0.294623 -0.955577 -0.008333
-0.294623 -0.955577 -0.008333
-0.159438 -0.987178 -0.007743
-0.159767 -0.987149 0.003219
0.700465 -0.000012 -0.713687
0.592326 -0.000010 -0.805698
0.555063 0.005997 -0.831787
0.555063 0.005997 -0.831787
0.700465 -0.000012 -0.713687
0.700465 -0.000012 -0.713687
0.831792 -0.006021 -0.555055
0.713693 -0.000012 -0.700458
0.713693 -0.000012 -0.700458
0.713693 -0.000012 -0.700458
0.805704 -0.000013 -0.592318
0.831792 -0.006021 -0.555055
-0.713693 0.000012 0.700458
-0.831792 0.006021 0.555055
-0.805704 0.000013 0.592318
-0.805704 0.000013 0.592318
-0.713693 0.000012 0.700458
-0.713693 0.000012 0.700458
-0.700465 0.000012 0.713687
-0.592326 0.000010 0.805698
-0.555062 0.006016 0.831787
-0.555062 0.006016 0.831787
-0.700465 0.000012 0.713687
-0.700465 0.000012 0.713687
0.084236 0.995612 0.040752
-0.006839 0.996076 0.088232
0.080934 0.982570 0.167350
0.228708 0.934007 0.274451
0.217051 0.896355 0.386570
0.309484 0.877357 0.366693
-0.962380 -0.209014 -0.173604
-0.999986 -0.005275 -0.000005
-0.995404 -0.000677 -0.095760
0.995843 0.002279 0.091059
0.977930 -0.013479 0.208496
0.999996 0.000668 0.002909
0.995522 -0.000073 0.094528
0.980377 -0.095126 0.172662
0.999979 -0.006481 0.000005
-0.995843 0.002311 -0.091059
-0.977931 -0.013447 -0.208496
-0.999995 0.000702 -0.002909
-0.094518 -0.000087 0.995523
-0.172663 -0.095107 0.980379
-0.000005 -0.006497 0.999979
0.090862 0.001958 -0.995862
0.208003 -0.013200 -0.978039
0.002467 0.000534 -0.999997
-0.160840 -0.205495 -0.965351
-0.137978 -0.002884 -0.990431
-0.002810 -0.006454 -0.999975
0.171772 -0.006351 0.985116
0.090644 0.001625 0.995882
0.002068 0.000411 0.999998
-0.985116 -0.006349 0.171773
-0.995882 0.001643 0.090644
-0.999998 0.000430 0.002068
0.965347 -0.205514 -0.160837
0.990431 -0.002917 -0.137978
0.999975 -0.006473 -0.002810
-0.970923 -0.173526 0.164915
-0.990481 -0.002907 0.137619
-0.999971 -0.007059 0.002800
0.985116 -0.006381 -0.171773
0.995882 0.001611 -0.090644
0.999998 0.000395 -0.002068
-0.171769 -0.006353 -0.985117
-0.090644 0.001628 -0.995882
-0.002068 0.000412 -0.999998
0.160833 -0.205500 0.965351
0.137975 -0.002888 0.990432
0.002810 -0.006454 0.999975
0.172660 -0.095113 -0.980379
0.000005 -0.006465 -0.999979
0.094530 -0.000058 -0.995522
-0.091058 0.002298 0.995843
-0.208500 -0.013475 0.977930
-0.002909 0.000682 0.999996
0.999997 -0.002161 -0.000886
0.980377 -0.095126 0.172662
0.957443 -0.283921 0.051887
0.435264 -0.852636 0.289062
0.531499 -0.798717 0.282065
0.464771 -0.804705 0.369374
0.369361 -0.804704 -0.464784
0.289048 -0.852634 -0.435278
0.282052 -0.798713 -0.531512
0.051882 -0.283906 -0.957447
-0.000886 -0.002145 -0.999997
0.172660 -0.095113 -0.980379
-0.375226 -0.893786 0.245667
-0.280671 -0.933786 0.221962
-0.309108 -0.895283 0.320812
-0.506900 -0.848573 0.151580
-0.416594 -0.893894 0.165540
-0.471285 -0.847773 0.243250
-0.223412 -0.960954 0.163265
-0.258173 -0.963040 0.076815
-0.182371 -0.981805 0.052915
-0.182371 -0.981805 0.052915
-0.141568 -0.983376 0.113710
-0.223412 -0.960954 0.163265
0.003203 -0.987152 0.159751
0.009531 -0.955481 0.294898
-0.008349 -0.955582 0.294607
-0.008349 -0.955582 0.294607
-0.007759 -0.987180 0.159422
0.003203 -0.987152 0.159751
-0.151594 -0.848579 -0.506886
-0.165555 -0.893898 -0.416579
-0.243264 -0.847777 -0.471271
-0.007594 -0.896367 -0.443248
-0.007762 -0.768133 -0.640244
0.002003 -0.648883 -0.760886
-0.000571 0.005477 0.999985
0.190143 -0.029623 0.981309
0.024227 0.213187 0.976711
0.158049 0.847051 0.507468
0.115270 0.599084 0.792346
0.278189 0.803762 0.525907
0.000886 -0.002145 0.999997
-0.172663 -0.095107 0.980379
-0.051892 -0.283904 0.957448
-0.200359 -0.848248 0.490236
-0.170115 -0.634334 0.754110
-0.282088 -0.798688 0.531530
-0.189899 0.704730 0.683589
-0.245480 0.858458 0.450322
-0.279840 0.803030 0.526148
-0.008234 0.897425 0.441091
-0.008709 0.683024 0.730344
0.001893 0.734236 0.678892
0.189923 0.704724 -0.683589
0.245508 0.858450 -0.450322
0.279866 0.803021 -0.526149
0.008264 0.897424 -0.441092
0.008732 0.683024 -0.730344
-0.001869 0.734236 -0.678892
-0.274435 0.934016 0.228692
-0.386556 0.896365 0.217036
-0.366679 0.877368 0.309470
-0.219962 0.932461 0.286589
-0.271159 0.897602 0.347539
-0.169634 0.937985 0.302337
0.976715 0.213171 -0.024224
0.969996 0.243114 0.001750
0.999985 0.005460 0.000571
-0.956159 -0.288286 -0.051485
-0.999996 -0.002546 -0.000879
-0.962380 -0.209014 -0.173604
-0.756671 -0.631484 -0.169343
-0.487072 -0.848472 -0.207018
-0.698103 -0.706310 -0.117381
0.274466 0.934006 -0.228692
0.386585 0.896352 -0.217037
0.366708 0.877356 -0.309470
0.219993 0.932454 -0.286590
0.271189 0.897593 -0.347539
0.169665 0.937980 -0.302338
-0.976714 0.213198 0.023995
-0.928879 0.370360 -0.004200
-0.999672 0.025206 -0.004596
-0.441077 0.897432 -0.008249
-0.730333 0.683036 -0.008721
-0.678880 0.734247 0.001881
-0.683577 0.704738 -0.189911
-0.450308 0.858461 -0.245494
-0.526135 0.803034 -0.279853
0.441106 0.897417 0.008249
0.730355 0.683012 0.008720
0.678904 0.734225 -0.001881
0.683600 0.704716 0.189911
0.450336 0.858446 0.245494
0.526162 0.803017 0.279853
0.151562 -0.848592 0.506874
0.165521 -0.893909 0.416569
0.243225 -0.847797 0.471256
-0.007135 -0.895075 0.445859
0.004931 -0.721109 0.692804
-0.007324 -0.721940 0.691917
0.024227 0.213187 0.976711
-0.002924 0.299794 0.953999
-0.000571 0.005477 0.999985
0.443232 -0.896375 -0.007577
0.692552 -0.721355 -0.004460
0.691677 -0.722174 0.006867
0.506860 -0.848598 -0.151576
0.416554 -0.893913 -0.165536
0.471242 -0.847801 -0.243238
-0.158021 0.847056 -0.507469
-0.115250 0.599087 -0.792346
-0.278163 0.803771 -0.525907
-0.001358 0.898840 -0.438275
-0.006373 0.726897 -0.686717
-0.006945 0.899948 -0.435941
-0.024220 0.213187 -0.976711
0.002933 0.299794 -0.954000
0.000571 0.005476 -0.999985
-0.999996 -0.002546 -0.000879
-0.986218 -0.162132 0.032986
-0.970923 -0.173526 0.164915
-0.471285 -0.847773 0.243250
-0.781708 -0.602001 0.162873
-0.506900 -0.848573 0.151580
0.609615 0.618302 0.496057
0.460006 0.804411 0.375923
0.562785 0.628878 0.536456
0.159735 -0.987155 -0.003219
0.294882 -0.955486 -0.009547
0.294591 -0.955587 0.008334
0.294591 -0.955587 0.008334
0.159406 -0.987183 0.007744
0.159735 -0.987155 -0.003219
0.163249 -0.960960 0.223396
0.076799 -0.963046 0.258157
0.052899 -0.981809 0.182355
0.052899 -0.981809 0.182355
0.113694 -0.983380 0.141552
0.163249 -0.960960 0.223396
-0.003235 -0.987152 -0.159751
-0.009563 -0.955481 -0.294897
0.008318 -0.955582 -0.294607
0.008318 -0.955582 -0.294607
0.007727 -0.987180 -0.159421
-0.003235 -0.987152 -0.159751
0.223380 -0.960961 -0.163264
0.258141 -0.963049 -0.076815
0.182339 -0.981811 -0.052915
0.182339 -0.981811 -0.052915
0.141536 -0.983381 -0.113709
0.223380 -0.960961 -0.163264
-0.195640 -0.962051 -0.190220
-0.120419 -0.984808 -0.125109
-0.164417 -0.982965 -0.082136
-0.164417 -0.982965 -0.082136
-0.241309 -0.961221 -0.133506
-0.195640 -0.962051 -0.190220
-0.521648 -0.804510 -0.283985
-0.415162 -0.852702 -0.317081
-0.487072 -0.848472 -0.207018
0.252053 -0.604654 0.755555
0.163539 -0.607226 0.777516
0.274778 -0.801445 0.531210
0.628352 -0.229673 0.743253
0.672513 -0.337991 0.658398
0.708233 -0.004007 0.705967
0.743249 -0.229675 -0.628355
0.705967 -0.004007 -0.708233
0.707536 -0.001071 -0.706677
0.755545 -0.604662 -0.252063
0.777506 -0.607237 -0.163549
0.531196 -0.801449 -0.274791
-0.507455 0.847062 0.158035
-0.792336 0.599098 0.115260
-0.525894 0.803775 0.278176
-0.999672 0.025206 -0.004596
-0.981310 -0.029604 0.190144
-0.976714 0.213198 0.023995
0.443232 -0.896375 -0.007577
0.691677 -0.722174 0.006867
0.446130 -0.894944 0.006675
0.490207 -0.848270 0.200337
0.754096 -0.634352 0.170105
0.531499 -0.798717 0.282065
0.999985 0.005460 0.000571
0.981309 -0.029636 -0.190144
0.976715 0.213171 -0.024224
0.507483 0.847046 -0.158035
0.792356 0.599072 -0.115260
0.525920 0.803757 -0.278176
-0.289087 -0.852611 0.435296
-0.282088 -0.798688 0.531530
-0.369401 -0.804675 0.464802
-0.705967 -0.003984 0.708233
-0.658404 -0.337969 0.672519
-0.645736 -0.273952 0.712724
0.711223 0.213266 0.669835
0.709429 0.005400 0.704756
0.811282 -0.011213 0.584548
0.200323 -0.848265 -0.490221
0.170095 -0.634343 -0.754107
0.282052 -0.798713 -0.531512
-0.007594 -0.896367 -0.443248
0.002003 -0.648883 -0.760886
0.006660 -0.894936 -0.446144
-0.639219 0.008032 0.768983
-0.709361 0.008359 0.704796
-0.707112 0.000016 0.707102
-0.707112 0.000016 0.707102
-0.707109 0.000010 0.707104
-0.639219 0.008032 0.768983
0.435264 -0.852636 0.289062
0.464771 -0.804705 0.369374
0.380620 -0.846970 0.371175
0.435259 -0.566254 0.699933
0.274778 -0.801445 0.531210
0.504431 -0.592350 0.628229
0.699924 -0.566258 -0.435268
0.531196 -0.801449 -0.274791
0.628219 -0.592352 -0.504440
0.369361 -0.804704 -0.464784
0.371161 -0.846970 -0.380633
0.289048 -0.852634 -0.435278
-0.704774 0.081088 -0.704782
-0.784145 0.000846 -0.620577
-0.620569 0.000843 -0.784151
-0.468558 -0.799480 -0.375879
-0.415162 -0.852702 -0.317081
-0.521648 -0.804510 -0.283985
-0.751304 -0.154326 -0.641658
-0.835763 -0.183919 -0.517373
-0.771292 0.000929 -0.636481
0.337528 0.935141 -0.107639
0.203313 0.963488 -0.174228
0.253633 0.963936 -0.080614
0.107654 0.935145 0.337512
0.174243 0.963488 0.203297
0.080630 0.963938 0.253617
-0.337497 0.935152 0.107639
-0.203281 0.963494 0.174227
-0.253601 0.963944 0.080614
-0.753561 -0.200225 0.626143
-0.705967 -0.003984 0.708233
-0.707536 -0.001047 0.706677
0.707003 0.017482 -0.706995
0.707000 0.017487 -0.706997
0.805873 0.006965 -0.592048
0.628352 -0.229673 0.743253
0.708233 -0.004007 0.705967
0.706677 -0.001070 0.707535
-0.706996 0.017508 -0.707001
-0.706997 0.017510 -0.707000
-0.592048 0.006989 -0.805872
0.706994 0.017477 0.707004
0.706999 0.017489 0.706998
0.592049 0.006969 0.805872
-0.141568 -0.983376 0.113710
-0.087038 -0.982829 0.162698
-0.128210 -0.962334 0.239741
-0.230296 -0.929021 0.289628
-0.167251 -0.931790 0.322173
-0.210857 -0.894439 0.394357
-0.230296 -0.929021 0.289628
-0.210857 -0.894439 0.394357
-0.309108 -0.895283 0.320812
-0.289087 -0.852611 0.435296
-0.369401 -0.804675 0.464802
-0.371198 -0.846948 0.380646
0.043920 -0.995986 -0.077994
0.087006 -0.982832 -0.162698
0.141536 -0.983381 -0.113709
0.077978 -0.995986 0.043937
0.162682 -0.982834 0.087022
0.113694 -0.983380 0.141552
-0.043953 -0.995984 0.077994
-0.087038 -0.982829 0.162698
-0.141568 -0.983376 0.113710
-0.518314 -0.566249 -0.640869
-0.273814 -0.801814 -0.531150
-0.377857 -0.794695 -0.475062
-0.160840 -0.205495 -0.965351
-0.377776 -0.162116 -0.911594
-0.414385 0.000315 -0.910102
0.141536 -0.983381 -0.113709
0.087006 -0.982832 -0.162698
0.128179 -0.962338 -0.239741
0.113694 -0.983380 0.141552
0.162682 -0.982834 0.087022
0.239725 -0.962340 0.128195
0.965347 -0.205514 -0.160837
0.999975 -0.006473 -0.002810
0.999986 -0.005280 0.000005
0.160833 -0.205500 0.965351
0.002810 -0.006454 0.999975
-0.000005 -0.005264 0.999986
-0.160840 -0.205495 -0.965351
-0.002810 -0.006454 -0.999975
0.000005 -0.005264 -0.999986
-0.174212 0.963494 -0.203297
-0.080511 0.982554 -0.167649
-0.082917 0.964352 -0.251295
0.697714 -0.003618 -0.716367
0.551898 -0.010670 -0.833843
0.639219 0.008012 -0.768983
-0.384799 0.005496 0.922984
-0.637459 -0.000812 0.770484
-0.581362 -0.188417 0.791529
-0.716366 -0.003594 -0.697715
-0.833844 -0.010648 -0.551897
-0.768982 0.008035 -0.639219
0.922984 0.005474 0.384798
0.770484 -0.000835 0.637459
0.791526 -0.188439 0.581359
-0.923293 0.004094 -0.384075
-0.771292 0.000929 -0.636481
-0.835763 -0.183919 -0.517373
0.716365 -0.003616 0.697716
0.833844 -0.010674 0.551897
0.768983 0.008010 0.639219
0.628853 0.582072 -0.515497
0.670191 0.591559 -0.448221
0.752820 0.201603 -0.626593
-0.628834 0.582093 0.515496
-0.670172 0.591581 0.448221
-0.752813 0.201628 0.626593
0.515506 0.582074 0.628843
0.448230 0.591563 0.670181
0.626596 0.201605 0.752816
-0.515487 0.582091 -0.628843
-0.448211 0.591577 -0.670181
-0.626590 0.201625 -0.752816
-0.609594 0.618322 -0.496057
-0.459980 0.804425 -0.375924
-0.562764 0.628897 -0.536457
-0.445874 -0.895067 -0.007121
-0.441860 -0.893862 -0.075964
-0.360742 -0.932280 -0.026819
0.000345 0.954622 -0.297820
-0.023181 0.963053 -0.268313
0.001154 0.988855 -0.148874
-0.003451 -0.999994 0.000031
-0.999971 -0.007059 0.002800
-0.990481 -0.002907 0.137619
0.001015 1.000000 -0.000018
0.001999 0.999998 -0.000031
0.985116 -0.006381 -0.171773
0.001977 0.999998 0.000031
0.999996 0.000668 0.002909
0.977930 -0.013479 0.208496
-0.977931 -0.013447 -0.208496
-0.001966 0.999998 -0.000031
-0.999995 0.000702 -0.002909
0.910455 0.001639 -0.413606
0.912987 -0.170361 -0.370718
0.832677 -0.129244 -0.538466
0.777506 -0.607237 -0.163549
0.755545 -0.604662 -0.252063
0.965347 -0.205514 -0.160837
0.163539 -0.607226 0.777516
0.252053 -0.604654 0.755555
0.160833 -0.205500 0.965351
0.413603 0.001647 0.910456
0.370715 -0.170352 0.912990
0.538464 -0.129239 0.832679
-0.077739 0.963483 0.256235
-0.054721 0.982831 0.176208
-0.166608 0.964693 0.203985
0.375594 -0.001272 0.926783
0.369970 -0.000006 0.929043
0.527724 0.080397 0.845603
0.704774 -0.081088 0.704782
0.620570 0.000823 0.784151
0.784145 0.000820 0.620577
-0.155591 0.188817 0.969608
-0.169880 0.025240 0.985141
-0.023047 0.262444 0.964672
-0.584548 -0.011190 0.811282
-0.640493 0.209752 0.738764
-0.669832 0.213289 0.711219
0.811282 -0.011213 0.584548
0.738768 0.209729 0.640497
0.711223 0.213266 0.669835
0.969611 0.188798 0.155594
0.985142 0.025221 0.169880
0.964676 0.262428 0.023051
-0.969605 0.188830 -0.155594
-0.985141 0.025253 -0.169880
-0.964668 0.262460 -0.023051
-0.811282 -0.011186 -0.584548
-0.738761 0.209753 -0.640497
-0.711216 0.213289 -0.669836
0.155597 0.188812 -0.969608
0.169881 0.025234 -0.985141
0.023055 0.262443 -0.964672
0.584547 -0.011209 -0.811282
0.640500 0.209730 -0.738764
0.669839 0.213266 -0.711219
-0.107624 0.935148 -0.337513
-0.174212 0.963494 -0.203297
-0.082917 0.964352 -0.251295
-0.078800 0.895309 -0.438420
-0.006945 0.899948 -0.435941
-0.045409 0.854249 -0.517877
0.077771 0.963481 -0.256235
0.054753 0.982829 -0.176209
0.166640 0.964687 -0.203986
-0.784145 0.000846 -0.620577
-0.704777 -0.081065 -0.704782
-0.620569 0.000843 -0.784151
-0.044424 0.995404 -0.084839
-0.033156 0.999450 0.000377
-0.019399 0.999549 -0.022910
-0.256219 0.963486 -0.077755
-0.176193 0.982833 -0.054737
-0.203970 0.964693 -0.166624
0.044457 0.995402 0.084839
0.033189 0.999449 -0.000378
0.019432 0.999549 0.022909
0.256251 0.963478 0.077755
0.176225 0.982827 0.054737
0.204001 0.964686 0.166624
0.805873 0.006965 -0.592048
0.891328 -0.008150 -0.453286
0.757399 0.004187 -0.652939
-0.909995 0.000625 0.414619
-0.842012 -0.217105 0.493843
-0.771399 0.000695 0.636351
0.910455 0.001639 -0.413606
0.832677 -0.129244 -0.538466
0.770798 0.002117 -0.637076
-0.805872 0.006992 0.592048
-0.891328 -0.008120 0.453286
-0.757400 0.004213 0.652938
0.413603 0.001647 0.910456
0.538464 -0.129239 0.832679
0.637076 0.002120 0.770798
-0.592048 0.006989 -0.805872
-0.453284 -0.008127 -0.891329
-0.652939 0.004211 -0.757399
-0.414385 0.000315 -0.910102
-0.566577 -0.231857 -0.790716
-0.635928 0.001918 -0.771746
0.592049 0.006969 0.805872
0.453288 -0.008142 0.891327
0.652938 0.004188 0.757400
-0.697715 -0.003596 0.716367
-0.551901 -0.010653 0.833842
-0.639219 0.008032 0.768983
0.384800 0.005483 -0.922984
0.637460 -0.000833 -0.770483
0.581355 -0.188436 -0.791529
-0.970923 -0.173526 0.164915
-0.925054 -0.128247 0.357530
-0.909995 0.000625 0.414619
-0.759810 -0.612250 0.218718
-0.530610 -0.801922 0.274541
-0.714541 -0.585544 0.382843
0.289611 -0.929030 0.230280
0.322155 -0.931799 0.167235
0.394333 -0.894455 0.210837
0.490207 -0.848270 0.200337
0.424906 -0.895789 0.130449
0.510485 -0.847994 0.142518
0.230265 -0.929029 -0.289626
0.167219 -0.931796 -0.322170
0.210822 -0.894452 -0.394347
0.200323 -0.848265 -0.490221
0.130434 -0.895784 -0.424920
0.142504 -0.847988 -0.510499
-0.319392 -0.897041 -0.305462
-0.397988 -0.890648 -0.219891
-0.415162 -0.852702 -0.317081
-0.323294 -0.850061 -0.415786
-0.245682 -0.893788 -0.375211
-0.319392 -0.897041 -0.305462
-0.169634 0.937985 0.302337
-0.271159 0.897602 0.347539
-0.175722 0.895309 0.409320
-0.084980 0.895455 0.436966
-0.175722 0.895309 0.409320
-0.151957 0.849694 0.504905
0.169665 0.937980 -0.302338
0.271189 0.897593 -0.347539
0.175751 0.895303 -0.409321
0.085009 0.895452 -0.436966
0.175751 0.895303 -0.409321
0.151985 0.849688 -0.504906
-0.054721 0.982831 0.176208
-0.114792 0.984194 0.134854
-0.166608 0.964693 0.203985
-0.026835 -0.932285 0.360727
-0.007135 -0.895075 0.445859
-0.075978 -0.893868 0.441845
0.436981 0.895446 0.084994
0.409335 0.895300 0.175736
0.504920 0.849683 0.151971
0.302353 0.937977 0.169649
0.347554 0.897592 0.271174
0.409335 0.895300 0.175736
-0.436951 0.895460 -0.084995
-0.409306 0.895313 -0.175737
-0.504892 0.849699 -0.151971
-0.302322 0.937987 -0.169650
-0.347524 0.897603 -0.271174
-0.409306 0.895313 -0.175737
0.082285 -0.894020 0.440407
0.165521 -0.893909 0.416569
0.151562 -0.848592 0.506874
-0.581362 -0.188417 0.791529
-0.707097 -0.005705 0.707093
-0.707097 -0.005705 0.707094
-0.751304 -0.154326 -0.641658
-0.707102 -0.001989 -0.707109
-0.707102 -0.001989 -0.707108
0.791526 -0.188439 0.581359
0.707093 -0.005728 0.707098
0.707093 -0.005729 0.707098
-0.129763 -0.961903 -0.240632
-0.221310 -0.932948 -0.283955
-0.166594 -0.932239 -0.321211
-0.003235 -0.987152 -0.159751
-0.067796 -0.962206 -0.263748
-0.009563 -0.955481 -0.294897
0.784145 0.000820 0.620577
0.704777 0.081065 0.704782
0.845599 0.080392 0.527731
0.620570 0.000823 0.784151
0.704777 0.081065 0.704782
0.784145 0.000820 0.620577
-0.113751 0.201637 -0.972833
-0.244804 0.594597 -0.765850
-0.146072 0.603634 -0.783766
-0.213582 0.152500 -0.964949
-0.369140 0.224911 -0.901748
-0.344473 0.576690 -0.740788
-0.964946 0.152512 0.213585
-0.901745 0.224920 0.369144
-0.740779 0.576697 0.344483
-0.972829 0.201651 0.113754
-0.765840 0.594605 0.244814
-0.783756 0.603644 0.146082
0.113758 0.201633 0.972833
0.244824 0.594589 0.765849
0.146092 0.603629 0.783766
0.213587 0.152493 0.964949
0.369148 0.224900 0.901748
0.344492 0.576679 0.740788
0.972836 0.201619 -0.113754
0.765859 0.594580 -0.244814
0.783776 0.603618 -0.146082
0.964951 0.152481 -0.213585
0.901752 0.224891 -0.369144
0.740798 0.576672 -0.344483
0.051882 -0.283906 -0.957447
0.174102 -0.325616 -0.929335
0.170095 -0.634343 -0.754107
-0.006228 -0.458346 -0.888752
0.028190 -0.266556 -0.963407
0.002003 -0.648883 -0.760886
0.957443 -0.283921 0.051887
0.929329 -0.325628 0.174108
0.754096 -0.634352 0.170105
0.441819 -0.893882 0.075963
0.520309 -0.853053 0.039734
0.510485 -0.847994 0.142518
-0.075978 -0.893868 0.441845
-0.039749 -0.853036 0.520336
-0.142536 -0.847974 0.510513
-0.051892 -0.283904 0.957448
-0.174113 -0.325610 0.929335
-0.170115 -0.634334 0.754110
-0.335257 0.883073 0.328305
-0.481194 0.753751 0.447562
-0.331355 0.883403 0.331366
0.335286 0.883062 -0.328306
0.481219 0.753735 -0.447562
0.331384 0.883392 -0.331367
0.924752 -0.000015 0.380570
0.839221 -0.000014 0.543791
0.839221 -0.000014 0.543791
0.839221 -0.000014 0.543791
0.924752 -0.000015 0.380570
0.924752 -0.000015 0.380570
-0.704774 0.081088 -0.704782
-0.620569 0.000843 -0.784151
-0.527721 0.080414 -0.845603
0.000345 0.006123 -0.999981
-0.002382 0.299483 -0.954099
0.023055 0.262443 -0.964672
-0.000345 0.006123 0.999981
0.002391 0.299483 0.954099
-0.023047 0.262444 0.964672
0.999981 0.006107 0.000345
0.954104 0.299468 -0.002387
0.964676 0.262428 0.023051
-0.999981 0.006140 -0.000345
-0.954094 0.299499 0.002386
-0.964668 0.262460 -0.023051
0.440392 -0.894026 -0.082300
0.416554 -0.893913 -0.165536
0.506860 -0.848598 -0.151576
0.443232 -0.896375 -0.007577
0.446130 -0.894944 0.006675
0.294591 -0.955587 0.008334
0.294591 -0.955587 0.008334
0.294882 -0.955486 -0.009547
0.443232 -0.896375 -0.007577
-0.507455 0.847062 0.158035
-0.525894 0.803775 0.278176
-0.460666 0.852758 0.246151
-0.357477 0.933448 0.029748
-0.438405 0.895315 0.078814
-0.337497 0.935152 0.107639
0.158049 0.847051 0.507468
0.278189 0.803762 0.525907
0.246165 0.852746 0.460680
0.029764 0.933442 0.357492
0.078829 0.895307 0.438419
0.107654 0.935145 0.337512
0.507483 0.847046 -0.158035
0.525920 0.803757 -0.278176
0.460695 0.852743 -0.246151
0.705942 0.010898 0.708186
0.666008 0.293040 0.685974
0.626596 0.201605 0.752816
0.708186 0.010897 -0.705941
0.685979 0.293040 -0.666003
0.752820 0.201603 -0.626593
-0.708186 0.010921 0.705941
-0.685970 0.293062 0.666003
-0.752813 0.201628 0.626593
-0.705941 0.010920 -0.708186
-0.665998 0.293062 -0.685974
-0.626590 0.201625 -0.752816
0.777506 -0.607237 -0.163549
0.965347 -0.205514 -0.160837
0.985238 -0.168110 -0.032345
0.506860 -0.848598 -0.151576
0.520131 -0.852808 -0.046724
0.440392 -0.894026 -0.082300
0.163539 -0.607226 0.777516
0.160833 -0.205500 0.965351
0.032342 -0.168094 0.985240
0.151562 -0.848592 0.506874
0.046711 -0.852800 0.520145
0.082285 -0.894020 0.440407
-0.468558 -0.799480 -0.375879
-0.485218 -0.724117 -0.490120
-0.415162 -0.852702 -0.317081
-0.707883 -0.004811 -0.706313
-0.647669 -0.359765 -0.671636
-0.751304 -0.154326 -0.641658
0.001154 0.988855 -0.148874
-0.023181 0.963053 -0.268313
-0.008530 0.988203 -0.152915
-0.007594 -0.896367 -0.443248
0.006660 -0.894936 -0.446144
0.008318 -0.955582 -0.294607
0.008318 -0.955582 -0.294607
-0.009563 -0.955481 -0.294897
-0.007594 -0.896367 -0.443248
-0.082317 -0.894012 -0.440417
-0.165555 -0.893898 -0.416579
-0.151594 -0.848579 -0.506886
0.054753 0.982829 -0.176209
0.114824 0.984190 -0.134854
0.166640 0.964687 -0.203986
-0.970923 -0.173526 0.164915
-0.999983 -0.005878 -0.000005
-0.999983 -0.005878 -0.000005
0.397143 -0.088659 -0.913464
0.384800 0.005483 -0.922984
0.581355 -0.188436 -0.791529
0.442725 -0.586455 -0.678281
0.645727 -0.273973 -0.712724
0.459667 -0.665722 -0.587810
0.913463 -0.088668 0.397145
0.922984 0.005474 0.384798
0.791526 -0.188439 0.581359
0.678272 -0.586459 0.442735
0.712720 -0.273974 0.645731
0.587799 -0.665724 0.459678
-0.397146 -0.088646 0.913464
-0.384799 0.005496 0.922984
-0.581362 -0.188417 0.791529
-0.442748 -0.586434 0.678285
-0.645736 -0.273952 0.712724
-0.459684 -0.665708 0.587813
-1.000000 0.000016 -0.000005
-0.982802 0.000016 0.184660
-0.982802 0.000016 0.184660
-0.982802 0.000016 0.184660
-1.000000 0.000016 -0.000005
-1.000000 0.000016 -0.000005
-0.924752 0.000015 -0.380570
-0.839221 0.000014 -0.543791
-0.839221 0.000014 -0.543791
-0.839221 0.000014 -0.543791
-0.924752 0.000015 -0.380570
-0.924752 0.000015 -0.380570
-0.006006 0.911030 0.412296
-0.037502 0.804608 0.592620
0.000013 0.911374 0.411579
-0.962380 -0.209014 -0.173604
-0.923293 0.004094 -0.384075
-0.930975 -0.082892 -0.355547
-0.521648 -0.804510 -0.283985
-0.692655 -0.597666 -0.403763
-0.468558 -0.799480 -0.375879
0.208003 -0.013200 -0.978039
0.000043 0.999999 -0.001698
0.002467 0.000534 -0.999997
-0.380562 0.000006 -0.924755
-0.543783 0.000009 -0.839226
-0.543783 0.000009 -0.839226
-0.543783 0.000009 -0.839226
-0.380562 0.000006 -0.924755
-0.380562 0.000006 -0.924755
-0.158021 0.847056 -0.507469
-0.278163 0.803771 -0.525907
-0.246137 0.852754 -0.460681
0.004007 0.937004 -0.349297
-0.078800 0.895309 -0.438420
-0.107624 0.935148 -0.337513
-0.252072 -0.604639 -0.755560
-0.273814 -0.801814 -0.531150
-0.444129 -0.583415 -0.679983
-0.151594 -0.848579 -0.506886
-0.243264 -0.847777 -0.471271
-0.163560 -0.607218 -0.777518
0.332335 0.880018 0.339297
0.569550 0.634456 0.522569
0.434057 0.759816 0.484019
-0.332307 0.880028 -0.339297
-0.569529 0.634474 -0.522570
-0.434032 0.759830 -0.484020
0.176225 0.982827 0.054737
0.134870 0.984190 0.114808
0.204001 0.964686 0.166624
-0.176193 0.982833 -0.054737
-0.134838 0.984194 -0.114808
-0.203970 0.964693 -0.166624
0.543791 -0.000009 -0.839221
0.380570 -0.000006 -0.924752
0.380570 -0.000006 -0.924752
0.380570 -0.000006 -0.924752
0.543791 -0.000009 -0.839221
0.543791 -0.000009 -0.839221
0.000002 1.000000 -0.000003
0.000006 1.000000 0.000000
-0.000007 1.000000 -0.000000
-0.000047 -0.999994 -0.003357
-0.002810 -0.006454 -0.999975
-0.137978 -0.002884 -0.990431
0.000047 0.999998 0.001939
0.171772 -0.006351 0.985116
0.000034 1.000000 0.000993
-0.000014 0.999998 -0.001939
-0.171769 -0.006353 -0.985117
-0.000001 1.000000 -0.000993
0.000014 -0.999994 0.003414
0.002810 -0.006454 0.999975
0.137975 -0.002888 0.990432
-0.001944 0.999998 0.000031
-0.985116 -0.006349 0.171773
-0.000960 1.000000 0.000017
0.003388 -0.999994 -0.000031
0.999975 -0.006473 -0.002810
0.990431 -0.002917 -0.137978
0.158261 0.987390 0.003669
0.291927 0.956386 0.010228
0.296900 0.954908 0.000001
0.296900 0.954908 0.000001
0.149735 0.988726 0.000000
0.158261 0.987390 0.003669
-0.158229 0.987396 -0.003670
-0.291896 0.956395 -0.010228
-0.296869 0.954918 -0.000002
-0.296869 0.954918 -0.000002
-0.149703 0.988731 -0.000001
-0.158229 0.987396 -0.003670
-0.084980 0.895455 0.436966
-0.100601 0.933781 0.343414
-0.175722 0.895309 0.409320
0.085009 0.895452 -0.436966
0.100632 0.933777 -0.343414
0.175751 0.895303 -0.409321
0.762168 0.595355 0.254270
0.683600 0.704716 0.189911
0.526162 0.803017 0.279853
0.738768 0.209729 0.640497
0.609615 0.618302 0.496057
0.711223 0.213266 0.669835
-0.762148 0.595379 -0.254270
-0.683577 0.704738 -0.189911
-0.526135 0.803034 -0.279853
-0.738761 0.209753 -0.640497
-0.609594 0.618322 -0.496057
-0.711216 0.213289 -0.669836
0.640500 0.209730 -0.738764
0.496067 0.618304 -0.609605
0.669839 0.213266 -0.711219
0.254280 0.595363 -0.762158
0.189923 0.704724 -0.683589
0.279866 0.803021 -0.526149
-0.254260 0.595371 0.762158
-0.189899 0.704730 0.683589
-0.279840 0.803030 0.526148
-0.640493 0.209752 0.738764
-0.496047 0.618320 0.609604
-0.669832 0.213289 0.711219
0.775090 0.622846 0.106299
0.932161 0.349190 0.095619
0.964676 0.262428 0.023051
0.504920 0.849683 0.151971
0.516238 0.855209 0.046000
0.436981 0.895446 0.084994
0.106309 0.622856 -0.775080
0.095625 0.349203 -0.932155
0.023055 0.262443 -0.964672
0.151985 0.849688 -0.504906
0.046014 0.855216 -0.516225
0.085009 0.895452 -0.436966
-0.151957 0.849694 0.504905
-0.045986 0.855218 0.516224
-0.084980 0.895455 0.436966
-0.106289 0.622860 0.775079
-0.095613 0.349207 0.932155
-0.023047 0.262444 0.964672
-0.775069 0.622871 -0.106299
-0.932149 0.349221 -0.095619
-0.964668 0.262460 -0.023051
-0.504892 0.849699 -0.151971
-0.516210 0.855226 -0.046001
-0.436951 0.895460 -0.084995
0.008871 0.996351 0.084885
-0.084822 0.995404 0.044440
-0.054721 0.982831 0.176208
0.000016 1.000000 -0.000000
0.000016 1.000000 0.000001
0.000017 1.000000 -0.000000
0.000017 1.000000 -0.000000
0.000016 1.000000 -0.000000
0.000016 1.000000 -0.000000
0.000014 1.000000 0.000005
0.000008 1.000000 0.000006
0.000015 1.000000 0.000002
0.000016 1.000000 0.000001
0.000017 1.000000 0.000001
0.000016 1.000000 0.000000
0.000016 1.000000 0.000000
0.000016 1.000000 0.000001
0.000016 1.000000 0.000001
0.000021 1.000000 0.000003
0.000022 1.000000 0.000008
0.000018 1.000000 0.000003
0.000011 1.000000 -0.000003
0.000010 1.000000 -0.000008
0.000014 1.000000 -0.000002
0.000016 1.000000 0.000001
0.000014 1.000000 -0.000002
0.000016 1.000000 -0.000000
0.000016 1.000000 -0.000000
0.000016 1.000000 -0.000001
0.000016 1.000000 -0.000000
0.000016 1.000000 -0.000000
0.000016 1.000000 -0.000000
0.000016 1.000000 -0.000000
0.000020 1.000000 -0.000005
0.000025 1.000000 -0.000006
0.000018 1.000000 -0.000003
-0.184669 0.000003 0.982801
-0.000005 0.000000 1.000000
-0.000005 0.000000 1.000000
-0.000005 0.000000 1.000000
-0.184669 0.000003 0.982801
-0.184669 0.000003 0.982801
-0.375226 -0.893786 0.245667
-0.416033 -0.848269 0.327653
-0.471285 -0.847773 0.243250
-0.467002 -0.799541 0.377681
-0.530610 -0.801922 0.274541
-0.471285 -0.847773 0.243250
-0.471285 -0.847773 0.243250
-0.416033 -0.848269 0.327653
-0.467002 -0.799541 0.377681
0.327630 -0.848293 0.416002
0.377653 -0.799579 0.466960
0.274778 -0.801445 0.531210
0.274778 -0.801445 0.531210
0.243225 -0.847797 0.471256
0.327630 -0.848293 0.416002
0.245646 -0.893801 0.375203
0.327630 -0.848293 0.416002
0.243225 -0.847797 0.471256
0.415988 -0.848294 -0.327644
0.466946 -0.799581 -0.377666
0.531196 -0.801449 -0.274791
0.531196 -0.801449 -0.274791
0.471242 -0.847801 -0.243238
0.415988 -0.848294 -0.327644
0.375188 -0.893804 -0.245661
0.415988 -0.848294 -0.327644
0.471242 -0.847801 -0.243238
0.436981 0.895446 0.084994
0.343429 0.933773 0.100616
0.409335 0.895300 0.175736
-0.436951 0.895460 -0.084995
-0.343399 0.933784 -0.100617
-0.409306 0.895313 -0.175737
0.646663 -0.011708 -0.762686
0.832276 -0.000976 -0.554361
0.526696 0.068178 -0.847315
0.006046 0.907714 -0.419545
-0.073532 0.666948 -0.741467
0.054634 0.811355 -0.581995
0.982801 -0.000016 0.184669
0.926780 -0.001281 0.375603
0.929040 -0.000015 0.369979
0.929040 -0.000015 0.369979
0.982801 -0.000016 0.184669
0.982801 -0.000016 0.184669
0.106430 -0.706776 -0.699385
0.113112 -0.720381 -0.684293
0.001919 -0.707019 -0.707192
0.555063 0.005997 -0.831787
0.592326 -0.000010 -0.805698
0.382689 0.001051 -0.923877
-0.555062 0.006016 0.831787
-0.592326 0.000010 0.805698
-0.382689 0.001064 0.923877
-0.106454 -0.706772 0.699386
-0.113135 -0.720377 0.684293
-0.001942 -0.707018 0.707193
0.693215 -0.707158 -0.139214
0.693339 -0.707117 -0.138804
0.707181 -0.707030 -0.001924
0.923880 -0.001072 -0.382680
0.981267 -0.006027 -0.192558
0.831792 -0.006021 -0.555055
-0.228677 0.934015 -0.274451
-0.217022 0.896362 -0.386571
-0.309456 0.877367 -0.366694
-0.300316 -0.939880 0.162588
-0.280671 -0.933786 0.221962
-0.375226 -0.893786 0.245667
0.440392 -0.894026 -0.082300
0.346746 -0.932767 -0.098551
0.416554 -0.893913 -0.165536
0.300283 -0.939891 -0.162586
0.280638 -0.933797 -0.221960
0.375188 -0.893804 -0.245661
0.162571 -0.939889 0.300299
0.221945 -0.933795 0.280654
0.245646 -0.893801 0.375203
0.082285 -0.894020 0.440407
0.098536 -0.932763 0.346762
0.165521 -0.893909 0.416569
0.203313 0.963488 -0.174228
0.124875 0.984406 -0.123902
0.167367 0.982568 -0.080918
-0.203281 0.963494 0.174227
-0.124842 0.984410 0.123902
-0.167335 0.982574 0.080917
0.174243 0.963488 0.203297
0.123918 0.984406 0.124858
0.080934 0.982570 0.167350
-0.693238 -0.707135 0.139214
-0.679402 -0.722565 0.127716
-0.707204 -0.707007 0.001924
-0.923880 0.001072 0.382680
-0.981267 0.006027 0.192558
-0.989027 0.000016 0.147737
0.106329 -0.706822 0.699355
0.002104 -0.707018 0.707192
0.113009 -0.720339 0.684354
0.382680 0.001051 0.923880
0.192558 0.006008 0.981267
0.147737 -0.000002 0.989027
-0.106352 -0.706819 -0.699355
-0.002127 -0.707018 -0.707192
-0.113033 -0.720336 -0.684354
-0.382680 0.001063 -0.923880
-0.192558 0.006013 -0.981267
-0.147737 0.000002 -0.989027
0.000017 0.988729 -0.149719
0.003686 0.987393 -0.158245
0.010244 0.956390 -0.291911
0.010244 0.956390 -0.291911
0.000017 0.954913 -0.296885
0.000017 0.988729 -0.149719
-0.003653 0.987393 0.158245
-0.010212 0.956391 0.291911
0.000014 0.954913 0.296884
0.000014 0.954913 0.296884
0.000016 0.988729 0.149719
-0.003653 0.987393 0.158245
-0.291598 0.956499 0.008918
-0.157995 0.987409 0.007789
-0.149703 0.988731 -0.000001
-0.149703 0.988731 -0.000001
-0.296869 0.954918 -0.000002
-0.291598 0.956499 0.008918
0.008934 0.956494 0.291614
0.007806 0.987407 0.158011
0.000016 0.988729 0.149719
0.000016 0.988729 0.149719
0.000014 0.954913 0.296884
0.008934 0.956494 0.291614
0.291630 0.956490 -0.008919
0.158027 0.987404 -0.007790
0.149735 0.988726 0.000000
0.149735 0.988726 0.000000
0.296900 0.954909 0.000001
0.291630 0.956490 -0.008919
-0.974756 -0.222736 0.015462
-0.963634 -0.265509 -0.030248
-0.911593 -0.411021 -0.007746
-0.698103 -0.706310 -0.117381
-0.956159 -0.288286 -0.051485
-0.756671 -0.631484 -0.169343
0.195085 -0.000003 0.980786
-0.195094 0.000003 0.980784
-0.195094 0.000003 0.980785
-0.195094 0.000003 0.980785
0.195085 -0.000003 0.980786
0.195085 -0.000003 0.980786
0.831467 -0.000014 0.555574
0.831467 -0.000014 0.555574
0.555566 -0.000009 0.831473
0.555566 -0.000009 0.831473
0.555566 -0.000009 0.831473
0.831467 -0.000014 0.555574
-0.195085 0.000003 -0.980786
0.211015 0.028629 -0.977063
0.195094 -0.000003 -0.980785
0.195094 -0.000003 -0.980785
-0.195085 0.000003 -0.980786
-0.195085 0.000003 -0.980786
-0.831467 0.000014 -0.555574
-0.831467 0.000014 -0.555574
-0.555566 0.000009 -0.831473
-0.555566 0.000009 -0.831473
-0.555566 0.000009 -0.831473
-0.831467 0.000014 -0.555574
0.159735 -0.987155 -0.003219
0.182339 -0.981811 -0.052915
0.258141 -0.963049 -0.076815
0.077744 -0.995956 -0.045024
0.043920 -0.995986 -0.077994
0.141536 -0.983381 -0.113709
0.003203 -0.987152 0.159751
0.052899 -0.981809 0.182355
0.076799 -0.963046 0.258157
0.045008 -0.995956 0.077761
0.077978 -0.995986 0.043937
0.113694 -0.983380 0.141552
-0.159767 -0.987149 0.003219
-0.182371 -0.981805 0.052915
-0.258173 -0.963040 0.076815
-0.077777 -0.995954 0.045025
-0.043953 -0.995984 0.077994
-0.141568 -0.983376 0.113710
0.768983 0.008010 0.639219
0.704796 0.008337 0.709361
0.707100 -0.000004 0.707114
0.000009 1.000000 -0.000010
0.000013 1.000000 0.000003
0.000013 1.000000 0.000003
-0.441860 -0.893862 -0.075964
-0.346128 -0.932603 -0.102215
-0.360742 -0.932280 -0.026819
-0.487072 -0.848472 -0.207018
-0.424946 -0.895770 -0.130452
-0.510527 -0.847968 -0.142522
0.832295 -0.000014 -0.554332
0.832276 -0.000976 -0.554361
0.646663 -0.011708 -0.762686
-0.555574 0.000009 0.831467
-0.555574 0.000009 0.831467
-0.831473 0.000014 0.555566
-0.831473 0.000014 0.555566
-0.831473 0.000014 0.555566
-0.555574 0.000009 0.831467
-0.980785 0.000016 -0.195094
-0.980785 0.000016 -0.195094
-0.980786 0.000016 0.195085
-0.980786 0.000016 0.195085
-0.980786 0.000016 0.195085
-0.980785 0.000016 -0.195094
-0.164417 -0.982965 -0.082136
-0.159438 -0.987178 -0.007743
-0.255992 -0.964360 -0.066924
-0.158021 0.847056 -0.507469
-0.064897 0.656583 -0.751457
-0.115250 0.599087 -0.792346
0.002933 0.299794 -0.954000
-0.024220 0.213187 -0.976711
-0.007104 0.411858 -0.911220
-0.002924 0.299794 0.953999
0.024227 0.213187 0.976711
0.007118 0.411859 0.911220
0.158049 0.847051 0.507468
0.064918 0.656581 0.751457
0.115270 0.599084 0.792346
0.380620 -0.846970 0.371175
0.464771 -0.804705 0.369374
0.493712 -0.712595 0.498453
0.587799 -0.665724 0.459678
0.712720 -0.273974 0.645731
0.672513 -0.337991 0.658398
0.459667 -0.665722 -0.587810
0.645727 -0.273973 -0.712724
0.658393 -0.337991 -0.672519
0.369361 -0.804704 -0.464784
0.498441 -0.712596 -0.493724
0.371161 -0.846970 -0.380633
-0.371198 -0.846948 0.380646
-0.369401 -0.804675 0.464802
-0.498466 -0.712577 0.493727
-0.459684 -0.665708 0.587813
-0.645736 -0.273952 0.712724
-0.658404 -0.337969 0.672519
-0.507455 0.847062 0.158035
-0.751446 0.656594 0.064908
-0.792336 0.599098 0.115260
-0.928879 0.370360 -0.004200
-0.976714 0.213198 0.023995
-0.915095 0.403176 0.007138
0.507483 0.847046 -0.158035
0.751468 0.656569 -0.064908
0.792356 0.599072 -0.115260
0.969996 0.243114 0.001750
0.976715 0.213171 -0.024224
0.911531 0.411148 -0.008323
0.419560 0.907708 -0.006027
0.551169 0.830151 -0.084029
0.714516 0.699224 -0.023538
-0.412282 0.911037 0.006017
-0.562296 0.824212 0.067066
-0.717694 0.695903 0.025198
-0.707000 0.017508 0.706997
-0.707000 0.017507 0.706997
-0.805872 0.006992 0.592048
-0.166594 -0.932239 -0.321211
-0.221310 -0.932948 -0.283955
-0.245682 -0.893788 -0.375211
-0.082317 -0.894012 -0.440417
-0.098568 -0.932759 -0.346764
-0.165555 -0.893898 -0.416579
-0.022409 -0.217470 -0.975810
0.028190 -0.266556 -0.963407
-0.006228 -0.458346 -0.888752
-0.032348 -0.168094 -0.985240
-0.089209 -0.490088 -0.867096
-0.163560 -0.607218 -0.777518
0.000013 1.000000 0.000002
0.000014 1.000000 0.000002
0.000010 1.000000 0.000006
0.000016 1.000000 0.000000
0.000016 1.000000 0.000001
0.000014 1.000000 0.000002
0.000016 1.000000 -0.000000
0.000019 1.000000 -0.000001
0.000017 1.000000 0.000002
0.000020 1.000000 -0.000001
0.000019 1.000000 -0.000001
0.000024 1.000000 -0.000006
0.000016 1.000000 -0.000000
0.000015 1.000000 -0.000003
0.000019 1.000000 -0.000000
0.000014 1.000000 -0.000004
0.000015 1.000000 -0.000003
0.000010 1.000000 -0.000007
0.000015 1.000000 0.000000
0.000016 1.000000 0.000000
0.000018 1.000000 0.000002
0.000018 1.000000 0.000004
0.000018 1.000000 0.000002
0.000023 1.000000 0.000007
-0.986218 -0.162132 0.032986
-0.867104 -0.490075 0.089201
-0.781708 -0.602001 0.162873
-0.911593 -0.411021 -0.007746
-0.759846 -0.647764 0.055096
-0.974756 -0.222736 0.015462
0.722734 -0.687683 0.068909
0.963670 -0.265388 0.030146
0.698076 -0.706336 0.117383
0.974769 -0.222687 -0.015337
0.963670 -0.265388 0.030146
0.911579 -0.411051 0.007746
-0.068921 -0.687666 0.722748
-0.030150 -0.265371 0.963675
-0.117393 -0.706319 0.698092
0.015334 -0.222671 0.974773
-0.030150 -0.265371 0.963675
-0.007752 -0.411036 0.911586
0.075948 -0.893876 -0.441834
0.039720 -0.853045 -0.520323
0.142504 -0.847988 -0.510499
0.067406 -0.687069 -0.723459
0.028190 -0.266556 -0.963407
0.117371 -0.706327 -0.698088
-0.003235 -0.987152 -0.159751
-0.044515 -0.983045 -0.177878
-0.067796 -0.962206 -0.263748
-0.863622 0.342554 -0.369882
-0.927334 0.051406 -0.370688
-0.969605 0.188830 -0.155594
-0.683577 0.704738 -0.189911
-0.762148 0.595379 -0.254270
-0.932149 0.349221 -0.095619
0.369888 0.342534 -0.863628
0.370689 0.051384 -0.927334
0.155597 0.188812 -0.969608
0.189923 0.704724 -0.683589
0.254280 0.595363 -0.762158
0.095625 0.349203 -0.932155
-0.369877 0.342547 0.863628
-0.370688 0.051397 0.927334
-0.155591 0.188817 0.969608
-0.189899 0.704730 0.683589
-0.254260 0.595371 0.762158
-0.095613 0.349207 0.932155
0.863634 0.342526 0.369882
0.927335 0.051375 0.370688
0.969611 0.188798 0.155594
0.683600 0.704716 0.189911
0.762168 0.595355 0.254270
0.932161 0.349190 0.095619
-0.707110 0.000012 0.707103
-0.707110 0.000012 0.707103
-0.707110 0.000012 0.707103
-0.707110 0.000012 0.707103
-0.707110 0.000012 0.707103
-0.707110 0.000012 0.707103
-0.707110 0.000012 0.707103
-0.707110 0.000012 0.707103
-0.707110 0.000012 0.707103
0.707103 -0.000011 0.707110
0.707103 -0.000011 0.707110
0.707103 -0.000011 0.707110
0.707103 -0.000011 0.707110
0.707103 -0.000011 0.707110
0.707103 -0.000011 0.707110
0.707103 -0.000011 0.707110
0.707103 -0.000011 0.707110
0.707103 -0.000011 0.707110
0.707110 -0.000012 -0.707103
0.707110 -0.000012 -0.707103
0.707110 -0.000012 -0.707103
0.707110 -0.000012 -0.707103
0.707110 -0.000012 -0.707103
0.707110 -0.000012 -0.707103
0.707110 -0.000012 -0.707103
0.707110 -0.000012 -0.707103
0.707110 -0.000012 -0.707103
-0.707103 0.000011 -0.707110
-0.707103 0.000011 -0.707110
-0.707103 0.000011 -0.707110
-0.707103 0.000011 -0.707110
-0.707103 0.000011 -0.707110
-0.707103 0.000011 -0.707110
-0.707103 0.000011 -0.707110
-0.707103 0.000011 -0.707110
-0.707103 0.000011 -0.707110
0.336216 0.879730 0.336204
0.569550 0.634456 0.522569
0.332335 0.880018 0.339297
-0.336187 0.879741 -0.336205
-0.569529 0.634474 -0.522570
-0.332307 0.880028 -0.339297
0.000007 1.000000 0.000006
0.000020 1.000000 0.000003
0.000021 1.000000 0.000003
0.639219 0.008012 -0.768983
0.709361 0.008337 -0.704796
0.707112 -0.000006 -0.707102
0.000023 1.000000 0.000010
0.000020 1.000000 -0.000004
0.000020 1.000000 -0.000004
-0.768982 0.008035 -0.639219
-0.704795 0.008359 -0.709361
-0.707101 0.000017 -0.707113
-0.204418 0.000003 -0.978884
-0.204418 0.000003 -0.978884
-0.113745 0.000002 -0.993510
-0.113745 0.000002 -0.993510
-0.113745 0.000002 -0.993510
-0.204418 0.000003 -0.978884
-0.982801 0.000016 -0.184669
-0.926780 -0.001251 -0.375603
-0.929040 0.000015 -0.369979
-0.929040 0.000015 -0.369979
-0.982801 0.000016 -0.184669
-0.982801 0.000016 -0.184669
0.335286 0.883062 -0.328306
0.525912 0.631103 -0.570197
0.481219 0.753735 -0.447562
-0.335257 0.883073 0.328305
-0.525892 0.631121 0.570197
-0.481194 0.753751 0.447562
0.394333 -0.894455 0.210837
0.322155 -0.931799 0.167235
0.346094 -0.932615 0.102214
0.346094 -0.932615 0.102214
0.424906 -0.895789 0.130449
0.394333 -0.894455 0.210837
0.346094 -0.932615 0.102214
0.360710 -0.932292 0.026819
0.441819 -0.893882 0.075963
0.210822 -0.894452 -0.394347
0.167219 -0.931796 -0.322170
0.102199 -0.932611 -0.346109
0.102199 -0.932611 -0.346109
0.130434 -0.895784 -0.424920
0.210822 -0.894452 -0.394347
0.102199 -0.932611 -0.346109
0.026803 -0.932287 -0.360725
0.075948 -0.893876 -0.441834
1.000000 -0.000016 0.000005
1.000000 -0.000016 0.000005
1.000000 -0.000016 0.000005
1.000000 -0.000016 0.000005
1.000000 -0.000016 0.000005
1.000000 -0.000016 0.000005
1.000000 -0.000016 0.000005
1.000000 -0.000016 0.000005
1.000000 -0.000016 0.000005
0.000005 -0.000000 -1.000000
0.000005 -0.000000 -1.000000
0.000005 -0.000000 -1.000000
0.000005 -0.000000 -1.000000
0.000005 -0.000000 -1.000000
0.000005 -0.000000 -1.000000
0.000005 -0.000000 -1.000000
0.000005 -0.000000 -1.000000
0.000005 -0.000000 -1.000000
-0.000005 0.000000 1.000000
-0.000005 0.000000 1.000000
-0.000005 0.000000 1.000000
-0.000005 0.000000 1.000000
-0.000005 0.000000 1.000000
-0.000005 0.000000 1.000000
-0.000005 0.000000 1.000000
-0.000005 0.000000 1.000000
-0.000005 0.000000 1.000000
0.170095 -0.634343 -0.754107
0.174102 -0.325616 -0.929335
0.258260 -0.626393 -0.735482
0.172660 -0.095113 -0.980379
0.384800 0.005483 -0.922984
0.397143 -0.088659 -0.913464
0.754096 -0.634352 0.170105
0.929329 -0.325628 0.174108
0.735472 -0.626400 0.258271
0.980377 -0.095126 0.172662
0.922984 0.005474 0.384798
0.913463 -0.088668 0.397145
-0.172663 -0.095107 0.980379
-0.384799 0.005496 0.922984
-0.397146 -0.088646 0.913464
-0.170115 -0.634334 0.754110
-0.174113 -0.325610 0.929335
-0.258279 -0.626377 0.735489
0.479857 -0.198572 0.854580
0.375594 -0.001272 0.926783
0.620570 0.000823 0.784151
0.911579 -0.411051 0.007746
0.759820 -0.647794 -0.055095
0.974769 -0.222687 -0.015337
0.985238 -0.168110 -0.032345
0.759820 -0.647794 -0.055095
0.867088 -0.490103 -0.089201
-0.007752 -0.411036 0.911586
0.055085 -0.647782 0.759831
0.015334 -0.222671 0.974773
0.032342 -0.168094 0.985240
0.055085 -0.647782 0.759831
0.089193 -0.490090 0.867096
0.077978 -0.995986 0.043937
0.159406 -0.987183 0.007744
0.162682 -0.982834 0.087022
0.043920 -0.995986 -0.077994
0.007727 -0.987180 -0.159421
0.087006 -0.982832 -0.162698
-0.000575 -0.999470 -0.032556
-0.003235 -0.987152 -0.159751
0.007727 -0.987180 -0.159421
0.007727 -0.987180 -0.159421
0.000542 -0.999470 -0.032556
-0.000575 -0.999470 -0.032556
-0.043953 -0.995984 0.077994
-0.007759 -0.987180 0.159422
-0.087038 -0.982829 0.162698
0.752820 0.201603 -0.626593
0.832559 -0.028682 -0.553194
0.708186 0.010897 -0.705941
0.740798 0.576672 -0.344483
0.901752 0.224891 -0.369144
0.752820 0.201603 -0.626593
0.344492 0.576679 0.740788
0.369148 0.224900 0.901748
0.626596 0.201605 0.752816
0.626596 0.201605 0.752816
0.553193 -0.028677 0.832559
0.705942 0.010898 0.708186
-0.752813 0.201628 0.626593
-0.832560 -0.028655 0.553194
-0.708186 0.010921 0.705941
-0.740779 0.576697 0.344483
-0.901745 0.224920 0.369144
-0.752813 0.201628 0.626593
-0.344473 0.576690 -0.740788
-0.369140 0.224911 -0.901748
-0.626590 0.201625 -0.752816
-0.626590 0.201625 -0.752816
-0.553194 -0.028660 -0.832559
-0.705941 0.010920 -0.708186
-0.551901 -0.010653 0.833842
-0.208500 -0.013475 0.977930
-0.382843 0.013340 0.923717
0.000021 1.000000 0.000003
0.000018 1.000000 0.000003
0.000017 1.000000 0.000001
0.551898 -0.010670 -0.833843
0.208003 -0.013200 -0.978039
0.382842 0.013328 -0.923718
0.000011 1.000000 -0.000003
0.000014 1.000000 -0.000002
0.000016 1.000000 0.000001
0.833844 -0.010674 0.551897
0.977930 -0.013479 0.208496
0.923718 0.013319 0.382842
0.000020 1.000000 -0.000005
0.000018 1.000000 -0.000003
0.000016 1.000000 -0.000001
-0.833844 -0.010648 -0.551897
-0.977931 -0.013447 -0.208496
-0.923717 0.013349 -0.382842
0.000014 1.000000 0.000005
0.000015 1.000000 0.000002
0.000016 1.000000 0.000001
0.752820 0.201603 -0.626593
0.685979 0.293040 -0.666003
0.628853 0.582072 -0.515497
0.366708 0.877356 -0.309470
0.463141 0.805766 -0.369109
0.527009 0.690611 -0.495296
-0.626590 0.201625 -0.752816
-0.665998 0.293062 -0.685974
-0.515487 0.582091 -0.628843
-0.309456 0.877367 -0.366694
-0.369095 0.805780 -0.463128
-0.495285 0.690628 -0.526998
0.626596 0.201605 0.752816
0.666008 0.293040 0.685974
0.515506 0.582074 0.628843
0.309484 0.877357 0.366693
0.369122 0.805768 0.463127
0.495307 0.690612 0.526997
-0.752813 0.201628 0.626593
-0.685970 0.293062 0.666003
-0.628834 0.582093 0.515496
-0.366679 0.877368 0.309470
-0.463114 0.805782 0.369108
-0.526986 0.690628 0.495296
-0.003653 0.987393 0.158245
-0.077739 0.963483 0.256235
-0.010212 0.956391 0.291911
-0.031650 0.935022 0.353175
-0.100601 0.933781 0.343414
-0.084980 0.895455 0.436966
0.003686 0.987393 -0.158245
0.077771 0.963481 -0.256235
0.010244 0.956390 -0.291911
0.031681 0.935020 -0.353176
0.100632 0.933777 -0.343414
0.085009 0.895452 -0.436966
-0.985116 -0.006349 0.171773
-0.939851 0.009492 0.341452
-0.995882 0.001643 0.090644
0.985116 -0.006381 -0.171773
0.939852 0.009461 -0.341452
0.995882 0.001611 -0.090644
0.171772 -0.006351 0.985116
0.341452 0.009471 0.939851
0.090644 0.001625 0.995882
-0.171769 -0.006353 -0.985117
-0.341451 0.009482 -0.939852
-0.090644 0.001628 -0.995882
-0.375541 -0.459810 -0.804701
-0.252072 -0.604639 -0.755560
-0.444129 -0.583415 -0.679983
-0.654271 -0.159537 -0.739241
-0.518314 -0.566249 -0.640869
-0.647669 -0.359765 -0.671636
-0.485218 -0.724117 -0.490120
-0.379874 -0.845304 -0.375710
-0.415162 -0.852702 -0.317081
-0.415162 -0.852702 -0.317081
-0.379874 -0.845304 -0.375710
-0.319392 -0.897041 -0.305462
0.993510 -0.000016 -0.113745
0.978884 -0.000016 -0.204418
0.978884 -0.000016 -0.204418
0.978884 -0.000016 -0.204418
0.993510 -0.000016 -0.113745
0.993510 -0.000016 -0.113745
-0.993510 0.000016 0.113745
-0.978884 0.000016 0.204418
-0.978884 0.000016 0.204418
-0.978884 0.000016 0.204418
-0.993510 0.000016 0.113745
-0.993510 0.000016 0.113745
0.106329 -0.706822 0.699355
0.113009 -0.720339 0.684354
0.256758 -0.741480 0.619905
0.402139 -0.720387 0.565090
0.495497 -0.706840 0.504837
0.417689 -0.706955 0.570745
-0.106352 -0.706819 -0.699355
-0.113033 -0.720336 -0.684354
-0.256782 -0.741472 -0.619905
-0.402163 -0.720374 -0.565089
-0.495520 -0.706824 -0.504837
-0.417712 -0.706942 -0.570744
-0.569437 -0.719543 0.397492
-0.504848 -0.706823 0.495509
-0.570756 -0.706939 0.417701
-0.569437 -0.719543 0.397492
-0.579790 -0.788407 0.205568
-0.679402 -0.722565 0.127716
0.078829 0.895307 0.438419
0.008260 0.897424 0.441091
0.045437 0.854248 0.517877
0.029764 0.933442 0.357492
0.008260 0.897424 0.441091
0.078829 0.895307 0.438419
-0.438405 0.895315 0.078814
-0.441077 0.897432 0.008245
-0.517863 0.854257 0.045423
-0.357477 0.933448 0.029748
-0.441077 0.897432 0.008245
-0.438405 0.895315 0.078814
-0.066940 -0.964362 0.255976
-0.026835 -0.932285 0.360727
-0.102230 -0.932607 0.346113
-0.007759 -0.987180 0.159422
-0.008349 -0.955582 0.294607
-0.066940 -0.964362 0.255976
0.255960 -0.964368 0.066925
0.360710 -0.932292 0.026819
0.346094 -0.932615 0.102214
0.159406 -0.987183 0.007744
0.294591 -0.955587 0.008334
0.255960 -0.964368 0.066925
0.007727 -0.987180 -0.159421
0.008318 -0.955582 -0.294607
0.066908 -0.964365 -0.255976
0.066908 -0.964365 -0.255976
0.026803 -0.932287 -0.360725
0.102199 -0.932611 -0.346109
-0.210857 -0.894439 0.394357
-0.167251 -0.931790 0.322173
-0.102230 -0.932607 0.346113
-0.102230 -0.932607 0.346113
-0.130467 -0.895774 0.424932
-0.210857 -0.894439 0.394357
-0.102230 -0.932607 0.346113
-0.026835 -0.932285 0.360727
-0.075978 -0.893868 0.441845
0.000018 1.000000 0.000004
0.000023 1.000000 0.000007
0.000023 1.000000 0.000006
0.000020 1.000000 -0.000001
0.000024 1.000000 -0.000006
0.000024 1.000000 -0.000006
0.000014 1.000000 -0.000004
0.000010 1.000000 -0.000007
0.000010 1.000000 -0.000007
0.000013 1.000000 0.000002
0.000010 1.000000 0.000006
0.000010 1.000000 0.000006
-0.015309 -0.996151 0.086307
0.045008 -0.995956 0.077761
0.052899 -0.981809 0.182355
-0.007759 -0.987180 0.159422
-0.000575 -0.999470 0.032556
0.000542 -0.999470 0.032556
0.000542 -0.999470 0.032556
0.003203 -0.987152 0.159751
-0.007759 -0.987180 0.159422
-0.159438 -0.987178 -0.007743
-0.032572 -0.999469 -0.000558
-0.032572 -0.999469 0.000559
-0.032572 -0.999469 0.000559
-0.159767 -0.987149 0.003219
-0.159438 -0.987178 -0.007743
-0.086323 -0.996150 -0.015292
-0.077777 -0.995954 0.045025
-0.182371 -0.981805 0.052915
0.159406 -0.987183 0.007744
0.032540 -0.999470 0.000559
0.032540 -0.999470 -0.000558
0.032540 -0.999470 -0.000558
0.159735 -0.987155 -0.003219
0.159406 -0.987183 0.007744
0.086290 -0.996153 0.015293
0.077744 -0.995956 -0.045024
0.182339 -0.981811 -0.052915
0.743249 -0.229675 -0.628355
0.699924 -0.566258 -0.435268
0.628219 -0.592352 -0.504440
0.832677 -0.129244 -0.538466
0.912987 -0.170361 -0.370718
0.699924 -0.566258 -0.435268
0.628352 -0.229673 0.743253
0.435259 -0.566254 0.699933
0.504431 -0.592350 0.628229
0.538464 -0.129239 0.832679
0.370715 -0.170352 0.912990
0.435259 -0.566254 0.699933
0.159735 -0.987155 -0.003219
0.258141 -0.963049 -0.076815
0.294882 -0.955486 -0.009547
0.356992 -0.933672 -0.028525
0.346746 -0.932767 -0.098551
0.440392 -0.894026 -0.082300
0.003203 -0.987152 0.159751
0.076799 -0.963046 0.258157
0.009531 -0.955481 0.294898
0.028510 -0.933666 0.357007
0.098536 -0.932763 0.346762
0.082285 -0.894020 0.440407
-0.159767 -0.987149 0.003219
-0.258173 -0.963040 0.076815
-0.294913 -0.955476 0.009547
0.008934 0.956494 0.291614
0.080630 0.963938 0.253617
0.007806 0.987407 0.158011
0.107654 0.935145 0.337512
0.080630 0.963938 0.253617
0.029764 0.933442 0.357492
0.291630 0.956490 -0.008919
0.253633 0.963936 -0.080614
0.158027 0.987404 -0.007790
-0.337497 0.935152 0.107639
-0.253601 0.963944 0.080614
-0.357477 0.933448 0.029748
-0.291598 0.956499 0.008918
-0.253601 0.963944 0.080614
-0.157995 0.987409 0.007789
-0.527721 0.080414 -0.845603
-0.620569 0.000843 -0.784151
-0.375594 -0.001260 -0.926783
-0.857217 -0.445535 0.258220
-0.842012 -0.217105 0.493843
-0.970923 -0.173526 0.164915
-0.986218 -0.162132 0.032986
-0.857217 -0.445535 0.258220
-0.970923 -0.173526 0.164915
-0.006006 0.911030 0.412296
0.071747 0.663565 0.744670
-0.037502 0.804608 0.592620
-0.007486 0.250925 0.967977
0.002391 0.299483 0.954099
-0.008709 0.683024 0.730344
-0.067798 0.696611 0.714238
-0.106289 0.622860 0.775079
-0.023047 0.262444 0.964672
0.067821 0.696609 -0.714238
0.106309 0.622856 -0.775080
0.023055 0.262443 -0.964672
0.007494 0.250925 -0.967978
-0.002382 0.299483 -0.954099
0.008732 0.683024 -0.730344
-0.714227 0.696622 -0.067810
-0.775069 0.622871 -0.106299
-0.964668 0.262460 -0.023051
-0.967973 0.250941 -0.007490
-0.954094 0.299499 0.002386
-0.730333 0.683036 -0.008721
0.967982 0.250909 0.007490
0.954104 0.299468 -0.002387
0.730355 0.683012 0.008720
0.714250 0.696598 0.067809
0.775090 0.622846 0.106299
0.964676 0.262428 0.023051
0.000006 1.000000 0.000000
0.000002 1.000000 -0.000003
0.000012 1.000000 0.000001
-0.158229 0.987396 -0.003670
-0.256219 0.963486 -0.077755
-0.291896 0.956395 -0.010228
-0.353160 0.935027 -0.031666
-0.343399 0.933784 -0.100617
-0.436951 0.895460 -0.084995
0.158261 0.987390 0.003669
0.256251 0.963478 0.077755
0.291927 0.956386 0.010228
0.353191 0.935015 0.031665
0.343429 0.933773 0.100616
0.436981 0.895446 0.084994
0.184660 -0.000003 0.982802
0.184660 -0.000003 0.982802
-0.000005 0.000000 1.000000
-0.000005 0.000000 1.000000
-0.000005 0.000000 1.000000
0.184660 -0.000003 0.982802
-0.167251 -0.931790 0.322173
-0.230296 -0.929021 0.289628
-0.161919 -0.965117 0.205745
-0.161919 -0.965117 0.205745
-0.128210 -0.962334 0.239741
-0.167251 -0.931790 0.322173
-0.258173 -0.963040 0.076815
-0.223412 -0.960954 0.163265
-0.280671 -0.933786 0.221962
0.322155 -0.931799 0.167235
0.289611 -0.929030 0.230280
0.205729 -0.965123 0.161903
0.205729 -0.965123 0.161903
0.239725 -0.962340 0.128195
0.322155 -0.931799 0.167235
0.076799 -0.963046 0.258157
0.163249 -0.960960 0.223396
0.221945 -0.933795 0.280654
0.167219 -0.931796 -0.322170
0.230265 -0.929029 -0.289626
0.161887 -0.965122 -0.205745
0.161887 -0.965122 -0.205745
0.128179 -0.962338 -0.239741
0.167219 -0.931796 -0.322170
0.258141 -0.963049 -0.076815
0.223380 -0.960961 -0.163264
0.280638 -0.933797 -0.221960
-0.375541 -0.459810 -0.804701
-0.160840 -0.205495 -0.965351
-0.252072 -0.604639 -0.755560
-0.163560 -0.607218 -0.777518
-0.160840 -0.205495 -0.965351
-0.032348 -0.168094 -0.985240
-0.411565 0.911381 -0.000002
-0.562296 0.824212 0.067066
-0.412282 0.911037 0.006017
0.000017 0.907429 -0.420206
-0.073532 0.666948 -0.741467
0.006046 0.907714 -0.419545
-0.956159 -0.288286 -0.051485
-0.962380 -0.209014 -0.173604
-0.778914 -0.587814 -0.218557
-0.778914 -0.587814 -0.218557
-0.962380 -0.209014 -0.173604
-0.847779 -0.391088 -0.358220
0.664995 -0.403141 -0.628696
0.743249 -0.229675 -0.628355
0.628219 -0.592352 -0.504440
0.415988 -0.848294 -0.327644
0.498441 -0.712596 -0.493724
0.466946 -0.799581 -0.377666
0.628690 -0.403140 0.665002
0.628352 -0.229673 0.743253
0.504431 -0.592350 0.628229
0.327630 -0.848293 0.416002
0.493712 -0.712595 0.498453
0.377653 -0.799579 0.466960
-0.665008 -0.403118 0.628697
-0.753561 -0.200225 0.626143
-0.627613 -0.592364 0.505180
-0.416033 -0.848269 0.327653
-0.498466 -0.712577 0.493727
-0.467002 -0.799541 0.377681
0.000017 1.000000 0.000006
0.000013 1.000000 -0.000000
0.000012 1.000000 0.000000
0.000006 1.000000 0.000000
0.000002 1.000000 -0.000002
0.000012 1.000000 0.000000
0.000012 1.000000 0.000001
0.000012 1.000000 0.000001
0.000020 1.000000 0.000001
0.000020 1.000000 0.000001
0.000021 1.000000 0.000000
0.000012 1.000000 0.000001
0.000027 1.000000 0.000001
0.000031 1.000000 0.000003
0.000021 1.000000 0.000000
0.000017 1.000000 0.000004
0.000017 1.000000 -0.000006
0.000016 1.000000 0.000004
0.000017 1.000000 0.000010
0.000014 1.000000 0.000014
0.000017 1.000000 0.000004
-0.751304 -0.154326 -0.641658
-0.647669 -0.359765 -0.671636
-0.505463 -0.764754 -0.399574
-0.631883 -0.589388 -0.503334
-0.705119 -0.470964 -0.530095
-0.751304 -0.154326 -0.641658
0.204427 -0.000004 -0.978882
0.204427 -0.000004 -0.978882
0.113755 -0.000002 -0.993509
0.113755 -0.000002 -0.993509
0.113755 -0.000002 -0.993509
0.204427 -0.000004 -0.978882
-0.712482 0.544803 -0.442220
-0.609594 0.618322 -0.496057
-0.738761 0.209753 -0.640497
-0.863622 0.342554 -0.369882
-0.831549 0.145599 -0.536028
-0.927334 0.051406 -0.370688
0.442229 0.544784 -0.712491
0.496067 0.618304 -0.609605
0.640500 0.209730 -0.738764
0.369888 0.342534 -0.863628
0.536031 0.145577 -0.831552
0.370689 0.051384 -0.927334
-0.442211 0.544799 0.712491
-0.496047 0.618320 0.609604
-0.640493 0.209752 0.738764
-0.369877 0.342547 0.863628
-0.536026 0.145595 0.831552
-0.370688 0.051397 0.927334
0.863634 0.342526 0.369882
0.831554 0.145572 0.536028
0.927335 0.051375 0.370688
0.712500 0.544780 0.442220
0.609615 0.618302 0.496057
0.738768 0.209729 0.640497
0.000345 0.954622 -0.297820
-0.006945 0.899948 -0.435941
-0.023181 0.963053 -0.268313
-0.107624 0.935148 -0.337513
-0.082917 0.964352 -0.251295
-0.023181 0.963053 -0.268313
-0.023181 0.963053 -0.268313
0.004007 0.937004 -0.349297
-0.107624 0.935148 -0.337513
-0.164417 -0.982965 -0.082136
-0.077173 -0.996067 -0.043517
-0.159438 -0.987178 -0.007743
-0.120419 -0.984808 -0.125109
-0.088920 -0.983448 -0.157870
-0.077173 -0.996067 -0.043517
0.000025 1.000000 0.000001
0.000021 1.000000 -0.000001
0.000029 1.000000 0.000001
0.000012 1.000000 0.000000
0.000021 1.000000 -0.000001
0.000017 1.000000 0.000006
-0.084822 0.995404 0.044440
0.000394 0.999450 0.033172
-0.022893 0.999549 0.019415
0.382689 0.001051 -0.923877
0.192567 0.006007 -0.981265
0.555063 0.005997 -0.831787
-0.382689 0.001064 0.923877
-0.192567 0.006014 0.981265
-0.555062 0.006016 0.831787
-0.008838 0.996352 -0.084886
0.084855 0.995402 -0.044441
0.054753 0.982829 -0.176209
-0.084869 0.996353 0.008854
-0.044424 0.995404 -0.084839
-0.176193 0.982833 -0.054737
0.084902 0.996350 -0.008855
0.044457 0.995402 0.084839
0.176225 0.982827 0.054737
0.008027 -0.896513 0.442945
0.004931 -0.721109 0.692804
-0.007135 -0.895075 0.445859
-0.008349 -0.955582 0.294607
0.009531 -0.955481 0.294898
0.008027 -0.896513 0.442945
0.008027 -0.896513 0.442945
-0.007135 -0.895075 0.445859
-0.008349 -0.955582 0.294607
0.084855 0.995402 -0.044441
-0.000361 0.999450 -0.033173
0.022926 0.999549 -0.019416
0.589845 -0.707108 -0.389976
0.589311 -0.707251 -0.390523
0.693339 -0.707117 -0.138804
0.693339 -0.707117 -0.138804
0.693215 -0.707158 -0.139214
0.589845 -0.707108 -0.389976
0.589845 -0.707108 -0.389976
0.504825 -0.706840 -0.495509
0.589311 -0.707251 -0.390523
0.000002 1.000000 -0.000002
0.000006 1.000000 0.000000
-0.000007 1.000000 -0.000000
0.000014 1.000000 0.000014
0.000017 1.000000 0.000010
0.000016 1.000000 0.000024
0.000031 1.000000 0.000003
0.000027 1.000000 0.000001
0.000040 1.000000 0.000001
-0.294623 -0.955577 -0.008333
-0.255992 -0.964360 -0.066924
-0.159438 -0.987178 -0.007743
-0.346128 -0.932603 -0.102215
-0.255992 -0.964360 -0.066924
-0.360742 -0.932280 -0.026819
-0.722759 -0.687656 -0.068910
-0.963634 -0.265509 -0.030248
-0.698103 -0.706310 -0.117381
-0.510527 -0.847968 -0.142522
-0.441860 -0.893862 -0.075964
-0.520350 -0.853028 -0.039735
-0.397988 -0.890648 -0.219891
-0.318342 -0.931481 -0.176073
-0.346128 -0.932603 -0.102215
-0.346128 -0.932603 -0.102215
-0.424946 -0.895770 -0.130452
-0.397988 -0.890648 -0.219891
-0.048604 -0.995776 -0.077898
-0.077173 -0.996067 -0.043517
-0.088920 -0.983448 -0.157870
0.014377 -0.996148 -0.086503
-0.048604 -0.995776 -0.077898
-0.088920 -0.983448 -0.157870
0.000009 1.000000 -0.000008
0.000009 1.000000 -0.000008
0.000013 1.000000 -0.000003
0.000013 1.000000 -0.000003
0.000013 1.000000 -0.000004
0.000009 1.000000 -0.000008
0.000004 1.000000 -0.000012
0.000004 1.000000 -0.000012
0.000004 1.000000 -0.000012
0.000004 1.000000 -0.000012
0.000004 1.000000 -0.000012
0.000004 1.000000 -0.000012
-0.001358 0.898840 -0.438275
-0.006945 0.899948 -0.435941
0.000345 0.954622 -0.297820
0.402144 -0.720388 -0.565086
0.256764 -0.741481 -0.619902
0.417695 -0.706956 -0.570740
0.417695 -0.706956 -0.570740
0.495502 -0.706840 -0.504832
0.402144 -0.720388 -0.565086
-0.417718 -0.706942 0.570741
-0.495525 -0.706823 0.504832
-0.402168 -0.720374 0.565086
-0.402168 -0.720374 0.565086
-0.256788 -0.741472 0.619903
-0.417718 -0.706942 0.570741
-0.113937 0.986931 0.113952
-0.113937 0.986931 0.113952
-0.225635 0.947719 0.225648
-0.225635 0.947719 0.225648
-0.225635 0.947719 0.225648
-0.113937 0.986931 0.113952
0.113969 0.986928 -0.113952
0.113969 0.986928 -0.113952
0.225666 0.947712 -0.225648
0.225666 0.947712 -0.225648
0.225666 0.947712 -0.225648
0.113969 0.986928 -0.113952
0.657370 0.274021 -0.701981
0.684448 0.251150 -0.684437
0.708641 0.015706 -0.705395
0.708641 0.015706 -0.705395
0.705401 0.015706 -0.708634
0.657370 0.274021 -0.701981
-0.657361 0.274043 0.701981
-0.684440 0.251173 0.684437
-0.708640 0.015730 0.705395
-0.708640 0.015730 0.705395
-0.705401 0.015729 0.708634
-0.657361 0.274043 0.701981
0.701986 0.274020 0.657365
0.684441 0.251151 0.684444
0.705395 0.015706 0.708641
0.705395 0.015706 0.708641
0.708634 0.015706 0.705401
0.701986 0.274020 0.657365
-0.701977 0.274043 -0.657365
-0.684433 0.251173 -0.684444
-0.705394 0.015729 -0.708641
-0.705394 0.015729 -0.708641
-0.708634 0.015729 -0.705401
-0.701977 0.274043 -0.657365
0.000008 1.000000 0.000006
0.000014 1.000000 0.000005
0.000005 1.000000 0.000012
0.000022 1.000000 0.000008
0.000021 1.000000 0.000003
0.000028 1.000000 0.000012
0.000010 1.000000 -0.000008
0.000011 1.000000 -0.000003
0.000005 1.000000 -0.000012
0.000025 1.000000 -0.000006
0.000020 1.000000 -0.000005
0.000029 1.000000 -0.000012
-0.753561 -0.200225 0.626143
-0.660007 -0.597329 0.455620
-0.627613 -0.592364 0.505180
-0.857217 -0.445535 0.258220
-0.714541 -0.585544 0.382843
-0.842012 -0.217105 0.493843
0.754096 -0.634352 0.170105
0.735472 -0.626400 0.258271
0.531499 -0.798717 0.282065
0.865223 -0.336762 0.371457
0.791526 -0.188439 0.581359
0.678272 -0.586459 0.442735
0.282052 -0.798713 -0.531512
0.170095 -0.634343 -0.754107
0.258260 -0.626393 -0.735482
0.371452 -0.336754 -0.865229
0.581355 -0.188436 -0.791529
0.442725 -0.586455 -0.678281
-0.371463 -0.336741 0.865229
-0.581362 -0.188417 0.791529
-0.442748 -0.586434 0.678285
-0.170115 -0.634334 0.754110
-0.258279 -0.626377 0.735489
-0.282088 -0.798688 0.531530
0.993509 -0.000016 0.113755
0.978882 -0.000016 0.204427
0.978882 -0.000016 0.204427
0.978882 -0.000016 0.204427
0.993509 -0.000016 0.113755
0.993509 -0.000016 0.113755
-0.993509 0.000016 -0.113755
-0.978882 0.000016 -0.204427
-0.978882 0.000016 -0.204427
-0.978882 0.000016 -0.204427
-0.993509 0.000016 -0.113755
-0.993509 0.000016 -0.113755
-0.303239 0.938888 0.162896
-0.386556 0.896365 0.217036
-0.274435 0.934016 0.228692
-0.422438 0.895973 0.137038
-0.386556 0.896365 0.217036
-0.303239 0.938888 0.162896
-0.303239 0.938888 0.162896
-0.337497 0.935152 0.107639
-0.422438 0.895973 0.137038
0.303270 0.938878 -0.162896
0.386585 0.896352 -0.217037
0.274466 0.934006 -0.228692
0.422467 0.895959 -0.137038
0.386585 0.896352 -0.217037
0.303270 0.938878 -0.162896
0.303270 0.938878 -0.162896
0.337528 0.935141 -0.107639
0.422467 0.895959 -0.137038
-0.137023 0.895968 -0.422453
-0.217022 0.896362 -0.386571
-0.162881 0.938886 -0.303254
-0.162881 0.938886 -0.303254
-0.107624 0.935148 -0.337513
-0.137023 0.895968 -0.422453
-0.162881 0.938886 -0.303254
-0.217022 0.896362 -0.386571
-0.228677 0.934015 -0.274451
0.137053 0.895964 0.422452
0.217051 0.896355 0.386570
0.162912 0.938881 0.303254
0.162912 0.938881 0.303254
0.107654 0.935145 0.337512
0.137053 0.895964 0.422452
0.162912 0.938881 0.303254
0.217051 0.896355 0.386570
0.228708 0.934007 0.274451
-0.972169 0.232275 0.030581
-0.980197 0.198024 -0.000005
-0.999969 0.007862 -0.000725
-0.999969 0.007862 -0.000725
-0.999969 0.007862 0.000716
-0.972169 0.232275 0.030581
-0.036751 0.280181 -0.959243
0.000009 0.260160 -0.965565
0.000725 0.007845 -0.999969
0.000725 0.007845 -0.999969
-0.000716 0.007845 -0.999969
-0.036751 0.280181 -0.959243
0.972177 0.232243 -0.030581
0.980204 0.197992 0.000005
0.999969 0.007829 0.000725
0.999969 0.007829 0.000725
0.999969 0.007829 -0.000716
0.972177 0.232243 -0.030581
0.036760 0.280180 0.959243
-0.000000 0.260161 0.965565
-0.000725 0.007846 0.999969
-0.000725 0.007846 0.999969
0.000716 0.007846 0.999969
0.036760 0.280180 0.959243
0.000029 1.000000 0.000012
0.000028 1.000000 0.000012
0.000028 1.000000 0.000012
0.000028 1.000000 0.000012
0.000029 1.000000 0.000012
0.000029 1.000000 0.000012
0.000005 1.000000 0.000013
0.000004 1.000000 0.000012
0.000005 1.000000 0.000012
0.000005 1.000000 0.000012
0.000005 1.000000 0.000013
0.000005 1.000000 0.000013
0.000029 1.000000 -0.000012
0.000028 1.000000 -0.000012
0.000028 1.000000 -0.000012
0.000028 1.000000 -0.000012
0.000029 1.000000 -0.000012
0.000029 1.000000 -0.000012
-0.151594 -0.848579 -0.506886
-0.046741 -0.852790 -0.520158
-0.082317 -0.894012 -0.440417
-0.032348 -0.168094 -0.985240
-0.062517 -0.650669 -0.756783
-0.089209 -0.490088 -0.867096
-0.028541 -0.933665 -0.357008
-0.098568 -0.932759 -0.346764
-0.082317 -0.894012 -0.440417
-0.009563 -0.955481 -0.294897
-0.067796 -0.962206 -0.263748
-0.098568 -0.932759 -0.346764
-0.986218 -0.162132 0.032986
-0.759846 -0.647764 0.055096
-0.867104 -0.490075 0.089201
0.000016 1.000000 -0.000014
0.000016 1.000000 -0.000014
0.000016 1.000000 -0.000006
0.000016 1.000000 -0.000006
0.000017 1.000000 -0.000006
0.000016 1.000000 -0.000014
0.000023 1.000000 -0.000000
0.000016 1.000000 0.000006
0.000017 1.000000 -0.000006
0.024227 0.213187 0.976711
0.190143 -0.029623 0.981309
0.113758 0.201633 0.972833
0.213587 0.152493 0.964949
0.190143 -0.029623 0.981309
0.369148 0.224900 0.901748
-0.024220 0.213187 -0.976711
-0.190144 -0.029617 -0.981309
-0.113751 0.201637 -0.972833
-0.213582 0.152500 -0.964949
-0.190144 -0.029617 -0.981309
-0.369140 0.224911 -0.901748
0.976715 0.213171 -0.024224
0.981309 -0.029636 -0.190144
0.972836 0.201619 -0.113754
0.964951 0.152481 -0.213585
0.981309 -0.029636 -0.190144
0.901752 0.224891 -0.369144
-0.976714 0.213198 0.023995
-0.981310 -0.029604 0.190144
-0.972829 0.201651 0.113754
-0.964946 0.152512 0.213585
-0.981310 -0.029604 0.190144
-0.901745 0.224920 0.369144
0.370689 0.051384 -0.927334
0.169881 0.025234 -0.985141
0.155597 0.188812 -0.969608
-0.927334 0.051406 -0.370688
-0.985141 0.025253 -0.169880
-0.969605 0.188830 -0.155594
-0.370688 0.051397 0.927334
-0.169880 0.025240 0.985141
-0.155591 0.188817 0.969608
0.927335 0.051375 0.370688
0.985142 0.025221 0.169880
0.969611 0.188798 0.155594
-0.024220 0.213187 -0.976711
-0.115250 0.599087 -0.792346
-0.064897 0.656583 -0.751457
-0.024220 0.213187 -0.976711
-0.113751 0.201637 -0.972833
-0.146072 0.603634 -0.783766
0.024227 0.213187 0.976711
0.113758 0.201633 0.972833
0.146092 0.603629 0.783766
0.024227 0.213187 0.976711
0.115270 0.599084 0.792346
0.064918 0.656581 0.751457
0.976715 0.213171 -0.024224
0.792356 0.599072 -0.115260
0.751468 0.656569 -0.064908
0.976715 0.213171 -0.024224
0.972836 0.201619 -0.113754
0.783776 0.603618 -0.146082
-0.976714 0.213198 0.023995
-0.972829 0.201651 0.113754
-0.783756 0.603644 0.146082
-0.976714 0.213198 0.023995
-0.792336 0.599098 0.115260
-0.751446 0.656594 0.064908
-0.371198 -0.846948 0.380646
-0.309108 -0.895283 0.320812
-0.289087 -0.852611 0.435296
-0.416033 -0.848269 0.327653
-0.375226 -0.893786 0.245667
-0.309108 -0.895283 0.320812
0.380620 -0.846970 0.371175
0.320789 -0.895299 0.309086
0.435264 -0.852636 0.289062
0.327630 -0.848293 0.416002
0.245646 -0.893801 0.375203
0.320789 -0.895299 0.309086
0.415988 -0.848294 -0.327644
0.375188 -0.893804 -0.245661
0.309071 -0.895299 -0.320803
0.289048 -0.852634 -0.435278
0.371161 -0.846970 -0.380633
0.309071 -0.895299 -0.320803
0.923880 -0.001072 -0.382680
0.831792 -0.006021 -0.555055
0.805704 -0.000013 -0.592318
0.000023 1.000000 0.000010
0.000019 1.000000 -0.000004
0.000019 1.000000 -0.000004
0.000026 1.000000 -0.000007
0.000013 1.000000 -0.000004
0.000013 1.000000 -0.000004
0.000009 1.000000 -0.000010
0.000013 1.000000 0.000003
0.000012 1.000000 0.000003
0.000013 1.000000 0.000003
0.000019 1.000000 0.000004
0.000020 1.000000 0.000003
-0.923880 0.001072 0.382680
-0.831792 0.006021 0.555055
-0.981267 0.006027 0.192558
0.382680 0.001051 0.923880
0.555055 0.005998 0.831792
0.192558 0.006008 0.981267
-0.382680 0.001063 -0.923880
-0.555055 0.006016 -0.831792
-0.192558 0.006013 -0.981267
-0.245682 -0.893788 -0.375211
-0.221310 -0.932948 -0.283955
-0.319392 -0.897041 -0.305462
-0.318342 -0.931481 -0.176073
-0.397988 -0.890648 -0.219891
-0.319392 -0.897041 -0.305462
-0.319392 -0.897041 -0.305462
-0.270030 -0.931602 -0.243313
-0.318342 -0.931481 -0.176073
-0.699397 -0.706763 -0.106442
-0.684305 -0.720368 -0.113123
-0.707204 -0.707007 -0.001931
-0.619915 -0.741466 -0.256776
-0.565098 -0.720372 -0.402156
-0.684305 -0.720368 -0.113123
0.619890 -0.741486 0.256776
0.565074 -0.720390 0.402156
0.684281 -0.720391 0.113124
0.699374 -0.706786 0.106442
0.684281 -0.720391 0.113124
0.707181 -0.707030 0.001931
-0.175722 0.895309 0.409320
-0.271159 0.897602 0.347539
-0.323740 0.849898 0.415772
-0.536446 0.628897 0.562774
-0.375910 0.804424 0.459993
-0.345713 0.867851 0.356814
0.409335 0.895300 0.175736
0.347554 0.897592 0.271174
0.415786 0.849886 0.323754
0.562785 0.628878 0.536456
0.460006 0.804411 0.375923
0.356829 0.867840 0.345727
-0.409306 0.895313 -0.175737
-0.347524 0.897603 -0.271174
-0.415758 0.849899 -0.323754
-0.562764 0.628897 -0.536457
-0.459980 0.804425 -0.375924
-0.356800 0.867851 -0.345728
0.175751 0.895303 -0.409321
0.271189 0.897593 -0.347539
0.323768 0.849887 -0.415772
0.536467 0.628879 -0.562774
0.375937 0.804412 -0.459993
0.345742 0.867840 -0.356815
-0.084203 0.995615 -0.040752
0.006872 0.996076 -0.088232
-0.080511 0.982554 -0.167649
-0.174212 0.963494 -0.203297
-0.123886 0.984410 -0.124859
-0.080511 0.982554 -0.167649
0.000016 1.000000 0.000006
0.000009 1.000000 0.000000
0.000017 1.000000 -0.000006
0.000016 1.000000 0.000013
0.000016 1.000000 0.000013
0.000016 1.000000 0.000006
0.000016 1.000000 0.000006
0.000016 1.000000 0.000006
0.000016 1.000000 0.000013
0.000016 1.000000 -0.000014
0.000016 1.000000 -0.000014
0.000016 1.000000 -0.000006
0.000016 1.000000 -0.000006
0.000017 1.000000 -0.000006
0.000016 1.000000 -0.000014
0.000017 1.000000 -0.000006
0.000023 1.000000 -0.000000
0.000016 1.000000 0.000004
-0.087038 -0.982829 0.162698
-0.007759 -0.987180 0.159422
-0.066940 -0.964362 0.255976
-0.087038 -0.982829 0.162698
-0.066940 -0.964362 0.255976
-0.128210 -0.962334 0.239741
0.162682 -0.982834 0.087022
0.255960 -0.964368 0.066925
0.239725 -0.962340 0.128195
0.162682 -0.982834 0.087022
0.159406 -0.987183 0.007744
0.255960 -0.964368 0.066925
0.087006 -0.982832 -0.162698
0.007727 -0.987180 -0.159421
0.066908 -0.964365 -0.255976
0.087006 -0.982832 -0.162698
0.066908 -0.964365 -0.255976
0.128179 -0.962338 -0.239741
-0.258173 -0.963040 0.076815
-0.280671 -0.933786 0.221962
-0.300316 -0.939880 0.162588
0.076799 -0.963046 0.258157
0.221945 -0.933795 0.280654
0.162571 -0.939889 0.300299
0.009531 -0.955481 0.294898
0.076799 -0.963046 0.258157
0.098536 -0.932763 0.346762
0.258141 -0.963049 -0.076815
0.280638 -0.933797 -0.221960
0.300283 -0.939891 -0.162586
0.294882 -0.955486 -0.009547
0.258141 -0.963049 -0.076815
0.346746 -0.932767 -0.098551
-0.551901 -0.010653 0.833842
-0.382843 0.013340 0.923717
-0.639219 0.008032 0.768983
-0.833844 -0.010648 -0.551897
-0.923717 0.013349 -0.382842
-0.768982 0.008035 -0.639219
0.551898 -0.010670 -0.833843
0.382842 0.013328 -0.923718
0.639219 0.008012 -0.768983
0.833844 -0.010674 0.551897
0.923718 0.013319 0.382842
0.768983 0.008010 0.639219
0.441819 -0.893882 0.075963
0.446130 -0.894944 0.006675
0.520309 -0.853053 0.039734
0.360710 -0.932292 0.026819
0.446130 -0.894944 0.006675
0.441819 -0.893882 0.075963
0.075948 -0.893876 -0.441834
0.006660 -0.894936 -0.446144
0.039720 -0.853045 -0.520323
0.026803 -0.932287 -0.360725
0.006660 -0.894936 -0.446144
0.075948 -0.893876 -0.441834
0.859073 0.511498 -0.019079
0.972177 0.232243 -0.030581
0.714516 0.699224 -0.023538
-0.859056 0.511526 0.019078
-0.972169 0.232275 0.030581
-0.717694 0.695903 0.025198
0.804694 -0.459829 -0.375533
0.965347 -0.205514 -0.160837
0.755545 -0.604662 -0.252063
0.965347 -0.205514 -0.160837
0.912987 -0.170361 -0.370718
0.910455 0.001639 -0.413606
0.375526 -0.459822 0.804702
0.160833 -0.205500 0.965351
0.252053 -0.604654 0.755555
0.160833 -0.205500 0.965351
0.370715 -0.170352 0.912990
0.413603 0.001647 0.910456
-0.167335 0.982574 0.080917
-0.157995 0.987409 0.007789
-0.253601 0.963944 0.080614
-0.203281 0.963494 0.174227
-0.167335 0.982574 0.080917
-0.253601 0.963944 0.080614
0.174243 0.963488 0.203297
0.080934 0.982570 0.167350
0.080630 0.963938 0.253617
0.080934 0.982570 0.167350
0.007806 0.987407 0.158011
0.080630 0.963938 0.253617
0.203313 0.963488 -0.174228
0.167367 0.982568 -0.080918
0.253633 0.963936 -0.080614
0.167367 0.982568 -0.080918
0.158027 0.987404 -0.007790
0.253633 0.963936 -0.080614
-0.219962 0.932461 0.286589
-0.169634 0.937985 0.302337
-0.077739 0.963483 0.256235
-0.077739 0.963483 0.256235
-0.100601 0.933781 0.343414
-0.010212 0.956391 0.291911
0.286605 0.932453 0.219977
0.302353 0.937977 0.169649
0.256251 0.963478 0.077755
0.256251 0.963478 0.077755
0.343429 0.933773 0.100616
0.291927 0.956386 0.010228
0.219993 0.932454 -0.286590
0.169665 0.937980 -0.302338
0.077771 0.963481 -0.256235
0.077771 0.963481 -0.256235
0.100632 0.933777 -0.343414
0.010244 0.956390 -0.291911
-0.286574 0.932462 -0.219978
-0.302322 0.937987 -0.169650
-0.256219 0.963486 -0.077755
-0.256219 0.963486 -0.077755
-0.343399 0.933784 -0.100617
-0.291896 0.956395 -0.010228
0.000016 0.990087 0.140457
0.000016 0.990087 0.140457
0.000014 0.960346 0.278810
0.000014 0.960346 0.278810
0.000014 0.960346 0.278810
0.000016 0.990087 0.140457
0.140473 0.990084 0.000000
0.140473 0.990084 0.000000
0.278826 0.960342 0.000001
0.278826 0.960342 0.000001
0.278826 0.960342 0.000001
0.140473 0.990084 0.000000
0.526696 0.068178 -0.847315
0.211015 0.028629 -0.977063
0.646663 -0.011708 -0.762686
0.448230 0.591563 0.670181
0.369122 0.805768 0.463127
0.278189 0.803762 0.525907
0.244824 0.594589 0.765849
0.278189 0.803762 0.525907
0.146092 0.603629 0.783766
0.670191 0.591559 -0.448221
0.463141 0.805766 -0.369109
0.525920 0.803757 -0.278176
0.765859 0.594580 -0.244814
0.525920 0.803757 -0.278176
0.783776 0.603618 -0.146082
-0.670172 0.591581 0.448221
-0.463114 0.805782 0.369108
-0.525894 0.803775 0.278176
-0.765840 0.594605 0.244814
-0.525894 0.803775 0.278176
-0.783756 0.603644 0.146082
-0.244804 0.594597 -0.765850
-0.278163 0.803771 -0.525907
-0.146072 0.603634 -0.783766
-0.448211 0.591577 -0.670181
-0.369095 0.805780 -0.463128
-0.278163 0.803771 -0.525907
-0.210857 -0.894439 0.394357
-0.130467 -0.895774 0.424932
-0.200359 -0.848248 0.490236
-0.200359 -0.848248 0.490236
-0.282088 -0.798688 0.531530
-0.289087 -0.852611 0.435296
0.210822 -0.894452 -0.394347
0.130434 -0.895784 -0.424920
0.200323 -0.848265 -0.490221
0.282052 -0.798713 -0.531512
0.289048 -0.852634 -0.435278
0.200323 -0.848265 -0.490221
0.394333 -0.894455 0.210837
0.424906 -0.895789 0.130449
0.490207 -0.848270 0.200337
0.490207 -0.848270 0.200337
0.531499 -0.798717 0.282065
0.435264 -0.852636 0.289062
0.369979 -0.000006 -0.929040
0.548114 -0.000009 -0.836404
0.548114 -0.000009 -0.836404
0.548114 -0.000009 -0.836404
0.369979 -0.000006 -0.929040
0.369979 -0.000006 -0.929040
0.071747 0.663565 0.744670
0.036760 0.280180 0.959243
-0.037502 0.804608 0.592620
-0.073532 0.666948 -0.741467
-0.036751 0.280181 -0.959243
0.054634 0.811355 -0.581995
0.170095 -0.634343 -0.754107
0.200323 -0.848265 -0.490221
0.117371 -0.706327 -0.698088
0.117371 -0.706327 -0.698088
0.051882 -0.283906 -0.957447
0.170095 -0.634343 -0.754107
0.698076 -0.706336 0.117383
0.957443 -0.283921 0.051887
0.754096 -0.634352 0.170105
0.490207 -0.848270 0.200337
0.698076 -0.706336 0.117383
0.754096 -0.634352 0.170105
-0.200359 -0.848248 0.490236
-0.117393 -0.706319 0.698092
-0.170115 -0.634334 0.754110
-0.117393 -0.706319 0.698092
-0.051892 -0.283904 0.957448
-0.170115 -0.634334 0.754110
-0.566577 -0.231857 -0.790716
-0.377776 -0.162116 -0.911594
-0.444129 -0.583415 -0.679983
-0.414385 0.000315 -0.910102
-0.377776 -0.162116 -0.911594
-0.566577 -0.231857 -0.790716
0.609615 0.618302 0.496057
0.526162 0.803017 0.279853
0.460006 0.804411 0.375923
0.712500 0.544780 0.442220
0.526162 0.803017 0.279853
0.609615 0.618302 0.496057
-0.442211 0.544799 0.712491
-0.279840 0.803030 0.526148
-0.496047 0.618320 0.609604
-0.496047 0.618320 0.609604
-0.279840 0.803030 0.526148
-0.375910 0.804424 0.459993
-0.609594 0.618322 -0.496057
-0.526135 0.803034 -0.279853
-0.459980 0.804425 -0.375924
-0.712482 0.544803 -0.442220
-0.526135 0.803034 -0.279853
-0.609594 0.618322 -0.496057
0.442229 0.544784 -0.712491
0.279866 0.803021 -0.526149
0.496067 0.618304 -0.609605
0.496067 0.618304 -0.609605
0.279866 0.803021 -0.526149
0.375937 0.804412 -0.459993
-0.077777 -0.995954 0.045025
-0.141568 -0.983376 0.113710
-0.182371 -0.981805 0.052915
0.045008 -0.995956 0.077761
0.113694 -0.983380 0.141552
0.052899 -0.981809 0.182355
0.077744 -0.995956 -0.045024
0.141536 -0.983381 -0.113709
0.182339 -0.981811 -0.052915
-0.521648 -0.804510 -0.283985
-0.487072 -0.848472 -0.207018
-0.756671 -0.631484 -0.169343
-0.956159 -0.288286 -0.051485
-0.778914 -0.587814 -0.218557
-0.756671 -0.631484 -0.169343
0.985238 -0.168110 -0.032345
0.867088 -0.490103 -0.089201
0.777506 -0.607237 -0.163549
0.506860 -0.848598 -0.151576
0.471242 -0.847801 -0.243238
0.777506 -0.607237 -0.163549
0.243225 -0.847797 0.471256
0.163539 -0.607226 0.777516
0.151562 -0.848592 0.506874
0.032342 -0.168094 0.985240
0.089193 -0.490090 0.867096
0.163539 -0.607226 0.777516
-0.507455 0.847062 0.158035
-0.438405 0.895315 0.078814
-0.517863 0.854257 0.045423
0.158049 0.847051 0.507468
0.078829 0.895307 0.438419
0.045437 0.854248 0.517877
-0.158021 0.847056 -0.507469
-0.078800 0.895309 -0.438420
-0.045409 0.854249 -0.517877
-0.252072 -0.604639 -0.755560
-0.163560 -0.607218 -0.777518
-0.273814 -0.801814 -0.531150
-0.163560 -0.607218 -0.777518
-0.252072 -0.604639 -0.755560
-0.160840 -0.205495 -0.965351
0.804694 -0.459829 -0.375533
0.755545 -0.604662 -0.252063
0.699924 -0.566258 -0.435268
0.755545 -0.604662 -0.252063
0.531196 -0.801449 -0.274791
0.699924 -0.566258 -0.435268
0.252053 -0.604654 0.755555
0.274778 -0.801445 0.531210
0.435259 -0.566254 0.699933
0.375526 -0.459822 0.804702
0.252053 -0.604654 0.755555
0.435259 -0.566254 0.699933
-0.835763 -0.183919 -0.517373
-0.751304 -0.154326 -0.641658
-0.705119 -0.470964 -0.530095
-0.847779 -0.391088 -0.358220
-0.692655 -0.597666 -0.403763
-0.778914 -0.587814 -0.218557
-0.113936 0.986931 -0.113953
-0.225632 0.947719 -0.225650
-0.225632 0.947719 -0.225650
-0.225632 0.947719 -0.225650
-0.113936 0.986931 -0.113954
-0.113936 0.986931 -0.113953
0.113968 0.986928 0.113953
0.113968 0.986928 0.113953
0.225664 0.947712 0.225650
0.225664 0.947712 0.225650
0.225664 0.947712 0.225650
0.113968 0.986928 0.113953
-0.190144 -0.029617 -0.981309
-0.553194 -0.028660 -0.832559
-0.369140 0.224911 -0.901748
-0.369140 0.224911 -0.901748
-0.553194 -0.028660 -0.832559
-0.535234 0.148792 -0.831496
0.901752 0.224891 -0.369144
0.832559 -0.028682 -0.553194
0.831498 0.148770 -0.535237
0.981309 -0.029636 -0.190144
0.832559 -0.028682 -0.553194
0.901752 0.224891 -0.369144
-0.901745 0.224920 0.369144
-0.832560 -0.028655 0.553194
-0.831493 0.148798 0.535237
-0.981310 -0.029604 0.190144
-0.832560 -0.028655 0.553194
-0.901745 0.224920 0.369144
0.369148 0.224900 0.901748
0.553193 -0.028677 0.832559
0.535239 0.148775 0.831496
0.190143 -0.029623 0.981309
0.553193 -0.028677 0.832559
0.369148 0.224900 0.901748
-0.369979 0.000006 0.929040
-0.548114 0.000009 0.836404
-0.548114 0.000009 0.836404
-0.548114 0.000009 0.836404
-0.369979 0.000006 0.929040
-0.369979 0.000006 0.929040
0.775090 0.622846 0.106299
0.683600 0.704716 0.189911
0.932161 0.349190 0.095619
0.504920 0.849683 0.151971
0.450336 0.858446 0.245494
0.683600 0.704716 0.189911
-0.151957 0.849694 0.504905
-0.245480 0.858458 0.450322
-0.189899 0.704730 0.683589
-0.106289 0.622860 0.775079
-0.189899 0.704730 0.683589
-0.095613 0.349207 0.932155
0.151985 0.849688 -0.504906
0.245508 0.858450 -0.450322
0.189923 0.704724 -0.683589
0.106309 0.622856 -0.775080
0.189923 0.704724 -0.683589
0.095625 0.349203 -0.932155
-0.775069 0.622871 -0.106299
-0.683577 0.704738 -0.189911
-0.932149 0.349221 -0.095619
-0.504892 0.849699 -0.151971
-0.450308 0.858461 -0.245494
-0.683577 0.704738 -0.189911
-0.771399 0.000695 0.636351
-0.842012 -0.217105 0.493843
-0.753561 -0.200225 0.626143
-0.842012 -0.217105 0.493843
-0.660007 -0.597329 0.455620
-0.753561 -0.200225 0.626143
0.256764 -0.741481 -0.619902
0.402144 -0.720388 -0.565086
0.113112 -0.720381 -0.684293
-0.256788 -0.741472 0.619903
-0.402168 -0.720374 0.565086
-0.113135 -0.720377 0.684293
-0.208500 -0.013475 0.977930
-0.000014 0.999998 0.001939
-0.002909 0.000682 0.999996
0.195094 -0.000003 -0.980785
0.211015 0.028629 -0.977063
0.526696 0.068178 -0.847315
0.569550 0.634456 0.522569
0.701986 0.274020 0.657365
0.434057 0.759816 0.484019
0.000009 1.000000 0.000007
0.000009 1.000000 0.000007
0.000004 1.000000 0.000012
0.000004 1.000000 0.000012
0.000004 1.000000 0.000012
0.000009 1.000000 0.000007
0.000005 1.000000 0.000012
0.000005 1.000000 0.000012
0.000004 1.000000 0.000012
0.000004 1.000000 0.000012
0.000004 1.000000 0.000012
0.000005 1.000000 0.000012
0.000028 1.000000 0.000012
0.000028 1.000000 0.000012
0.000028 1.000000 0.000013
0.000028 1.000000 0.000013
0.000028 1.000000 0.000013
0.000028 1.000000 0.000012
0.000024 1.000000 0.000007
0.000024 1.000000 0.000007
0.000028 1.000000 0.000013
0.000028 1.000000 0.000013
0.000028 1.000000 0.000013
0.000024 1.000000 0.000007
0.000028 1.000000 -0.000012
0.000029 1.000000 -0.000012
0.000029 1.000000 -0.000012
0.000029 1.000000 -0.000012
0.000029 1.000000 -0.000012
0.000028 1.000000 -0.000012
0.000024 1.000000 -0.000008
0.000024 1.000000 -0.000008
0.000029 1.000000 -0.000012
0.000029 1.000000 -0.000012
0.000029 1.000000 -0.000012
0.000024 1.000000 -0.000008
0.000009 1.000000 -0.000008
0.000010 1.000000 -0.000008
0.000004 1.000000 -0.000012
0.000004 1.000000 -0.000012
0.000004 1.000000 -0.000012
0.000009 1.000000 -0.000008
0.000005 1.000000 -0.000012
0.000005 1.000000 -0.000012
0.000004 1.000000 -0.000012
0.000004 1.000000 -0.000012
0.000004 1.000000 -0.000012
0.000005 1.000000 -0.000012
0.000041 1.000000 0.000003
0.000036 1.000000 0.000000
0.000046 1.000000 0.000002
0.000036 1.000000 0.000000
0.000041 1.000000 0.000003
0.000030 1.000000 -0.000000
-0.926780 -0.001251 -0.375603
-0.854578 -0.198550 -0.479869
-0.784145 0.000846 -0.620577
-0.565098 -0.720372 -0.402156
-0.619915 -0.741466 -0.256776
-0.570752 -0.706940 -0.417706
-0.570752 -0.706940 -0.417706
-0.504844 -0.706823 -0.495513
-0.565098 -0.720372 -0.402156
0.570729 -0.706958 0.417706
0.504821 -0.706840 0.495514
0.565074 -0.720390 0.402156
0.565074 -0.720390 0.402156
0.619890 -0.741486 0.256776
0.570729 -0.706958 0.417706
0.525912 0.631103 -0.570197
0.657370 0.274021 -0.701981
0.481219 0.753735 -0.447562
-0.569529 0.634474 -0.522570
-0.701977 0.274043 -0.657365
-0.434032 0.759830 -0.484020
-0.525892 0.631121 0.570197
-0.657361 0.274043 0.701981
-0.481194 0.753751 0.447562
0.000013 1.000000 0.000003
0.000013 1.000000 -0.000003
0.000019 1.000000 0.000004
-0.684440 0.251173 0.684437
-0.657361 0.274043 0.701981
-0.525892 0.631121 0.570197
-0.684433 0.251173 -0.684444
-0.701977 0.274043 -0.657365
-0.569529 0.634474 -0.522570
0.684448 0.251150 -0.684437
0.657370 0.274021 -0.701981
0.525912 0.631103 -0.570197
-0.647669 -0.359765 -0.671636
-0.485218 -0.724117 -0.490120
-0.505463 -0.764754 -0.399574
-0.518314 -0.566249 -0.640869
-0.485218 -0.724117 -0.490120
-0.647669 -0.359765 -0.671636
-0.196154 0.000003 0.980573
-0.196154 0.000003 0.980573
-0.552714 0.000009 0.833371
-0.552714 0.000009 0.833371
-0.552714 0.000009 0.833371
-0.196154 0.000003 0.980573
0.980573 -0.000016 0.196154
0.980573 -0.000016 0.196154
0.833371 -0.000014 0.552714
0.833371 -0.000014 0.552714
0.833371 -0.000014 0.552714
0.980573 -0.000016 0.196154
-0.980573 0.000016 -0.196154
-0.980573 0.000016 -0.196154
-0.833371 0.000014 -0.552714
-0.833371 0.000014 -0.552714
-0.833371 0.000014 -0.552714
-0.980573 0.000016 -0.196154
-0.006839 0.996076 0.088232
0.007806 0.987407 0.158011
0.080934 0.982570 0.167350
-0.759810 -0.612250 0.218718
-0.781708 -0.602001 0.162873
-0.530610 -0.801922 0.274541
-0.781708 -0.602001 0.162873
-0.857217 -0.445535 0.258220
-0.986218 -0.162132 0.032986
0.274466 0.934006 -0.228692
0.124875 0.984406 -0.123902
0.203313 0.963488 -0.174228
0.274466 0.934006 -0.228692
0.203313 0.963488 -0.174228
0.303270 0.938878 -0.162896
0.228708 0.934007 0.274451
0.174243 0.963488 0.203297
0.162912 0.938881 0.303254
0.228708 0.934007 0.274451
0.123918 0.984406 0.124858
0.174243 0.963488 0.203297
-0.228677 0.934015 -0.274451
-0.123886 0.984410 -0.124859
-0.174212 0.963494 -0.203297
-0.228677 0.934015 -0.274451
-0.174212 0.963494 -0.203297
-0.162881 0.938886 -0.303254
-0.274435 0.934016 0.228692
-0.203281 0.963494 0.174227
-0.303239 0.938888 0.162896
-0.274435 0.934016 0.228692
-0.124842 0.984410 0.123902
-0.203281 0.963494 0.174227
0.980377 -0.095126 0.172662
0.995522 -0.000073 0.094528
0.922984 0.005474 0.384798
0.000016 1.000000 0.000001
0.000015 1.000000 0.000002
0.000017 1.000000 -0.000000
-0.172663 -0.095107 0.980379
-0.094518 -0.000087 0.995523
-0.384799 0.005496 0.922984
0.000014 1.000000 -0.000002
0.000016 1.000000 -0.000002
0.000016 1.000000 -0.000000
0.000017 1.000000 0.000001
0.000018 1.000000 0.000003
0.000016 1.000000 0.000000
0.172660 -0.095113 -0.980379
0.094530 -0.000058 -0.995522
0.384800 0.005483 -0.922984
0.000016 1.000000 -0.000001
0.000018 1.000000 -0.000003
0.000016 1.000000 -0.000000
-0.962380 -0.209014 -0.173604
-0.995404 -0.000677 -0.095760
-0.923293 0.004094 -0.384075
0.701986 0.274020 0.657365
0.569550 0.634456 0.522569
0.684441 0.251151 0.684444
0.762168 0.595355 0.254270
0.526162 0.803017 0.279853
0.712500 0.544780 0.442220
0.969611 0.188798 0.155594
0.762168 0.595355 0.254270
0.863634 0.342526 0.369882
-0.155591 0.188817 0.969608
-0.254260 0.595371 0.762158
-0.369877 0.342547 0.863628
-0.254260 0.595371 0.762158
-0.279840 0.803030 0.526148
-0.442211 0.544799 0.712491
0.155597 0.188812 -0.969608
0.254280 0.595363 -0.762158
0.369888 0.342534 -0.863628
0.254280 0.595363 -0.762158
0.279866 0.803021 -0.526149
0.442229 0.544784 -0.712491
-0.969605 0.188830 -0.155594
-0.762148 0.595379 -0.254270
-0.863622 0.342554 -0.369882
-0.762148 0.595379 -0.254270
-0.526135 0.803034 -0.279853
-0.712482 0.544803 -0.442220
0.054753 0.982829 -0.176209
0.084855 0.995402 -0.044441
0.114824 0.984190 -0.134854
0.084855 0.995402 -0.044441
0.022926 0.999549 -0.019416
0.114824 0.984190 -0.134854
-0.054721 0.982831 0.176208
-0.084822 0.995404 0.044440
-0.114792 0.984194 0.134854
-0.084822 0.995404 0.044440
-0.022893 0.999549 0.019415
-0.114792 0.984194 0.134854
0.176225 0.982827 0.054737
0.044457 0.995402 0.084839
0.134870 0.984190 0.114808
0.044457 0.995402 0.084839
0.019432 0.999549 0.022909
0.134870 0.984190 0.114808
-0.176193 0.982833 -0.054737
-0.044424 0.995404 -0.084839
-0.134838 0.984194 -0.114808
-0.044424 0.995404 -0.084839
-0.019399 0.999549 -0.022910
-0.134838 0.984194 -0.114808
-0.000886 -0.002145 -0.999997
0.051882 -0.283906 -0.957447
0.028190 -0.266556 -0.963407
0.117371 -0.706327 -0.698088
0.028190 -0.266556 -0.963407
0.051882 -0.283906 -0.957447
-0.444129 -0.583415 -0.679983
-0.518314 -0.566249 -0.640869
-0.654271 -0.159537 -0.739241
-0.444129 -0.583415 -0.679983
-0.273814 -0.801814 -0.531150
-0.518314 -0.566249 -0.640869
0.446130 -0.894944 0.006675
0.691677 -0.722174 0.006867
0.520309 -0.853053 0.039734
0.722734 -0.687683 0.068909
0.911579 -0.411051 0.007746
0.963670 -0.265388 0.030146
-0.722759 -0.687656 -0.068910
-0.911593 -0.411021 -0.007746
-0.963634 -0.265509 -0.030248
-0.691928 -0.721929 -0.007311
-0.520350 -0.853028 -0.039735
-0.445874 -0.895067 -0.007121
-0.068921 -0.687666 0.722748
-0.007752 -0.411036 0.911586
-0.030150 -0.265371 0.963675
-0.007135 -0.895075 0.445859
-0.007324 -0.721940 0.691917
-0.039749 -0.853036 0.520336
-0.163560 -0.607218 -0.777518
-0.243264 -0.847777 -0.471271
-0.273814 -0.801814 -0.531150
-0.471285 -0.847773 0.243250
-0.530610 -0.801922 0.274541
-0.781708 -0.602001 0.162873
0.243225 -0.847797 0.471256
0.274778 -0.801445 0.531210
0.163539 -0.607226 0.777516
0.777506 -0.607237 -0.163549
0.471242 -0.847801 -0.243238
0.531196 -0.801449 -0.274791
0.977930 -0.013479 0.208496
0.995843 0.002279 0.091059
0.923718 0.013319 0.382842
-0.208500 -0.013475 0.977930
-0.091058 0.002298 0.995843
-0.382843 0.013340 0.923717
-0.977931 -0.013447 -0.208496
-0.995843 0.002311 -0.091059
-0.923717 0.013349 -0.382842
0.208003 -0.013200 -0.978039
0.090862 0.001958 -0.995862
0.382842 0.013328 -0.923718
-0.036751 0.280181 -0.959243
-0.073532 0.666948 -0.741467
0.000009 0.260160 -0.965565
0.036760 0.280180 0.959243
0.071747 0.663565 0.744670
-0.000000 0.260161 0.965565
0.380562 -0.000006 0.924756
0.204418 -0.000003 0.978884
0.204418 -0.000003 0.978884
0.204418 -0.000003 0.978884
0.380562 -0.000006 0.924755
0.380562 -0.000006 0.924756
-0.380570 0.000006 0.924752
-0.204427 0.000004 0.978882
-0.204427 0.000004 0.978882
-0.204427 0.000004 0.978882
-0.380570 0.000006 0.924752
-0.380570 0.000006 0.924752
-0.679402 -0.722565 0.127716
-0.693238 -0.707135 0.139214
-0.569437 -0.719543 0.397492
-0.836409 0.000014 0.548106
-0.836409 0.000014 0.548106
-0.707110 0.000012 0.707103
-0.707110 0.000012 0.707103
-0.707110 0.000012 0.707103
-0.836409 0.000014 0.548106
0.836409 -0.000014 -0.548106
0.836409 -0.000014 -0.548106
0.707110 -0.000012 -0.707103
0.707110 -0.000012 -0.707103
0.707110 -0.000012 -0.707103
0.836409 -0.000014 -0.548106
0.784145 0.000820 0.620577
0.845599 0.080392 0.527731
0.926780 -0.001281 0.375603
-0.184660 0.000003 -0.982802
-0.184660 0.000003 -0.982802
-0.369970 0.000006 -0.929043
-0.369970 0.000006 -0.929043
-0.375594 -0.001260 -0.926783
-0.184660 0.000003 -0.982802
-0.487072 -0.848472 -0.207018
-0.397988 -0.890648 -0.219891
-0.424946 -0.895770 -0.130452
-0.415162 -0.852702 -0.317081
-0.397988 -0.890648 -0.219891
-0.487072 -0.848472 -0.207018
-0.088216 0.996078 -0.006856
-0.157995 0.987409 0.007789
-0.167335 0.982574 0.080917
0.088248 0.996075 0.006855
0.158027 0.987404 -0.007790
0.167367 0.982568 -0.080918
0.006872 0.996076 -0.088232
-0.008530 0.988203 -0.152915
-0.080511 0.982554 -0.167649
0.256758 -0.741480 0.619905
0.113009 -0.720339 0.684354
0.402139 -0.720387 0.565090
-0.256782 -0.741472 -0.619905
-0.113033 -0.720336 -0.684354
-0.402163 -0.720374 -0.565089
0.332335 0.880018 0.339297
0.225664 0.947712 0.225650
0.225664 0.947712 0.225650
0.225664 0.947712 0.225650
0.336216 0.879730 0.336204
0.332335 0.880018 0.339297
-0.332307 0.880028 -0.339297
-0.225632 0.947719 -0.225650
-0.225632 0.947719 -0.225650
-0.225632 0.947719 -0.225650
-0.336187 0.879741 -0.336205
-0.332307 0.880028 -0.339297
-0.225635 0.947719 0.225648
-0.335257 0.883073 0.328305
-0.331355 0.883403 0.331366
-0.331355 0.883403 0.331366
-0.225635 0.947719 0.225648
-0.225635 0.947719 0.225648
0.225666 0.947712 -0.225648
0.335286 0.883062 -0.328306
0.331384 0.883392 -0.331367
0.331384 0.883392 -0.331367
0.225666 0.947712 -0.225648
0.225666 0.947712 -0.225648
-0.409306 0.895313 -0.175737
-0.415758 0.849899 -0.323754
-0.450308 0.858461 -0.245494
-0.504892 0.849699 -0.151971
-0.409306 0.895313 -0.175737
-0.450308 0.858461 -0.245494
0.409335 0.895300 0.175736
0.415786 0.849886 0.323754
0.450336 0.858446 0.245494
0.504920 0.849683 0.151971
0.409335 0.895300 0.175736
0.450336 0.858446 0.245494
-0.151957 0.849694 0.504905
-0.175722 0.895309 0.409320
-0.245480 0.858458 0.450322
-0.175722 0.895309 0.409320
-0.323740 0.849898 0.415772
-0.245480 0.858458 0.450322
0.151985 0.849688 -0.504906
0.175751 0.895303 -0.409321
0.245508 0.858450 -0.450322
0.175751 0.895303 -0.409321
0.323768 0.849887 -0.415772
0.245508 0.858450 -0.450322
0.831467 -0.000014 0.555574
0.831467 -0.000014 0.555574
0.980786 -0.000016 0.195086
0.980786 -0.000016 0.195086
0.980784 -0.000016 0.195095
0.831467 -0.000014 0.555574
-0.831467 0.000014 -0.555574
-0.831467 0.000014 -0.555574
-0.980785 0.000016 -0.195094
-0.980785 0.000016 -0.195094
-0.980785 0.000016 -0.195094
-0.831467 0.000014 -0.555574
-0.221310 -0.932948 -0.283955
-0.129763 -0.961903 -0.240632
-0.195640 -0.962051 -0.190220
-0.241309 -0.961221 -0.133506
-0.318342 -0.931481 -0.176073
-0.270030 -0.931602 -0.243313
-0.270030 -0.931602 -0.243313
-0.195640 -0.962051 -0.190220
-0.241309 -0.961221 -0.133506
-0.172663 -0.095107 0.980379
-0.000005 -0.006465 0.999979
-0.000005 -0.006497 0.999979
0.000021 1.000000 -0.000001
0.000025 1.000000 0.000001
0.000017 1.000000 0.000006
0.195085 -0.000003 0.980786
0.195085 -0.000003 0.980786
0.555566 -0.000009 0.831473
0.555566 -0.000009 0.831473
0.555566 -0.000009 0.831473
0.195085 -0.000003 0.980786
-0.195085 0.000003 -0.980786
-0.195085 0.000003 -0.980786
-0.555566 0.000009 -0.831473
-0.555566 0.000009 -0.831473
-0.555566 0.000009 -0.831473
-0.195085 0.000003 -0.980786
-0.980786 0.000016 0.195085
-0.980786 0.000016 0.195085
-0.831473 0.000014 0.555566
-0.831473 0.000014 0.555566
-0.831473 0.000014 0.555566
-0.980786 0.000016 0.195085
0.980786 -0.000016 -0.195085
0.980786 -0.000016 -0.195085
0.832276 -0.000976 -0.554361
0.832276 -0.000976 -0.554361
0.832295 -0.000014 -0.554332
0.980786 -0.000016 -0.195085
-0.555574 0.000009 0.831467
-0.555574 0.000009 0.831467
-0.195094 0.000003 0.980785
-0.195094 0.000003 0.980785
-0.195094 0.000003 0.980784
-0.555574 0.000009 0.831467
-0.309108 -0.895283 0.320812
-0.210857 -0.894439 0.394357
-0.289087 -0.852611 0.435296
-0.289087 -0.852611 0.435296
-0.210857 -0.894439 0.394357
-0.200359 -0.848248 0.490236
0.320789 -0.895299 0.309086
0.394333 -0.894455 0.210837
0.435264 -0.852636 0.289062
0.435264 -0.852636 0.289062
0.394333 -0.894455 0.210837
0.490207 -0.848270 0.200337
0.289048 -0.852634 -0.435278
0.210822 -0.894452 -0.394347
0.200323 -0.848265 -0.490221
0.309071 -0.895299 -0.320803
0.210822 -0.894452 -0.394347
0.289048 -0.852634 -0.435278
-0.836409 0.000014 0.548106
-0.836409 0.000014 0.548106
-0.929044 0.000015 0.369970
-0.929044 0.000015 0.369970
-0.929043 0.000015 0.369970
-0.836409 0.000014 0.548106
-0.022409 -0.217470 -0.975810
-0.006228 -0.458346 -0.888752
-0.062517 -0.650669 -0.756783
-0.046741 -0.852790 -0.520158
-0.007762 -0.768133 -0.640244
-0.007594 -0.896367 -0.443248
0.982802 -0.000016 -0.184660
0.982802 -0.000016 -0.184660
1.000000 -0.000016 0.000005
1.000000 -0.000016 0.000005
1.000000 -0.000016 0.000005
0.982802 -0.000016 -0.184660
0.705967 -0.004007 -0.708233
0.658393 -0.337991 -0.672519
0.645727 -0.273973 -0.712724
0.743249 -0.229675 -0.628355
0.658393 -0.337991 -0.672519
0.705967 -0.004007 -0.708233
-0.196145 0.000003 -0.980575
-0.196145 0.000003 -0.980575
-0.552706 0.000009 -0.833376
-0.552706 0.000009 -0.833376
-0.552706 0.000009 -0.833376
-0.196145 0.000003 -0.980575
0.196154 -0.000003 -0.980573
0.196154 -0.000003 -0.980573
0.552714 -0.000009 -0.833371
0.552714 -0.000009 -0.833371
0.552714 -0.000009 -0.833371
0.196154 -0.000003 -0.980573
0.833376 -0.000014 -0.552706
0.833376 -0.000014 -0.552706
0.980575 -0.000016 -0.196145
0.980575 -0.000016 -0.196145
0.980575 -0.000016 -0.196145
0.833376 -0.000014 -0.552706
0.552706 -0.000009 0.833376
0.552706 -0.000009 0.833376
0.196145 -0.000003 0.980575
0.196145 -0.000003 0.980575
0.196145 -0.000003 0.980575
0.552706 -0.000009 0.833376
-0.833376 0.000014 0.552706
-0.833376 0.000014 0.552706
-0.980575 0.000016 0.196145
-0.980575 0.000016 0.196145
-0.980575 0.000016 0.196145
-0.833376 0.000014 0.552706
-0.040736 0.995614 0.084219
-0.124842 0.984410 0.123902
-0.019399 0.999549 0.022909
-0.040736 0.995614 0.084219
-0.167335 0.982574 0.080917
-0.124842 0.984410 0.123902
0.084236 0.995612 0.040752
0.080934 0.982570 0.167350
0.123918 0.984406 0.124858
0.084236 0.995612 0.040752
0.123918 0.984406 0.124858
0.022926 0.999549 0.019415
0.040768 0.995613 -0.084220
0.124875 0.984406 -0.123902
0.019432 0.999549 -0.022910
0.040768 0.995613 -0.084220
0.167367 0.982568 -0.080918
0.124875 0.984406 -0.123902
-0.084203 0.995615 -0.040752
-0.123886 0.984410 -0.124859
-0.022893 0.999549 -0.019416
-0.084203 0.995615 -0.040752
-0.080511 0.982554 -0.167649
-0.123886 0.984410 -0.124859
0.000002 1.000000 -0.000002
-0.000007 1.000000 -0.000000
-0.000008 1.000000 0.000000
-0.000001 1.000000 -0.000993
-0.171769 -0.006353 -0.985117
-0.002068 0.000412 -0.999998
0.000034 1.000000 0.000993
0.171772 -0.006351 0.985116
0.002068 0.000411 0.999998
0.000031 1.000000 0.000003
0.000040 1.000000 0.000001
0.000040 1.000000 0.000001
-0.000960 1.000000 0.000017
-0.985116 -0.006349 0.171773
-0.999998 0.000430 0.002068
0.000014 1.000000 0.000014
0.000016 1.000000 0.000024
0.000016 1.000000 0.000024
0.001015 1.000000 -0.000018
0.985116 -0.006381 -0.171773
0.999998 0.000395 -0.002068
0.000002 1.000000 -0.000003
-0.000007 1.000000 -0.000000
-0.000008 1.000000 0.000001
0.000014 1.000000 0.000002
0.000013 1.000000 0.000002
0.000016 1.000000 0.000000
0.341452 0.009471 0.939851
0.171772 -0.006351 0.985116
0.453288 -0.008142 0.891327
0.939852 0.009461 -0.341452
0.985116 -0.006381 -0.171773
0.891328 -0.008150 -0.453286
0.000018 1.000000 0.000002
0.000018 1.000000 0.000004
0.000015 1.000000 0.000000
-0.341451 0.009482 -0.939852
-0.171769 -0.006353 -0.985117
-0.453284 -0.008127 -0.891329
0.000019 1.000000 -0.000001
0.000020 1.000000 -0.000001
0.000017 1.000000 0.000002
-0.939851 0.009492 0.341452
-0.985116 -0.006349 0.171773
-0.891328 -0.008120 0.453286
0.000015 1.000000 -0.000003
0.000014 1.000000 -0.000004
0.000019 1.000000 -0.000000
0.371452 -0.336754 -0.865229
0.339921 -0.616470 -0.710224
0.174102 -0.325616 -0.929335
0.442725 -0.586455 -0.678281
0.339921 -0.616470 -0.710224
0.371452 -0.336754 -0.865229
0.865223 -0.336762 0.371457
0.710214 -0.616476 0.339931
0.929329 -0.325628 0.174108
0.678272 -0.586459 0.442735
0.710214 -0.616476 0.339931
0.865223 -0.336762 0.371457
-0.442748 -0.586434 0.678285
-0.339943 -0.616451 0.710230
-0.371463 -0.336741 0.865229
-0.371463 -0.336741 0.865229
-0.339943 -0.616451 0.710230
-0.174113 -0.325610 0.929335
0.000017 0.990087 -0.140457
0.000017 0.990087 -0.140457
0.000017 0.960346 -0.278811
0.000017 0.960346 -0.278811
0.000017 0.960346 -0.278810
0.000017 0.990087 -0.140457
0.008260 0.897424 0.441091
0.007056 0.726532 0.687096
0.045437 0.854248 0.517877
0.064918 0.656581 0.751457
0.007118 0.411859 0.911220
0.024227 0.213187 0.976711
-0.006945 0.899948 -0.435941
-0.006373 0.726897 -0.686717
-0.045409 0.854249 -0.517877
-0.064897 0.656583 -0.751457
-0.007104 0.411858 -0.911220
-0.024220 0.213187 -0.976711
0.356829 0.867840 0.345727
0.415786 0.849886 0.323754
0.347554 0.897592 0.271174
0.347554 0.897592 0.271174
0.239918 0.940725 0.239740
0.356829 0.867840 0.345727
-0.356800 0.867851 -0.345728
-0.415758 0.849899 -0.323754
-0.347524 0.897603 -0.271174
-0.347524 0.897603 -0.271174
-0.239887 0.940733 -0.239741
-0.356800 0.867851 -0.345728
0.345742 0.867840 -0.356815
0.323768 0.849887 -0.415772
0.271189 0.897593 -0.347539
0.271189 0.897593 -0.347539
0.239756 0.940725 -0.239903
0.345742 0.867840 -0.356815
-0.345713 0.867851 0.356814
-0.323740 0.849898 0.415772
-0.271159 0.897602 0.347539
-0.271159 0.897602 0.347539
-0.239725 0.940733 0.239902
-0.345713 0.867851 0.356814
-0.137023 0.895968 -0.422453
-0.158021 0.847056 -0.507469
-0.246137 0.852754 -0.460681
-0.246137 0.852754 -0.460681
-0.217022 0.896362 -0.386571
-0.137023 0.895968 -0.422453
-0.309456 0.877367 -0.366694
-0.217022 0.896362 -0.386571
-0.246137 0.852754 -0.460681
0.422467 0.895959 -0.137038
0.507483 0.847046 -0.158035
0.460695 0.852743 -0.246151
0.460695 0.852743 -0.246151
0.386585 0.896352 -0.217037
0.422467 0.895959 -0.137038
0.366708 0.877356 -0.309470
0.386585 0.896352 -0.217037
0.460695 0.852743 -0.246151
-0.422438 0.895973 0.137038
-0.507455 0.847062 0.158035
-0.460666 0.852758 0.246151
-0.460666 0.852758 0.246151
-0.386556 0.896365 0.217036
-0.422438 0.895973 0.137038
-0.366679 0.877368 0.309470
-0.386556 0.896365 0.217036
-0.460666 0.852758 0.246151
0.137053 0.895964 0.422452
0.158049 0.847051 0.507468
0.246165 0.852746 0.460680
0.246165 0.852746 0.460680
0.217051 0.896355 0.386570
0.137053 0.895964 0.422452
0.309484 0.877357 0.366693
0.217051 0.896355 0.386570
0.246165 0.852746 0.460680
-0.414385 0.000315 -0.910102
-0.137978 -0.002884 -0.990431
-0.160840 -0.205495 -0.965351
0.000014 1.000000 0.000002
0.000016 1.000000 0.000001
0.000016 1.000000 0.000001
0.000016 1.000000 -0.000000
0.000015 1.000000 -0.000000
0.000015 1.000000 -0.000003
0.910455 0.001639 -0.413606
0.990431 -0.002917 -0.137978
0.965347 -0.205514 -0.160837
0.000016 1.000000 -0.000000
0.000017 1.000000 -0.000002
0.000019 1.000000 -0.000001
0.413603 0.001647 0.910456
0.137975 -0.002888 0.990432
0.160833 -0.205500 0.965351
-0.909995 0.000625 0.414619
-0.990481 -0.002907 0.137619
-0.970923 -0.173526 0.164915
0.000018 1.000000 0.000002
0.000017 1.000000 0.000000
0.000019 1.000000 -0.000000
0.645693 -0.752854 -0.127633
0.759820 -0.647794 -0.055095
0.520131 -0.852808 -0.046724
0.691677 -0.722174 0.006867
0.692552 -0.721355 -0.004460
0.759820 -0.647794 -0.055095
-0.007324 -0.721940 0.691917
0.004931 -0.721109 0.692804
0.055085 -0.647782 0.759831
0.046711 -0.852800 0.520145
0.127621 -0.752846 0.645706
0.055085 -0.647782 0.759831
-0.691928 -0.721929 -0.007311
-0.692815 -0.721098 0.004942
-0.759846 -0.647764 0.055096
0.369979 -0.000006 -0.929040
0.369979 -0.000006 -0.929040
0.184669 -0.000003 -0.982801
0.184669 -0.000003 -0.982801
0.184669 -0.000003 -0.982801
0.369979 -0.000006 -0.929040
-0.296869 0.954918 -0.000002
-0.291896 0.956395 -0.010228
-0.441077 0.897432 -0.008249
-0.441077 0.897432 -0.008249
-0.437266 0.899332 -0.000002
-0.296869 0.954918 -0.000002
0.296900 0.954908 0.000001
0.291927 0.956386 0.010228
0.441106 0.897417 0.008249
0.441106 0.897417 0.008249
0.437296 0.899318 0.000002
0.296900 0.954908 0.000001
0.010244 0.956390 -0.291911
0.008264 0.897424 -0.441092
0.000017 0.899325 -0.437281
0.000017 0.899325 -0.437281
0.000017 0.954913 -0.296885
0.010244 0.956390 -0.291911
-0.010212 0.956391 0.291911
-0.008234 0.897425 0.441091
0.000013 0.899325 0.437281
0.000013 0.899325 0.437281
0.000014 0.954913 0.296884
-0.010212 0.956391 0.291911
-0.441077 0.897432 0.008245
-0.291598 0.956499 0.008918
-0.296869 0.954918 -0.000002
-0.296869 0.954918 -0.000002
-0.437266 0.899332 -0.000002
-0.441077 0.897432 0.008245
0.008260 0.897424 0.441091
0.008934 0.956494 0.291614
0.000014 0.954913 0.296884
0.000014 0.954913 0.296884
0.000013 0.899325 0.437281
0.008260 0.897424 0.441091
0.498441 -0.712596 -0.493724
0.664995 -0.403141 -0.628696
0.628219 -0.592352 -0.504440
0.459667 -0.665722 -0.587810
0.658393 -0.337991 -0.672519
0.498441 -0.712596 -0.493724
0.587799 -0.665724 0.459678
0.672513 -0.337991 0.658398
0.493712 -0.712595 0.498453
0.493712 -0.712595 0.498453
0.628690 -0.403140 0.665002
0.504431 -0.592350 0.628229
-0.459684 -0.665708 0.587813
-0.658404 -0.337969 0.672519
-0.498466 -0.712577 0.493727
-0.498466 -0.712577 0.493727
-0.665008 -0.403118 0.628697
-0.627613 -0.592364 0.505180
-0.441077 0.897432 0.008245
-0.686526 0.727058 0.008261
-0.517863 0.854257 0.045423
-0.751446 0.656594 0.064908
-0.915095 0.403176 0.007138
-0.976714 0.213198 0.023995
-0.141568 -0.983376 0.113710
-0.161919 -0.965117 0.205745
-0.223412 -0.960954 0.163265
0.113694 -0.983380 0.141552
0.205729 -0.965123 0.161903
0.163249 -0.960960 0.223396
0.141536 -0.983381 -0.113709
0.161887 -0.965122 -0.205745
0.223380 -0.960961 -0.163264
-0.344473 0.576690 -0.740788
-0.244804 0.594597 -0.765850
-0.213582 0.152500 -0.964949
-0.344473 0.576690 -0.740788
-0.278163 0.803771 -0.525907
-0.244804 0.594597 -0.765850
0.740798 0.576672 -0.344483
0.765859 0.594580 -0.244814
0.964951 0.152481 -0.213585
0.740798 0.576672 -0.344483
0.525920 0.803757 -0.278176
0.765859 0.594580 -0.244814
-0.740779 0.576697 0.344483
-0.765840 0.594605 0.244814
-0.964946 0.152512 0.213585
-0.740779 0.576697 0.344483
-0.525894 0.803775 0.278176
-0.765840 0.594605 0.244814
0.344492 0.576679 0.740788
0.244824 0.594589 0.765849
0.213587 0.152493 0.964949
0.344492 0.576679 0.740788
0.278189 0.803762 0.525907
0.244824 0.594589 0.765849
-0.077173 -0.996067 -0.043517
-0.032572 -0.999469 -0.000558
-0.090441 -0.995834 0.011663
-0.256219 0.963486 -0.077755
-0.203970 0.964693 -0.166624
-0.286574 0.932462 -0.219978
-0.203970 0.964693 -0.166624
-0.134838 0.984194 -0.114808
-0.239887 0.940733 -0.239741
-0.166608 0.964693 0.203985
-0.114792 0.984194 0.134854
-0.239725 0.940733 0.239902
-0.077739 0.963483 0.256235
-0.166608 0.964693 0.203985
-0.219962 0.932461 0.286589
0.256251 0.963478 0.077755
0.204001 0.964686 0.166624
0.286605 0.932453 0.219977
0.204001 0.964686 0.166624
0.134870 0.984190 0.114808
0.239918 0.940725 0.239740
0.166640 0.964687 -0.203986
0.114824 0.984190 -0.134854
0.239756 0.940725 -0.239903
0.077771 0.963481 -0.256235
0.166640 0.964687 -0.203986
0.219993 0.932454 -0.286590
-0.140441 0.990089 -0.000001
-0.140441 0.990089 -0.000001
-0.278795 0.960351 -0.000002
-0.278795 0.960351 -0.000002
-0.278794 0.960351 -0.000002
-0.140441 0.990089 -0.000001
-0.929040 0.000015 -0.369979
-0.926780 -0.001251 -0.375603
-0.845596 0.080419 -0.527731
-0.847779 -0.391088 -0.358220
-0.962380 -0.209014 -0.173604
-0.930975 -0.082892 -0.355547
-0.847779 -0.391088 -0.358220
-0.835763 -0.183919 -0.517373
-0.692655 -0.597666 -0.403763
0.751468 0.656569 -0.064908
0.911531 0.411148 -0.008323
0.976715 0.213171 -0.024224
-0.054721 0.982831 0.176208
-0.003653 0.987393 0.158245
0.008871 0.996351 0.084885
-0.054721 0.982831 0.176208
-0.077739 0.963483 0.256235
-0.003653 0.987393 0.158245
0.000542 -0.999470 0.032556
0.045008 -0.995956 0.077761
-0.015309 -0.996151 0.086307
-0.032572 -0.999469 0.000559
-0.077777 -0.995954 0.045025
-0.086323 -0.996150 -0.015292
0.032540 -0.999470 -0.000558
0.077744 -0.995956 -0.045024
0.086290 -0.996153 0.015293
-0.000575 -0.999470 0.032556
0.011647 -0.995835 0.090425
-0.043953 -0.995984 0.077994
-0.043953 -0.995984 0.077994
-0.077777 -0.995954 0.045025
-0.032572 -0.999469 0.000559
-0.032572 -0.999469 0.000559
-0.000575 -0.999470 0.032556
-0.043953 -0.995984 0.077994
0.043920 -0.995986 -0.077994
0.077744 -0.995956 -0.045024
0.032540 -0.999470 -0.000558
0.032540 -0.999470 -0.000558
0.000542 -0.999470 -0.032556
0.043920 -0.995986 -0.077994
0.000542 -0.999470 -0.032556
-0.011679 -0.995835 -0.090424
0.043920 -0.995986 -0.077994
0.032540 -0.999470 0.000559
0.090408 -0.995837 -0.011663
0.077978 -0.995986 0.043937
0.077978 -0.995986 0.043937
0.045008 -0.995956 0.077761
0.000542 -0.999470 0.032556
0.000542 -0.999470 0.032556
0.032540 -0.999470 0.000559
0.077978 -0.995986 0.043937
-0.241309 -0.961221 -0.133506
-0.164417 -0.982965 -0.082136
-0.255992 -0.964360 -0.066924
0.142504 -0.847988 -0.510499
0.067406 -0.687069 -0.723459
0.117371 -0.706327 -0.698088
0.117371 -0.706327 -0.698088
0.200323 -0.848265 -0.490221
0.142504 -0.847988 -0.510499
0.510485 -0.847994 0.142518
0.698076 -0.706336 0.117383
0.490207 -0.848270 0.200337
0.510485 -0.847994 0.142518
0.722734 -0.687683 0.068909
0.698076 -0.706336 0.117383
-0.698103 -0.706310 -0.117381
-0.510527 -0.847968 -0.142522
-0.722759 -0.687656 -0.068910
-0.698103 -0.706310 -0.117381
-0.487072 -0.848472 -0.207018
-0.510527 -0.847968 -0.142522
-0.142536 -0.847974 0.510513
-0.068921 -0.687666 0.722748
-0.117393 -0.706319 0.698092
-0.142536 -0.847974 0.510513
-0.117393 -0.706319 0.698092
-0.200359 -0.848248 0.490236
-0.753561 -0.200225 0.626143
-0.707536 -0.001047 0.706677
-0.707110 -0.001989 0.707101
0.628352 -0.229673 0.743253
0.706677 -0.001070 0.707535
0.707103 -0.002013 0.707108
-0.000575 -0.999470 -0.032556
-0.048604 -0.995776 -0.077898
0.014377 -0.996148 -0.086503
-0.077173 -0.996067 -0.043517
-0.048604 -0.995776 -0.077898
-0.000575 -0.999470 -0.032556
-0.000575 -0.999470 -0.032556
-0.032572 -0.999469 -0.000558
-0.077173 -0.996067 -0.043517
-0.416594 -0.893894 0.165540
-0.300316 -0.939880 0.162588
-0.375226 -0.893786 0.245667
-0.471285 -0.847773 0.243250
-0.416594 -0.893894 0.165540
-0.375226 -0.893786 0.245667
-0.243264 -0.847777 -0.471271
-0.165555 -0.893898 -0.416579
-0.245682 -0.893788 -0.375211
-0.165555 -0.893898 -0.416579
-0.166594 -0.932239 -0.321211
-0.245682 -0.893788 -0.375211
0.471242 -0.847801 -0.243238
0.416554 -0.893913 -0.165536
0.375188 -0.893804 -0.245661
0.416554 -0.893913 -0.165536
0.300283 -0.939891 -0.162586
0.375188 -0.893804 -0.245661
0.243225 -0.847797 0.471256
0.165521 -0.893909 0.416569
0.245646 -0.893801 0.375203
0.165521 -0.893909 0.416569
0.162571 -0.939889 0.300299
0.245646 -0.893801 0.375203
0.836409 -0.000014 -0.548106
0.836409 -0.000014 -0.548106
0.929044 -0.000015 -0.369970
0.929044 -0.000015 -0.369970
0.929043 -0.000015 -0.369970
0.836409 -0.000014 -0.548106
-0.129763 -0.961903 -0.240632
-0.067796 -0.962206 -0.263748
-0.044515 -0.983045 -0.177878
-0.044515 -0.983045 -0.177878
-0.088920 -0.983448 -0.157870
-0.129763 -0.961903 -0.240632
0.628352 -0.229673 0.743253
0.707104 -0.002013 0.707107
0.637076 0.002120 0.770798
0.743249 -0.229675 -0.628355
0.707107 -0.002013 -0.707104
0.770798 0.002117 -0.637076
-0.753561 -0.200225 0.626143
-0.707108 -0.001989 0.707103
-0.771399 0.000695 0.636351
0.520131 -0.852808 -0.046724
0.692552 -0.721355 -0.004460
0.443232 -0.896375 -0.007577
0.759820 -0.647794 -0.055095
0.692552 -0.721355 -0.004460
0.520131 -0.852808 -0.046724
0.046711 -0.852800 0.520145
0.004931 -0.721109 0.692804
0.008027 -0.896513 0.442945
0.046711 -0.852800 0.520145
0.055085 -0.647782 0.759831
0.004931 -0.721109 0.692804
0.516238 0.855209 0.046000
0.730355 0.683012 0.008720
0.441106 0.897417 0.008249
0.714250 0.696598 0.067809
0.967982 0.250909 0.007490
0.730355 0.683012 0.008720
-0.045986 0.855218 0.516224
-0.008709 0.683024 0.730344
-0.008234 0.897425 0.441091
-0.067798 0.696611 0.714238
-0.007486 0.250925 0.967977
-0.008709 0.683024 0.730344
-0.516210 0.855226 -0.046001
-0.730333 0.683036 -0.008721
-0.441077 0.897432 -0.008249
-0.714227 0.696622 -0.067810
-0.967973 0.250941 -0.007490
-0.730333 0.683036 -0.008721
0.046014 0.855216 -0.516225
0.008732 0.683024 -0.730344
0.008264 0.897424 -0.441092
0.067821 0.696609 -0.714238
0.007494 0.250925 -0.967978
0.008732 0.683024 -0.730344
0.282052 -0.798713 -0.531512
0.339921 -0.616470 -0.710224
0.442725 -0.586455 -0.678281
0.282052 -0.798713 -0.531512
0.442725 -0.586455 -0.678281
0.369361 -0.804704 -0.464784
0.531499 -0.798717 0.282065
0.678272 -0.586459 0.442735
0.464771 -0.804705 0.369374
0.531499 -0.798717 0.282065
0.710214 -0.616476 0.339931
0.678272 -0.586459 0.442735
-0.282088 -0.798688 0.531530
-0.442748 -0.586434 0.678285
-0.369401 -0.804675 0.464802
-0.282088 -0.798688 0.531530
-0.339943 -0.616451 0.710230
-0.442748 -0.586434 0.678285
-0.692655 -0.597666 -0.403763
-0.631883 -0.589388 -0.503334
-0.468558 -0.799480 -0.375879
-0.631883 -0.589388 -0.503334
-0.485218 -0.724117 -0.490120
-0.468558 -0.799480 -0.375879
0.004007 0.937004 -0.349297
-0.006945 0.899948 -0.435941
-0.078800 0.895309 -0.438420
-0.023181 0.963053 -0.268313
-0.006945 0.899948 -0.435941
0.004007 0.937004 -0.349297
0.007806 0.987407 0.158011
-0.000361 0.999450 0.033172
0.000016 0.999298 0.037454
0.000016 0.999298 0.037454
0.000016 0.988729 0.149719
0.007806 0.987407 0.158011
-0.008530 0.988203 -0.152915
0.000394 0.999450 -0.033173
0.000017 0.999298 -0.037455
0.000017 0.999298 -0.037455
0.001154 0.988855 -0.148874
-0.008530 0.988203 -0.152915
0.158027 0.987404 -0.007790
0.033189 0.999449 0.000377
0.037471 0.999298 -0.000000
0.037471 0.999298 -0.000000
0.149735 0.988726 0.000000
0.158027 0.987404 -0.007790
-0.157995 0.987409 0.007789
-0.033156 0.999450 -0.000378
-0.037438 0.999299 -0.000000
-0.037438 0.999299 -0.000000
-0.149703 0.988731 -0.000001
-0.157995 0.987409 0.007789
-0.033156 0.999450 0.000377
-0.158229 0.987396 -0.003670
-0.149703 0.988731 -0.000001
-0.149703 0.988731 -0.000001
-0.037438 0.999299 -0.000000
-0.033156 0.999450 0.000377
0.033189 0.999449 -0.000378
0.158261 0.987390 0.003669
0.149735 0.988726 0.000000
0.149735 0.988726 0.000000
0.037471 0.999298 -0.000000
0.033189 0.999449 -0.000378
-0.000361 0.999450 -0.033173
0.003686 0.987393 -0.158245
0.000017 0.988729 -0.149719
0.000017 0.988729 -0.149719
0.000017 0.999298 -0.037455
-0.000361 0.999450 -0.033173
0.000394 0.999450 0.033172
-0.003653 0.987393 0.158245
0.000016 0.988729 0.149719
0.000016 0.988729 0.149719
0.000016 0.999298 0.037454
0.000394 0.999450 0.033172
0.006046 0.907714 -0.419545
0.000017 0.960346 -0.278810
0.000017 0.960346 -0.278811
0.000017 0.960346 -0.278811
0.000017 0.907429 -0.420206
0.006046 0.907714 -0.419545
-0.412282 0.911037 0.006017
-0.278794 0.960351 -0.000002
-0.278795 0.960351 -0.000002
-0.278795 0.960351 -0.000002
-0.411565 0.911381 -0.000002
-0.412282 0.911037 0.006017
0.419560 0.907708 -0.006027
0.420220 0.907422 0.000002
0.278826 0.960342 0.000001
0.278826 0.960342 0.000001
0.278826 0.960342 0.000001
0.419560 0.907708 -0.006027
-0.006006 0.911030 0.412296
0.000013 0.911374 0.411579
0.000014 0.960346 0.278810
0.000014 0.960346 0.278810
0.000014 0.960346 0.278810
-0.006006 0.911030 0.412296
-0.176193 0.982833 -0.054737
-0.158229 0.987396 -0.003670
-0.084869 0.996353 0.008854
-0.176193 0.982833 -0.054737
-0.256219 0.963486 -0.077755
-0.158229 0.987396 -0.003670
0.054753 0.982829 -0.176209
0.003686 0.987393 -0.158245
-0.008838 0.996352 -0.084886
0.054753 0.982829 -0.176209
0.077771 0.963481 -0.256235
0.003686 0.987393 -0.158245
0.176225 0.982827 0.054737
0.158261 0.987390 0.003669
0.084902 0.996350 -0.008855
0.176225 0.982827 0.054737
0.256251 0.963478 0.077755
0.158261 0.987390 0.003669
-0.924755 0.000015 0.380562
-0.839226 0.000014 0.543783
-0.839226 0.000014 0.543783
-0.839226 0.000014 0.543783
-0.924755 0.000015 0.380562
-0.924755 0.000015 0.380562
-0.380570 0.000006 0.924752
-0.543791 0.000009 0.839221
-0.543791 0.000009 0.839221
-0.543791 0.000009 0.839221
-0.380570 0.000006 0.924752
-0.380570 0.000006 0.924752
0.380562 -0.000006 0.924755
0.543783 -0.000009 0.839226
0.543783 -0.000009 0.839226
0.543783 -0.000009 0.839226
0.380562 -0.000006 0.924756
0.380562 -0.000006 0.924755
0.924755 -0.000015 -0.380562
0.839226 -0.000014 -0.543783
0.839226 -0.000014 -0.543783
0.839226 -0.000014 -0.543783
0.924755 -0.000015 -0.380562
0.924755 -0.000015 -0.380562
-0.080511 0.982554 -0.167649
-0.023181 0.963053 -0.268313
-0.082917 0.964352 -0.251295
-0.291598 0.956499 0.008918
-0.441077 0.897432 0.008245
-0.357477 0.933448 0.029748
-0.357477 0.933448 0.029748
-0.253601 0.963944 0.080614
-0.291598 0.956499 0.008918
0.029764 0.933442 0.357492
0.080630 0.963938 0.253617
0.008934 0.956494 0.291614
0.008934 0.956494 0.291614
0.008260 0.897424 0.441091
0.029764 0.933442 0.357492
-0.184669 0.000003 0.982801
-0.369979 0.000006 0.929040
-0.369979 0.000006 0.929040
-0.369979 0.000006 0.929040
-0.184669 0.000003 0.982801
-0.184669 0.000003 0.982801
0.863634 0.342526 0.369882
0.712500 0.544780 0.442220
0.738768 0.209729 0.640497
0.762168 0.595355 0.254270
0.712500 0.544780 0.442220
0.863634 0.342526 0.369882
-0.369877 0.342547 0.863628
-0.442211 0.544799 0.712491
-0.640493 0.209752 0.738764
-0.254260 0.595371 0.762158
-0.442211 0.544799 0.712491
-0.369877 0.342547 0.863628
0.254280 0.595363 -0.762158
0.442229 0.544784 -0.712491
0.369888 0.342534 -0.863628
0.369888 0.342534 -0.863628
0.442229 0.544784 -0.712491
0.640500 0.209730 -0.738764
-0.762148 0.595379 -0.254270
-0.712482 0.544803 -0.442220
-0.863622 0.342554 -0.369882
-0.863622 0.342554 -0.369882
-0.712482 0.544803 -0.442220
-0.738761 0.209753 -0.640497
0.000006 1.000000 0.000000
0.000012 1.000000 0.000001
0.000012 1.000000 0.000001
0.000017 1.000000 0.000010
0.000017 1.000000 0.000004
0.000016 1.000000 0.000004
0.965347 -0.205514 -0.160837
0.999986 -0.005280 0.000005
0.999997 -0.002161 -0.000886
0.160833 -0.205500 0.965351
-0.000005 -0.005264 0.999986
0.000886 -0.002145 0.999997
0.000006 1.000000 0.000000
0.000012 1.000000 0.000000
0.000013 1.000000 -0.000000
0.000027 1.000000 0.000001
0.000021 1.000000 0.000000
0.000020 1.000000 0.000001
-0.160840 -0.205495 -0.965351
0.000005 -0.005264 -0.999986
-0.000886 -0.002145 -0.999997
-0.127644 -0.752838 -0.645710
-0.062517 -0.650669 -0.756783
-0.046741 -0.852790 -0.520158
-0.062517 -0.650669 -0.756783
-0.007762 -0.768133 -0.640244
-0.046741 -0.852790 -0.520158
-0.294623 -0.955577 -0.008333
-0.360742 -0.932280 -0.026819
-0.255992 -0.964360 -0.066924
-0.445874 -0.895067 -0.007121
-0.360742 -0.932280 -0.026819
-0.294623 -0.955577 -0.008333
-0.026835 -0.932285 0.360727
-0.008349 -0.955582 0.294607
-0.007135 -0.895075 0.445859
-0.066940 -0.964362 0.255976
-0.008349 -0.955582 0.294607
-0.026835 -0.932285 0.360727
0.026803 -0.932287 -0.360725
0.008318 -0.955582 -0.294607
0.006660 -0.894936 -0.446144
0.066908 -0.964365 -0.255976
0.008318 -0.955582 -0.294607
0.026803 -0.932287 -0.360725
0.255960 -0.964368 0.066925
0.294591 -0.955587 0.008334
0.360710 -0.932292 0.026819
0.360710 -0.932292 0.026819
0.294591 -0.955587 0.008334
0.446130 -0.894944 0.006675
-0.504892 0.849699 -0.151971
-0.775069 0.622871 -0.106299
-0.516210 0.855226 -0.046001
-0.775069 0.622871 -0.106299
-0.504892 0.849699 -0.151971
-0.683577 0.704738 -0.189911
-0.106289 0.622860 0.775079
-0.151957 0.849694 0.504905
-0.189899 0.704730 0.683589
-0.151957 0.849694 0.504905
-0.106289 0.622860 0.775079
-0.045986 0.855218 0.516224
0.106309 0.622856 -0.775080
0.151985 0.849688 -0.504906
0.189923 0.704724 -0.683589
0.151985 0.849688 -0.504906
0.106309 0.622856 -0.775080
0.046014 0.855216 -0.516225
0.504920 0.849683 0.151971
0.775090 0.622846 0.106299
0.516238 0.855209 0.046000
0.775090 0.622846 0.106299
0.504920 0.849683 0.151971
0.683600 0.704716 0.189911
-0.146072 0.603634 -0.783766
-0.115250 0.599087 -0.792346
-0.024220 0.213187 -0.976711
-0.146072 0.603634 -0.783766
-0.278163 0.803771 -0.525907
-0.115250 0.599087 -0.792346
-0.783756 0.603644 0.146082
-0.792336 0.599098 0.115260
-0.976714 0.213198 0.023995
-0.783756 0.603644 0.146082
-0.525894 0.803775 0.278176
-0.792336 0.599098 0.115260
0.783776 0.603618 -0.146082
0.792356 0.599072 -0.115260
0.976715 0.213171 -0.024224
0.783776 0.603618 -0.146082
0.525920 0.803757 -0.278176
0.792356 0.599072 -0.115260
0.146092 0.603629 0.783766
0.278189 0.803762 0.525907
0.115270 0.599084 0.792346
0.146092 0.603629 0.783766
0.115270 0.599084 0.792346
0.024227 0.213187 0.976711
-0.000725 0.007846 0.999969
-0.196154 0.000003 0.980573
-0.196154 0.000003 0.980573
-0.196154 0.000003 0.980573
-0.000725 0.000000 1.000000
-0.000725 0.007846 0.999969
0.999969 0.007829 0.000725
0.980573 -0.000016 0.196154
0.980573 -0.000016 0.196154
0.980573 -0.000016 0.196154
1.000000 -0.000016 0.000725
0.999969 0.007829 0.000725
0.000716 0.000000 1.000000
0.196145 -0.000003 0.980575
0.196145 -0.000003 0.980575
0.196145 -0.000003 0.980575
0.000716 0.007846 0.999969
0.000716 0.000000 1.000000
0.000725 0.007845 -0.999969
0.196154 -0.000003 -0.980573
0.196154 -0.000003 -0.980573
0.196154 -0.000003 -0.980573
0.000725 -0.000000 -1.000000
0.000725 0.007845 -0.999969
-0.999969 0.007862 -0.000725
-0.980573 0.000016 -0.196154
-0.980573 0.000016 -0.196154
-0.980573 0.000016 -0.196154
-1.000000 0.000016 -0.000725
-0.999969 0.007862 -0.000725
-0.705489 0.000012 0.708721
-0.552714 0.000009 0.833371
-0.552714 0.000009 0.833371
-0.552714 0.000009 0.833371
-0.705401 0.015729 0.708634
-0.705489 0.000012 0.708721
-1.000000 0.000016 0.000716
-0.980575 0.000016 0.196145
-0.980575 0.000016 0.196145
-0.980575 0.000016 0.196145
-0.999969 0.007862 0.000716
-1.000000 0.000016 0.000716
-0.708721 0.000011 -0.705489
-0.833371 0.000014 -0.552714
-0.833371 0.000014 -0.552714
-0.833371 0.000014 -0.552714
-0.708634 0.015729 -0.705401
-0.708721 0.000011 -0.705489
-0.000716 -0.000000 -1.000000
-0.196145 0.000003 -0.980575
-0.196145 0.000003 -0.980575
-0.196145 0.000003 -0.980575
-0.000716 0.007845 -0.999969
-0.000716 -0.000000 -1.000000
0.708641 0.015706 -0.705395
0.833376 -0.000014 -0.552706
0.833376 -0.000014 -0.552706
0.833376 -0.000014 -0.552706
0.708728 -0.000012 -0.705482
0.708641 0.015706 -0.705395
0.705489 -0.000012 -0.708721
0.552714 -0.000009 -0.833371
0.552714 -0.000009 -0.833371
0.552714 -0.000009 -0.833371
0.705401 0.015706 -0.708634
0.705489 -0.000012 -0.708721
-0.705394 0.015729 -0.708641
-0.552706 0.000009 -0.833376
-0.552706 0.000009 -0.833376
-0.552706 0.000009 -0.833376
-0.705482 0.000011 -0.708728
-0.705394 0.015729 -0.708641
0.705395 0.015706 0.708641
0.552706 -0.000009 0.833376
0.552706 -0.000009 0.833376
0.552706 -0.000009 0.833376
0.705482 -0.000011 0.708728
0.705395 0.015706 0.708641
-0.708640 0.015730 0.705395
-0.833376 0.000014 0.552706
-0.833376 0.000014 0.552706
-0.833376 0.000014 0.552706
-0.708728 0.000012 0.705482
-0.708640 0.015730 0.705395
0.708721 -0.000011 0.705489
0.833371 -0.000014 0.552714
0.833371 -0.000014 0.552714
0.833371 -0.000014 0.552714
0.708634 0.015706 0.705401
0.708721 -0.000011 0.705489
0.000016 1.000000 -0.000002
0.000016 1.000000 -0.000000
0.000016 1.000000 -0.000000
0.000046 1.000000 0.000002
0.000047 1.000000 -0.000000
0.000041 1.000000 0.000003
0.000014 1.000000 0.000002
0.000016 1.000000 0.000001
0.000016 1.000000 0.000001
0.000040 1.000000 0.000001
0.000040 1.000000 0.000001
0.000047 1.000000 0.000001
0.000047 1.000000 0.000001
0.000047 1.000000 0.000001
0.000040 1.000000 0.000001
-0.000008 1.000000 0.000000
-0.000007 1.000000 -0.000000
-0.000014 1.000000 0.000000
-0.000014 1.000000 0.000000
-0.000014 1.000000 -0.000000
-0.000008 1.000000 0.000000
0.000016 1.000000 -0.000000
0.000016 1.000000 -0.000000
0.000017 1.000000 -0.000002
0.000016 1.000000 -0.000000
0.000016 1.000000 -0.000000
0.000015 1.000000 -0.000000
0.000016 1.000000 0.000024
0.000016 1.000000 0.000024
0.000016 1.000000 0.000031
0.000016 1.000000 0.000031
0.000016 1.000000 0.000031
0.000016 1.000000 0.000024
0.000016 1.000000 -0.000024
0.000016 1.000000 -0.000024
0.000016 1.000000 -0.000031
0.000016 1.000000 -0.000031
0.000016 1.000000 -0.000031
0.000016 1.000000 -0.000024
0.000016 1.000000 0.000024
0.000016 1.000000 0.000024
0.000016 1.000000 0.000031
0.000016 1.000000 0.000031
0.000016 1.000000 0.000031
0.000016 1.000000 0.000024
0.000016 1.000000 -0.000024
0.000016 1.000000 -0.000024
0.000016 1.000000 -0.000031
0.000016 1.000000 -0.000031
0.000016 1.000000 -0.000031
0.000016 1.000000 -0.000024
0.000018 1.000000 0.000002
0.000016 1.000000 0.000000
0.000017 1.000000 0.000000
-0.000008 1.000000 0.000001
-0.000007 1.000000 -0.000000
-0.000014 1.000000 0.000001
-0.000014 1.000000 0.000001
-0.000014 1.000000 0.000001
-0.000008 1.000000 0.000001
-0.974756 -0.222736 0.015462
-0.759846 -0.647764 0.055096
-0.986218 -0.162132 0.032986
-0.999996 -0.002546 -0.000879
-0.974756 -0.222736 0.015462
-0.986218 -0.162132 0.032986
-0.000886 -0.002145 -0.999997
-0.022409 -0.217470 -0.975810
-0.032348 -0.168094 -0.985240
-0.022409 -0.217470 -0.975810
-0.062517 -0.650669 -0.756783
-0.032348 -0.168094 -0.985240
0.000886 -0.002145 0.999997
0.015334 -0.222671 0.974773
0.032342 -0.168094 0.985240
0.015334 -0.222671 0.974773
0.055085 -0.647782 0.759831
0.032342 -0.168094 0.985240
0.999997 -0.002161 -0.000886
0.974769 -0.222687 -0.015337
0.985238 -0.168110 -0.032345
0.974769 -0.222687 -0.015337
0.759820 -0.647794 -0.055095
0.985238 -0.168110 -0.032345
0.002003 -0.648883 -0.760886
0.028190 -0.266556 -0.963407
0.067406 -0.687069 -0.723459
0.006660 -0.894936 -0.446144
0.002003 -0.648883 -0.760886
0.039720 -0.853045 -0.520323
-0.717694 0.695903 0.025198
-0.562296 0.824212 0.067066
-0.859056 0.511526 0.019078
0.714516 0.699224 -0.023538
0.551169 0.830151 -0.084029
0.859073 0.511498 -0.019079
-0.756671 -0.631484 -0.169343
-0.778914 -0.587814 -0.218557
-0.521648 -0.804510 -0.283985
-0.521648 -0.804510 -0.283985
-0.778914 -0.587814 -0.218557
-0.692655 -0.597666 -0.403763
0.969996 0.243114 0.001750
0.911531 0.411148 -0.008323
0.724979 0.688770 0.001235
0.496067 0.618304 -0.609605
0.536467 0.628879 -0.562774
0.669839 0.213266 -0.711219
-0.496047 0.618320 0.609604
-0.536446 0.628897 0.562774
-0.669832 0.213289 0.711219
-0.784145 0.000846 -0.620577
-0.854578 -0.198550 -0.479869
-0.704777 -0.081065 -0.704782
0.479857 -0.198572 0.854580
0.620570 0.000823 0.784151
0.704774 -0.081088 0.704782
-0.609594 0.618322 -0.496057
-0.562764 0.628897 -0.536457
-0.711216 0.213289 -0.669836
0.609615 0.618302 0.496057
0.562785 0.628878 0.536456
0.711223 0.213266 0.669835
-0.031650 0.935022 0.353175
-0.084980 0.895455 0.436966
-0.008234 0.897425 0.441091
-0.084980 0.895455 0.436966
-0.045986 0.855218 0.516224
-0.008234 0.897425 0.441091
0.031681 0.935020 -0.353176
0.085009 0.895452 -0.436966
0.008264 0.897424 -0.441092
0.085009 0.895452 -0.436966
0.046014 0.855216 -0.516225
0.008264 0.897424 -0.441092
0.353191 0.935015 0.031665
0.436981 0.895446 0.084994
0.441106 0.897417 0.008249
0.436981 0.895446 0.084994
0.516238 0.855209 0.046000
0.441106 0.897417 0.008249
-0.353160 0.935027 -0.031666
-0.436951 0.895460 -0.084995
-0.441077 0.897432 -0.008249
-0.436951 0.895460 -0.084995
-0.516210 0.855226 -0.046001
-0.441077 0.897432 -0.008249
0.151562 -0.848592 0.506874
0.163539 -0.607226 0.777516
0.127621 -0.752846 0.645706
0.151562 -0.848592 0.506874
0.127621 -0.752846 0.645706
0.046711 -0.852800 0.520145
0.645693 -0.752854 -0.127633
0.506860 -0.848598 -0.151576
0.777506 -0.607237 -0.163549
0.506860 -0.848598 -0.151576
0.645693 -0.752854 -0.127633
0.520131 -0.852808 -0.046724
-0.127644 -0.752838 -0.645710
-0.151594 -0.848579 -0.506886
-0.163560 -0.607218 -0.777518
-0.151594 -0.848579 -0.506886
-0.127644 -0.752838 -0.645710
-0.046741 -0.852790 -0.520158
-0.506900 -0.848573 0.151580
-0.781708 -0.602001 0.162873
-0.645722 -0.752830 0.127632
0.707110 -0.000012 -0.707103
0.707110 -0.000012 -0.707103
0.548114 -0.000009 -0.836404
0.548114 -0.000009 -0.836404
0.548114 -0.000009 -0.836404
0.707110 -0.000012 -0.707103
-0.707110 0.000012 0.707103
-0.707110 0.000012 0.707103
-0.548114 0.000009 0.836404
-0.548114 0.000009 0.836404
-0.548114 0.000009 0.836404
-0.707110 0.000012 0.707103
0.581355 -0.188436 -0.791529
0.645727 -0.273973 -0.712724
0.442725 -0.586455 -0.678281
0.705967 -0.004007 -0.708233
0.645727 -0.273973 -0.712724
0.581355 -0.188436 -0.791529
0.791526 -0.188439 0.581359
0.712720 -0.273974 0.645731
0.678272 -0.586459 0.442735
0.708233 -0.004007 0.705967
0.712720 -0.273974 0.645731
0.791526 -0.188439 0.581359
-0.581362 -0.188417 0.791529
-0.645736 -0.273952 0.712724
-0.442748 -0.586434 0.678285
-0.705967 -0.003984 0.708233
-0.645736 -0.273952 0.712724
-0.581362 -0.188417 0.791529
-0.082317 -0.894012 -0.440417
-0.046741 -0.852790 -0.520158
-0.007594 -0.896367 -0.443248
-0.028541 -0.933665 -0.357008
-0.082317 -0.894012 -0.440417
-0.007594 -0.896367 -0.443248
0.356992 -0.933672 -0.028525
0.440392 -0.894026 -0.082300
0.443232 -0.896375 -0.007577
0.440392 -0.894026 -0.082300
0.520131 -0.852808 -0.046724
0.443232 -0.896375 -0.007577
0.051882 -0.283906 -0.957447
0.172660 -0.095113 -0.980379
0.174102 -0.325616 -0.929335
0.371452 -0.336754 -0.865229
0.174102 -0.325616 -0.929335
0.172660 -0.095113 -0.980379
-0.051892 -0.283904 0.957448
-0.172663 -0.095107 0.980379
-0.174113 -0.325610 0.929335
-0.371463 -0.336741 0.865229
-0.174113 -0.325610 0.929335
-0.172663 -0.095107 0.980379
0.957443 -0.283921 0.051887
0.980377 -0.095126 0.172662
0.929329 -0.325628 0.174108
0.865223 -0.336762 0.371457
0.929329 -0.325628 0.174108
0.980377 -0.095126 0.172662
0.730355 0.683012 0.008720
0.954104 0.299468 -0.002387
0.678904 0.734225 -0.001881
0.008732 0.683024 -0.730344
-0.002382 0.299483 -0.954099
-0.001869 0.734236 -0.678892
-0.730333 0.683036 -0.008721
-0.954094 0.299499 0.002386
-0.678880 0.734247 0.001881
-0.008709 0.683024 0.730344
0.002391 0.299483 0.954099
0.001893 0.734236 0.678892
0.007056 0.726532 0.687096
-0.001875 0.734236 0.678892
-0.002924 0.299794 0.953999
-0.006373 0.726897 -0.686717
0.000454 0.734992 -0.678075
0.002933 0.299794 -0.954000
-0.527721 0.080414 -0.845603
-0.375594 -0.001260 -0.926783
-0.369970 0.000006 -0.929043
0.926780 -0.001281 0.375603
0.845599 0.080392 0.527731
0.929040 -0.000015 0.369979
0.515506 0.582074 0.628843
0.369122 0.805768 0.463127
0.448230 0.591563 0.670181
0.495307 0.690612 0.526997
0.369122 0.805768 0.463127
0.515506 0.582074 0.628843
0.628853 0.582072 -0.515497
0.463141 0.805766 -0.369109
0.670191 0.591559 -0.448221
0.527009 0.690611 -0.495296
0.463141 0.805766 -0.369109
0.628853 0.582072 -0.515497
-0.515487 0.582091 -0.628843
-0.369095 0.805780 -0.463128
-0.448211 0.591577 -0.670181
-0.495285 0.690628 -0.526998
-0.369095 0.805780 -0.463128
-0.515487 0.582091 -0.628843
-0.526986 0.690628 0.495296
-0.463114 0.805782 0.369108
-0.628834 0.582093 0.515496
-0.628834 0.582093 0.515496
-0.463114 0.805782 0.369108
-0.670172 0.591581 0.448221
0.832677 -0.129244 -0.538466
0.699924 -0.566258 -0.435268
0.743249 -0.229675 -0.628355
0.770798 0.002117 -0.637076
0.832677 -0.129244 -0.538466
0.743249 -0.229675 -0.628355
0.538464 -0.129239 0.832679
0.435259 -0.566254 0.699933
0.628352 -0.229673 0.743253
0.637076 0.002120 0.770798
0.538464 -0.129239 0.832679
0.628352 -0.229673 0.743253
-0.707102 -0.001989 -0.707108
-0.707528 -0.001048 -0.706685
-0.751304 -0.154326 -0.641658
-0.707097 -0.005705 0.707094
-0.705893 -0.002931 0.708313
-0.581362 -0.188417 0.791529
0.707093 -0.005729 0.707098
0.708312 -0.002954 0.705893
0.791526 -0.188439 0.581359
0.707097 -0.005729 -0.707093
0.705893 -0.002954 -0.708312
0.581355 -0.188436 -0.791529
-0.137023 0.895968 -0.422453
-0.078800 0.895309 -0.438420
-0.158021 0.847056 -0.507469
-0.107624 0.935148 -0.337513
-0.078800 0.895309 -0.438420
-0.137023 0.895968 -0.422453
0.137053 0.895964 0.422452
0.078829 0.895307 0.438419
0.158049 0.847051 0.507468
0.107654 0.935145 0.337512
0.078829 0.895307 0.438419
0.137053 0.895964 0.422452
-0.337497 0.935152 0.107639
-0.438405 0.895315 0.078814
-0.422438 0.895973 0.137038
-0.422438 0.895973 0.137038
-0.438405 0.895315 0.078814
-0.507455 0.847062 0.158035
0.008027 -0.896513 0.442945
0.028510 -0.933666 0.357007
0.082285 -0.894020 0.440407
0.008027 -0.896513 0.442945
0.082285 -0.894020 0.440407
0.046711 -0.852800 0.520145
-0.280671 -0.933786 0.221962
-0.230296 -0.929021 0.289628
-0.309108 -0.895283 0.320812
-0.223412 -0.960954 0.163265
-0.161919 -0.965117 0.205745
-0.230296 -0.929021 0.289628
-0.230296 -0.929021 0.289628
-0.280671 -0.933786 0.221962
-0.223412 -0.960954 0.163265
0.280638 -0.933797 -0.221960
0.230265 -0.929029 -0.289626
0.309071 -0.895299 -0.320803
0.223380 -0.960961 -0.163264
0.161887 -0.965122 -0.205745
0.230265 -0.929029 -0.289626
0.230265 -0.929029 -0.289626
0.280638 -0.933797 -0.221960
0.223380 -0.960961 -0.163264
0.221945 -0.933795 0.280654
0.289611 -0.929030 0.230280
0.320789 -0.895299 0.309086
0.163249 -0.960960 0.223396
0.205729 -0.965123 0.161903
0.289611 -0.929030 0.230280
0.289611 -0.929030 0.230280
0.221945 -0.933795 0.280654
0.163249 -0.960960 0.223396
-0.485218 -0.724117 -0.490120
-0.377857 -0.794695 -0.475062
-0.379874 -0.845304 -0.375710
-0.518314 -0.566249 -0.640869
-0.377857 -0.794695 -0.475062
-0.485218 -0.724117 -0.490120
-0.424946 -0.895770 -0.130452
-0.346128 -0.932603 -0.102215
-0.441860 -0.893862 -0.075964
-0.510527 -0.847968 -0.142522
-0.424946 -0.895770 -0.130452
-0.441860 -0.893862 -0.075964
-0.130467 -0.895774 0.424932
-0.075978 -0.893868 0.441845
-0.142536 -0.847974 0.510513
-0.102230 -0.932607 0.346113
-0.075978 -0.893868 0.441845
-0.130467 -0.895774 0.424932
0.130434 -0.895784 -0.424920
0.075948 -0.893876 -0.441834
0.142504 -0.847988 -0.510499
0.102199 -0.932611 -0.346109
0.075948 -0.893876 -0.441834
0.130434 -0.895784 -0.424920
0.424906 -0.895789 0.130449
0.441819 -0.893882 0.075963
0.510485 -0.847994 0.142518
0.346094 -0.932615 0.102214
0.441819 -0.893882 0.075963
0.424906 -0.895789 0.130449
0.592049 0.006969 0.805872
0.706997 0.017482 0.707001
0.706994 0.017477 0.707004
0.000005 1.000000 0.000013
0.000009 1.000000 0.000007
0.000009 1.000000 0.000007
0.000009 1.000000 0.000007
0.000005 1.000000 0.000013
0.000005 1.000000 0.000013
0.000009 1.000000 -0.000008
0.000004 1.000000 -0.000012
0.000004 1.000000 -0.000012
0.000004 1.000000 -0.000012
0.000009 1.000000 -0.000008
0.000009 1.000000 -0.000008
-0.805872 0.006992 0.592048
-0.707002 0.017504 0.706995
-0.707000 0.017508 0.706997
0.000029 1.000000 0.000012
0.000024 1.000000 0.000007
0.000024 1.000000 0.000007
0.000024 1.000000 0.000007
0.000029 1.000000 0.000012
0.000029 1.000000 0.000012
0.805873 0.006965 -0.592048
0.707003 0.017480 -0.706994
0.707003 0.017482 -0.706995
0.000029 1.000000 -0.000012
0.000023 1.000000 -0.000008
0.000023 1.000000 -0.000008
0.000023 1.000000 -0.000008
0.000029 1.000000 -0.000012
0.000029 1.000000 -0.000012
-0.592048 0.006989 -0.805872
-0.706993 0.017502 -0.707004
-0.706996 0.017508 -0.707001
-0.929043 0.000015 0.369970
-0.929044 0.000015 0.369970
-0.982802 0.000016 0.184660
-0.982802 0.000016 0.184660
-0.982802 0.000016 0.184660
-0.929043 0.000015 0.369970
0.901752 0.224891 -0.369144
0.831498 0.148770 -0.535237
0.752820 0.201603 -0.626593
0.832559 -0.028682 -0.553194
0.752820 0.201603 -0.626593
0.831498 0.148770 -0.535237
0.553193 -0.028677 0.832559
0.626596 0.201605 0.752816
0.535239 0.148775 0.831496
0.369148 0.224900 0.901748
0.535239 0.148775 0.831496
0.626596 0.201605 0.752816
-0.553194 -0.028660 -0.832559
-0.626590 0.201625 -0.752816
-0.535234 0.148792 -0.831496
-0.369140 0.224911 -0.901748
-0.535234 0.148792 -0.831496
-0.626590 0.201625 -0.752816
-0.901745 0.224920 0.369144
-0.831493 0.148798 0.535237
-0.752813 0.201628 0.626593
-0.832560 -0.028655 0.553194
-0.752813 0.201628 0.626593
-0.831493 0.148798 0.535237
-0.086323 -0.996150 -0.015292
-0.159767 -0.987149 0.003219
-0.032572 -0.999469 0.000559
-0.086323 -0.996150 -0.015292
-0.182371 -0.981805 0.052915
-0.159767 -0.987149 0.003219
0.086290 -0.996153 0.015293
0.159735 -0.987155 -0.003219
0.032540 -0.999470 -0.000558
0.086290 -0.996153 0.015293
0.182339 -0.981811 -0.052915
0.159735 -0.987155 -0.003219
-0.015309 -0.996151 0.086307
0.003203 -0.987152 0.159751
0.000542 -0.999470 0.032556
-0.015309 -0.996151 0.086307
0.052899 -0.981809 0.182355
0.003203 -0.987152 0.159751
0.014377 -0.996148 -0.086503
-0.003235 -0.987152 -0.159751
-0.000575 -0.999470 -0.032556
0.014377 -0.996148 -0.086503
-0.044515 -0.983045 -0.177878
-0.003235 -0.987152 -0.159751
-0.831549 0.145599 -0.536028
-0.811282 -0.011186 -0.584548
-0.927334 0.051406 -0.370688
-0.536026 0.145595 0.831552
-0.584548 -0.011190 0.811282
-0.370688 0.051397 0.927334
0.536031 0.145577 -0.831552
0.584547 -0.011209 -0.811282
0.370689 0.051384 -0.927334
0.831554 0.145572 0.536028
0.811282 -0.011213 0.584548
0.927335 0.051375 0.370688
0.000016 1.000000 0.000024
0.000016 1.000000 0.000024
0.000016 1.000000 0.000013
0.000016 1.000000 0.000013
0.000016 1.000000 0.000013
0.000016 1.000000 0.000024
0.000016 1.000000 -0.000024
0.000016 1.000000 -0.000024
0.000016 1.000000 -0.000014
0.000016 1.000000 -0.000014
0.000016 1.000000 -0.000014
0.000016 1.000000 -0.000024
-0.970923 -0.173526 0.164915
-0.999971 -0.007059 0.002800
-0.999983 -0.005878 -0.000005
0.000016 1.000000 -0.000024
0.000016 1.000000 -0.000024
0.000016 1.000000 -0.000014
0.000016 1.000000 -0.000014
0.000016 1.000000 -0.000014
0.000016 1.000000 -0.000024
0.369970 -0.000006 0.929043
0.375594 -0.001272 0.926783
0.184660 -0.000003 0.982802
0.184660 -0.000003 0.982802
0.184660 -0.000003 0.982802
0.369970 -0.000006 0.929043
-0.270030 -0.931602 -0.243313
-0.221310 -0.932948 -0.283955
-0.195640 -0.962051 -0.190220
-0.319392 -0.897041 -0.305462
-0.221310 -0.932948 -0.283955
-0.270030 -0.931602 -0.243313
0.504431 -0.592350 0.628229
0.377653 -0.799579 0.466960
0.493712 -0.712595 0.498453
0.504431 -0.592350 0.628229
0.274778 -0.801445 0.531210
0.377653 -0.799579 0.466960
0.628219 -0.592352 -0.504440
0.466946 -0.799581 -0.377666
0.498441 -0.712596 -0.493724
0.628219 -0.592352 -0.504440
0.531196 -0.801449 -0.274791
0.466946 -0.799581 -0.377666
-0.067798 0.696611 0.714238
-0.008709 0.683024 0.730344
-0.045986 0.855218 0.516224
-0.106289 0.622860 0.775079
-0.067798 0.696611 0.714238
-0.045986 0.855218 0.516224
-0.775069 0.622871 -0.106299
-0.714227 0.696622 -0.067810
-0.516210 0.855226 -0.046001
-0.714227 0.696622 -0.067810
-0.730333 0.683036 -0.008721
-0.516210 0.855226 -0.046001
0.775090 0.622846 0.106299
0.714250 0.696598 0.067809
0.516238 0.855209 0.046000
0.714250 0.696598 0.067809
0.730355 0.683012 0.008720
0.516238 0.855209 0.046000
0.067821 0.696609 -0.714238
0.008732 0.683024 -0.730344
0.046014 0.855216 -0.516225
0.106309 0.622856 -0.775080
0.067821 0.696609 -0.714238
0.046014 0.855216 -0.516225
-0.627613 -0.592364 0.505180
-0.467002 -0.799541 0.377681
-0.498466 -0.712577 0.493727
-0.627613 -0.592364 0.505180
-0.530610 -0.801922 0.274541
-0.467002 -0.799541 0.377681
0.000022 1.000000 0.000008
0.000028 1.000000 0.000012
0.000028 1.000000 0.000012
0.637460 -0.000833 -0.770483
0.707098 -0.005728 -0.707093
0.581355 -0.188436 -0.791529
-0.637459 -0.000812 0.770484
-0.707097 -0.005705 0.707093
-0.581362 -0.188417 0.791529
0.000010 1.000000 -0.000008
0.000005 1.000000 -0.000012
0.000005 1.000000 -0.000012
0.770484 -0.000835 0.637459
0.707093 -0.005728 0.707098
0.791526 -0.188439 0.581359
0.000008 1.000000 0.000006
0.000005 1.000000 0.000012
0.000005 1.000000 0.000012
0.000025 1.000000 -0.000006
0.000029 1.000000 -0.000012
0.000028 1.000000 -0.000012
-0.771292 0.000929 -0.636481
-0.707102 -0.001989 -0.707109
-0.751304 -0.154326 -0.641658
-0.129763 -0.961903 -0.240632
-0.166594 -0.932239 -0.321211
-0.098568 -0.932759 -0.346764
-0.098568 -0.932759 -0.346764
-0.067796 -0.962206 -0.263748
-0.129763 -0.961903 -0.240632
-0.098568 -0.932759 -0.346764
-0.166594 -0.932239 -0.321211
-0.165555 -0.893898 -0.416579
-0.346779 -0.932755 0.098552
-0.300316 -0.939880 0.162588
-0.416594 -0.893894 0.165540
-0.258173 -0.963040 0.076815
-0.300316 -0.939880 0.162588
-0.346779 -0.932755 0.098552
0.346746 -0.932767 -0.098551
0.300283 -0.939891 -0.162586
0.416554 -0.893913 -0.165536
0.258141 -0.963049 -0.076815
0.300283 -0.939891 -0.162586
0.346746 -0.932767 -0.098551
0.098536 -0.932763 0.346762
0.162571 -0.939889 0.300299
0.165521 -0.893909 0.416569
0.076799 -0.963046 0.258157
0.162571 -0.939889 0.300299
0.098536 -0.932763 0.346762
-0.128210 -0.962334 0.239741
-0.066940 -0.964362 0.255976
-0.102230 -0.932607 0.346113
-0.102230 -0.932607 0.346113
-0.167251 -0.931790 0.322173
-0.128210 -0.962334 0.239741
-0.241309 -0.961221 -0.133506
-0.255992 -0.964360 -0.066924
-0.346128 -0.932603 -0.102215
-0.346128 -0.932603 -0.102215
-0.318342 -0.931481 -0.176073
-0.241309 -0.961221 -0.133506
0.128179 -0.962338 -0.239741
0.066908 -0.964365 -0.255976
0.102199 -0.932611 -0.346109
0.102199 -0.932611 -0.346109
0.167219 -0.931796 -0.322170
0.128179 -0.962338 -0.239741
0.239725 -0.962340 0.128195
0.255960 -0.964368 0.066925
0.346094 -0.932615 0.102214
0.346094 -0.932615 0.102214
0.322155 -0.931799 0.167235
0.239725 -0.962340 0.128195
-0.095613 0.349207 0.932155
-0.254260 0.595371 0.762158
-0.155591 0.188817 0.969608
-0.095613 0.349207 0.932155
-0.155591 0.188817 0.969608
-0.023047 0.262444 0.964672
0.932161 0.349190 0.095619
0.969611 0.188798 0.155594
0.964676 0.262428 0.023051
0.932161 0.349190 0.095619
0.762168 0.595355 0.254270
0.969611 0.188798 0.155594
0.095625 0.349203 -0.932155
0.254280 0.595363 -0.762158
0.155597 0.188812 -0.969608
0.095625 0.349203 -0.932155
0.155597 0.188812 -0.969608
0.023055 0.262443 -0.964672
-0.932149 0.349221 -0.095619
-0.762148 0.595379 -0.254270
-0.969605 0.188830 -0.155594
-0.932149 0.349221 -0.095619
-0.969605 0.188830 -0.155594
-0.964668 0.262460 -0.023051
0.982802 -0.000016 -0.184660
0.929043 -0.000015 -0.369970
0.929044 -0.000015 -0.369970
0.929044 -0.000015 -0.369970
0.982802 -0.000016 -0.184660
0.982802 -0.000016 -0.184660
0.000025 1.000000 0.000001
0.000029 1.000000 0.000001
0.000030 1.000000 -0.000000
-0.402163 -0.720374 -0.565089
-0.417712 -0.706942 -0.570744
-0.256782 -0.741472 -0.619905
-0.592318 0.000010 -0.805704
-0.555055 0.006016 -0.831792
-0.382680 0.001063 -0.923880
0.402139 -0.720387 0.565090
0.417689 -0.706955 0.570745
0.256758 -0.741480 0.619905
0.592318 -0.000010 0.805704
0.555055 0.005998 0.831792
0.382680 0.001051 0.923880
0.000023 1.000000 0.000007
0.000028 1.000000 0.000012
0.000028 1.000000 0.000012
0.000028 1.000000 0.000012
0.000023 1.000000 0.000006
0.000023 1.000000 0.000007
0.805873 0.006965 -0.592048
0.757399 0.004187 -0.652939
0.707002 0.017482 -0.706996
0.000010 1.000000 -0.000007
0.000004 1.000000 -0.000012
0.000004 1.000000 -0.000012
0.000004 1.000000 -0.000012
0.000010 1.000000 -0.000007
0.000010 1.000000 -0.000007
-0.805872 0.006992 0.592048
-0.757400 0.004213 0.652938
-0.707000 0.017507 0.706997
0.000024 1.000000 -0.000006
0.000028 1.000000 -0.000012
0.000028 1.000000 -0.000012
0.000028 1.000000 -0.000012
0.000024 1.000000 -0.000006
0.000024 1.000000 -0.000006
-0.592048 0.006989 -0.805872
-0.652939 0.004211 -0.757399
-0.706997 0.017508 -0.707000
0.592049 0.006969 0.805872
0.652938 0.004188 0.757400
0.706996 0.017484 0.707001
0.000010 1.000000 0.000006
0.000005 1.000000 0.000012
0.000004 1.000000 0.000012
0.000004 1.000000 0.000012
0.000010 1.000000 0.000006
0.000010 1.000000 0.000006
0.369361 -0.804704 -0.464784
0.442725 -0.586455 -0.678281
0.459667 -0.665722 -0.587810
0.369361 -0.804704 -0.464784
0.459667 -0.665722 -0.587810
0.498441 -0.712596 -0.493724
0.587799 -0.665724 0.459678
0.493712 -0.712595 0.498453
0.464771 -0.804705 0.369374
0.678272 -0.586459 0.442735
0.587799 -0.665724 0.459678
0.464771 -0.804705 0.369374
-0.459684 -0.665708 0.587813
-0.498466 -0.712577 0.493727
-0.369401 -0.804675 0.464802
-0.442748 -0.586434 0.678285
-0.459684 -0.665708 0.587813
-0.369401 -0.804675 0.464802
-0.698103 -0.706310 -0.117381
-0.963634 -0.265509 -0.030248
-0.956159 -0.288286 -0.051485
-0.999996 -0.002546 -0.000879
-0.956159 -0.288286 -0.051485
-0.963634 -0.265509 -0.030248
0.000886 -0.002145 0.999997
-0.051892 -0.283904 0.957448
-0.030150 -0.265371 0.963675
-0.117393 -0.706319 0.698092
-0.030150 -0.265371 0.963675
-0.051892 -0.283904 0.957448
0.698076 -0.706336 0.117383
0.963670 -0.265388 0.030146
0.957443 -0.283921 0.051887
0.999997 -0.002161 -0.000886
0.957443 -0.283921 0.051887
0.963670 -0.265388 0.030146
0.303270 0.938878 -0.162896
0.203313 0.963488 -0.174228
0.337528 0.935141 -0.107639
-0.162881 0.938886 -0.303254
-0.174212 0.963494 -0.203297
-0.107624 0.935148 -0.337513
0.162912 0.938881 0.303254
0.174243 0.963488 0.203297
0.107654 0.935145 0.337512
-0.303239 0.938888 0.162896
-0.203281 0.963494 0.174227
-0.337497 0.935152 0.107639
0.256251 0.963478 0.077755
0.302353 0.937977 0.169649
0.343429 0.933773 0.100616
0.302353 0.937977 0.169649
0.409335 0.895300 0.175736
0.343429 0.933773 0.100616
-0.077739 0.963483 0.256235
-0.169634 0.937985 0.302337
-0.100601 0.933781 0.343414
-0.169634 0.937985 0.302337
-0.175722 0.895309 0.409320
-0.100601 0.933781 0.343414
-0.256219 0.963486 -0.077755
-0.302322 0.937987 -0.169650
-0.343399 0.933784 -0.100617
-0.302322 0.937987 -0.169650
-0.409306 0.895313 -0.175737
-0.343399 0.933784 -0.100617
0.077771 0.963481 -0.256235
0.169665 0.937980 -0.302338
0.100632 0.933777 -0.343414
0.169665 0.937980 -0.302338
0.175751 0.895303 -0.409321
0.100632 0.933777 -0.343414
-0.077173 -0.996067 -0.043517
-0.164417 -0.982965 -0.082136
-0.120419 -0.984808 -0.125109
-0.924752 0.000015 -0.380570
-0.978882 0.000016 -0.204427
-0.978882 0.000016 -0.204427
-0.978882 0.000016 -0.204427
-0.924752 0.000015 -0.380570
-0.924752 0.000015 -0.380570
-0.204418 0.000003 -0.978884
-0.380562 0.000006 -0.924755
-0.380562 0.000006 -0.924755
-0.380562 0.000006 -0.924755
-0.204418 0.000003 -0.978884
-0.204418 0.000003 -0.978884
0.924755 -0.000015 -0.380562
0.978884 -0.000016 -0.204418
0.978884 -0.000016 -0.204418
0.978884 -0.000016 -0.204418
0.924755 -0.000015 -0.380562
0.924755 -0.000015 -0.380562
0.380570 -0.000006 -0.924752
0.204427 -0.000004 -0.978882
0.204427 -0.000004 -0.978882
0.204427 -0.000004 -0.978882
0.380570 -0.000006 -0.924752
0.380570 -0.000006 -0.924752
-0.924755 0.000015 0.380562
-0.978884 0.000016 0.204418
-0.978884 0.000016 0.204418
-0.978884 0.000016 0.204418
-0.924755 0.000015 0.380562
-0.924755 0.000015 0.380562
0.924752 -0.000015 0.380570
0.978882 -0.000016 0.204427
0.978882 -0.000016 0.204427
0.978882 -0.000016 0.204427
0.924752 -0.000015 0.380570
0.924752 -0.000015 0.380570
0.000026 1.000000 -0.000007
0.000020 1.000000 0.000003
0.000013 1.000000 -0.000004
0.805873 0.006965 -0.592048
0.707000 0.017487 -0.706997
0.709361 0.008337 -0.704796
0.000023 1.000000 0.000010
0.000013 1.000000 0.000003
0.000019 1.000000 -0.000004
0.592049 0.006969 0.805872
0.706999 0.017489 0.706998
0.704796 0.008337 0.709361
0.000009 1.000000 -0.000010
0.000020 1.000000 -0.000004
0.000013 1.000000 0.000003
-0.592048 0.006989 -0.805872
-0.706997 0.017510 -0.707000
-0.704795 0.008359 -0.709361
-0.113135 -0.720377 0.684293
-0.106454 -0.706772 0.699386
-0.256788 -0.741472 0.619903
-0.192567 0.006014 0.981265
-0.382689 0.001064 0.923877
-0.147746 0.000003 0.989025
0.192567 0.006007 -0.981265
0.382689 0.001051 -0.923877
0.147746 -0.000003 -0.989025
0.113112 -0.720381 -0.684293
0.106430 -0.706776 -0.699385
0.256764 -0.741481 -0.619902
0.113745 -0.000002 0.993510
0.113745 -0.000002 0.993510
0.204418 -0.000003 0.978884
0.204418 -0.000003 0.978884
0.204418 -0.000003 0.978884
0.113745 -0.000002 0.993510
-0.113755 0.000002 0.993509
-0.113755 0.000002 0.993509
-0.204427 0.000004 0.978882
-0.204427 0.000004 0.978882
-0.204427 0.000004 0.978882
-0.113755 0.000002 0.993509
-0.618486 0.000010 -0.785796
-0.618486 0.000010 -0.785796
-0.543783 0.000009 -0.839226
-0.543783 0.000009 -0.839226
-0.543783 0.000009 -0.839226
-0.618486 0.000010 -0.785796
-0.785796 0.000013 0.618486
-0.785796 0.000013 0.618486
-0.839226 0.000014 0.543783
-0.839226 0.000014 0.543783
-0.839226 0.000014 0.543783
-0.785796 0.000013 0.618486
0.785790 -0.000013 0.618493
0.785790 -0.000013 0.618493
0.839221 -0.000014 0.543791
0.839221 -0.000014 0.543791
0.839221 -0.000014 0.543791
0.785790 -0.000013 0.618493
0.785796 -0.000013 -0.618486
0.785796 -0.000013 -0.618486
0.839226 -0.000014 -0.543783
0.839226 -0.000014 -0.543783
0.839226 -0.000014 -0.543783
0.785796 -0.000013 -0.618486
0.618493 -0.000010 -0.785790
0.618493 -0.000010 -0.785790
0.543791 -0.000009 -0.839221
0.543791 -0.000009 -0.839221
0.543791 -0.000009 -0.839221
0.618493 -0.000010 -0.785790
-0.618493 0.000010 0.785790
-0.618493 0.000010 0.785790
-0.543791 0.000009 0.839221
-0.543791 0.000009 0.839221
-0.543791 0.000009 0.839221
-0.618493 0.000010 0.785790
0.618486 -0.000010 0.785796
0.618486 -0.000010 0.785796
0.543783 -0.000009 0.839226
0.543783 -0.000009 0.839226
0.543783 -0.000009 0.839226
0.618486 -0.000010 0.785796
-0.785790 0.000013 -0.618493
-0.785790 0.000013 -0.618493
-0.839221 0.000014 -0.543791
-0.839221 0.000014 -0.543791
-0.839221 0.000014 -0.543791
-0.785790 0.000013 -0.618493
0.000009 1.000000 -0.000010
0.000019 1.000000 -0.000004
0.000013 1.000000 0.000003
0.000007 1.000000 0.000006
0.000013 1.000000 -0.000004
0.000020 1.000000 0.000003
0.497301 0.710914 -0.497285
0.000019 1.000000 0.000004
0.000013 1.000000 -0.000003
0.000023 1.000000 0.000010
0.000013 1.000000 0.000003
0.000020 1.000000 -0.000004
-0.536026 0.145595 0.831552
-0.369877 0.342547 0.863628
-0.640493 0.209752 0.738764
-0.536026 0.145595 0.831552
-0.640493 0.209752 0.738764
-0.584548 -0.011190 0.811282
0.536031 0.145577 -0.831552
0.369888 0.342534 -0.863628
0.640500 0.209730 -0.738764
0.536031 0.145577 -0.831552
0.640500 0.209730 -0.738764
0.584547 -0.011209 -0.811282
0.831554 0.145572 0.536028
0.738768 0.209729 0.640497
0.811282 -0.011213 0.584548
0.831554 0.145572 0.536028
0.863634 0.342526 0.369882
0.738768 0.209729 0.640497
-0.831549 0.145599 -0.536028
-0.738761 0.209753 -0.640497
-0.811282 -0.011186 -0.584548
-0.831549 0.145599 -0.536028
-0.863622 0.342554 -0.369882
-0.738761 0.209753 -0.640497
0.000005 -0.000000 -1.000000
0.000005 -0.000000 -1.000000
-0.184660 0.000003 -0.982802
-0.184660 0.000003 -0.982802
-0.184660 0.000003 -0.982802
0.000005 -0.000000 -1.000000
-1.000000 0.000016 -0.000005
-0.982801 0.000016 -0.184669
-0.982801 0.000016 -0.184669
-0.982801 0.000016 -0.184669
-1.000000 0.000016 -0.000005
-1.000000 0.000016 -0.000005
1.000000 -0.000016 0.000005
0.982801 -0.000016 0.184669
0.982801 -0.000016 0.184669
0.982801 -0.000016 0.184669
1.000000 -0.000016 0.000005
1.000000 -0.000016 0.000005
-0.045409 0.854249 -0.517877
-0.064897 0.656583 -0.751457
-0.158021 0.847056 -0.507469
-0.045409 0.854249 -0.517877
-0.006373 0.726897 -0.686717
-0.064897 0.656583 -0.751457
0.045437 0.854248 0.517877
0.007056 0.726532 0.687096
0.064918 0.656581 0.751457
0.045437 0.854248 0.517877
0.064918 0.656581 0.751457
0.158049 0.847051 0.507468
-0.517863 0.854257 0.045423
-0.751446 0.656594 0.064908
-0.507455 0.847062 0.158035
-0.517863 0.854257 0.045423
-0.686526 0.727058 0.008261
-0.751446 0.656594 0.064908
0.000019 1.000000 -0.000004
0.000024 1.000000 -0.000008
0.000024 1.000000 -0.000008
0.000024 1.000000 -0.000008
0.000019 1.000000 -0.000004
0.000019 1.000000 -0.000004
0.000013 1.000000 -0.000004
0.000010 1.000000 -0.000008
0.000009 1.000000 -0.000008
0.000009 1.000000 -0.000008
0.000013 1.000000 -0.000004
0.000013 1.000000 -0.000004
0.000013 1.000000 0.000003
0.000009 1.000000 0.000007
0.000009 1.000000 0.000007
0.000009 1.000000 0.000007
0.000012 1.000000 0.000003
0.000013 1.000000 0.000003
0.000019 1.000000 0.000004
0.000024 1.000000 0.000007
0.000024 1.000000 0.000007
0.000024 1.000000 0.000007
0.000020 1.000000 0.000003
0.000019 1.000000 0.000004
0.028526 0.999186 -0.028510
0.113969 0.986928 -0.113952
0.113969 0.986928 -0.113952
0.113969 0.986928 -0.113952
0.028526 0.999186 -0.028510
0.028526 0.999186 -0.028510
-0.028494 0.999187 0.028510
-0.113937 0.986931 0.113952
-0.113937 0.986931 0.113952
-0.113937 0.986931 0.113952
-0.028494 0.999187 0.028510
-0.028494 0.999187 0.028510
0.113968 0.986928 0.113953
0.028526 0.999186 0.028510
0.028526 0.999186 0.028510
0.028526 0.999186 0.028510
0.113968 0.986928 0.113953
0.113968 0.986928 0.113953
-0.113936 0.986931 -0.113953
-0.113936 0.986931 -0.113954
-0.028493 0.999187 -0.028510
-0.028493 0.999187 -0.028510
-0.028493 0.999187 -0.028510
-0.113936 0.986931 -0.113953
0.740798 0.576672 -0.344483
0.752820 0.201603 -0.626593
0.670191 0.591559 -0.448221
0.670191 0.591559 -0.448221
0.525920 0.803757 -0.278176
0.740798 0.576672 -0.344483
-0.670172 0.591581 0.448221
-0.525894 0.803775 0.278176
-0.740779 0.576697 0.344483
-0.740779 0.576697 0.344483
-0.752813 0.201628 0.626593
-0.670172 0.591581 0.448221
0.344492 0.576679 0.740788
0.626596 0.201605 0.752816
0.448230 0.591563 0.670181
0.448230 0.591563 0.670181
0.278189 0.803762 0.525907
0.344492 0.576679 0.740788
-0.344473 0.576690 -0.740788
-0.626590 0.201625 -0.752816
-0.448211 0.591577 -0.670181
-0.448211 0.591577 -0.670181
-0.278163 0.803771 -0.525907
-0.344473 0.576690 -0.740788
0.000030 1.000000 -0.000000
0.000029 1.000000 0.000001
0.000036 1.000000 0.000000
0.184669 -0.000003 -0.982801
0.184669 -0.000003 -0.982801
0.000005 -0.000000 -1.000000
0.000005 -0.000000 -1.000000
0.000005 -0.000000 -1.000000
0.184669 -0.000003 -0.982801
0.341452 0.009471 0.939851
0.453288 -0.008142 0.891327
0.592049 0.006969 0.805872
-0.939851 0.009492 0.341452
-0.891328 -0.008120 0.453286
-0.805872 0.006992 0.592048
-0.341451 0.009482 -0.939852
-0.453284 -0.008127 -0.891329
-0.592048 0.006989 -0.805872
0.939852 0.009461 -0.341452
0.891328 -0.008150 -0.453286
0.805873 0.006965 -0.592048
0.981309 -0.029636 -0.190144
0.964951 0.152481 -0.213585
0.972836 0.201619 -0.113754
0.964951 0.152481 -0.213585
0.765859 0.594580 -0.244814
0.972836 0.201619 -0.113754
-0.964946 0.152512 0.213585
-0.765840 0.594605 0.244814
-0.972829 0.201651 0.113754
-0.981310 -0.029604 0.190144
-0.964946 0.152512 0.213585
-0.972829 0.201651 0.113754
0.190143 -0.029623 0.981309
0.213587 0.152493 0.964949
0.113758 0.201633 0.972833
0.213587 0.152493 0.964949
0.244824 0.594589 0.765849
0.113758 0.201633 0.972833
-0.213582 0.152500 -0.964949
-0.244804 0.594597 -0.765850
-0.113751 0.201637 -0.972833
-0.190144 -0.029617 -0.981309
-0.213582 0.152500 -0.964949
-0.113751 0.201637 -0.972833
-0.831792 0.006021 0.555055
-0.923880 0.001072 0.382680
-0.805704 0.000013 0.592318
-0.569437 -0.719543 0.397492
-0.570756 -0.706939 0.417701
-0.579790 -0.788407 0.205568
0.023055 0.262443 -0.964672
-0.002382 0.299483 -0.954099
0.007494 0.250925 -0.967978
0.023055 0.262443 -0.964672
0.007494 0.250925 -0.967978
0.067821 0.696609 -0.714238
0.964676 0.262428 0.023051
0.954104 0.299468 -0.002387
0.967982 0.250909 0.007490
0.964676 0.262428 0.023051
0.967982 0.250909 0.007490
0.714250 0.696598 0.067809
-0.023047 0.262444 0.964672
0.002391 0.299483 0.954099
-0.007486 0.250925 0.967977
-0.023047 0.262444 0.964672
-0.007486 0.250925 0.967977
-0.067798 0.696611 0.714238
-0.964668 0.262460 -0.023051
-0.954094 0.299499 0.002386
-0.967973 0.250941 -0.007490
-0.964668 0.262460 -0.023051
-0.967973 0.250941 -0.007490
-0.714227 0.696622 -0.067810
-0.515487 0.582091 -0.628843
-0.665998 0.293062 -0.685974
-0.495285 0.690628 -0.526998
0.515506 0.582074 0.628843
0.666008 0.293040 0.685974
0.495307 0.690612 0.526997
0.628853 0.582072 -0.515497
0.685979 0.293040 -0.666003
0.527009 0.690611 -0.495296
-0.628834 0.582093 0.515496
-0.685970 0.293062 0.666003
-0.526986 0.690628 0.495296
-0.570756 -0.706939 0.417701
-0.504848 -0.706823 0.495509
-0.504682 -0.707080 0.495311
-0.684305 -0.720368 -0.113123
-0.707116 -0.707095 -0.001928
-0.707204 -0.707007 -0.001931
0.113112 -0.720381 -0.684293
0.001916 -0.707107 -0.707104
0.001919 -0.707019 -0.707192
0.684281 -0.720391 0.113124
0.707093 -0.707118 0.001928
0.707181 -0.707030 0.001931
0.417689 -0.706955 0.570745
0.495497 -0.706840 0.504837
0.495300 -0.707097 0.504671
-0.113135 -0.720377 0.684293
-0.001940 -0.707107 0.707104
-0.001942 -0.707018 0.707193
0.589311 -0.707251 -0.390523
0.504825 -0.706840 -0.495509
0.504659 -0.707097 -0.495311
-0.417712 -0.706942 -0.570744
-0.495520 -0.706824 -0.504837
-0.495323 -0.707081 -0.504670
-0.106352 -0.706819 -0.699355
-0.002129 -0.707107 -0.707104
-0.002127 -0.707018 -0.707192
-0.707204 -0.707007 0.001924
-0.707116 -0.707095 0.001921
-0.693238 -0.707135 0.139214
0.417695 -0.706956 -0.570740
0.495304 -0.707097 -0.504665
0.495502 -0.706840 -0.504832
0.570729 -0.706958 0.417706
0.504654 -0.707097 0.495316
0.504821 -0.706840 0.495514
0.707181 -0.707030 -0.001924
0.707093 -0.707118 -0.001921
0.693215 -0.707158 -0.139214
-0.417718 -0.706942 0.570741
-0.495328 -0.707081 0.504666
-0.495525 -0.706823 0.504832
0.106329 -0.706822 0.699355
0.002106 -0.707106 0.707104
0.002104 -0.707018 0.707192
-1.000000 0.000016 -0.000005
-1.000000 0.000016 -0.000005
-1.000000 0.000016 -0.000005
-1.000000 0.000016 -0.000005
-1.000000 0.000016 -0.000005
-1.000000 0.000016 -0.000005
-1.000000 0.000016 -0.000005
-1.000000 0.000016 -0.000005
-1.000000 0.000016 -0.000005
-0.570752 -0.706940 -0.417706
-0.504677 -0.707081 -0.495316
-0.504844 -0.706823 -0.495513
0.032540 -0.999470 0.000559
0.159406 -0.987183 0.007744
0.090408 -0.995837 -0.011663
0.077978 -0.995986 0.043937
0.090408 -0.995837 -0.011663
0.159406 -0.987183 0.007744
0.000542 -0.999470 -0.032556
0.007727 -0.987180 -0.159421
-0.011679 -0.995835 -0.090424
0.043920 -0.995986 -0.077994
-0.011679 -0.995835 -0.090424
0.007727 -0.987180 -0.159421
-0.043953 -0.995984 0.077994
0.011647 -0.995835 0.090425
-0.007759 -0.987180 0.159422
-0.000575 -0.999470 0.032556
-0.007759 -0.987180 0.159422
0.011647 -0.995835 0.090425
-0.090441 -0.995834 0.011663
-0.032572 -0.999469 -0.000558
-0.159438 -0.987178 -0.007743
-0.090441 -0.995834 0.011663
-0.159438 -0.987178 -0.007743
-0.077173 -0.996067 -0.043517
0.520309 -0.853053 0.039734
0.722734 -0.687683 0.068909
0.510485 -0.847994 0.142518
0.520309 -0.853053 0.039734
0.691677 -0.722174 0.006867
0.722734 -0.687683 0.068909
0.039720 -0.853045 -0.520323
0.067406 -0.687069 -0.723459
0.142504 -0.847988 -0.510499
0.039720 -0.853045 -0.520323
0.002003 -0.648883 -0.760886
0.067406 -0.687069 -0.723459
-0.450308 0.858461 -0.245494
-0.415758 0.849899 -0.323754
-0.459980 0.804425 -0.375924
-0.459980 0.804425 -0.375924
-0.526135 0.803034 -0.279853
-0.450308 0.858461 -0.245494
-0.356800 0.867851 -0.345728
-0.459980 0.804425 -0.375924
-0.415758 0.849899 -0.323754
0.245508 0.858450 -0.450322
0.323768 0.849887 -0.415772
0.375937 0.804412 -0.459993
0.375937 0.804412 -0.459993
0.279866 0.803021 -0.526149
0.245508 0.858450 -0.450322
0.345742 0.867840 -0.356815
0.375937 0.804412 -0.459993
0.323768 0.849887 -0.415772
0.450336 0.858446 0.245494
0.415786 0.849886 0.323754
0.460006 0.804411 0.375923
0.460006 0.804411 0.375923
0.526162 0.803017 0.279853
0.450336 0.858446 0.245494
0.356829 0.867840 0.345727
0.460006 0.804411 0.375923
0.415786 0.849886 0.323754
-0.245480 0.858458 0.450322
-0.323740 0.849898 0.415772
-0.375910 0.804424 0.459993
-0.375910 0.804424 0.459993
-0.279840 0.803030 0.526148
-0.245480 0.858458 0.450322
-0.345713 0.867851 0.356814
-0.375910 0.804424 0.459993
-0.323740 0.849898 0.415772
-0.722759 -0.687656 -0.068910
-0.520350 -0.853028 -0.039735
-0.691928 -0.721929 -0.007311
-0.722759 -0.687656 -0.068910
-0.510527 -0.847968 -0.142522
-0.520350 -0.853028 -0.039735
-0.039749 -0.853036 0.520336
-0.068921 -0.687666 0.722748
-0.142536 -0.847974 0.510513
-0.039749 -0.853036 0.520336
-0.007324 -0.721940 0.691917
-0.068921 -0.687666 0.722748
0.493712 -0.712595 0.498453
0.672513 -0.337991 0.658398
0.628690 -0.403140 0.665002
0.672513 -0.337991 0.658398
0.628352 -0.229673 0.743253
0.628690 -0.403140 0.665002
-0.658404 -0.337969 0.672519
-0.753561 -0.200225 0.626143
-0.665008 -0.403118 0.628697
-0.498466 -0.712577 0.493727
-0.658404 -0.337969 0.672519
-0.665008 -0.403118 0.628697
0.658393 -0.337991 -0.672519
0.743249 -0.229675 -0.628355
0.664995 -0.403141 -0.628696
0.498441 -0.712596 -0.493724
0.658393 -0.337991 -0.672519
0.664995 -0.403141 -0.628696
0.031681 0.935020 -0.353176
0.008264 0.897424 -0.441092
0.010244 0.956390 -0.291911
0.031681 0.935020 -0.353176
0.010244 0.956390 -0.291911
0.100632 0.933777 -0.343414
0.353191 0.935015 0.031665
0.441106 0.897417 0.008249
0.291927 0.956386 0.010228
0.353191 0.935015 0.031665
0.291927 0.956386 0.010228
0.343429 0.933773 0.100616
-0.353160 0.935027 -0.031666
-0.441077 0.897432 -0.008249
-0.291896 0.956395 -0.010228
-0.353160 0.935027 -0.031666
-0.291896 0.956395 -0.010228
-0.343399 0.933784 -0.100617
-0.031650 0.935022 0.353175
-0.008234 0.897425 0.441091
-0.010212 0.956391 0.291911
-0.031650 0.935022 0.353175
-0.010212 0.956391 0.291911
-0.100601 0.933781 0.343414
-0.309456 0.877367 -0.366694
-0.246137 0.852754 -0.460681
-0.304570 0.866208 -0.396132
-0.304570 0.866208 -0.396132
-0.369095 0.805780 -0.463128
-0.309456 0.877367 -0.366694
0.366708 0.877356 -0.309470
0.460695 0.852743 -0.246151
0.396146 0.866197 -0.304584
0.396146 0.866197 -0.304584
0.463141 0.805766 -0.369109
0.366708 0.877356 -0.309470
-0.396118 0.866210 0.304584
-0.463114 0.805782 0.369108
-0.366679 0.877368 0.309470
-0.366679 0.877368 0.309470
-0.460666 0.852758 0.246151
-0.396118 0.866210 0.304584
0.304598 0.866198 0.396132
0.369122 0.805768 0.463127
0.309484 0.877357 0.366693
0.309484 0.877357 0.366693
0.246165 0.852746 0.460680
0.304598 0.866198 0.396132
-0.444129 -0.583415 -0.679983
-0.654271 -0.159537 -0.739241
-0.566577 -0.231857 -0.790716
-0.635928 0.001918 -0.771746
-0.566577 -0.231857 -0.790716
-0.654271 -0.159537 -0.739241
-0.028541 -0.933665 -0.357008
-0.009563 -0.955481 -0.294897
-0.098568 -0.932759 -0.346764
-0.028541 -0.933665 -0.357008
-0.007594 -0.896367 -0.443248
-0.009563 -0.955481 -0.294897
0.028510 -0.933666 0.357007
0.009531 -0.955481 0.294898
0.098536 -0.932763 0.346762
0.009531 -0.955481 0.294898
0.028510 -0.933666 0.357007
0.008027 -0.896513 0.442945
0.356992 -0.933672 -0.028525
0.443232 -0.896375 -0.007577
0.294882 -0.955486 -0.009547
0.356992 -0.933672 -0.028525
0.294882 -0.955486 -0.009547
0.346746 -0.932767 -0.098551
-0.781708 -0.602001 0.162873
-0.759810 -0.612250 0.218718
-0.857217 -0.445535 0.258220
-0.857217 -0.445535 0.258220
-0.759810 -0.612250 0.218718
-0.714541 -0.585544 0.382843
0.204001 0.964686 0.166624
0.239918 0.940725 0.239740
0.286605 0.932453 0.219977
0.347554 0.897592 0.271174
0.286605 0.932453 0.219977
0.239918 0.940725 0.239740
-0.203970 0.964693 -0.166624
-0.239887 0.940733 -0.239741
-0.286574 0.932462 -0.219978
-0.347524 0.897603 -0.271174
-0.286574 0.932462 -0.219978
-0.239887 0.940733 -0.239741
0.271189 0.897593 -0.347539
0.219993 0.932454 -0.286590
0.239756 0.940725 -0.239903
0.166640 0.964687 -0.203986
0.239756 0.940725 -0.239903
0.219993 0.932454 -0.286590
-0.271159 0.897602 0.347539
-0.219962 0.932461 0.286589
-0.239725 0.940733 0.239902
-0.166608 0.964693 0.203985
-0.239725 0.940733 0.239902
-0.219962 0.932461 0.286589
-0.084203 0.995615 -0.040752
0.000394 0.999450 -0.033173
0.006872 0.996076 -0.088232
-0.008530 0.988203 -0.152915
0.006872 0.996076 -0.088232
0.000394 0.999450 -0.033173
-0.157995 0.987409 0.007789
-0.088216 0.996078 -0.006856
-0.033156 0.999450 -0.000378
-0.040736 0.995614 0.084219
-0.033156 0.999450 -0.000378
-0.088216 0.996078 -0.006856
0.040768 0.995613 -0.084220
0.033189 0.999449 0.000377
0.088248 0.996075 0.006855
0.158027 0.987404 -0.007790
0.088248 0.996075 0.006855
0.033189 0.999449 0.000377
0.084236 0.995612 0.040752
-0.000361 0.999450 0.033172
-0.006839 0.996076 0.088232
0.007806 0.987407 0.158011
-0.006839 0.996076 0.088232
-0.000361 0.999450 0.033172
-0.805872 0.006992 0.592048
-0.707000 0.017507 0.706997
-0.709361 0.008359 0.704796
0.000013 1.000000 -0.000004
0.000013 1.000000 -0.000003
0.000013 1.000000 0.000003
0.743249 -0.229675 -0.628355
0.707536 -0.001071 -0.706677
0.707107 -0.002013 -0.707103
0.002003 -0.648883 -0.760886
-0.007762 -0.768133 -0.640244
-0.006228 -0.458346 -0.888752
-0.006228 -0.458346 -0.888752
-0.007762 -0.768133 -0.640244
-0.062517 -0.650669 -0.756783
0.691677 -0.722174 0.006867
0.759820 -0.647794 -0.055095
0.911579 -0.411051 0.007746
0.691677 -0.722174 0.006867
0.911579 -0.411051 0.007746
0.722734 -0.687683 0.068909
-0.007324 -0.721940 0.691917
0.055085 -0.647782 0.759831
-0.007752 -0.411036 0.911586
-0.007324 -0.721940 0.691917
-0.007752 -0.411036 0.911586
-0.068921 -0.687666 0.722748
-0.691928 -0.721929 -0.007311
-0.759846 -0.647764 0.055096
-0.911593 -0.411021 -0.007746
-0.691928 -0.721929 -0.007311
-0.911593 -0.411021 -0.007746
-0.722759 -0.687656 -0.068910
0.014377 -0.996148 -0.086503
-0.088920 -0.983448 -0.157870
-0.044515 -0.983045 -0.177878
0.000020 1.000000 -0.000004
0.000020 1.000000 -0.000004
0.000023 1.000000 -0.000008
0.000023 1.000000 -0.000008
0.000023 1.000000 -0.000008
0.000020 1.000000 -0.000004
0.000021 1.000000 0.000003
0.000020 1.000000 0.000003
0.000024 1.000000 0.000007
0.000024 1.000000 0.000007
0.000024 1.000000 0.000007
0.000021 1.000000 0.000003
0.000013 1.000000 0.000003
0.000013 1.000000 0.000003
0.000009 1.000000 0.000007
0.000009 1.000000 0.000007
0.000009 1.000000 0.000007
0.000013 1.000000 0.000003
-0.970923 -0.173526 0.164915
-0.842012 -0.217105 0.493843
-0.925054 -0.128247 0.357530
-0.909995 0.000625 0.414619
-0.925054 -0.128247 0.357530
-0.842012 -0.217105 0.493843
0.669839 0.213266 -0.711219
0.536467 0.628879 -0.562774
0.679851 0.219576 -0.699707
0.679851 0.219576 -0.699707
0.704756 0.005400 -0.709429
0.669839 0.213266 -0.711219
-0.679844 0.219598 0.699706
-0.704756 0.005423 0.709429
-0.669832 0.213289 0.711219
-0.669832 0.213289 0.711219
-0.536446 0.628897 0.562774
-0.679844 0.219598 0.699706
-0.309108 -0.895283 0.320812
-0.371198 -0.846948 0.380646
-0.416033 -0.848269 0.327653
-0.371198 -0.846948 0.380646
-0.498466 -0.712577 0.493727
-0.416033 -0.848269 0.327653
0.415988 -0.848294 -0.327644
0.371161 -0.846970 -0.380633
0.498441 -0.712596 -0.493724
0.309071 -0.895299 -0.320803
0.371161 -0.846970 -0.380633
0.415988 -0.848294 -0.327644
0.320789 -0.895299 0.309086
0.380620 -0.846970 0.371175
0.327630 -0.848293 0.416002
0.380620 -0.846970 0.371175
0.493712 -0.712595 0.498453
0.327630 -0.848293 0.416002
-0.172663 -0.095107 0.980379
-0.397146 -0.088646 0.913464
-0.371463 -0.336741 0.865229
-0.397146 -0.088646 0.913464
-0.581362 -0.188417 0.791529
-0.371463 -0.336741 0.865229
0.980377 -0.095126 0.172662
0.913463 -0.088668 0.397145
0.865223 -0.336762 0.371457
0.913463 -0.088668 0.397145
0.791526 -0.188439 0.581359
0.865223 -0.336762 0.371457
0.172660 -0.095113 -0.980379
0.397143 -0.088659 -0.913464
0.371452 -0.336754 -0.865229
0.397143 -0.088659 -0.913464
0.581355 -0.188436 -0.791529
0.371452 -0.336754 -0.865229
-0.711216 0.213289 -0.669836
-0.562764 0.628897 -0.536457
-0.699703 0.219598 -0.679847
-0.699703 0.219598 -0.679847
-0.709429 0.005423 -0.704756
-0.711216 0.213289 -0.669836
0.711223 0.213266 0.669835
0.562785 0.628878 0.536456
0.699710 0.219576 0.679847
0.699710 0.219576 0.679847
0.709429 0.005400 0.704756
0.711223 0.213266 0.669835
-0.033156 0.999450 0.000377
-0.084869 0.996353 0.008854
-0.158229 0.987396 -0.003670
-0.084869 0.996353 0.008854
-0.033156 0.999450 0.000377
-0.044424 0.995404 -0.084839
0.033189 0.999449 -0.000378
0.084902 0.996350 -0.008855
0.158261 0.987390 0.003669
0.084902 0.996350 -0.008855
0.033189 0.999449 -0.000378
0.044457 0.995402 0.084839
-0.000361 0.999450 -0.033173
-0.008838 0.996352 -0.084886
0.003686 0.987393 -0.158245
-0.008838 0.996352 -0.084886
-0.000361 0.999450 -0.033173
0.084855 0.995402 -0.044441
0.000394 0.999450 0.033172
0.008871 0.996351 0.084885
-0.003653 0.987393 0.158245
0.008871 0.996351 0.084885
0.000394 0.999450 0.033172
-0.084822 0.995404 0.044440
-0.485218 -0.724117 -0.490120
-0.631883 -0.589388 -0.503334
-0.505463 -0.764754 -0.399574
-0.505463 -0.764754 -0.399574
-0.631883 -0.589388 -0.503334
-0.751304 -0.154326 -0.641658
0.000023 1.000000 -0.000000
0.000017 1.000000 -0.000006
0.000016 1.000000 -0.000006
0.000023 1.000000 -0.000000
0.000017 1.000000 -0.000006
0.000016 1.000000 -0.000006
0.980377 -0.095126 0.172662
0.999979 -0.006481 0.000005
0.999979 -0.006481 0.000005
-0.962380 -0.209014 -0.173604
-0.999996 -0.002546 -0.000879
-0.999986 -0.005275 -0.000005
0.000009 1.000000 0.000000
0.000016 1.000000 0.000006
0.000016 1.000000 0.000006
-0.379874 -0.845304 -0.375710
-0.323294 -0.850061 -0.415786
-0.319392 -0.897041 -0.305462
-0.377857 -0.794695 -0.475062
-0.323294 -0.850061 -0.415786
-0.379874 -0.845304 -0.375710
0.972177 0.232243 -0.030581
0.859073 0.511498 -0.019079
0.980204 0.197992 0.000005
-0.972169 0.232275 0.030581
-0.859056 0.511526 0.019078
-0.980197 0.198024 -0.000005
0.867088 -0.490103 -0.089201
0.645693 -0.752854 -0.127633
0.777506 -0.607237 -0.163549
0.759820 -0.647794 -0.055095
0.645693 -0.752854 -0.127633
0.867088 -0.490103 -0.089201
0.089193 -0.490090 0.867096
0.127621 -0.752846 0.645706
0.163539 -0.607226 0.777516
0.055085 -0.647782 0.759831
0.127621 -0.752846 0.645706
0.089193 -0.490090 0.867096
-0.867104 -0.490075 0.089201
-0.645722 -0.752830 0.127632
-0.781708 -0.602001 0.162873
-0.759846 -0.647764 0.055096
-0.645722 -0.752830 0.127632
-0.867104 -0.490075 0.089201
-0.089209 -0.490088 -0.867096
-0.127644 -0.752838 -0.645710
-0.163560 -0.607218 -0.777518
-0.062517 -0.650669 -0.756783
-0.127644 -0.752838 -0.645710
-0.089209 -0.490088 -0.867096
0.805698 -0.000013 0.592326
0.923877 -0.000015 0.382689
0.923877 -0.000015 0.382689
0.923877 -0.000015 0.382689
0.805698 -0.000013 0.592326
0.805698 -0.000013 0.592326
-0.805698 0.000013 -0.592326
-0.923877 0.000015 -0.382689
-0.923877 0.000015 -0.382689
-0.923877 0.000015 -0.382689
-0.805698 0.000013 -0.592326
-0.805698 0.000013 -0.592326
0.981267 -0.006027 -0.192558
0.923880 -0.001072 -0.382680
0.989027 -0.000016 -0.147737
-0.930975 -0.082892 -0.355547
-0.835763 -0.183919 -0.517373
-0.847779 -0.391088 -0.358220
-0.930975 -0.082892 -0.355547
-0.923293 0.004094 -0.384075
-0.835763 -0.183919 -0.517373
0.282052 -0.798713 -0.531512
0.258260 -0.626393 -0.735482
0.339921 -0.616470 -0.710224
0.258260 -0.626393 -0.735482
0.174102 -0.325616 -0.929335
0.339921 -0.616470 -0.710224
0.735472 -0.626400 0.258271
0.710214 -0.616476 0.339931
0.531499 -0.798717 0.282065
0.735472 -0.626400 0.258271
0.929329 -0.325628 0.174108
0.710214 -0.616476 0.339931
-0.258279 -0.626377 0.735489
-0.339943 -0.616451 0.710230
-0.282088 -0.798688 0.531530
-0.258279 -0.626377 0.735489
-0.174113 -0.325610 0.929335
-0.339943 -0.616451 0.710230
-0.064897 0.656583 -0.751457
-0.006373 0.726897 -0.686717
-0.007104 0.411858 -0.911220
-0.006373 0.726897 -0.686717
0.002933 0.299794 -0.954000
-0.007104 0.411858 -0.911220
0.007056 0.726532 0.687096
-0.002924 0.299794 0.953999
0.007118 0.411859 0.911220
0.064918 0.656581 0.751457
0.007056 0.726532 0.687096
0.007118 0.411859 0.911220
-0.620569 0.000843 -0.784151
-0.479864 -0.198556 -0.854579
-0.375594 -0.001260 -0.926783
-0.620569 0.000843 -0.784151
-0.704777 -0.081065 -0.704782
-0.479864 -0.198556 -0.854579
0.620570 0.000823 0.784151
0.527724 0.080397 0.845603
0.704777 0.081065 0.704782
0.375594 -0.001272 0.926783
0.527724 0.080397 0.845603
0.620570 0.000823 0.784151
-0.845596 0.080419 -0.527731
-0.784145 0.000846 -0.620577
-0.704774 0.081088 -0.704782
-0.845596 0.080419 -0.527731
-0.926780 -0.001251 -0.375603
-0.784145 0.000846 -0.620577
0.854572 -0.198578 0.479869
0.784145 0.000820 0.620577
0.926780 -0.001281 0.375603
0.704774 -0.081088 0.704782
0.784145 0.000820 0.620577
0.854572 -0.198578 0.479869
-0.631883 -0.589388 -0.503334
-0.692655 -0.597666 -0.403763
-0.705119 -0.470964 -0.530095
-0.835763 -0.183919 -0.517373
-0.705119 -0.470964 -0.530095
-0.692655 -0.597666 -0.403763
-0.714541 -0.585544 0.382843
-0.530610 -0.801922 0.274541
-0.660007 -0.597329 0.455620
-0.714541 -0.585544 0.382843
-0.660007 -0.597329 0.455620
-0.842012 -0.217105 0.493843
-0.684305 -0.720368 -0.113123
-0.699397 -0.706763 -0.106442
-0.619915 -0.741466 -0.256776
-0.989025 0.000016 -0.147746
-0.923877 0.000015 -0.382689
-0.923877 0.000015 -0.382689
-0.923877 0.000015 -0.382689
-0.989025 0.000016 -0.147746
-0.989025 0.000016 -0.147746
0.989025 -0.000016 0.147746
0.923877 -0.000015 0.382689
0.923877 -0.000015 0.382689
0.923877 -0.000015 0.382689
0.989025 -0.000016 0.147746
0.989025 -0.000016 0.147746
0.684281 -0.720391 0.113124
0.699374 -0.706786 0.106442
0.619890 -0.741486 0.256776
0.141536 -0.983381 -0.113709
0.128179 -0.962338 -0.239741
0.161887 -0.965122 -0.205745
0.113694 -0.983380 0.141552
0.239725 -0.962340 0.128195
0.205729 -0.965123 0.161903
-0.141568 -0.983376 0.113710
-0.128210 -0.962334 0.239741
-0.161919 -0.965117 0.205745
0.724979 0.688770 0.001235
0.911531 0.411148 -0.008323
0.686149 0.727423 -0.007390
0.751468 0.656569 -0.064908
0.686149 0.727423 -0.007390
0.911531 0.411148 -0.008323
-0.751446 0.656594 0.064908
-0.686526 0.727058 0.008261
-0.915095 0.403176 0.007138
-0.928879 0.370360 -0.004200
-0.915095 0.403176 0.007138
-0.686526 0.727058 0.008261
-0.686526 0.727058 0.008261
-0.633116 0.774056 -0.000717
-0.928879 0.370360 -0.004200
-0.140441 0.990089 -0.000001
-0.140441 0.990089 -0.000001
-0.035119 0.999383 -0.000000
-0.035119 0.999383 -0.000000
-0.035119 0.999383 -0.000000
-0.140441 0.990089 -0.000001
0.000016 0.999383 0.035135
0.000016 0.999383 0.035135
0.000016 0.990087 0.140457
0.000016 0.990087 0.140457
0.000016 0.990087 0.140457
0.000016 0.999383 0.035135
0.000017 0.999383 -0.035135
0.000017 0.999383 -0.035135
0.000017 0.990087 -0.140457
0.000017 0.990087 -0.140457
0.000017 0.990087 -0.140457
0.000017 0.999383 -0.035135
0.140473 0.990084 0.000000
0.140473 0.990084 0.000000
0.035151 0.999382 -0.000000
0.035151 0.999382 -0.000000
0.035151 0.999382 -0.000000
0.140473 0.990084 0.000000
0.699924 -0.566258 -0.435268
0.912987 -0.170361 -0.370718
0.804694 -0.459829 -0.375533
0.804694 -0.459829 -0.375533
0.912987 -0.170361 -0.370718
0.965347 -0.205514 -0.160837
-0.444129 -0.583415 -0.679983
-0.377776 -0.162116 -0.911594
-0.375541 -0.459810 -0.804701
-0.375541 -0.459810 -0.804701
-0.377776 -0.162116 -0.911594
-0.160840 -0.205495 -0.965351
0.435259 -0.566254 0.699933
0.370715 -0.170352 0.912990
0.375526 -0.459822 0.804702
0.375526 -0.459822 0.804702
0.370715 -0.170352 0.912990
0.160833 -0.205500 0.965351
-0.294870 -0.953954 0.054984
-0.312172 -0.948670 0.050733
-0.346779 -0.932755 0.098552
-0.346779 -0.932755 0.098552
-0.324265 -0.944032 0.060465
-0.294870 -0.953954 0.054984
0.381920 0.921209 -0.074244
0.387174 0.917709 -0.088918
0.337528 0.935141 -0.107639
0.337528 0.935141 -0.107639
0.329358 0.942032 -0.064027
0.381920 0.921208 -0.074246
0.381920 0.921209 -0.074244
0.337528 0.935141 -0.107639
0.381920 0.921208 -0.074246
-0.346779 -0.932755 0.098552
-0.396438 -0.912369 0.102082
-0.385876 -0.919740 0.071954
-0.385876 -0.919740 0.071954
-0.324265 -0.944032 0.060465
-0.346779 -0.932755 0.098552
0.507483 0.847046 -0.158035
0.477558 0.871923 -0.108114
0.491670 0.865520 -0.095582
0.507483 0.847046 -0.158035
0.491670 0.865520 -0.095582
0.491671 0.865520 -0.095581
0.507483 0.847046 -0.158035
0.491671 0.865520 -0.095581
0.525836 0.844421 -0.102224
0.980575 -0.000016 -0.196145
0.999998 -0.000016 -0.002157
0.999998 -0.000016 -0.002157
0.999998 -0.000016 -0.002157
0.980575 -0.000016 -0.196145
0.980575 -0.000016 -0.196145
-0.759846 -0.647764 0.055096
-0.561098 -0.825321 0.063355
-0.547463 -0.831453 0.094709
-0.759846 -0.647764 0.055096
-0.547463 -0.831453 0.094709
-0.545293 -0.832729 0.096015
-0.759846 -0.647764 0.055096
-0.545293 -0.832729 0.096015
-0.645722 -0.752830 0.127632
0.686149 0.727423 -0.007390
0.549907 0.835049 -0.017180
0.511192 0.859218 0.020668
0.686149 0.727423 -0.007390
0.511192 0.859218 0.020668
0.511193 0.859217 0.020665
0.686149 0.727423 -0.007390
0.511193 0.859217 0.020665
0.511291 0.859388 0.005873
-0.371875 -0.927674 -0.033611
-0.372067 -0.928154 -0.009847
-0.294913 -0.955476 0.009547
-0.294913 -0.955476 0.009547
-0.327020 -0.944833 0.018687
-0.371875 -0.927674 -0.033611
0.291630 0.956490 -0.008919
0.368340 0.929652 0.008548
0.368192 0.929292 0.029176
0.368192 0.929292 0.029176
0.327081 0.944859 -0.016084
0.291630 0.956490 -0.008919
-0.294913 -0.955476 0.009547
-0.311691 -0.948822 0.050851
-0.294870 -0.953954 0.054984
-0.294870 -0.953954 0.054984
-0.327020 -0.944833 0.018687
-0.294913 -0.955476 0.009547
0.963430 -0.267307 0.018695
1.000000 -0.000016 0.000005
0.933003 -0.242317 -0.266059
0.933003 -0.242317 -0.266059
0.906311 -0.000015 -0.422612
0.937358 -0.267312 -0.223395
0.937358 -0.267312 -0.223395
-0.000016 -1.000000 0.000000
0.449997 -0.889275 0.081806
0.933003 -0.242317 -0.266059
0.937358 -0.267312 -0.223395
0.449997 -0.889275 0.081806
0.963430 -0.267307 0.018695
0.933003 -0.242317 -0.266059
0.449997 -0.889275 0.081806
0.963430 -0.267307 0.018695
0.449997 -0.889275 0.081806
-0.000016 -1.000000 0.000000
-0.000016 -1.000000 0.000000
0.963430 -0.267307 0.018695
-0.000016 -1.000000 0.000000
0.368687 -0.000006 0.929554
0.522975 -0.000008 0.852348
0.477405 -0.000008 0.878683
0.477405 -0.000008 0.878683
0.315686 -0.000005 0.948864
0.368687 -0.000006 0.929554
0.522975 -0.000008 0.852348
0.661086 -0.000011 0.750310
0.624872 -0.000010 0.780727
0.624872 -0.000010 0.780727
0.477405 -0.000008 0.878683
0.522975 -0.000008 0.852348
0.661086 -0.000011 0.750310
0.779178 -0.000013 0.626802
0.753240 -0.000012 0.657746
0.753240 -0.000012 0.657746
0.624872 -0.000010 0.780727
0.661086 -0.000011 0.750310
0.873605 -0.000014 0.486636
0.943136 -0.000015 0.332408
0.936254 -0.000015 0.351325
0.936254 -0.000015 0.351325
0.858538 -0.000014 0.512750
0.873605 -0.000014 0.486636
0.965928 -0.000016 -0.258810
0.984789 -0.000015 -0.173754
0.984693 -0.000017 -0.174299
0.965928 -0.000016 -0.258810
0.984693 -0.000017 -0.174299
0.941682 -0.000016 -0.336504
0.965928 -0.000016 -0.258810
0.941682 -0.000016 -0.336504
0.937727 -0.000015 -0.347374
0.937727 -0.000015 -0.347374
0.941682 -0.000016 -0.336504
0.871980 -0.000014 -0.489542
0.871980 -0.000014 -0.489542
0.860229 -0.000015 -0.509908
0.937727 -0.000015 -0.347374
0.777208 -0.000013 -0.629244
0.756288 -0.000013 -0.654239
0.819154 -0.000014 -0.573574
0.777208 -0.000013 -0.629244
0.819154 -0.000014 -0.573574
0.860229 -0.000015 -0.509908
0.777208 -0.000013 -0.629244
0.860229 -0.000015 -0.509908
0.871980 -0.000014 -0.489542
0.756288 -0.000013 -0.654239
0.777208 -0.000013 -0.629244
0.659649 -0.000011 -0.751574
0.659649 -0.000011 -0.751574
0.627956 -0.000011 -0.778249
0.756288 -0.000013 -0.654239
0.366232 -0.000006 -0.930524
0.320989 -0.000006 -0.947083
0.422622 -0.000007 -0.906306
0.366232 -0.000006 -0.930524
0.422622 -0.000007 -0.906306
0.480223 -0.000008 -0.877146
0.366232 -0.000006 -0.930524
0.480223 -0.000008 -0.877146
0.519997 -0.000009 -0.854168
0.149397 -0.000003 -0.988777
0.199423 -0.000005 -0.979914
0.027485 -0.000001 -0.999622
0.027485 -0.000001 -0.999622
-0.026155 0.000000 -0.999658
0.149397 -0.000003 -0.988777
-0.196945 0.000006 -0.980415
-0.151062 0.000004 -0.988524
-0.320575 0.000008 -0.947223
-0.320575 0.000008 -0.947223
-0.364345 0.000008 -0.931264
-0.196945 0.000006 -0.980415
-0.364345 0.000008 -0.931264
-0.320575 0.000008 -0.947223
-0.480869 0.000008 -0.876793
-0.480869 0.000008 -0.876793
-0.520103 0.000009 -0.854104
-0.364345 0.000008 -0.931264
-0.754770 0.000012 -0.655990
-0.774558 0.000012 -0.632502
-0.707104 0.000009 -0.707110
-0.754770 0.000012 -0.655990
-0.707104 0.000009 -0.707110
-0.657934 0.000010 -0.753075
-0.754770 0.000012 -0.655990
-0.657934 0.000010 -0.753075
-0.627774 0.000010 -0.778396
-0.871832 0.000014 -0.489804
-0.860081 0.000014 -0.510158
-0.936481 0.000015 -0.350719
-0.936481 0.000015 -0.350719
-0.942771 0.000016 -0.333442
-0.871832 0.000014 -0.489804
-0.965926 0.000016 -0.258820
-0.983826 0.000016 -0.179127
-0.985859 0.000017 -0.167578
-0.965926 0.000016 -0.258820
-0.985859 0.000017 -0.167578
-0.942771 0.000016 -0.333442
-0.965926 0.000016 -0.258820
-0.942771 0.000016 -0.333442
-0.936481 0.000015 -0.350719
-0.985859 0.000017 -0.167578
-0.983826 0.000016 -0.179127
-0.999996 0.000016 -0.002655
-0.999996 0.000016 -0.002655
-0.999996 0.000016 0.002977
-0.985859 0.000017 -0.167578
-0.999996 0.000016 0.002977
-0.999996 0.000016 -0.002655
-0.984747 0.000017 0.173994
-0.984747 0.000017 0.173994
-0.984863 0.000016 0.173334
-0.999996 0.000016 0.002977
-0.757232 0.000013 0.653146
-0.630347 0.000011 0.776314
-0.655527 0.000011 0.755172
-0.655527 0.000011 0.755172
-0.775112 0.000013 0.631823
-0.757232 0.000013 0.653146
-0.630347 0.000011 0.776314
-0.484195 0.000008 0.874960
-0.516129 0.000009 0.856511
-0.516129 0.000009 0.856511
-0.655527 0.000011 0.755172
-0.630347 0.000011 0.776314
-0.484195 0.000008 0.874960
-0.323497 0.000006 0.946229
-0.360862 0.000006 0.932619
-0.360862 0.000006 0.932619
-0.516129 0.000009 0.856511
-0.484195 0.000008 0.874960
-0.323497 0.000006 0.946229
-0.153354 0.000003 0.988171
-0.194230 0.000003 0.980956
-0.194230 0.000003 0.980956
-0.360862 0.000006 0.932619
-0.323497 0.000006 0.946229
-0.021160 0.000001 0.999776
-0.194230 0.000003 0.980956
-0.153354 0.000003 0.988171
-0.153354 0.000003 0.988171
0.020929 -0.000000 0.999781
-0.021160 0.000001 0.999776
0.153126 -0.000002 0.988207
-0.021160 0.000001 0.999776
0.020929 -0.000000 0.999781
0.153126 -0.000002 0.988207
0.020929 -0.000000 0.999781
0.087152 -0.000001 0.996195
0.153126 -0.000002 0.988207
0.087152 -0.000001 0.996195
0.202657 -0.000003 0.979250
1.000000 -0.000016 0.000006
0.996194 -0.000016 0.087162
0.996194 -0.000016 0.087162
0.996194 -0.000016 0.087162
1.000000 -0.000016 0.000006
1.000000 -0.000016 0.000006
1.000000 -0.000016 0.000006
0.996195 -0.000016 -0.087150
0.996195 -0.000016 -0.087150
0.996195 -0.000016 -0.087150
1.000000 -0.000016 0.000006
1.000000 -0.000016 0.000006
0.999998 -0.000016 -0.002157
0.999998 -0.000016 -0.002157
0.999998 -0.000016 -0.002157
0.999998 -0.000016 -0.002157
0.999998 -0.000016 -0.002157
0.999998 -0.000016 -0.002157
0.999998 -0.000016 -0.002157
0.999969 0.007829 -0.000716
1.000000 -0.000016 -0.000716
1.000000 -0.000016 -0.000716
0.999998 -0.000016 -0.002157
0.999998 -0.000016 -0.002157
0.932298 -0.242593 -0.268269
0.906310 -0.000015 -0.422613
0.937358 -0.267312 -0.223395
0.937358 -0.267312 -0.223395
-0.000016 -1.000000 0.000000
0.513714 -0.855606 0.063530
0.932298 -0.242593 -0.268269
0.937358 -0.267312 -0.223395
0.513714 -0.855606 0.063530
0.513714 -0.855606 0.063530
-0.000016 -1.000000 0.000000
0.268236 -0.956881 0.111483
0.932298 -0.242593 -0.268269
0.513714 -0.855606 0.063530
0.268236 -0.956881 0.111483
0.932298 -0.242593 -0.268269
0.268236 -0.956881 0.111483
0.963004 -0.267497 0.032690
1.000000 -0.000016 0.000005
0.932298 -0.242593 -0.268269
0.963004 -0.267497 0.032690
0.874131 -0.000015 0.485691
0.943547 -0.000015 0.331239
0.935929 -0.000015 0.352189
0.935929 -0.000015 0.352189
0.858054 -0.000014 0.513559
0.874131 -0.000015 0.485691
0.943547 -0.000015 0.331239
0.985812 -0.000016 0.167853
0.983841 -0.000016 0.179047
0.983841 -0.000016 0.179047
0.935929 -0.000015 0.352189
0.943547 -0.000015 0.331239
0.985812 -0.000016 0.167853
1.000000 -0.000016 0.000002
1.000000 -0.000016 -0.000125
1.000000 -0.000016 -0.000125
0.983841 -0.000016 0.179047
0.985812 -0.000016 0.167853
1.000000 -0.000016 -0.000125
1.000000 -0.000016 0.000002
0.985814 -0.000016 -0.167844
0.985814 -0.000016 -0.167844
0.983798 -0.000016 -0.179280
1.000000 -0.000016 -0.000125
0.965928 -0.000016 -0.258811
0.983798 -0.000016 -0.179280
0.985814 -0.000016 -0.167844
0.965928 -0.000016 -0.258811
0.985814 -0.000016 -0.167844
0.943550 -0.000016 -0.331230
0.965928 -0.000016 -0.258811
0.943550 -0.000016 -0.331230
0.935973 -0.000015 -0.352071
0.935973 -0.000015 -0.352071
0.943550 -0.000016 -0.331230
0.874134 -0.000014 -0.485686
0.874134 -0.000014 -0.485686
0.858172 -0.000014 -0.513363
0.935973 -0.000015 -0.352071
0.858172 -0.000014 -0.513363
0.874134 -0.000014 -0.485686
0.779189 -0.000013 -0.626788
0.779189 -0.000013 -0.626788
0.753249 -0.000012 -0.657735
0.858172 -0.000014 -0.513363
0.753249 -0.000012 -0.657735
0.779189 -0.000013 -0.626788
0.661092 -0.000011 -0.750305
0.661092 -0.000011 -0.750305
0.624879 -0.000010 -0.780722
0.753249 -0.000012 -0.657735
0.624879 -0.000010 -0.780722
0.661092 -0.000011 -0.750305
0.522982 -0.000008 -0.852344
0.522982 -0.000008 -0.852344
0.477412 -0.000008 -0.878679
0.624879 -0.000010 -0.780722
0.477412 -0.000008 -0.878679
0.522982 -0.000008 -0.852344
0.368696 -0.000006 -0.929550
0.368696 -0.000006 -0.929550
0.315696 -0.000005 -0.948860
0.477412 -0.000008 -0.878679
0.202667 -0.000004 -0.979248
0.153138 -0.000003 -0.988205
0.258826 -0.000004 -0.965924
0.202667 -0.000004 -0.979248
0.258826 -0.000004 -0.965924
0.315696 -0.000005 -0.948860
0.202667 -0.000004 -0.979248
0.315696 -0.000005 -0.948860
0.368696 -0.000006 -0.929550
-0.021152 0.000000 -0.999776
0.020937 -0.000000 -0.999781
-0.153345 0.000002 -0.988173
-0.153345 0.000002 -0.988173
-0.194221 0.000003 -0.980958
-0.021152 0.000000 -0.999776
-0.194221 0.000003 -0.980958
-0.153345 0.000002 -0.988173
-0.323490 0.000005 -0.946232
-0.323490 0.000005 -0.946232
-0.360856 0.000006 -0.932622
-0.194221 0.000003 -0.980958
-0.360856 0.000006 -0.932622
-0.323490 0.000005 -0.946232
-0.484189 0.000008 -0.874963
-0.484189 0.000008 -0.874963
-0.516123 0.000008 -0.856515
-0.360856 0.000006 -0.932622
-0.516123 0.000008 -0.856515
-0.484189 0.000008 -0.874963
-0.630340 0.000010 -0.776319
-0.630340 0.000010 -0.776319
-0.655520 0.000011 -0.755178
-0.516123 0.000008 -0.856515
-0.655520 0.000011 -0.755178
-0.630340 0.000010 -0.776319
-0.757219 0.000013 -0.653161
-0.757219 0.000013 -0.653161
-0.775098 0.000013 -0.631841
-0.655520 0.000011 -0.755178
-0.775098 0.000013 -0.631841
-0.757219 0.000013 -0.653161
-0.860650 0.000014 -0.509197
-0.860650 0.000014 -0.509197
-0.871556 0.000015 -0.490297
-0.775098 0.000013 -0.631841
-0.871556 0.000015 -0.490297
-0.860650 0.000014 -0.509197
-0.937164 0.000016 -0.348889
-0.937164 0.000016 -0.348889
-0.942301 0.000016 -0.334767
-0.871556 0.000015 -0.490297
-0.942301 0.000016 -0.334767
-0.937164 0.000016 -0.348889
-0.984153 0.000016 -0.177322
-0.984153 0.000016 -0.177322
-0.985483 0.000016 -0.169775
-0.942301 0.000016 -0.334767
-0.985483 0.000016 -0.169775
-0.984153 0.000016 -0.177322
-1.000000 0.000016 -0.000005
-1.000000 0.000016 -0.000005
-1.000000 0.000016 -0.000005
-0.985483 0.000016 -0.169775
-1.000000 0.000016 -0.000005
-0.984155 0.000016 0.177313
-0.985484 0.000016 0.169766
-0.985484 0.000016 0.169766
-1.000000 0.000016 -0.000005
-1.000000 0.000016 -0.000005
-0.984155 0.000016 0.177313
-0.937166 0.000015 0.348883
-0.942303 0.000016 0.334761
-0.942303 0.000016 0.334761
-0.985484 0.000016 0.169766
-0.984155 0.000016 0.177313
-0.937166 0.000015 0.348883
-0.860655 0.000014 0.509189
-0.871560 0.000014 0.490290
-0.871560 0.000014 0.490290
-0.942303 0.000016 0.334761
-0.937166 0.000015 0.348883
-0.860655 0.000014 0.509189
-0.757227 0.000012 0.653152
-0.775105 0.000013 0.631832
-0.775105 0.000013 0.631832
-0.871560 0.000014 0.490290
-0.860655 0.000014 0.509189
-0.757227 0.000012 0.653152
-0.630347 0.000010 0.776314
-0.655527 0.000011 0.755172
-0.655527 0.000011 0.755172
-0.775105 0.000013 0.631832
-0.757227 0.000012 0.653152
-0.630347 0.000010 0.776314
-0.484195 0.000008 0.874960
-0.516129 0.000009 0.856511
-0.516129 0.000009 0.856511
-0.655527 0.000011 0.755172
-0.630347 0.000010 0.776314
-0.484195 0.000008 0.874960
-0.323497 0.000005 0.946229
-0.360862 0.000006 0.932619
-0.360862 0.000006 0.932619
-0.516129 0.000009 0.856511
-0.484195 0.000008 0.874960
-0.323497 0.000005 0.946229
-0.153353 0.000003 0.988171
-0.194230 0.000003 0.980956
-0.194230 0.000003 0.980956
-0.360862 0.000006 0.932619
-0.323497 0.000005 0.946229
0.368687 -0.000006 0.929554
0.522975 -0.000009 0.852348
0.477405 -0.000008 0.878683
0.477405 -0.000008 0.878683
0.315686 -0.000005 0.948864
0.368687 -0.000006 0.929554
0.522975 -0.000009 0.852348
0.661086 -0.000011 0.750311
0.624872 -0.000010 0.780727
0.624872 -0.000010 0.780727
0.477405 -0.000008 0.878683
0.522975 -0.000009 0.852348
0.661086 -0.000011 0.750311
0.779184 -0.000013 0.626796
0.753243 -0.000012 0.657742
0.753243 -0.000012 0.657742
0.624872 -0.000010 0.780727
0.661086 -0.000011 0.750311
0.996194 -0.000016 0.087161
1.000000 -0.000016 0.000004
1.000000 -0.000016 0.000004
1.000000 -0.000016 0.000004
0.996194 -0.000016 0.087161
0.996194 -0.000016 0.087161
1.000000 -0.000016 0.000004
0.996195 -0.000016 -0.087153
0.996195 -0.000016 -0.087154
0.996195 -0.000016 -0.087154
1.000000 -0.000016 0.000004
1.000000 -0.000016 0.000004
0.000016 0.999298 0.037454
0.000016 1.000000 -0.000000
0.000016 1.000000 -0.000000
0.000016 0.999298 0.037454
0.000016 1.000000 -0.000000
0.000016 1.000000 -0.000000
0.000016 0.999298 0.037454
0.000016 1.000000 -0.000000
0.000016 1.000000 -0.000000
0.000394 0.999450 0.033172
0.000016 0.999298 0.037454
0.000016 1.000000 -0.000000
0.000394 0.999450 0.033172
0.000016 1.000000 -0.000000
0.000016 1.000000 -0.000000
0.000394 0.999450 0.033172
0.000016 1.000000 -0.000000
-0.022893 0.999549 0.019415
-0.000016 -1.000000 0.000000
-0.000016 -1.000000 0.000000
-0.000016 -1.000000 0.000000
-0.000016 -1.000000 0.000000
-0.000016 -1.000000 0.000000
-0.000016 -1.000000 0.000000
-0.000016 -1.000000 0.000000
-0.000016 -1.000000 0.000000
-0.000016 -1.000000 0.000000
-0.000016 -1.000000 0.000000
-0.000016 -1.000000 0.000000
-0.000016 -1.000000 0.000000
-0.000016 -1.000000 0.000000
-0.000016 -1.000000 0.000000
-0.000016 -1.000000 0.000000
-0.000016 -1.000000 0.000000
-0.000016 -1.000000 0.000000
-0.000016 -1.000000 0.000000
-0.000016 -1.000000 0.000000
-0.000016 -1.000000 0.000000
-0.000016 -1.000000 0.000000
-0.000016 -1.000000 0.000000
-0.000016 -1.000000 0.000000
-0.000016 -1.000000 0.000000
-0.000016 -1.000000 0.000000
-0.000016 -1.000000 0.000000
-0.000016 -1.000000 0.000000
-0.000016 -1.000000 0.000000
-0.000016 -1.000000 0.000000
-0.000016 -1.000000 0.000000
-0.000016 -1.000000 0.000000
-0.000016 -1.000000 0.000000
-0.000016 -1.000000 0.000000
-0.000016 -1.000000 0.000000
-0.000016 -1.000000 0.000000
-0.000016 -1.000000 0.000000
-0.000016 -1.000000 0.000000
-0.000016 -1.000000 0.000000
-0.000016 -1.000000 0.000000
-0.000016 -1.000000 0.000000
-0.000016 -1.000000 0.000000
-0.000016 -1.000000 0.000000
-0.000016 -1.000000 0.000000
-0.000016 -1.000000 0.000000
-0.000016 -1.000000 0.000000
-0.000016 -1.000000 0.000000
-0.000016 -1.000000 0.000000
-0.000016 -1.000000 0.000000
-0.000016 -1.000000 0.000000
-0.000016 -1.000000 0.000000
-0.000016 -1.000000 0.000000
-0.000016 -1.000000 0.000000
-0.000016 -1.000000 0.000000
-0.000016 -1.000000 0.000000
-0.000016 -1.000000 0.000000
-0.000016 -1.000000 0.000000
-0.000016 -1.000000 0.000000
-0.000016 -1.000000 0.000000
-0.000016 -1.000000 0.000000
-0.000016 -1.000000 0.000000
-0.000016 -1.000000 0.000000
-0.000016 -1.000000 0.000000
-0.000016 -1.000000 0.000000
-0.000016 -1.000000 0.000000
-0.000016 -1.000000 0.000000
-0.000016 -1.000000 0.000000
-0.000016 -1.000000 0.000000
-0.000016 -1.000000 0.000000
-0.000016 -1.000000 0.000000
-0.000016 -1.000000 0.000000
-0.000016 -1.000000 0.000000
-0.000016 -1.000000 0.000000
-0.000016 -1.000000 0.000000
-0.000016 -1.000000 0.000000
-0.000016 -1.000000 0.000000
-0.000016 -1.000000 0.000000
-0.000016 -1.000000 0.000000
-0.000016 -1.000000 0.000000
-0.000016 -1.000000 0.000000
-0.000016 -1.000000 0.000000
-0.000016 -1.000000 0.000000
-0.000016 -1.000000 0.000000
-0.000016 -1.000000 0.000000
-0.000016 -1.000000 0.000000
-0.000016 -1.000000 0.000000
-0.000016 -1.000000 0.000000
-0.000016 -1.000000 0.000000
-0.000016 -1.000000 0.000000
-0.000016 -1.000000 0.000000
-0.000016 -1.000000 0.000000
-0.000016 -1.000000 0.000000
-0.000016 -1.000000 0.000000
-0.000016 -1.000000 0.000000
-0.000016 -1.000000 0.000000
-0.000016 -1.000000 0.000000
-0.000016 -1.000000 0.000000
-0.000016 -1.000000 0.000000
-0.000016 -1.000000 0.000000
-0.000016 -1.000000 0.000000
-0.000016 -1.000000 0.000000
-0.000016 -1.000000 0.000000
-0.000016 -1.000000 0.000000
-0.000016 -1.000000 0.000000
-0.000016 -1.000000 0.000000
-0.000016 -1.000000 0.000000
-0.000016 -1.000000 0.000000
-0.000016 -1.000000 0.000000
-0.000016 -1.000000 0.000000
-0.000016 -1.000000 0.000000
-0.000016 -1.000000 0.000000
-0.000016 -1.000000 0.000000
-0.000016 -1.000000 0.000000
-0.000016 -1.000000 0.000000
-0.000016 -1.000000 0.000000
-0.000016 -1.000000 0.000000
-0.000016 -1.000000 0.000000
-0.000016 -1.000000 0.000000
-0.000016 -1.000000 0.000000
-0.000016 -1.000000 0.000000
-0.000016 -1.000000 0.000000
-0.000016 -1.000000 0.000000
-0.000016 -1.000000 0.000000
-0.000016 -1.000000 0.000000
-0.000016 -1.000000 0.000000
-0.000016 -1.000000 0.000000
-0.000016 -1.000000 0.000000
-0.000016 -1.000000 0.000000
-0.000016 -1.000000 0.000000
-0.000016 -1.000000 0.000000
-0.000016 -1.000000 0.000000
-0.000016 -1.000000 0.000000
-0.000016 -1.000000 0.000000
-0.000016 -1.000000 0.000000
-0.000016 -1.000000 0.000000
-0.000016 -1.000000 0.000000
-0.000016 -1.000000 0.000000
-0.000016 -1.000000 0.000000
-0.000016 -1.000000 0.000000
-0.000016 -1.000000 0.000000
-0.000016 -1.000000 0.000000
-0.000016 -1.000000 0.000000
-0.000016 -1.000000 0.000000
-0.000016 -1.000000 0.000000
-0.000016 -1.000000 0.000000
-0.000016 -1.000000 0.000000
-0.000016 -1.000000 0.000000
-0.000016 -1.000000 0.000000
-0.000016 -1.000000 0.000000
-0.000016 -1.000000 0.000000
-0.000016 -1.000000 0.000000
-0.000016 -1.000000 0.000000
-0.000016 -1.000000 0.000000
-0.000016 -1.000000 0.000000
-0.000016 -1.000000 0.000000
-0.000016 -1.000000 0.000000
-0.000016 -1.000000 0.000000
-0.000016 -1.000000 0.000000
-0.000016 -1.000000 0.000000
-0.000016 -1.000000 0.000000
-0.000016 -1.000000 0.000000
-0.000016 -1.000000 0.000000
-0.000016 -1.000000 0.000000
-0.000016 -1.000000 0.000000
-0.000016 -1.000000 0.000000
-0.000016 -1.000000 0.000000
-0.000016 -1.000000 0.000000
-0.000016 -1.000000 0.000000
-0.000016 -1.000000 0.000000
-0.000016 -1.000000 0.000000
-0.000016 -1.000000 0.000000
-0.000016 -1.000000 0.000000
-0.000016 -1.000000 0.000000
-0.000016 -1.000000 0.000000
-0.000016 -1.000000 0.000000
-0.000016 -1.000000 0.000000
-0.000016 -1.000000 0.000000
-0.000016 -1.000000 0.000000
-0.000016 -1.000000 0.000000
-0.000016 -1.000000 0.000000
-0.000016 -1.000000 0.000000
-0.000016 -1.000000 0.000000
-0.000016 -1.000000 0.000000
-0.000016 -1.000000 0.000000
-0.000016 -1.000000 0.000000
-0.000016 -1.000000 0.000000
-0.000016 -1.000000 0.000000
-0.000016 -1.000000 0.000000
-0.000016 -1.000000 0.000000
-0.000016 -1.000000 0.000000
-0.000016 -1.000000 0.000000
-0.000016 -1.000000 0.000000
-0.000016 -1.000000 0.000000
-0.000016 -1.000000 0.000000
-0.000016 -1.000000 0.000000
-0.000016 -1.000000 0.000000
-0.000016 -1.000000 0.000000
-0.000016 -1.000000 0.000000
-0.000016 -1.000000 0.000000
-0.000016 -1.000000 0.000000
-0.000016 -1.000000 0.000000
-0.000016 -1.000000 0.000000
-0.000016 -1.000000 0.000000
-0.000016 -1.000000 0.000000
-0.000016 -1.000000 0.000000
-0.000016 -1.000000 0.000000
-0.000016 -1.000000 0.000000
-0.000016 -1.000000 0.000000
-0.000016 -1.000000 0.000000
-0.000016 -1.000000 0.000000
-0.000016 -1.000000 0.000000
-0.000016 -1.000000 0.000000
-0.000016 -1.000000 0.000000
-0.000016 -1.000000 0.000000
-0.000016 -1.000000 0.000000
-0.000016 -1.000000 0.000000
-0.000016 -1.000000 0.000000
-0.000016 -1.000000 0.000000
-0.000016 -1.000000 0.000000
-0.000016 -1.000000 0.000000
-0.000016 -1.000000 0.000000
-0.000016 -1.000000 0.000000
-0.000016 -1.000000 0.000000
-0.000016 -1.000000 0.000000
-0.000016 -1.000000 0.000000
-0.000016 -1.000000 0.000000
-0.000016 -1.000000 0.000000
-0.000016 -1.000000 0.000000
-0.000016 -1.000000 0.000000
-0.000016 -1.000000 0.000000
-0.000016 -1.000000 0.000000
-0.000016 -1.000000 0.000000
-0.000016 -1.000000 0.000000
-0.000016 -1.000000 0.000000
-0.000016 -1.000000 0.000000
-1.000000 0.000016 -0.000005
-0.999998 0.000430 0.002068
-0.995882 0.001643 0.090644
-1.000000 0.000016 -0.000005
-1.000000 0.000016 -0.000005
-0.995882 0.001643 0.090644
-1.000000 0.000016 -0.000005
-0.995882 0.001643 0.090644
-0.995843 0.002311 -0.091059
-1.000000 0.000016 -0.000005
-1.000000 0.000016 -0.000005
-0.995843 0.002311 -0.091059
-1.000000 0.000016 -0.000005
-0.995843 0.002311 -0.091059
-0.999995 0.000702 -0.002909
0.000016 1.000000 -0.000000
0.000016 1.000000 -0.000000
0.000016 1.000000 -0.000000
0.000016 1.000000 -0.000000
0.000016 1.000000 -0.000000
0.000016 1.000000 -0.000000
0.000016 1.000000 -0.000000
0.000016 1.000000 -0.000000
0.000016 1.000000 -0.000000
0.000016 1.000000 -0.000000
0.000016 1.000000 -0.000000
0.000016 1.000000 -0.000000
0.000016 1.000000 -0.000000
0.000016 1.000000 -0.000000
0.000016 1.000000 -0.000000
0.000016 1.000000 -0.000000
0.000016 1.000000 -0.000000
0.000016 1.000000 -0.000000
0.000016 1.000000 -0.000000
0.000016 1.000000 -0.000000
0.000016 1.000000 -0.000000
0.000016 1.000000 -0.000000
0.000016 1.000000 -0.000000
0.000016 1.000000 -0.000000
0.000016 1.000000 -0.000000
0.000016 1.000000 -0.000000
0.000016 1.000000 -0.000000
0.000016 1.000000 -0.000000
0.000016 1.000000 -0.000000
0.000016 1.000000 -0.000000
0.000016 1.000000 -0.000000
0.000016 1.000000 -0.000000
0.000016 1.000000 -0.000000
0.000016 1.000000 -0.000000
0.000016 1.000000 -0.000000
0.000016 1.000000 -0.000000
0.000016 1.000000 -0.000000
0.000016 1.000000 -0.000000
0.000016 1.000000 -0.000000
0.000016 1.000000 -0.000000
0.000016 1.000000 -0.000000
0.000016 1.000000 -0.000000
0.000016 1.000000 -0.000000
0.000016 1.000000 -0.000000
0.000016 1.000000 -0.000000
0.000016 1.000000 -0.000000
0.000016 1.000000 -0.000000
0.000016 1.000000 -0.000000
0.000016 1.000000 -0.000000
0.000016 1.000000 -0.000000
0.000016 1.000000 -0.000000
0.000016 1.000000 -0.000000
0.000016 1.000000 -0.000000
0.000016 1.000000 -0.000000
0.000016 1.000000 -0.000000
0.000016 1.000000 -0.000000
0.000016 1.000000 -0.000000
0.000016 1.000000 -0.000000
0.000016 1.000000 -0.000000
0.000016 1.000000 -0.000000
0.000016 1.000000 -0.000000
0.000016 1.000000 -0.000000
0.000016 1.000000 -0.000000
0.000016 1.000000 -0.000000
0.000016 1.000000 -0.000000
0.000016 1.000000 -0.000000
0.000016 1.000000 -0.000000
0.000016 1.000000 -0.000000
0.000016 1.000000 -0.000000
0.000016 1.000000 -0.000000
0.000016 1.000000 -0.000000
0.000016 1.000000 -0.000000
0.000016 1.000000 -0.000000
0.000016 1.000000 -0.000000
0.000016 1.000000 -0.000000
0.000016 1.000000 -0.000000
0.000016 1.000000 -0.000000
0.000016 1.000000 -0.000000
0.000016 1.000000 -0.000000
0.000016 1.000000 -0.000000
0.000016 1.000000 -0.000000
0.000016 1.000000 -0.000000
0.000016 1.000000 -0.000000
0.000016 1.000000 -0.000000
0.000016 1.000000 -0.000000
0.000016 1.000000 -0.000000
0.000016 1.000000 -0.000000
0.000016 1.000000 -0.000000
0.000016 1.000000 -0.000000
0.000016 1.000000 -0.000000
0.000016 1.000000 -0.000000
0.000016 1.000000 -0.000000
0.000016 1.000000 -0.000000
0.000016 1.000000 -0.000000
0.000016 1.000000 -0.000000
0.000016 1.000000 -0.000000
0.000016 1.000000 -0.000000
0.000016 1.000000 -0.000000
0.000016 1.000000 -0.000000
0.000016 1.000000 -0.000000
0.000016 1.000000 -0.000000
0.000016 1.000000 -0.000000
0.000016 1.000000 -0.000000
0.000016 1.000000 -0.000000
0.000016 1.000000 -0.000000
0.000016 1.000000 -0.000000
0.000016 1.000000 -0.000000
0.000016 1.000000 -0.000000
0.000016 1.000000 -0.000000
0.000016 1.000000 -0.000000
0.000016 1.000000 -0.000000
0.000016 1.000000 -0.000000
0.000016 1.000000 -0.000000
0.000016 1.000000 -0.000000
0.000016 1.000000 -0.000000
0.000016 1.000000 -0.000000
0.000016 1.000000 -0.000000
0.000016 1.000000 -0.000000
0.000016 1.000000 -0.000000
0.000016 1.000000 -0.000000
0.000005 -0.000000 -1.000000
-0.002068 0.000412 -0.999998
-0.090644 0.001628 -0.995882
0.000005 -0.000000 -1.000000
0.000005 -0.000000 -1.000000
-0.090644 0.001628 -0.995882
0.000005 -0.000000 -1.000000
-0.090644 0.001628 -0.995882
0.090862 0.001958 -0.995862
0.000005 -0.000000 -1.000000
0.000005 -0.000000 -1.000000
0.090862 0.001958 -0.995862
0.000005 -0.000000 -1.000000
0.090862 0.001958 -0.995862
0.002467 0.000534 -0.999997
-0.091058 0.002298 0.995843
-0.002909 0.000682 0.999996
-0.000005 0.000000 1.000000
-0.091058 0.002298 0.995843
-0.000005 0.000000 1.000000
-0.000004 0.000001 1.000000
-0.091058 0.002298 0.995843
-0.000004 0.000001 1.000000
-0.000005 -0.000001 1.000000
0.090644 0.001625 0.995882
-0.091058 0.002298 0.995843
-0.000005 -0.000001 1.000000
0.090644 0.001625 0.995882
-0.000005 -0.000001 1.000000
0.002068 0.000411 0.999998
1.000000 -0.000016 0.000005
0.999998 0.000395 -0.002068
0.995882 0.001611 -0.090644
1.000000 -0.000016 0.000005
1.000000 -0.000016 0.000005
0.995882 0.001611 -0.090644
1.000000 -0.000016 0.000005
1.000000 -0.000016 0.000005
0.995882 0.001611 -0.090644
1.000000 -0.000016 0.000005
0.995882 0.001611 -0.090644
0.995843 0.002279 0.091059
1.000000 -0.000016 0.000005
1.000000 -0.000016 0.000005
0.995843 0.002279 0.091059
1.000000 -0.000016 0.000005
0.995843 0.002279 0.091059
0.999996 0.000668 0.002909
0.000016 1.000000 -0.000000
0.000016 1.000000 -0.000000
-0.037438 0.999299 -0.000000
0.000016 1.000000 -0.000000
0.000016 1.000000 -0.000000
-0.037438 0.999299 -0.000000
0.000016 1.000000 -0.000000
0.000016 1.000000 -0.000000
-0.037438 0.999299 -0.000000
0.000016 1.000000 -0.000000
-0.037438 0.999299 -0.000000
-0.033156 0.999450 -0.000378
0.000016 1.000000 -0.000000
0.000016 1.000000 -0.000000
-0.033156 0.999450 -0.000378
0.000016 1.000000 -0.000000
-0.033156 0.999450 -0.000378
-0.019399 0.999549 0.022909
-0.037438 0.999299 -0.000000
0.000016 1.000000 -0.000000
0.000016 1.000000 -0.000000
-0.037438 0.999299 -0.000000
0.000016 1.000000 -0.000000
0.000016 1.000000 -0.000000
-0.037438 0.999299 -0.000000
0.000016 1.000000 -0.000000
0.000016 1.000000 -0.000000
-0.033156 0.999450 0.000377
-0.037438 0.999299 -0.000000
0.000016 1.000000 -0.000000
-0.033156 0.999450 0.000377
0.000016 1.000000 -0.000000
0.000016 1.000000 -0.000000
-0.033156 0.999450 0.000377
0.000016 1.000000 -0.000000
-0.019399 0.999549 -0.022910
0.037471 0.999298 -0.000000
0.000016 1.000000 -0.000000
0.000016 1.000000 -0.000000
0.037471 0.999298 -0.000000
0.000016 1.000000 -0.000000
0.000016 1.000000 -0.000000
0.037471 0.999298 -0.000000
0.000016 1.000000 -0.000000
0.000016 1.000000 -0.000000
0.033189 0.999449 -0.000378
0.037471 0.999298 -0.000000
0.000016 1.000000 -0.000000
0.033189 0.999449 -0.000378
0.000016 1.000000 -0.000000
0.000016 1.000000 -0.000000
0.033189 0.999449 -0.000378
0.000016 1.000000 -0.000000
0.019432 0.999549 0.022909
0.000016 1.000000 -0.000000
0.000016 1.000000 -0.000000
0.000016 1.000000 -0.000000
0.000016 1.000000 -0.000000
0.000016 1.000000 -0.000000
0.000016 1.000000 -0.000000
0.000016 1.000000 -0.000000
0.000016 1.000000 -0.000000
0.000016 1.000000 -0.000000
0.000016 1.000000 -0.000000
0.000016 1.000000 -0.000000
0.000016 1.000000 -0.000000
0.000016 1.000000 -0.000000
0.000016 1.000000 -0.000000
0.000016 1.000000 -0.000000
0.000016 1.000000 -0.000000
0.000016 1.000000 -0.000000
0.000016 1.000000 -0.000000
0.000016 1.000000 -0.000000
0.000016 1.000000 -0.000000
0.000016 1.000000 -0.000000
0.000016 1.000000 -0.000000
0.000016 1.000000 -0.000000
0.000016 1.000000 -0.000000
0.000016 1.000000 -0.000000
0.000016 1.000000 -0.000000
0.000016 1.000000 -0.000000
0.000016 1.000000 -0.000000
0.000016 1.000000 -0.000000
0.000016 1.000000 -0.000000
0.000016 1.000000 -0.000000
0.000016 1.000000 -0.000000
0.000016 1.000000 -0.000000
0.000016 1.000000 -0.000000
0.000016 1.000000 -0.000000
0.000016 1.000000 -0.000000
0.000016 1.000000 -0.000000
0.000016 1.000000 -0.000000
0.000016 1.000000 -0.000000
0.000016 1.000000 -0.000000
0.000016 1.000000 -0.000000
0.000016 1.000000 -0.000000
0.000016 1.000000 -0.000000
0.000016 1.000000 -0.000000
0.000016 1.000000 -0.000000
0.000016 1.000000 -0.000000
0.000016 1.000000 -0.000000
0.000016 1.000000 -0.000000
0.000016 1.000000 -0.000000
0.000016 1.000000 -0.000000
0.000016 1.000000 -0.000000
0.000016 1.000000 -0.000000
0.000016 1.000000 -0.000000
0.000016 1.000000 -0.000000
0.000016 1.000000 -0.000000
0.000016 1.000000 -0.000000
0.000016 1.000000 -0.000000
0.000016 1.000000 -0.000000
0.000016 1.000000 -0.000000
0.000016 1.000000 -0.000000
0.000016 1.000000 -0.000000
0.000016 1.000000 -0.000000
0.000016 1.000000 -0.000000
0.000016 1.000000 -0.000000
0.000016 1.000000 -0.000000
0.000016 1.000000 -0.000000
0.000016 1.000000 -0.000000
0.000016 1.000000 -0.000000
0.000016 1.000000 -0.000000
0.000016 1.000000 -0.000000
0.000016 1.000000 -0.000000
0.000016 1.000000 -0.000000
0.000016 1.000000 -0.000000
0.000016 1.000000 -0.000000
0.000016 1.000000 -0.000000
0.000016 1.000000 -0.000000
0.000016 1.000000 -0.000000
0.000016 1.000000 -0.000000
0.000016 1.000000 -0.000000
0.000016 1.000000 -0.000000
0.000016 1.000000 -0.000000
0.000016 1.000000 -0.000000
0.000016 1.000000 -0.000000
0.000016 1.000000 -0.000000
0.000016 1.000000 -0.000000
0.000016 1.000000 -0.000000
0.000016 1.000000 -0.000000
0.000016 1.000000 -0.000000
0.000016 1.000000 -0.000000
0.000016 1.000000 -0.000000
0.707103 -0.000014 0.707111
0.707103 -0.000011 0.707110
0.707103 -0.000012 0.707111
0.707103 -0.000014 0.707111
0.707103 -0.000012 0.707111
0.707104 -0.000016 0.707110
0.707103 -0.000014 0.707111
0.707104 -0.000016 0.707110
0.707103 -0.000015 0.707110
0.707103 -0.000013 0.707111
0.707103 -0.000014 0.707111
0.707103 -0.000015 0.707110
0.707103 -0.000013 0.707111
0.707103 -0.000015 0.707110
0.707103 -0.000011 0.707110
0.707103 -0.000011 0.707110
0.707103 -0.000013 0.707111
0.707103 -0.000011 0.707110
0.707103 -0.000011 0.707110
0.707103 -0.000011 0.707110
0.707103 -0.000011 0.707110
0.707104 -0.000011 0.707110
0.707103 -0.000011 0.707110
0.707103 -0.000011 0.707110
0.707104 -0.000011 0.707110
0.707103 -0.000011 0.707110
0.707103 -0.000011 0.707110
0.707104 -0.000011 0.707110
0.707104 -0.000011 0.707110
0.707103 -0.000011 0.707110
0.707104 -0.000011 0.707110
0.707103 -0.000011 0.707110
0.707103 -0.000011 0.707110
-0.000016 -1.000000 0.000000
-0.000016 -1.000000 0.000000
-0.000016 -1.000000 0.000000
-0.000016 -1.000000 0.000000
-0.000016 -1.000000 0.000000
-0.000016 -1.000000 0.000000
-0.000016 -1.000000 0.000000
-0.000016 -1.000000 0.000000
-0.000016 -1.000000 0.000000
-0.000016 -1.000000 0.000000
-0.000016 -1.000000 0.000000
-0.000016 -1.000000 0.000000
-0.000016 -1.000000 0.000000
-0.000016 -1.000000 0.000000
-0.000016 -1.000000 0.000000
-0.000016 -1.000000 0.000000
-0.000016 -1.000000 0.000000
-0.000016 -1.000000 0.000000
-0.000016 -1.000000 0.000000
-0.000016 -1.000000 0.000000
-0.000016 -1.000000 0.000000
-0.000016 -1.000000 0.000000
-0.000016 -1.000000 0.000000
-0.000016 -1.000000 0.000000
-0.000016 -1.000000 0.000000
-0.000016 -1.000000 0.000000
-0.000016 -1.000000 0.000000
-0.000016 -1.000000 0.000000
-0.000016 -1.000000 0.000000
-0.000016 -1.000000 0.000000
-0.000016 -1.000000 0.000000
-0.000016 -1.000000 0.000000
-0.000016 -1.000000 0.000000
-0.000016 -1.000000 0.000000
-0.000016 -1.000000 0.000000
-0.000016 -1.000000 0.000000
-0.000016 -1.000000 0.000000
-0.000016 -1.000000 0.000000
-0.000016 -1.000000 0.000000
-0.000016 -1.000000 0.000000
-0.000016 -1.000000 0.000000
-0.000016 -1.000000 0.000000
-0.000016 -1.000000 0.000000
-0.000016 -1.000000 0.000000
-0.000016 -1.000000 0.000000
-0.000016 -1.000000 0.000000
-0.000016 -1.000000 0.000000
-0.000016 -1.000000 0.000000
-0.000016 -1.000000 0.000000
-0.000016 -1.000000 0.000000
-0.000016 -1.000000 0.000000
-0.000016 -1.000000 0.000000
-0.000016 -1.000000 0.000000
-0.000016 -1.000000 0.000000
-0.000016 -1.000000 0.000000
-0.000016 -1.000000 0.000000
-0.000016 -1.000000 0.000000
-0.000016 -1.000000 0.000000
-0.000016 -1.000000 0.000000
-0.000016 -1.000000 0.000000
-0.000016 -1.000000 0.000000
-0.000016 -1.000000 0.000000
-0.000016 -1.000000 0.000000
-0.000016 -1.000000 0.000000
-0.000016 -1.000000 0.000000
-0.000016 -1.000000 0.000000
-0.000016 -1.000000 0.000000
-0.000016 -1.000000 0.000000
-0.000016 -1.000000 0.000000
-0.000016 -1.000000 0.000000
-0.000016 -1.000000 0.000000
-0.000016 -1.000000 0.000000
-0.000016 -1.000000 0.000000
-0.000016 -1.000000 0.000000
-0.000016 -1.000000 0.000000
-0.000016 -1.000000 0.000000
-0.000016 -1.000000 0.000000
-0.000016 -1.000000 0.000000
-0.000016 -1.000000 0.000000
-0.000016 -1.000000 0.000000
-0.000016 -1.000000 0.000000
-0.000016 -1.000000 0.000000
-0.000016 -1.000000 0.000000
-0.000016 -1.000000 0.000000
-0.000016 -1.000000 0.000000
-0.000016 -1.000000 0.000000
-0.000016 -1.000000 0.000000
-0.000016 -1.000000 0.000000
-0.000016 -1.000000 0.000000
-0.000016 -1.000000 0.000000
-0.000016 -1.000000 0.000000
-0.000016 -1.000000 0.000000
-0.000016 -1.000000 0.000000
-0.000016 -1.000000 0.000000
-0.000016 -1.000000 0.000000
-0.000016 -1.000000 0.000000
-0.000016 -1.000000 0.000000
-0.000016 -1.000000 0.000000
-0.000016 -1.000000 0.000000
-0.000016 -1.000000 0.000000
-0.000016 -1.000000 0.000000
-0.000016 -1.000000 0.000000
-0.000016 -1.000000 0.000000
-0.000016 -1.000000 0.000000
-0.000016 -1.000000 0.000000
-0.000016 -1.000000 0.000000
-0.000016 -1.000000 0.000000
-0.000016 -1.000000 0.000000
-0.000016 -1.000000 0.000000
-0.000016 -1.000000 0.000000
-0.000016 -1.000000 0.000000
-0.000016 -1.000000 0.000000
-0.000016 -1.000000 0.000000
-0.000016 -1.000000 0.000000
-0.000016 -1.000000 0.000000
-0.000016 -1.000000 0.000000
-0.000016 -1.000000 0.000000
-0.000016 -1.000000 0.000000
-0.000016 -1.000000 0.000000
-0.000016 -1.000000 0.000000
-0.000016 -1.000000 0.000000
-0.000016 -1.000000 0.000000
-0.000016 -1.000000 0.000000
-0.000016 -1.000000 0.000000
-0.000016 -1.000000 0.000000
-0.000016 -1.000000 0.000000
-0.000016 -1.000000 0.000000
-0.000016 -1.000000 0.000000
-0.000016 -1.000000 0.000000
-0.000016 -1.000000 0.000000
-0.000016 -1.000000 0.000000
-0.000016 -1.000000 0.000000
-0.000016 -1.000000 0.000000
-0.000016 -1.000000 0.000000
-0.000016 -1.000000 0.000000
-0.000016 -1.000000 0.000000
-0.000016 -1.000000 0.000000
-0.000016 -1.000000 0.000000
0.000016 1.000000 -0.000000
0.000016 1.000000 -0.000000
0.000016 0.999298 0.037454
0.000016 1.000000 -0.000000
0.000016 1.000000 -0.000000
0.000016 0.999298 0.037454
0.000016 1.000000 -0.000000
0.000016 1.000000 -0.000000
0.000016 0.999298 0.037454
0.000016 1.000000 -0.000000
0.000016 0.999298 0.037454
-0.000361 0.999450 0.033172
0.000016 1.000000 -0.000000
0.000016 1.000000 -0.000000
-0.000361 0.999450 0.033172
0.000016 1.000000 -0.000000
-0.000361 0.999450 0.033172
0.022926 0.999549 0.019415
0.707110 -0.000012 -0.707103
0.707110 -0.000012 -0.707103
0.707110 -0.000012 -0.707104
0.707110 -0.000012 -0.707103
0.707110 -0.000012 -0.707103
0.707110 -0.000012 -0.707104
0.707110 -0.000012 -0.707103
0.707110 -0.000012 -0.707103
0.707110 -0.000012 -0.707104
0.707110 -0.000012 -0.707103
0.707110 -0.000012 -0.707104
0.707110 -0.000012 -0.707103
0.707110 -0.000012 -0.707104
0.707110 -0.000012 -0.707103
0.707110 -0.000012 -0.707103
0.707110 -0.000012 -0.707104
0.707110 -0.000012 -0.707103
0.707110 -0.000012 -0.707103
0.707110 -0.000012 -0.707103
0.707110 -0.000012 -0.707104
0.707110 -0.000012 -0.707103
0.707110 -0.000012 -0.707103
0.707110 -0.000012 -0.707103
0.707110 -0.000012 -0.707104
0.707110 -0.000012 -0.707104
0.707110 -0.000012 -0.707103
0.707110 -0.000012 -0.707104
0.707110 -0.000012 -0.707104
0.707110 -0.000012 -0.707104
0.707109 -0.000009 -0.707104
0.707110 -0.000012 -0.707104
0.707109 -0.000009 -0.707104
0.707109 -0.000011 -0.707104
-0.707110 0.000012 0.707103
-0.707110 0.000012 0.707103
-0.707110 0.000012 0.707104
-0.707110 0.000012 0.707103
-0.707110 0.000012 0.707103
-0.707110 0.000012 0.707104
-0.707110 0.000012 0.707103
-0.707110 0.000012 0.707103
-0.707110 0.000012 0.707104
-0.707110 0.000012 0.707103
-0.707110 0.000012 0.707104
-0.707110 0.000012 0.707103
-0.707110 0.000012 0.707104
-0.707110 0.000012 0.707103
-0.707110 0.000012 0.707103
-0.707110 0.000012 0.707104
-0.707110 0.000012 0.707103
-0.707110 0.000012 0.707103
-0.707110 0.000012 0.707103
-0.707110 0.000012 0.707104
-0.707110 0.000012 0.707103
-0.707110 0.000012 0.707103
-0.707110 0.000012 0.707103
-0.707110 0.000012 0.707104
-0.707110 0.000012 0.707104
-0.707110 0.000012 0.707103
-0.707110 0.000012 0.707104
-0.707110 0.000012 0.707104
-0.707110 0.000012 0.707104
-0.707109 0.000014 0.707104
-0.707110 0.000012 0.707104
-0.707109 0.000014 0.707104
-0.707109 0.000013 0.707104
0.000005 -0.000000 -1.000000
0.000005 -0.000000 -1.000000
0.000005 -0.000000 -1.000000
0.000005 -0.000000 -1.000000
0.000005 -0.000000 -1.000000
0.000005 -0.000000 -1.000000
0.000005 -0.000000 -1.000000
0.000005 -0.000000 -1.000000
0.000005 -0.000000 -1.000000
0.000005 -0.000000 -1.000000
0.000005 -0.000000 -1.000000
0.000005 -0.000000 -1.000000
0.000005 -0.000000 -1.000000
0.000005 -0.000000 -1.000000
0.000005 -0.000000 -1.000000
0.000005 -0.000000 -1.000000
0.000005 -0.000000 -1.000000
0.000005 -0.000000 -1.000000
0.000005 -0.000000 -1.000000
0.000005 -0.000000 -1.000000
0.000005 -0.000000 -1.000000
0.000005 -0.000000 -1.000000
0.000005 -0.000000 -1.000000
0.000005 -0.000000 -1.000000
0.000005 -0.000000 -1.000000
0.000005 -0.000000 -1.000000
0.000005 -0.000000 -1.000000
0.000005 -0.000000 -1.000000
0.000005 -0.000000 -1.000000
0.000005 -0.000000 -1.000000
0.000005 -0.000000 -1.000000
0.000005 -0.000000 -1.000000
0.000005 -0.000000 -1.000000
0.000005 -0.000000 -1.000000
0.000005 -0.000000 -1.000000
0.000005 -0.000000 -1.000000
0.000005 -0.000000 -1.000000
0.000005 -0.000000 -1.000000
0.000005 -0.000000 -1.000000
0.000005 -0.000000 -1.000000
0.000005 -0.000000 -1.000000
0.000005 -0.000000 -1.000000
1.000000 -0.000016 0.000005
1.000000 -0.000016 0.000005
1.000000 -0.000016 0.000005
1.000000 -0.000016 0.000005
1.000000 -0.000016 0.000005
1.000000 -0.000016 0.000005
1.000000 -0.000016 0.000005
1.000000 -0.000016 0.000005
1.000000 -0.000016 0.000005
1.000000 -0.000016 0.000005
1.000000 -0.000016 0.000005
1.000000 -0.000016 0.000005
1.000000 -0.000016 0.000005
1.000000 -0.000016 0.000005
1.000000 -0.000016 0.000005
1.000000 -0.000016 0.000005
1.000000 -0.000016 0.000005
1.000000 -0.000016 0.000005
1.000000 -0.000016 0.000005
1.000000 -0.000016 0.000005
1.000000 -0.000016 0.000005
1.000000 -0.000016 0.000005
1.000000 -0.000016 0.000005
1.000000 -0.000016 0.000005
1.000000 -0.000016 0.000005
1.000000 -0.000016 0.000005
1.000000 -0.000016 0.000005
1.000000 -0.000016 0.000005
1.000000 -0.000016 0.000005
1.000000 -0.000016 0.000005
1.000000 -0.000016 0.000005
1.000000 -0.000016 0.000005
1.000000 -0.000016 0.000005
1.000000 -0.000016 0.000005
1.000000 -0.000016 0.000005
1.000000 -0.000016 0.000005
1.000000 -0.000016 0.000005
1.000000 -0.000016 0.000005
1.000000 -0.000016 0.000005
1.000000 -0.000016 0.000005
1.000000 -0.000016 0.000005
1.000000 -0.000016 0.000005
1.000000 -0.000016 0.000005
1.000000 -0.000016 0.000005
1.000000 -0.000016 0.000005
1.000000 -0.000016 0.000005
1.000000 -0.000016 0.000005
1.000000 -0.000016 0.000005
1.000000 -0.000016 0.000005
1.000000 -0.000016 0.000005
1.000000 -0.000016 0.000005
1.000000 -0.000016 0.000005
1.000000 -0.000016 0.000005
1.000000 -0.000016 0.000005
1.000000 -0.000016 0.000005
1.000000 -0.000016 0.000005
1.000000 -0.000016 0.000005
1.000000 -0.000016 0.000005
1.000000 -0.000016 0.000005
1.000000 -0.000016 0.000005
1.000000 -0.000016 0.000005
1.000000 -0.000016 0.000005
1.000000 -0.000016 0.000005
1.000000 -0.000016 0.000005
1.000000 -0.000016 0.000005
1.000000 -0.000016 0.000005
1.000000 -0.000016 0.000005
1.000000 -0.000016 0.000005
1.000000 -0.000016 0.000005
1.000000 -0.000016 0.000005
1.000000 -0.000016 0.000005
1.000000 -0.000016 0.000005
1.000000 -0.000016 0.000005
1.000000 -0.000016 0.000005
1.000000 -0.000016 0.000005
1.000000 -0.000016 0.000005
1.000000 -0.000016 0.000005
1.000000 -0.000016 0.000005
1.000000 -0.000016 0.000005
1.000000 -0.000016 0.000005
1.000000 -0.000016 0.000005
1.000000 -0.000016 0.000005
1.000000 -0.000016 0.000005
1.000000 -0.000016 0.000005
0.000016 1.000000 -0.000000
0.000016 1.000000 -0.000000
0.000016 1.000000 -0.000000
0.000016 1.000000 -0.000000
0.000016 1.000000 -0.000000
0.000016 1.000000 -0.000000
0.000016 1.000000 -0.000000
0.000016 1.000000 -0.000000
0.000016 1.000000 -0.000000
0.000016 1.000000 -0.000000
0.000016 1.000000 -0.000000
0.000016 1.000000 -0.000000
0.000016 1.000000 -0.000000
0.000016 1.000000 -0.000000
0.000016 1.000000 -0.000000
0.000016 1.000000 -0.000000
0.000016 1.000000 -0.000000
0.000016 1.000000 -0.000000
0.000016 1.000000 -0.000000
0.000016 1.000000 -0.000000
0.000016 1.000000 -0.000000
0.000016 1.000000 -0.000000
0.000016 1.000000 -0.000000
0.000016 1.000000 -0.000000
0.000016 1.000000 -0.000000
0.000016 1.000000 -0.000000
0.000016 1.000000 -0.000000
0.000016 1.000000 -0.000000
0.000016 1.000000 -0.000000
0.000016 1.000000 -0.000000
0.000016 1.000000 -0.000000
0.000016 1.000000 -0.000000
0.000016 1.000000 -0.000000
0.000016 1.000000 -0.000000
0.000016 1.000000 -0.000000
0.000016 1.000000 -0.000000
0.000016 1.000000 -0.000000
0.000016 1.000000 -0.000000
0.000016 1.000000 -0.000000
0.000016 1.000000 -0.000000
0.000016 1.000000 -0.000000
0.000016 1.000000 -0.000000
0.000016 1.000000 -0.000000
0.000016 1.000000 -0.000000
0.000016 1.000000 -0.000000
0.000016 1.000000 -0.000000
0.000016 1.000000 -0.000000
0.000016 1.000000 -0.000000
0.000016 1.000000 -0.000000
0.000016 1.000000 -0.000000
0.000016 1.000000 -0.000000
0.000016 1.000000 -0.000000
0.000016 1.000000 -0.000000
0.000016 1.000000 -0.000000
0.000016 1.000000 -0.000000
0.000016 1.000000 -0.000000
0.000016 1.000000 -0.000000
0.000016 1.000000 -0.000000
0.000016 1.000000 -0.000000
0.000016 1.000000 -0.000000
0.000016 1.000000 -0.000000
0.000016 1.000000 -0.000000
0.000016 1.000000 -0.000000
0.000016 1.000000 -0.000000
0.000016 1.000000 -0.000000
0.000016 1.000000 -0.000000
0.000016 1.000000 -0.000000
0.000016 1.000000 -0.000000
0.000016 1.000000 -0.000000
0.000016 1.000000 -0.000000
0.000016 1.000000 -0.000000
0.000016 1.000000 -0.000000
0.000016 1.000000 -0.000000
0.000016 1.000000 -0.000000
0.000016 1.000000 -0.000000
0.000016 1.000000 -0.000000
0.000016 1.000000 -0.000000
0.000016 1.000000 -0.000000
0.000016 1.000000 -0.000000
0.000016 1.000000 -0.000000
0.000016 1.000000 -0.000000
0.000016 1.000000 -0.000000
0.000016 1.000000 -0.000000
0.000016 1.000000 -0.000000
0.000016 1.000000 -0.000000
0.000016 1.000000 -0.000000
0.000016 1.000000 -0.000000
0.000016 1.000000 -0.000000
0.000016 1.000000 -0.000000
0.000016 1.000000 -0.000000
0.000016 1.000000 -0.000000
0.000016 1.000000 -0.000000
0.000016 1.000000 -0.000000
0.000016 1.000000 -0.000000
0.000016 1.000000 -0.000000
0.000016 1.000000 -0.000000
-0.000575 -0.999470 -0.032556
0.000542 -0.999470 -0.032556
0.032540 -0.999470 -0.000558
-0.032572 -0.999469 -0.000558
-0.000575 -0.999470 -0.032556
0.032540 -0.999470 -0.000558
-0.032572 -0.999469 -0.000558
0.032540 -0.999470 -0.000558
0.032540 -0.999470 0.000559
-0.032572 -0.999469 -0.000558
0.032540 -0.999470 0.000559
0.000542 -0.999470 0.032556
-0.032572 -0.999469 -0.000558
0.000542 -0.999470 0.032556
-0.000575 -0.999470 0.032556
-0.032572 -0.999469 -0.000558
-0.000575 -0.999470 0.032556
-0.032572 -0.999469 0.000559
-0.707103 0.000011 -0.707110
-0.707103 0.000011 -0.707110
-0.707104 0.000011 -0.707110
-0.707103 0.000011 -0.707110
-0.707103 0.000011 -0.707110
-0.707104 0.000011 -0.707110
-0.707103 0.000011 -0.707110
-0.707103 0.000011 -0.707110
-0.707104 0.000011 -0.707110
-0.707103 0.000011 -0.707110
-0.707104 0.000011 -0.707110
-0.707103 0.000011 -0.707110
-0.707104 0.000011 -0.707110
-0.707103 0.000011 -0.707110
-0.707103 0.000011 -0.707110
-0.707104 0.000011 -0.707110
-0.707103 0.000011 -0.707110
-0.707103 0.000011 -0.707110
-0.707103 0.000011 -0.707110
-0.707104 0.000011 -0.707110
-0.707103 0.000011 -0.707110
-0.707103 0.000011 -0.707110
-0.707103 0.000011 -0.707110
-0.707104 0.000011 -0.707110
-0.707103 0.000011 -0.707110
-0.707103 0.000011 -0.707110
-0.707104 0.000011 -0.707110
-0.707103 0.000011 -0.707110
-0.707104 0.000011 -0.707110
-0.707105 0.000012 -0.707109
0.707110 -0.000012 -0.707103
0.707110 -0.000012 -0.707103
0.707110 -0.000012 -0.707103
0.707110 -0.000012 -0.707104
0.707110 -0.000012 -0.707103
0.707110 -0.000012 -0.707103
0.707110 -0.000012 -0.707104
0.707110 -0.000012 -0.707103
0.707110 -0.000012 -0.707103
0.707110 -0.000012 -0.707103
0.707110 -0.000012 -0.707104
0.707110 -0.000012 -0.707103
0.707110 -0.000012 -0.707103
0.707110 -0.000012 -0.707103
0.707110 -0.000012 -0.707104
0.707110 -0.000012 -0.707103
0.707110 -0.000012 -0.707103
0.707110 -0.000012 -0.707104
0.707110 -0.000012 -0.707103
0.707110 -0.000012 -0.707104
0.707110 -0.000012 -0.707103
0.707110 -0.000012 -0.707103
0.707110 -0.000012 -0.707103
0.707110 -0.000012 -0.707103
0.707110 -0.000012 -0.707103
0.707110 -0.000012 -0.707103
0.707111 -0.000013 -0.707103
0.707111 -0.000017 -0.707103
0.707110 -0.000012 -0.707103
0.707111 -0.000013 -0.707103
0.707111 -0.000015 -0.707103
0.707111 -0.000017 -0.707103
0.707111 -0.000013 -0.707103
0.707111 -0.000015 -0.707103
0.707111 -0.000013 -0.707103
0.707111 -0.000013 -0.707103
0.707111 -0.000015 -0.707103
0.707111 -0.000013 -0.707103
0.707111 -0.000013 -0.707103
0.707111 -0.000015 -0.707103
0.707111 -0.000013 -0.707103
0.707110 -0.000013 -0.707104
0.000016 1.000000 -0.000000
0.000016 1.000000 -0.000000
0.000017 0.999298 -0.037455
0.000016 1.000000 -0.000000
0.000016 1.000000 -0.000000
0.000017 0.999298 -0.037455
0.000016 1.000000 -0.000000
0.000016 1.000000 -0.000000
0.000017 0.999298 -0.037455
0.000016 1.000000 -0.000000
0.000017 0.999298 -0.037455
0.000394 0.999450 -0.033173
0.000016 1.000000 -0.000000
0.000016 1.000000 -0.000000
0.000394 0.999450 -0.033173
0.000016 1.000000 -0.000000
0.000394 0.999450 -0.033173
-0.022893 0.999549 -0.019416
0.000005 -0.000000 -1.000000
0.000005 -0.000000 -1.000000
0.094530 -0.000058 -0.995522
0.000005 -0.000000 -1.000000
0.000005 -0.000000 -1.000000
0.094530 -0.000058 -0.995522
0.000005 -0.000000 -1.000000
0.094530 -0.000058 -0.995522
0.000005 -0.006465 -0.999979
0.000016 1.000000 -0.000000
0.000016 1.000000 -0.000000
0.000016 1.000000 -0.000000
0.000016 1.000000 -0.000000
0.000016 1.000000 -0.000000
0.000016 1.000000 -0.000000
0.000016 1.000000 -0.000000
0.000016 1.000000 -0.000000
0.000016 1.000000 -0.000000
0.000016 1.000000 -0.000000
0.000016 1.000000 -0.000000
0.000016 1.000000 -0.000000
0.000016 1.000000 -0.000000
0.000016 1.000000 -0.000000
0.000016 1.000000 -0.000000
0.000016 1.000000 -0.000000
0.000016 1.000000 -0.000000
0.000016 1.000000 -0.000000
0.000016 1.000000 -0.000000
0.000016 1.000000 -0.000000
0.000016 1.000000 -0.000000
0.000016 1.000000 -0.000000
0.000016 1.000000 -0.000000
0.000016 1.000000 -0.000000
0.000016 1.000000 -0.000000
0.000016 1.000000 -0.000000
0.000016 1.000000 -0.000000
0.000016 1.000000 -0.000000
0.000016 1.000000 -0.000000
0.000016 1.000000 -0.000000
0.000016 1.000000 -0.000000
0.000016 1.000000 -0.000000
0.000016 1.000000 -0.000000
0.000016 1.000000 -0.000000
0.000016 1.000000 -0.000000
0.000016 1.000000 -0.000000
0.707103 -0.000011 0.707110
0.707103 -0.000011 0.707110
0.707104 -0.000011 0.707110
0.707103 -0.000011 0.707110
0.707103 -0.000011 0.707110
0.707104 -0.000011 0.707110
0.707103 -0.000011 0.707110
0.707103 -0.000011 0.707110
0.707104 -0.000011 0.707110
0.707103 -0.000011 0.707110
0.707104 -0.000011 0.707110
0.707103 -0.000011 0.707110
0.707104 -0.000011 0.707110
0.707103 -0.000011 0.707110
0.707103 -0.000011 0.707110
0.707104 -0.000011 0.707110
0.707103 -0.000011 0.707110
0.707103 -0.000011 0.707110
0.707103 -0.000011 0.707110
0.707104 -0.000011 0.707110
0.707103 -0.000011 0.707110
0.707103 -0.000011 0.707110
0.707103 -0.000011 0.707110
0.707104 -0.000011 0.707110
0.707103 -0.000011 0.707110
0.707103 -0.000011 0.707110
0.707104 -0.000011 0.707110
0.707103 -0.000011 0.707110
0.707104 -0.000011 0.707110
0.707105 -0.000010 0.707109
0.000017 0.999298 -0.037455
0.000016 1.000000 -0.000000
0.000016 1.000000 -0.000000
0.000017 0.999298 -0.037455
0.000016 1.000000 -0.000000
0.000016 1.000000 -0.000000
0.000017 0.999298 -0.037455
0.000016 1.000000 -0.000000
0.000016 1.000000 -0.000000
-0.000361 0.999450 -0.033173
0.000017 0.999298 -0.037455
0.000016 1.000000 -0.000000
-0.000361 0.999450 -0.033173
0.000016 1.000000 -0.000000
0.000016 1.000000 -0.000000
-0.000361 0.999450 -0.033173
0.000016 1.000000 -0.000000
0.022926 0.999549 -0.019416
0.000016 1.000000 -0.000000
0.000016 1.000000 -0.000000
0.037471 0.999298 -0.000000
0.000016 1.000000 -0.000000
0.000016 1.000000 -0.000000
0.037471 0.999298 -0.000000
0.000016 1.000000 -0.000000
0.000016 1.000000 -0.000000
0.037471 0.999298 -0.000000
0.000016 1.000000 -0.000000
0.037471 0.999298 -0.000000
0.033189 0.999449 0.000377
0.000016 1.000000 -0.000000
0.000016 1.000000 -0.000000
0.033189 0.999449 0.000377
0.000016 1.000000 -0.000000
0.033189 0.999449 0.000377
0.019432 0.999549 -0.022910
0.707109 -0.000011 -0.707104
0.697714 -0.003618 -0.716367
0.639219 0.008012 -0.768983
0.707110 -0.000010 -0.707103
0.707109 -0.000011 -0.707104
0.639219 0.008012 -0.768983
0.707110 -0.000010 -0.707103
0.639219 0.008012 -0.768983
0.707112 -0.000006 -0.707102
0.707103 -0.000011 0.707110
0.716365 -0.003616 0.697716
0.768983 0.008010 0.639219
0.707104 -0.000013 0.707109
0.707103 -0.000011 0.707110
0.768983 0.008010 0.639219
0.707104 -0.000013 0.707109
0.768983 0.008010 0.639219
0.707100 -0.000004 0.707114
-0.707103 0.000013 -0.707111
-0.716366 -0.003594 -0.697715
-0.768982 0.008035 -0.639219
-0.707105 0.000009 -0.707109
-0.707103 0.000013 -0.707111
-0.768982 0.008035 -0.639219
-0.707105 0.000009 -0.707109
-0.768982 0.008035 -0.639219
-0.707101 0.000017 -0.707113
0.707103 -0.000011 0.707110
0.707103 -0.000011 0.707110
0.707103 -0.000011 0.707110
0.707104 -0.000011 0.707110
0.707103 -0.000011 0.707110
0.707103 -0.000011 0.707110
0.707104 -0.000011 0.707110
0.707103 -0.000011 0.707110
0.707103 -0.000011 0.707110
-0.707103 0.000011 -0.707110
-0.707103 0.000011 -0.707110
-0.707103 0.000011 -0.707110
-0.707104 0.000011 -0.707110
-0.707103 0.000011 -0.707110
-0.707103 0.000011 -0.707110
-0.707104 0.000011 -0.707110
-0.707103 0.000011 -0.707110
-0.707103 0.000011 -0.707110
-0.707103 0.000011 -0.707110
-0.707104 0.000011 -0.707110
-0.707103 0.000011 -0.707110
-0.707103 0.000011 -0.707110
-0.707103 0.000011 -0.707110
-0.707104 0.000011 -0.707110
-0.707103 0.000011 -0.707110
-0.707103 0.000011 -0.707110
-0.707104 0.000011 -0.707110
-0.707103 0.000011 -0.707110
-0.707104 0.000011 -0.707110
-0.707103 0.000012 -0.707110
-0.707103 0.000012 -0.707110
-0.707103 0.000011 -0.707110
-0.707103 0.000012 -0.707110
-0.707103 0.000012 -0.707110
-0.707103 0.000012 -0.707110
-0.707103 0.000010 -0.707111
-0.707103 0.000006 -0.707111
-0.707103 0.000012 -0.707110
-0.707103 0.000010 -0.707111
-0.707103 0.000008 -0.707111
-0.707103 0.000006 -0.707111
-0.707103 0.000010 -0.707111
-0.707103 0.000008 -0.707111
-0.707103 0.000010 -0.707111
-0.707103 0.000010 -0.707111
-0.707103 0.000008 -0.707111
-0.707103 0.000010 -0.707111
-0.707103 0.000011 -0.707111
-0.707103 0.000008 -0.707111
-0.707103 0.000011 -0.707111
-0.707104 0.000010 -0.707110
0.707110 -0.000012 -0.707103
0.707110 -0.000012 -0.707103
0.707110 -0.000012 -0.707103
0.707110 -0.000012 -0.707103
0.707110 -0.000012 -0.707103
0.707110 -0.000012 -0.707103
0.707110 -0.000012 -0.707103
0.707110 -0.000012 -0.707103
0.707110 -0.000012 -0.707103
0.707110 -0.000013 -0.707104
0.707110 -0.000012 -0.707103
0.707109 -0.000013 -0.707104
0.707109 -0.000011 -0.707104
0.707110 -0.000013 -0.707104
0.707109 -0.000013 -0.707104
0.707109 -0.000011 -0.707104
0.707109 -0.000013 -0.707104
0.707110 -0.000012 -0.707104
-0.707104 0.000011 -0.707110
-0.707103 0.000011 -0.707110
-0.707104 0.000011 -0.707109
-0.707106 0.000012 -0.707108
-0.707104 0.000011 -0.707110
-0.707104 0.000011 -0.707109
-0.707105 0.000012 -0.707109
-0.707106 0.000012 -0.707108
-0.707104 0.000011 -0.707109
-0.707105 0.000012 -0.707109
-0.707104 0.000011 -0.707109
-0.707103 0.000011 -0.707110
0.707104 -0.000012 0.707110
0.707103 -0.000011 0.707110
0.707104 -0.000012 0.707109
0.707106 -0.000010 0.707108
0.707104 -0.000012 0.707110
0.707104 -0.000012 0.707109
0.707105 -0.000010 0.707109
0.707106 -0.000010 0.707108
0.707104 -0.000012 0.707109
0.707105 -0.000010 0.707109
0.707104 -0.000012 0.707109
0.707103 -0.000011 0.707110
-0.707110 0.000011 0.707104
-0.707110 0.000012 0.707103
-0.707109 0.000011 0.707104
-0.707109 0.000013 0.707104
-0.707110 0.000011 0.707104
-0.707109 0.000011 0.707104
-0.707109 0.000013 0.707104
-0.707109 0.000011 0.707104
-0.707110 0.000012 0.707104
-0.707110 0.000012 0.707103
-0.707110 0.000012 0.707103
-0.707110 0.000012 0.707103
-0.707110 0.000012 0.707103
-0.707110 0.000012 0.707103
-0.707110 0.000012 0.707103
-0.707110 0.000012 0.707103
-0.707110 0.000012 0.707103
-0.707110 0.000012 0.707103
1.000000 -0.000016 0.000005
1.000000 -0.000016 0.000005
0.995522 -0.000073 0.094528
1.000000 -0.000016 0.000005
1.000000 -0.000016 0.000005
0.995522 -0.000073 0.094528
1.000000 -0.000016 0.000005
0.995522 -0.000073 0.094528
0.999979 -0.006481 0.000005
-1.000000 0.000016 -0.000005
-1.000000 0.000016 -0.000005
-0.995404 -0.000677 -0.095760
-1.000000 0.000016 -0.000005
-1.000000 0.000016 -0.000005
-0.995404 -0.000677 -0.095760
-1.000000 0.000016 -0.000005
-0.995404 -0.000677 -0.095760
-0.999986 -0.005275 -0.000005
-0.707103 0.000011 -0.707110
-0.707103 0.000011 -0.707110
-0.707103 0.000011 -0.707110
-0.707103 0.000011 -0.707110
-0.707103 0.000011 -0.707110
-0.707103 0.000011 -0.707110
-0.707103 0.000011 -0.707110
-0.707103 0.000011 -0.707110
-0.707103 0.000011 -0.707110
0.707103 -0.000011 0.707110
0.707103 -0.000011 0.707110
0.707103 -0.000011 0.707110
0.707103 -0.000011 0.707110
0.707103 -0.000011 0.707110
0.707103 -0.000011 0.707110
0.707103 -0.000011 0.707110
0.707103 -0.000011 0.707110
0.707103 -0.000011 0.707110
-0.000005 0.000000 1.000000
-0.000005 0.000000 1.000000
-0.000005 0.000000 1.000000
-0.000005 0.000000 1.000000
-0.000005 0.000000 1.000000
-0.000005 0.000000 1.000000
-0.000005 0.000000 1.000000
-0.000005 0.000000 1.000000
-0.000005 0.000000 1.000000
1.000000 -0.000016 0.000005
1.000000 -0.000016 0.000005
1.000000 -0.000016 0.000005
1.000000 -0.000016 0.000005
1.000000 -0.000016 0.000005
1.000000 -0.000016 0.000005
1.000000 -0.000016 0.000005
1.000000 -0.000016 0.000005
1.000000 -0.000016 0.000005
0.000005 -0.000000 -1.000000
0.000005 -0.000000 -1.000000
0.000005 -0.000000 -1.000000
0.000005 -0.000000 -1.000000
0.000005 -0.000000 -1.000000
0.000005 -0.000000 -1.000000
0.000005 -0.000000 -1.000000
0.000005 -0.000000 -1.000000
0.000005 -0.000000 -1.000000
-1.000000 0.000016 -0.000005
-1.000000 0.000016 -0.000005
-1.000000 0.000016 -0.000005
-1.000000 0.000016 -0.000005
-1.000000 0.000016 -0.000005
-1.000000 0.000016 -0.000005
-1.000000 0.000016 -0.000005
-1.000000 0.000016 -0.000005
-1.000000 0.000016 -0.000005
0.705967 -0.004007 -0.708233
0.705893 -0.002954 -0.708312
0.707110 -0.000011 -0.707103
0.705967 -0.004007 -0.708233
0.707110 -0.000011 -0.707103
0.707109 -0.000012 -0.707104
0.705967 -0.004007 -0.708233
0.707109 -0.000012 -0.707104
0.707110 -0.000011 -0.707104
0.705967 -0.004007 -0.708233
0.707110 -0.000011 -0.707104
0.707536 -0.001071 -0.706677
-0.707110 0.000012 0.707103
-0.707110 0.000012 0.707103
-0.707110 0.000012 0.707103
-0.707110 0.000012 0.707104
-0.707110 0.000012 0.707103
-0.707110 0.000012 0.707103
-0.707110 0.000012 0.707104
-0.707110 0.000012 0.707103
-0.707110 0.000012 0.707103
-0.707110 0.000012 0.707103
-0.707110 0.000012 0.707104
-0.707110 0.000012 0.707103
-0.707110 0.000012 0.707103
-0.707110 0.000012 0.707103
-0.707110 0.000012 0.707104
-0.707110 0.000012 0.707103
-0.707110 0.000012 0.707103
-0.707110 0.000012 0.707104
-0.707110 0.000012 0.707103
-0.707110 0.000012 0.707104
-0.707110 0.000012 0.707103
-0.707110 0.000012 0.707103
-0.707110 0.000012 0.707103
-0.707110 0.000012 0.707103
-0.707110 0.000012 0.707103
-0.707110 0.000012 0.707103
-0.707111 0.000010 0.707103
-0.707111 0.000006 0.707103
-0.707110 0.000012 0.707103
-0.707111 0.000010 0.707103
-0.707111 0.000008 0.707103
-0.707111 0.000006 0.707103
-0.707111 0.000010 0.707103
-0.707111 0.000008 0.707103
-0.707111 0.000010 0.707103
-0.707111 0.000011 0.707103
-0.707111 0.000008 0.707103
-0.707111 0.000011 0.707103
-0.707111 0.000011 0.707103
-0.707111 0.000008 0.707103
-0.707111 0.000011 0.707103
-0.707110 0.000010 0.707104
0.708728 -0.000012 -0.705482
0.707110 -0.000012 -0.707103
0.707110 -0.000012 -0.707103
0.708728 -0.000012 -0.705482
0.707110 -0.000012 -0.707103
0.705489 -0.000012 -0.708721
0.708641 0.015706 -0.705395
0.708728 -0.000012 -0.705482
0.705489 -0.000012 -0.708721
0.708641 0.015706 -0.705395
0.705489 -0.000012 -0.708721
0.705401 0.015706 -0.708634
-0.708728 0.000012 0.705482
-0.707110 0.000012 0.707103
-0.707110 0.000012 0.707103
-0.708728 0.000012 0.705482
-0.707110 0.000012 0.707103
-0.705489 0.000012 0.708721
-0.708640 0.015730 0.705395
-0.708728 0.000012 0.705482
-0.705489 0.000012 0.708721
-0.708640 0.015730 0.705395
-0.705489 0.000012 0.708721
-0.705401 0.015729 0.708634
0.705482 -0.000011 0.708728
0.707103 -0.000011 0.707110
0.707103 -0.000011 0.707110
0.705482 -0.000011 0.708728
0.707103 -0.000011 0.707110
0.708721 -0.000011 0.705489
0.705395 0.015706 0.708641
0.705482 -0.000011 0.708728
0.708721 -0.000011 0.705489
0.705395 0.015706 0.708641
0.708721 -0.000011 0.705489
0.708634 0.015706 0.705401
-0.705482 0.000011 -0.708728
-0.707103 0.000011 -0.707110
-0.707103 0.000011 -0.707110
-0.705482 0.000011 -0.708728
-0.707103 0.000011 -0.707110
-0.708721 0.000011 -0.705489
-0.705394 0.015729 -0.708641
-0.705482 0.000011 -0.708728
-0.708721 0.000011 -0.705489
-0.705394 0.015729 -0.708641
-0.708721 0.000011 -0.705489
-0.708634 0.015729 -0.705401
1.000000 -0.000016 0.000005
1.000000 -0.000016 0.000005
1.000000 -0.000016 -0.000716
1.000000 -0.000016 0.000725
1.000000 -0.000016 0.000005
1.000000 -0.000016 -0.000716
0.999969 0.007829 0.000725
1.000000 -0.000016 0.000725
1.000000 -0.000016 -0.000716
0.999969 0.007829 0.000725
1.000000 -0.000016 -0.000716
0.999969 0.007829 -0.000716
-0.000005 0.000000 1.000000
-0.000005 0.000000 1.000000
0.000716 0.000000 1.000000
-0.000725 0.000000 1.000000
-0.000005 0.000000 1.000000
0.000716 0.000000 1.000000
-0.000725 0.007846 0.999969
-0.000725 0.000000 1.000000
0.000716 0.000000 1.000000
-0.000725 0.007846 0.999969
0.000716 0.000000 1.000000
0.000716 0.007846 0.999969
0.000016 1.000000 -0.000000
0.000016 0.999383 0.035135
0.000016 0.999383 0.035135
0.000016 1.000000 -0.000000
0.000016 0.999383 0.035135
0.000016 1.000000 -0.000000
0.000016 1.000000 -0.000000
0.000016 1.000000 -0.000000
0.000016 1.000000 -0.000000
0.000016 1.000000 -0.000000
0.000016 1.000000 -0.000000
0.000016 1.000000 -0.000000
0.000016 1.000000 -0.000000
0.000016 1.000000 -0.000000
0.000016 1.000000 -0.000000
0.000016 1.000000 -0.000000
0.000016 1.000000 -0.000000
0.000016 1.000000 -0.000000
0.000016 1.000000 -0.000000
0.000016 1.000000 -0.000000
0.000016 1.000000 -0.000000
0.000016 1.000000 -0.000000
0.000016 1.000000 -0.000000
0.000016 1.000000 -0.000000
0.000016 1.000000 -0.000000
0.000016 1.000000 -0.000000
0.000016 1.000000 -0.000000
0.000016 1.000000 -0.000000
0.000016 1.000000 -0.000000
0.000016 1.000000 -0.000000
0.000016 1.000000 -0.000000
0.000016 1.000000 -0.000000
0.000016 1.000000 -0.000000
0.000016 1.000000 -0.000000
0.000016 1.000000 -0.000000
0.000016 1.000000 -0.000000
0.000016 1.000000 -0.000000
0.000016 1.000000 -0.000000
0.000016 1.000000 -0.000000
0.000016 1.000000 -0.000000
0.000016 1.000000 -0.000000
0.000016 1.000000 -0.000000
0.000016 1.000000 -0.000000
0.000016 1.000000 -0.000000
0.000016 1.000000 -0.000000
0.000016 1.000000 -0.000000
0.000016 1.000000 -0.000000
0.000016 1.000000 -0.000000
0.000016 1.000000 -0.000000
0.000016 1.000000 -0.000000
0.000016 1.000000 -0.000000
0.000016 1.000000 -0.000000
0.000016 1.000000 -0.000000
0.000016 1.000000 -0.000000
0.000016 1.000000 -0.000000
0.000016 1.000000 -0.000000
0.000016 1.000000 -0.000000
0.028526 0.999186 0.028510
0.028526 0.999186 0.028510
0.000016 1.000000 -0.000000
0.000016 1.000000 -0.000000
0.028526 0.999186 0.028510
0.000016 1.000000 -0.000000
0.000016 1.000000 -0.000000
0.000016 1.000000 -0.000000
0.000016 1.000000 -0.000000
0.000016 1.000000 -0.000000
0.000016 1.000000 -0.000000
0.000016 1.000000 -0.000000
0.000016 1.000000 -0.000000
0.000016 1.000000 -0.000000
0.000016 1.000000 -0.000000
0.000016 1.000000 -0.000000
0.000016 1.000000 -0.000000
0.000016 1.000000 -0.000000
0.000016 1.000000 -0.000000
0.000016 1.000000 -0.000000
0.000016 1.000000 -0.000000
0.000016 1.000000 -0.000000
0.000016 1.000000 -0.000000
0.000016 1.000000 -0.000000
0.000016 1.000000 -0.000000
0.000016 1.000000 -0.000000
0.000016 1.000000 -0.000000
0.000016 1.000000 -0.000000
0.000016 1.000000 -0.000000
0.000016 1.000000 -0.000000
0.000016 1.000000 -0.000000
0.000016 1.000000 -0.000000
0.000016 1.000000 -0.000000
0.000016 1.000000 -0.000000
0.035151 0.999382 -0.000000
0.035151 0.999382 -0.000000
0.000016 1.000000 -0.000000
0.035151 0.999382 -0.000000
0.000016 1.000000 -0.000000
0.000016 1.000000 -0.000000
0.000016 1.000000 -0.000000
0.000016 1.000000 -0.000000
0.000016 1.000000 -0.000000
0.000016 1.000000 -0.000000
0.000016 1.000000 -0.000000
0.000016 1.000000 -0.000000
0.000016 1.000000 -0.000000
0.000016 1.000000 -0.000000
0.000016 1.000000 -0.000000
0.000016 1.000000 -0.000000
0.000016 1.000000 -0.000000
0.000016 1.000000 -0.000000
0.000016 1.000000 -0.000000
0.000016 1.000000 -0.000000
0.000016 1.000000 -0.000000
0.000016 1.000000 -0.000000
0.000016 1.000000 -0.000000
0.000016 1.000000 -0.000000
0.000016 1.000000 -0.000000
0.000016 1.000000 -0.000000
0.000016 1.000000 -0.000000
0.000016 1.000000 -0.000000
0.000016 1.000000 -0.000000
0.000016 1.000000 -0.000000
0.000016 1.000000 -0.000000
0.000016 1.000000 -0.000000
0.000016 1.000000 -0.000000
0.028526 0.999186 -0.028510
0.028526 0.999186 -0.028510
0.000016 1.000000 -0.000000
0.028526 0.999186 -0.028510
0.000016 1.000000 -0.000000
0.000016 1.000000 -0.000000
0.000016 1.000000 -0.000000
0.000016 1.000000 -0.000000
0.000016 1.000000 -0.000000
0.000016 1.000000 -0.000000
0.000016 1.000000 -0.000000
0.000016 1.000000 -0.000000
0.000016 1.000000 -0.000000
0.000016 1.000000 -0.000000
0.000016 1.000000 -0.000000
0.000016 1.000000 -0.000000
0.000016 1.000000 -0.000000
0.000016 1.000000 -0.000000
0.000016 1.000000 -0.000000
0.000016 1.000000 -0.000000
0.000016 1.000000 -0.000000
0.000016 1.000000 -0.000000
0.000016 1.000000 -0.000000
0.000016 1.000000 -0.000000
0.000016 1.000000 -0.000000
0.000016 1.000000 -0.000000
0.000016 1.000000 -0.000000
0.000016 1.000000 -0.000000
0.000016 1.000000 -0.000000
0.000016 1.000000 -0.000000
0.000016 1.000000 -0.000000
0.000016 1.000000 -0.000000
0.000016 1.000000 -0.000000
0.000017 0.999383 -0.035135
0.000017 0.999383 -0.035135
0.000016 1.000000 -0.000000
0.000017 0.999383 -0.035135
0.000016 1.000000 -0.000000
0.000016 1.000000 -0.000000
0.000016 1.000000 -0.000000
0.000016 1.000000 -0.000000
0.000016 1.000000 -0.000000
0.000016 1.000000 -0.000000
0.000016 1.000000 -0.000000
0.000016 1.000000 -0.000000
0.000016 1.000000 -0.000000
0.000016 1.000000 -0.000000
0.000016 1.000000 -0.000000
0.000016 1.000000 -0.000000
0.000016 1.000000 -0.000000
0.000016 1.000000 -0.000000
0.000016 1.000000 -0.000000
0.000016 1.000000 -0.000000
0.000016 1.000000 -0.000000
0.000016 1.000000 -0.000000
0.000016 1.000000 -0.000000
0.000016 1.000000 -0.000000
0.000016 1.000000 -0.000000
0.000016 1.000000 -0.000000
0.000016 1.000000 -0.000000
0.000016 1.000000 -0.000000
0.000016 1.000000 -0.000000
0.000016 1.000000 -0.000000
0.000016 1.000000 -0.000000
0.000016 1.000000 -0.000000
0.000016 1.000000 -0.000000
-0.028493 0.999187 -0.028510
-0.028493 0.999187 -0.028510
0.000016 1.000000 -0.000000
-0.028493 0.999187 -0.028510
0.000016 1.000000 -0.000000
0.000016 1.000000 -0.000000
0.000016 1.000000 -0.000000
0.000016 1.000000 -0.000000
0.000016 1.000000 -0.000000
0.000016 1.000000 -0.000000
0.000016 1.000000 -0.000000
0.000016 1.000000 -0.000000
0.000016 1.000000 -0.000000
0.000016 1.000000 -0.000000
0.000016 1.000000 -0.000000
0.000016 1.000000 -0.000000
0.000016 1.000000 -0.000000
0.000016 1.000000 -0.000000
0.000016 1.000000 -0.000000
0.000016 1.000000 -0.000000
0.000016 1.000000 -0.000000
0.000016 1.000000 -0.000000
0.000016 1.000000 -0.000000
0.000016 1.000000 -0.000000
0.000016 1.000000 -0.000000
0.000016 1.000000 -0.000000
0.000016 1.000000 -0.000000
0.000016 1.000000 -0.000000
0.000016 1.000000 -0.000000
0.000016 1.000000 -0.000000
0.000016 1.000000 -0.000000
0.000016 1.000000 -0.000000
0.000016 1.000000 -0.000000
-0.035119 0.999383 -0.000000
-0.035119 0.999383 -0.000000
0.000016 1.000000 -0.000000
-0.035119 0.999383 -0.000000
0.000016 1.000000 -0.000000
0.000016 1.000000 -0.000000
0.000016 1.000000 -0.000000
0.000016 1.000000 -0.000000
0.000016 1.000000 -0.000000
0.000016 1.000000 -0.000000
0.000016 1.000000 -0.000000
0.000016 1.000000 -0.000000
0.000016 1.000000 -0.000000
0.000016 1.000000 -0.000000
0.000016 1.000000 -0.000000
0.000016 1.000000 -0.000000
0.000016 1.000000 -0.000000
0.000016 1.000000 -0.000000
0.000016 1.000000 -0.000000
0.000016 1.000000 -0.000000
0.000016 1.000000 -0.000000
0.000016 1.000000 -0.000000
0.000016 1.000000 -0.000000
0.000016 1.000000 -0.000000
0.000016 1.000000 -0.000000
0.000016 1.000000 -0.000000
0.000016 1.000000 -0.000000
0.000016 1.000000 -0.000000
0.000016 1.000000 -0.000000
0.000016 1.000000 -0.000000
0.000016 1.000000 -0.000000
0.000016 1.000000 -0.000000
0.000016 1.000000 -0.000000
0.000016 1.000000 -0.000000
0.000016 1.000000 -0.000000
-0.028494 0.999187 0.028510
0.000016 1.000000 -0.000000
0.000016 1.000000 -0.000000
-0.028494 0.999187 0.028510
0.000016 1.000000 -0.000000
-0.028494 0.999187 0.028510
-1.000000 0.000016 -0.000005
-1.000000 0.000016 -0.000005
-1.000000 0.000016 0.000716
-1.000000 0.000016 -0.000725
-1.000000 0.000016 -0.000005
-1.000000 0.000016 0.000716
-0.999969 0.007862 -0.000725
-1.000000 0.000016 -0.000725
-1.000000 0.000016 0.000716
-0.999969 0.007862 -0.000725
-1.000000 0.000016 0.000716
-0.999969 0.007862 0.000716
0.000005 -0.000000 -1.000000
0.000005 -0.000000 -1.000000
-0.000716 -0.000000 -1.000000
0.000725 -0.000000 -1.000000
0.000005 -0.000000 -1.000000
-0.000716 -0.000000 -1.000000
0.000725 0.007845 -0.999969
0.000725 -0.000000 -1.000000
-0.000716 -0.000000 -1.000000
0.000725 0.007845 -0.999969
-0.000716 -0.000000 -1.000000
-0.000716 0.007845 -0.999969
-0.000005 0.000000 1.000000
-0.000005 0.000000 1.000000
-0.000005 0.000000 1.000000
-0.000005 0.000000 1.000000
-0.000005 0.000000 1.000000
-0.000005 0.000000 1.000000
-0.000005 0.000000 1.000000
-0.000005 0.000000 1.000000
-0.000005 0.000000 1.000000
-0.000005 0.000000 1.000000
-0.000005 0.000000 1.000000
-0.000005 0.000000 1.000000
-0.000005 0.000000 1.000000
-0.000005 0.000000 1.000000
-0.000005 0.000000 1.000000
-0.000005 0.000000 1.000000
-0.000005 0.000000 1.000000
-0.000005 0.000000 1.000000
-0.000005 0.000000 1.000000
-0.000005 0.000000 1.000000
-0.000005 0.000000 1.000000
-0.000005 0.000000 1.000000
-0.000005 0.000000 1.000000
-0.000005 0.000000 1.000000
-0.000005 0.000000 1.000000
-0.000005 0.000000 1.000000
-0.000005 0.000000 1.000000
-0.000005 0.000000 1.000000
-0.000005 0.000000 1.000000
-0.000005 0.000000 1.000000
-0.000005 0.000000 1.000000
-0.000005 0.000000 1.000000
-0.000005 0.000000 1.000000
-0.000005 0.000000 1.000000
-0.000005 0.000000 1.000000
-0.000005 0.000000 1.000000
-0.000005 0.000000 1.000000
-0.000005 0.000000 1.000000
-0.000005 0.000000 1.000000
-0.000005 0.000000 1.000000
-0.000005 0.000000 1.000000
-0.000005 0.000000 1.000000
-0.000005 0.000000 1.000000
-0.000005 0.000000 1.000000
-0.000005 0.000000 1.000000
0.000005 -0.000000 -1.000000
0.000005 -0.000000 -1.000000
0.000005 -0.000000 -1.000000
0.000005 -0.000000 -1.000000
0.000005 -0.000000 -1.000000
0.000005 -0.000000 -1.000000
0.000005 -0.000000 -1.000000
0.000005 -0.000000 -1.000000
0.000005 -0.000000 -1.000000
0.000005 -0.000000 -1.000000
0.000005 -0.000000 -1.000000
0.000005 -0.000000 -1.000000
0.000005 -0.000000 -1.000000
0.000005 -0.000000 -1.000000
0.000005 -0.000000 -1.000000
0.000005 -0.000000 -1.000000
0.000005 -0.000000 -1.000000
0.000005 -0.000000 -1.000000
0.000005 -0.000000 -1.000000
0.000005 -0.000000 -1.000000
0.000005 -0.000000 -1.000000
0.000005 -0.000000 -1.000000
0.000005 -0.000000 -1.000000
0.000005 -0.000000 -1.000000
0.000005 -0.000000 -1.000000
0.000005 -0.000000 -1.000000
0.000005 -0.000000 -1.000000
0.000005 -0.000000 -1.000000
0.000005 -0.000000 -1.000000
0.000005 -0.000000 -1.000000
0.000005 -0.000000 -1.000000
0.000005 -0.000000 -1.000000
0.000005 -0.000000 -1.000000
0.000005 -0.000000 -1.000000
0.000005 -0.000000 -1.000000
0.000005 -0.000000 -1.000000
0.000005 -0.000000 -1.000000
0.000005 -0.000000 -1.000000
0.000005 -0.000000 -1.000000
0.000005 -0.000000 -1.000000
0.000005 -0.000000 -1.000000
0.000005 -0.000000 -1.000000
0.000005 -0.000000 -1.000000
0.000005 -0.000000 -1.000000
0.000005 -0.000000 -1.000000
-1.000000 0.000016 -0.000005
-1.000000 0.000016 -0.000005
-1.000000 0.000016 -0.000005
-1.000000 0.000016 -0.000005
-1.000000 0.000016 -0.000005
-1.000000 0.000016 -0.000005
-1.000000 0.000016 -0.000005
-1.000000 0.000016 -0.000005
-1.000000 0.000016 -0.000005
-1.000000 0.000016 -0.000005
-1.000000 0.000016 -0.000005
-1.000000 0.000016 -0.000005
-1.000000 0.000016 -0.000005
-1.000000 0.000016 -0.000005
-1.000000 0.000016 -0.000005
-1.000000 0.000016 -0.000005
-1.000000 0.000016 -0.000005
-1.000000 0.000016 -0.000005
-1.000000 0.000016 -0.000005
-1.000000 0.000016 -0.000005
-1.000000 0.000016 -0.000005
-1.000000 0.000016 -0.000005
-1.000000 0.000016 -0.000005
-1.000000 0.000016 -0.000005
-1.000000 0.000016 -0.000005
-1.000000 0.000016 -0.000005
-1.000000 0.000016 -0.000005
-1.000000 0.000016 -0.000005
-1.000000 0.000016 -0.000005
-1.000000 0.000016 -0.000005
-1.000000 0.000016 -0.000005
-1.000000 0.000016 -0.000005
-1.000000 0.000016 -0.000005
-1.000000 0.000016 -0.000005
-1.000000 0.000016 -0.000005
-1.000000 0.000016 -0.000005
-1.000000 0.000016 -0.000005
-1.000000 0.000016 -0.000005
-1.000000 0.000016 -0.000005
-1.000000 0.000016 -0.000005
-1.000000 0.000016 -0.000005
-1.000000 0.000016 -0.000005
-1.000000 0.000016 -0.000005
-1.000000 0.000016 -0.000005
-1.000000 0.000016 -0.000005
-1.000000 0.000016 -0.000005
-1.000000 0.000016 -0.000005
-1.000000 0.000016 -0.000005
-1.000000 0.000016 -0.000005
-1.000000 0.000016 -0.000005
-1.000000 0.000016 -0.000005
-1.000000 0.000016 -0.000005
-1.000000 0.000016 -0.000005
-1.000000 0.000016 -0.000005
-1.000000 0.000016 -0.000005
-1.000000 0.000016 -0.000005
-1.000000 0.000016 -0.000005
-1.000000 0.000016 -0.000005
-1.000000 0.000016 -0.000005
-1.000000 0.000016 -0.000005
-1.000000 0.000016 -0.000005
-1.000000 0.000016 -0.000005
-1.000000 0.000016 -0.000005
-1.000000 0.000016 -0.000005
-1.000000 0.000016 -0.000005
-1.000000 0.000016 -0.000005
-1.000000 0.000016 -0.000005
-1.000000 0.000016 -0.000005
-1.000000 0.000016 -0.000005
-1.000000 0.000016 -0.000005
-1.000000 0.000016 -0.000005
-1.000000 0.000016 -0.000005
-1.000000 0.000016 -0.000005
-1.000000 0.000016 -0.000005
-1.000000 0.000016 -0.000005
-1.000000 0.000016 -0.000005
-1.000000 0.000016 -0.000005
-1.000000 0.000016 -0.000005
-1.000000 0.000016 -0.000005
-1.000000 0.000016 -0.000005
-1.000000 0.000016 -0.000005
-1.000000 0.000016 -0.000005
-1.000000 0.000016 -0.000005
-1.000000 0.000016 -0.000005
-0.707883 -0.004811 -0.706313
-0.707105 0.000012 -0.707109
-0.707104 0.000012 -0.707110
-0.707883 -0.004811 -0.706313
-0.707104 0.000012 -0.707110
-0.707106 0.000015 -0.707107
-0.707883 -0.004811 -0.706313
-0.707106 0.000015 -0.707107
-0.635928 0.001918 -0.771746
-0.707883 -0.004811 -0.706313
-0.635928 0.001918 -0.771746
-0.654271 -0.159537 -0.739241
-0.000008 -0.109802 0.993953
-0.000007 -0.053553 0.998565
-0.094518 -0.000087 0.995523
-0.000013 -0.295123 0.955459
-0.000008 -0.109802 0.993953
-0.094518 -0.000087 0.995523
-0.000013 -0.295123 0.955459
-0.094518 -0.000087 0.995523
-0.000005 -0.006497 0.999979
-0.707104 0.000013 -0.707110
-0.707105 0.000012 -0.707109
-0.707883 -0.004811 -0.706313
-0.707104 0.000011 -0.707109
-0.707104 0.000013 -0.707110
-0.707883 -0.004811 -0.706313
-0.707103 0.000013 -0.707111
-0.707104 0.000011 -0.707109
-0.707883 -0.004811 -0.706313
-0.707103 0.000013 -0.707111
-0.707883 -0.004811 -0.706313
-0.707528 -0.001048 -0.706685
0.708233 -0.004007 0.705967
0.708312 -0.002954 0.705893
0.707103 -0.000011 0.707110
0.708233 -0.004007 0.705967
0.707103 -0.000011 0.707110
0.707103 -0.000012 0.707110
0.708233 -0.004007 0.705967
0.707103 -0.000012 0.707110
0.707104 -0.000011 0.707110
0.708233 -0.004007 0.705967
0.707104 -0.000011 0.707110
0.706677 -0.001070 0.707535
-0.705967 -0.003984 0.708233
-0.705893 -0.002931 0.708313
-0.707110 0.000012 0.707103
-0.705967 -0.003984 0.708233
-0.707110 0.000012 0.707103
-0.707111 0.000011 0.707103
-0.705967 -0.003984 0.708233
-0.707111 0.000011 0.707103
-0.707110 0.000012 0.707104
-0.705967 -0.003984 0.708233
-0.707110 0.000012 0.707104
-0.707536 -0.001047 0.706677
0.309913 0.948854 -0.060246
0.329358 0.942032 -0.064027
0.337528 0.935141 -0.107639
0.309899 0.948859 -0.060249
0.309913 0.948854 -0.060246
0.337528 0.935141 -0.107639
0.302890 0.951635 -0.051473
0.309899 0.948859 -0.060249
0.337528 0.935141 -0.107639
0.302890 0.951635 -0.051473
0.337528 0.935141 -0.107639
0.253633 0.963936 -0.080614
-0.416594 -0.893894 0.165540
-0.430036 -0.894306 0.123639
-0.400940 -0.908823 0.115273
-0.416594 -0.893894 0.165540
-0.400940 -0.908823 0.115273
-0.400940 -0.908823 0.115273
-0.416594 -0.893894 0.165540
-0.400940 -0.908823 0.115273
-0.400942 -0.908822 0.115272
-0.416594 -0.893894 0.165540
-0.400942 -0.908822 0.115272
-0.396438 -0.912369 0.102082
-0.416594 -0.893894 0.165540
-0.396438 -0.912369 0.102082
-0.346779 -0.932755 0.098552
0.389468 0.916085 -0.095404
0.433523 0.894863 -0.106195
0.422467 0.895959 -0.137038
0.389466 0.916086 -0.095406
0.389468 0.916085 -0.095404
0.422467 0.895959 -0.137038
0.389480 0.916082 -0.095385
0.389466 0.916086 -0.095406
0.422467 0.895959 -0.137038
0.387174 0.917709 -0.088918
0.389480 0.916082 -0.095385
0.422467 0.895959 -0.137038
0.387174 0.917709 -0.088918
0.422467 0.895959 -0.137038
0.337528 0.935141 -0.107639
0.422467 0.895959 -0.137038
0.433523 0.894863 -0.106195
0.469647 0.875326 -0.115045
0.422467 0.895959 -0.137038
0.469647 0.875326 -0.115045
0.469651 0.875322 -0.115057
0.422467 0.895959 -0.137038
0.469651 0.875322 -0.115057
0.477558 0.871923 -0.108114
0.422467 0.895959 -0.137038
0.477558 0.871923 -0.108114
0.507483 0.847046 -0.158035
-0.506900 -0.848573 0.151580
-0.469967 -0.875163 0.114981
-0.453002 -0.881945 0.130242
-0.506900 -0.848573 0.151580
-0.453002 -0.881945 0.130242
-0.453002 -0.881945 0.130243
-0.506900 -0.848573 0.151580
-0.453002 -0.881945 0.130243
-0.452999 -0.881945 0.130248
-0.506900 -0.848573 0.151580
-0.452999 -0.881945 0.130248
-0.430036 -0.894306 0.123639
-0.506900 -0.848573 0.151580
-0.430036 -0.894306 0.123639
-0.416594 -0.893894 0.165540
-0.494630 -0.864196 0.092234
-0.469967 -0.875163 0.114981
-0.506900 -0.848573 0.151580
-0.494628 -0.864197 0.092235
-0.494630 -0.864196 0.092234
-0.506900 -0.848573 0.151580
-0.494624 -0.864199 0.092234
-0.494628 -0.864197 0.092235
-0.506900 -0.848573 0.151580
-0.494624 -0.864199 0.092234
-0.506900 -0.848573 0.151580
-0.531444 -0.841277 0.099100
-0.531444 -0.841277 0.099100
-0.506900 -0.848573 0.151580
-0.645722 -0.752830 0.127632
-0.538073 -0.836905 0.100336
-0.531444 -0.841277 0.099100
-0.645722 -0.752830 0.127632
-0.538073 -0.836905 0.100337
-0.538073 -0.836905 0.100336
-0.645722 -0.752830 0.127632
-0.538073 -0.836905 0.100337
-0.645722 -0.752830 0.127632
-0.545293 -0.832729 0.096015
0.507483 0.847046 -0.158035
0.525836 0.844421 -0.102224
0.538183 0.836309 -0.104624
0.507483 0.847046 -0.158035
0.538183 0.836309 -0.104624
0.538187 0.836307 -0.104625
0.507483 0.847046 -0.158035
0.538187 0.836307 -0.104625
0.538180 0.836312 -0.104622
0.507483 0.847046 -0.158035
0.538180 0.836312 -0.104622
0.538185 0.836308 -0.104624
0.751468 0.656569 -0.064908
0.507483 0.847046 -0.158035
0.538185 0.836308 -0.104624
0.751468 0.656569 -0.064908
0.538185 0.836308 -0.104624
0.538184 0.836308 -0.104628
0.751468 0.656569 -0.064908
0.538184 0.836308 -0.104628
0.556544 0.828541 -0.061473
-0.569050 -0.821110 0.044273
-0.561098 -0.825321 0.063355
-0.759846 -0.647764 0.055096
-0.554432 -0.831697 0.029740
-0.569050 -0.821110 0.044273
-0.759846 -0.647764 0.055096
-0.554432 -0.831697 0.029740
-0.759846 -0.647764 0.055096
-0.692815 -0.721098 0.004942
0.751468 0.656569 -0.064908
0.556544 0.828541 -0.061473
0.567252 0.822811 -0.034759
0.751468 0.656569 -0.064908
0.567252 0.822811 -0.034759
0.567253 0.822810 -0.034758
0.751468 0.656569 -0.064908
0.567253 0.822810 -0.034758
0.549907 0.835049 -0.017180
0.751468 0.656569 -0.064908
0.549907 0.835049 -0.017180
0.686149 0.727423 -0.007390
-0.692815 -0.721098 0.004942
-0.508607 -0.860989 -0.004020
-0.508562 -0.860909 -0.014157
-0.692815 -0.721098 0.004942
-0.508562 -0.860909 -0.014157
-0.508562 -0.860909 -0.014159
-0.692815 -0.721098 0.004942
-0.508562 -0.860909 -0.014159
-0.508558 -0.860911 -0.014163
-0.692815 -0.721098 0.004942
-0.508558 -0.860911 -0.014163
-0.554432 -0.831697 0.029740
0.298801 0.953188 -0.046383
0.302890 0.951635 -0.051473
0.253633 0.963936 -0.080614
0.298802 0.953187 -0.046383
0.298801 0.953188 -0.046383
0.253633 0.963936 -0.080614
0.298797 0.953189 -0.046380
0.298802 0.953187 -0.046383
0.253633 0.963936 -0.080614
0.298814 0.953183 -0.046390
0.298797 0.953189 -0.046380
0.253633 0.963936 -0.080614
0.327081 0.944859 -0.016084
0.298814 0.953183 -0.046390
0.253633 0.963936 -0.080614
0.327081 0.944859 -0.016084
0.253633 0.963936 -0.080614
0.291630 0.956490 -0.008919
-0.311691 -0.948822 0.050851
-0.294913 -0.955476 0.009547
-0.258173 -0.963040 0.076815
-0.314777 -0.947843 0.050089
-0.311691 -0.948822 0.050851
-0.258173 -0.963040 0.076815
-0.314779 -0.947842 0.050090
-0.314777 -0.947843 0.050089
-0.258173 -0.963040 0.076815
-0.314775 -0.947844 0.050087
-0.314779 -0.947842 0.050090
-0.258173 -0.963040 0.076815
-0.314776 -0.947843 0.050088
-0.314775 -0.947844 0.050087
-0.258173 -0.963040 0.076815
-0.314776 -0.947843 0.050090
-0.314776 -0.947843 0.050088
-0.258173 -0.963040 0.076815
-0.312172 -0.948670 0.050733
-0.314776 -0.947843 0.050090
-0.258173 -0.963040 0.076815
-0.312172 -0.948670 0.050733
-0.258173 -0.963040 0.076815
-0.346779 -0.932755 0.098552
0.258810 -0.000004 0.965928
0.153126 -0.000002 0.988207
0.202657 -0.000003 0.979250
0.315686 -0.000005 0.948864
0.258810 -0.000004 0.965928
0.202657 -0.000003 0.979250
0.315686 -0.000005 0.948864
0.202657 -0.000003 0.979250
0.368687 -0.000006 0.929554
0.819146 -0.000013 0.573585
0.753240 -0.000012 0.657746
0.779178 -0.000013 0.626802
0.819146 -0.000013 0.573585
0.779178 -0.000013 0.626802
0.819148 -0.000013 0.573582
0.858538 -0.000014 0.512750
0.819146 -0.000013 0.573585
0.819148 -0.000013 0.573582
0.858538 -0.000014 0.512750
0.819148 -0.000013 0.573582
0.873605 -0.000014 0.486636
0.936254 -0.000015 0.351325
0.943136 -0.000015 0.332408
0.965924 -0.000015 0.258825
0.983994 -0.000015 0.178203
0.936254 -0.000015 0.351325
0.965924 -0.000015 0.258825
0.983994 -0.000015 0.178203
0.965924 -0.000015 0.258825
0.986360 -0.000017 0.164605
0.996194 -0.000017 0.087160
0.983994 -0.000015 0.178203
0.986360 -0.000017 0.164605
0.999996 -0.000017 0.002868
0.996194 -0.000017 0.087160
0.986360 -0.000017 0.164605
0.999996 -0.000017 0.002868
0.986360 -0.000017 0.164605
0.999997 -0.000015 -0.002424
0.996195 -0.000015 -0.087155
0.999996 -0.000017 0.002868
0.999997 -0.000015 -0.002424
0.996195 -0.000015 -0.087155
0.999997 -0.000015 -0.002424
0.996194 -0.000015 -0.087161
0.984789 -0.000015 -0.173754
0.996195 -0.000015 -0.087155
0.996194 -0.000015 -0.087161
0.984789 -0.000015 -0.173754
0.996194 -0.000015 -0.087161
0.984693 -0.000017 -0.174299
0.519997 -0.000009 -0.854168
0.480223 -0.000008 -0.877146
0.627956 -0.000011 -0.778249
0.573576 -0.000010 -0.819153
0.519997 -0.000009 -0.854168
0.627956 -0.000011 -0.778249
0.573576 -0.000010 -0.819153
0.627956 -0.000011 -0.778249
0.659649 -0.000011 -0.751574
0.199423 -0.000005 -0.979914
0.149397 -0.000003 -0.988777
0.320989 -0.000006 -0.947083
0.258823 -0.000006 -0.965925
0.199423 -0.000005 -0.979914
0.320989 -0.000006 -0.947083
0.258823 -0.000006 -0.965925
0.320989 -0.000006 -0.947083
0.366232 -0.000006 -0.930524
-0.151062 0.000004 -0.988524
-0.196945 0.000006 -0.980415
-0.087151 0.000002 -0.996195
-0.087149 0.000000 -0.996195
-0.151062 0.000004 -0.988524
-0.087151 0.000002 -0.996195
-0.087149 0.000000 -0.996195
-0.087151 0.000002 -0.996195
-0.026155 0.000000 -0.999658
-0.087149 0.000000 -0.996195
-0.026155 0.000000 -0.999658
0.027485 -0.000001 -0.999622
-0.627774 0.000010 -0.778396
-0.657934 0.000010 -0.753075
-0.573572 0.000009 -0.819155
-0.573572 0.000009 -0.819155
-0.627774 0.000010 -0.778396
-0.573572 0.000009 -0.819155
-0.573572 0.000009 -0.819155
-0.573572 0.000009 -0.819155
-0.520103 0.000009 -0.854104
-0.573572 0.000009 -0.819155
-0.520103 0.000009 -0.854104
-0.480869 0.000008 -0.876793
-0.860081 0.000014 -0.510158
-0.871832 0.000014 -0.489804
-0.819148 0.000013 -0.573582
-0.819151 0.000013 -0.573578
-0.860081 0.000014 -0.510158
-0.819148 0.000013 -0.573582
-0.819151 0.000013 -0.573578
-0.819148 0.000013 -0.573582
-0.774558 0.000012 -0.632502
-0.819151 0.000013 -0.573578
-0.774558 0.000012 -0.632502
-0.754770 0.000012 -0.655990
-0.938545 0.000016 0.345158
-0.940684 0.000016 0.339284
-0.965927 0.000016 0.258814
-0.984747 0.000017 0.173994
-0.938545 0.000016 0.345158
-0.965927 0.000016 0.258814
-0.984747 0.000017 0.173994
-0.965927 0.000016 0.258814
-0.984863 0.000016 0.173334
-0.940684 0.000016 0.339284
-0.938545 0.000016 0.345158
-0.906308 0.000016 0.422617
-0.906309 0.000019 0.422616
-0.940684 0.000016 0.339284
-0.906308 0.000016 0.422617
-0.872382 0.000016 0.488826
-0.906309 0.000019 0.422616
-0.906308 0.000016 0.422617
-0.872382 0.000016 0.488826
-0.906308 0.000016 0.422617
-0.859925 0.000014 0.510421
-0.819162 0.000014 0.573563
-0.757232 0.000013 0.653146
-0.775112 0.000013 0.631823
-0.819162 0.000014 0.573563
-0.775112 0.000013 0.631823
-0.819160 0.000014 0.573565
-0.859925 0.000014 0.510421
-0.819162 0.000014 0.573563
-0.819160 0.000014 0.573565
-0.859925 0.000014 0.510421
-0.819160 0.000014 0.573565
-0.872382 0.000016 0.488826
-0.451911 -0.892063 -0.000002
-0.451904 -0.892067 -0.000002
-0.508613 -0.860995 -0.000002
-0.508613 -0.860995 -0.000002
-0.451911 -0.892063 -0.000002
-0.508613 -0.860995 -0.000002
-0.508613 -0.860995 -0.000002
-0.508613 -0.860995 -0.000002
-0.508613 -0.860995 -0.000002
-0.508613 -0.860995 -0.000002
-0.508613 -0.860995 -0.000002
-0.508613 -0.860995 -0.000002
-0.508613 -0.860995 -0.000002
-0.508613 -0.860995 -0.000002
-0.508613 -0.860995 -0.000002
-0.508613 -0.860995 -0.000002
-0.508613 -0.860995 -0.000002
-0.508613 -0.860995 -0.000002
-0.508614 -0.860995 -0.000003
-0.508613 -0.860995 -0.000002
-0.508613 -0.860995 -0.000002
-0.508614 -0.860995 -0.000003
-0.508613 -0.860995 -0.000002
-0.508606 -0.861000 -0.000002
-0.508614 -0.860995 -0.000003
-0.508606 -0.861000 -0.000002
-0.508607 -0.860989 -0.004020
-0.508614 -0.860995 -0.000003
-0.508607 -0.860989 -0.004020
-0.692815 -0.721098 0.004942
-0.508613 -0.860995 -0.000002
-0.508614 -0.860995 -0.000003
-0.692815 -0.721098 0.004942
-0.508613 -0.860995 -0.000002
-0.508613 -0.860995 -0.000002
-0.692815 -0.721098 0.004942
-0.508613 -0.860995 -0.000002
-0.692815 -0.721098 0.004942
-0.515889 -0.856654 -0.001707
0.000016 1.000000 -0.000000
0.000016 1.000000 -0.000000
0.000016 1.000000 -0.000000
0.000016 1.000000 -0.000000
0.000016 1.000000 -0.000000
0.000016 1.000000 -0.000000
0.000016 1.000000 -0.000000
0.000016 1.000000 -0.000000
0.000016 1.000000 -0.000000
0.000016 1.000000 -0.000000
0.000016 1.000000 -0.000000
0.000016 1.000000 -0.000000
0.000016 1.000000 -0.000000
0.000016 1.000000 -0.000000
0.000016 1.000000 -0.000000
0.000016 1.000000 -0.000000
0.000016 1.000000 -0.000000
0.000016 1.000000 -0.000000
0.000016 1.000000 -0.000000
0.000016 1.000000 -0.000000
0.000016 1.000000 -0.000000
0.000016 1.000000 -0.000000
0.000016 1.000000 -0.000000
0.000016 1.000000 -0.000000
0.000016 1.000000 -0.000000
0.000016 1.000000 -0.000000
0.000016 1.000000 -0.000000
0.000016 1.000000 -0.000000
0.000016 1.000000 -0.000000
0.000016 1.000000 -0.000000
0.000016 1.000000 -0.000000
0.000016 1.000000 -0.000000
0.000016 1.000000 -0.000000
0.000016 1.000000 -0.000000
0.000016 1.000000 -0.000000
0.000016 1.000000 -0.000000
0.000016 1.000000 -0.000000
0.000016 1.000000 -0.000000
0.000016 1.000000 -0.000000
-0.000016 -1.000000 0.000000
-0.000016 -1.000000 0.000000
-0.000016 -1.000000 0.000000
-0.000016 -1.000000 0.000000
-0.000016 -1.000000 0.000000
-0.000016 -1.000000 0.000000
-0.000016 -1.000000 0.000000
-0.000016 -1.000000 0.000000
-0.000016 -1.000000 0.000000
-0.000016 -1.000000 0.000000
-0.000016 -1.000000 0.000000
-0.000016 -1.000000 0.000000
-0.000016 -1.000000 0.000000
-0.000016 -1.000000 0.000000
-0.000016 -1.000000 0.000000
-0.000016 -1.000000 0.000000
-0.000016 -1.000000 0.000000
-0.000016 -1.000000 0.000000
-0.000016 -1.000000 0.000000
-0.000016 -1.000000 0.000000
-0.000016 -1.000000 0.000000
-0.000016 -1.000000 0.000000
-0.000016 -1.000000 0.000000
-0.000016 -1.000000 0.000000
-0.000016 -1.000000 0.000000
-0.000016 -1.000000 0.000000
-0.000016 -1.000000 0.000000
-0.000016 -1.000000 0.000000
-0.000016 -1.000000 0.000000
-0.000016 -1.000000 0.000000
-0.000016 -1.000000 0.000000
-0.000016 -1.000000 0.000000
-0.000016 -1.000000 0.000000
-0.000016 -1.000000 0.000000
-0.000016 -1.000000 0.000000
-0.000016 -1.000000 0.000000
-0.517257 -0.855828 -0.002029
-0.515889 -0.856654 -0.001707
-0.692815 -0.721098 0.004942
-0.517271 -0.855819 -0.002032
-0.517257 -0.855828 -0.002029
-0.692815 -0.721098 0.004942
-0.517261 -0.855826 -0.002030
-0.517271 -0.855819 -0.002032
-0.692815 -0.721098 0.004942
-0.517261 -0.855826 -0.002030
-0.692815 -0.721098 0.004942
-0.691928 -0.721929 -0.007311
-0.517259 -0.855827 -0.002030
-0.517261 -0.855826 -0.002030
-0.691928 -0.721929 -0.007311
-0.517263 -0.855824 -0.002029
-0.517259 -0.855827 -0.002030
-0.691928 -0.721929 -0.007311
-0.515935 -0.856626 -0.001716
-0.517263 -0.855824 -0.002029
-0.691928 -0.721929 -0.007311
-0.515935 -0.856626 -0.001716
-0.691928 -0.721929 -0.007311
-0.445874 -0.895067 -0.007121
-0.445874 -0.895067 -0.007121
-0.451904 -0.892067 -0.000002
-0.508613 -0.860995 -0.000002
-0.445874 -0.895067 -0.007121
-0.508613 -0.860995 -0.000002
-0.508613 -0.860995 -0.000002
-0.445874 -0.895067 -0.007121
-0.508613 -0.860995 -0.000002
-0.508612 -0.860996 -0.000002
-0.445874 -0.895067 -0.007121
-0.508612 -0.860996 -0.000002
-0.508614 -0.860995 -0.000002
-0.445874 -0.895067 -0.007121
-0.508614 -0.860995 -0.000002
-0.515935 -0.856626 -0.001716
-0.000005 0.000000 1.000000
-0.000005 0.000000 1.000000
-0.000005 0.000000 1.000000
-0.000005 0.000000 1.000000
-0.000005 0.000000 1.000000
-0.000005 0.000000 1.000000
-0.000005 0.000000 1.000000
-0.000005 0.000000 1.000000
-0.000005 0.000000 1.000000
-0.000005 0.000000 1.000000
-0.000005 0.000000 1.000000
-0.000005 0.000000 1.000000
-0.000005 0.000000 1.000000
-0.000005 0.000000 1.000000
-0.000005 0.000000 1.000000
-0.000005 0.000000 1.000000
-0.000005 0.000000 1.000000
-0.000005 0.000000 1.000000
0.724979 0.688770 0.001235
0.686149 0.727423 -0.007390
0.511291 0.859388 0.005873
0.724979 0.688770 0.001235
0.511291 0.859388 0.005873
0.511296 0.859405 0.000003
0.724979 0.688770 0.001235
0.511296 0.859405 0.000003
0.511302 0.859401 0.000002
0.444797 0.895631 0.000002
0.444796 0.895632 0.000002
0.511302 0.859401 0.000002
0.511302 0.859401 0.000002
0.444797 0.895631 0.000002
0.511302 0.859401 0.000002
0.511302 0.859401 0.000002
0.511302 0.859401 0.000002
0.511303 0.859401 0.000002
0.511302 0.859401 0.000002
0.511302 0.859401 0.000002
0.511303 0.859401 0.000002
0.511302 0.859401 0.000002
0.511303 0.859401 0.000002
0.511302 0.859401 0.000002
0.511302 0.859401 0.000002
0.511302 0.859401 0.000002
0.511302 0.859401 0.000002
0.511302 0.859401 0.000002
0.511302 0.859401 0.000002
0.511301 0.859402 0.000002
0.511302 0.859401 0.000002
0.511302 0.859401 0.000002
0.511301 0.859402 0.000002
0.511302 0.859401 0.000002
0.511301 0.859402 0.000002
0.511303 0.859401 0.000002
0.511302 0.859401 0.000002
0.511303 0.859401 0.000002
0.511300 0.859402 0.000003
0.511302 0.859401 0.000002
0.511300 0.859402 0.000003
0.511309 0.859397 0.000001
0.511302 0.859401 0.000002
0.511309 0.859397 0.000001
0.511297 0.859404 0.000004
0.724979 0.688770 0.001235
0.511302 0.859401 0.000002
0.511297 0.859404 0.000004
0.724979 0.688770 0.001235
0.511297 0.859404 0.000004
0.511306 0.859399 0.000001
0.724979 0.688770 0.001235
0.511306 0.859399 0.000001
0.511303 0.859401 0.000002
0.724979 0.688770 0.001235
0.511303 0.859401 0.000002
0.511300 0.859402 0.000003
0.724979 0.688770 0.001235
0.511300 0.859402 0.000003
0.511302 0.859401 0.000002
0.724979 0.688770 0.001235
0.511302 0.859401 0.000002
0.511302 0.859401 0.000002
0.724979 0.688770 0.001235
0.511302 0.859401 0.000002
0.511302 0.859401 0.000002
0.724979 0.688770 0.001235
0.511302 0.859401 0.000002
0.511302 0.859401 0.000003
0.724979 0.688770 0.001235
0.511302 0.859401 0.000003
0.511302 0.859401 0.000004
0.724979 0.688770 0.001235
0.511302 0.859401 0.000004
0.511302 0.859401 -0.000009
0.724979 0.688770 0.001235
0.511302 0.859401 -0.000009
0.511302 0.859401 -0.000010
-0.000005 0.000000 1.000000
-0.000005 0.000000 1.000000
-0.000005 0.000000 1.000000
-0.000005 0.000000 1.000000
-0.000005 0.000000 1.000000
-0.000005 0.000000 1.000000
-0.000005 0.000000 1.000000
-0.000005 0.000000 1.000000
-0.000005 0.000000 1.000000
-0.000005 0.000000 1.000000
-0.000005 0.000000 1.000000
-0.000005 0.000000 1.000000
-0.000005 0.000000 1.000000
-0.000005 0.000000 1.000000
-0.000005 0.000000 1.000000
-0.000005 0.000000 1.000000
-0.000005 0.000000 1.000000
-0.000005 0.000000 1.000000
-0.000005 0.000000 1.000000
-0.000005 0.000000 1.000000
-0.000005 0.000000 1.000000
-0.000005 0.000000 1.000000
-0.000005 0.000000 1.000000
-0.000005 0.000000 1.000000
-0.000005 0.000000 1.000000
-0.000005 0.000000 1.000000
-0.000005 0.000000 1.000000
0.491501 0.870877 0.000004
0.420220 0.907422 0.000002
0.419560 0.907708 -0.006027
0.491500 0.870878 0.000000
0.491501 0.870877 0.000004
0.419560 0.907708 -0.006027
0.491500 0.870877 0.000002
0.491500 0.870878 0.000000
0.419560 0.907708 -0.006027
0.491500 0.870877 0.000002
0.419560 0.907708 -0.006027
0.714516 0.699224 -0.023538
-0.372079 -0.928201 -0.000001
-0.451904 -0.892067 -0.000002
-0.445874 -0.895067 -0.007121
-0.372087 -0.928198 -0.000002
-0.372079 -0.928201 -0.000001
-0.445874 -0.895067 -0.007121
-0.372087 -0.928198 -0.000002
-0.445874 -0.895067 -0.007121
-0.294623 -0.955577 -0.008333
-0.372086 -0.928198 -0.000002
-0.372087 -0.928198 -0.000002
-0.294623 -0.955577 -0.008333
-0.372086 -0.928198 -0.000001
-0.372086 -0.928198 -0.000002
-0.294623 -0.955577 -0.008333
-0.372086 -0.928198 -0.000001
-0.372086 -0.928198 -0.000001
-0.294623 -0.955577 -0.008333
-0.372086 -0.928198 -0.000001
-0.372086 -0.928198 -0.000001
-0.294623 -0.955577 -0.008333
-0.372088 -0.928198 -0.000002
-0.372086 -0.928198 -0.000001
-0.294623 -0.955577 -0.008333
-0.372084 -0.928199 -0.000001
-0.372088 -0.928198 -0.000002
-0.294623 -0.955577 -0.008333
-0.372088 -0.928197 -0.000002
-0.372084 -0.928199 -0.000001
-0.294623 -0.955577 -0.008333
-0.372073 -0.928203 -0.000001
-0.372088 -0.928197 -0.000002
-0.294623 -0.955577 -0.008333
-0.372089 -0.928197 -0.000002
-0.372073 -0.928203 -0.000001
-0.294623 -0.955577 -0.008333
-0.372089 -0.928197 -0.000002
-0.294623 -0.955577 -0.008333
-0.294913 -0.955476 0.009547
-0.372075 -0.928203 -0.000002
-0.372089 -0.928197 -0.000002
-0.294913 -0.955476 0.009547
-0.372089 -0.928197 -0.000001
-0.372075 -0.928203 -0.000002
-0.294913 -0.955476 0.009547
-0.372087 -0.928198 -0.000002
-0.372089 -0.928197 -0.000001
-0.294913 -0.955476 0.009547
-0.372086 -0.928198 -0.000002
-0.372087 -0.928198 -0.000002
-0.294913 -0.955476 0.009547
-0.372086 -0.928198 -0.000001
-0.372086 -0.928198 -0.000002
-0.294913 -0.955476 0.009547
-0.294913 -0.955476 0.009547
-0.372067 -0.928154 -0.009847
-0.372086 -0.928198 -0.000008
-0.372086 -0.928198 -0.000001
-0.294913 -0.955476 0.009547
-0.372086 -0.928198 -0.000008
-0.372086 -0.928198 -0.000001
-0.372086 -0.928198 -0.000008
-0.372086 -0.928198 -0.000001
-0.372085 -0.928199 -0.000001
-0.372086 -0.928198 -0.000001
-0.372086 -0.928198 -0.000001
-0.372085 -0.928199 -0.000001
-0.372086 -0.928198 -0.000001
-0.372085 -0.928199 -0.000001
-0.372086 -0.928198 -0.000001
-0.372085 -0.928199 -0.000001
-0.372085 -0.928199 -0.000001
-0.372086 -0.928198 -0.000001
-0.372085 -0.928199 -0.000001
-0.372086 -0.928198 -0.000001
-0.372086 -0.928198 -0.000002
-0.372086 -0.928198 -0.000001
-0.372086 -0.928198 -0.000001
-0.372086 -0.928198 -0.000002
-0.372086 -0.928198 -0.000001
-0.372086 -0.928198 -0.000002
-0.372086 -0.928198 -0.000001
-0.372086 -0.928198 -0.000002
-0.372086 -0.928198 -0.000002
-0.372086 -0.928198 -0.000001
-0.372086 -0.928198 -0.000002
-0.372087 -0.928198 -0.000001
-0.372089 -0.928197 -0.000001
-0.372086 -0.928198 -0.000001
-0.372087 -0.928198 -0.000001
-0.372089 -0.928197 -0.000001
-0.372087 -0.928198 -0.000001
-0.372079 -0.928201 -0.000001
-0.372089 -0.928197 -0.000001
-0.372079 -0.928201 -0.000001
-0.451904 -0.892067 -0.000002
-0.372089 -0.928197 -0.000001
-0.451904 -0.892067 -0.000002
-0.451911 -0.892063 -0.000002
0.368340 0.929652 0.008548
0.291630 0.956490 -0.008919
0.296900 0.954909 0.000001
0.368363 0.929682 0.000003
0.368340 0.929652 0.008548
0.296900 0.954909 0.000001
0.296900 0.954909 0.000001
0.368349 0.929688 -0.000001
0.368349 0.929688 -0.000001
0.296900 0.954909 0.000001
0.368349 0.929688 -0.000001
0.368349 0.929688 0.000001
0.296900 0.954909 0.000001
0.368349 0.929688 0.000001
0.368349 0.929688 0.000001
0.296900 0.954909 0.000001
0.368349 0.929688 0.000001
0.368349 0.929688 0.000001
0.296900 0.954909 0.000001
0.368349 0.929688 0.000001
0.368349 0.929688 0.000001
0.296900 0.954909 0.000001
0.368349 0.929688 0.000001
0.368349 0.929688 0.000001
0.296900 0.954909 0.000001
0.368349 0.929688 0.000001
0.368350 0.929687 0.000002
0.296900 0.954909 0.000001
0.368350 0.929687 0.000002
0.368352 0.929686 0.000002
0.296900 0.954909 0.000001
0.368352 0.929686 0.000002
0.368329 0.929695 -0.000001
0.296900 0.954909 0.000001
0.368329 0.929695 -0.000001
0.368351 0.929687 0.000002
0.368363 0.929682 0.000003
0.296900 0.954909 0.000001
0.368351 0.929687 0.000002
0.368363 0.929682 0.000003
0.368351 0.929687 0.000002
0.368352 0.929687 0.000002
0.368363 0.929682 0.000003
0.368352 0.929687 0.000002
0.368348 0.929688 0.000001
0.368363 0.929682 0.000003
0.368348 0.929688 0.000001
0.368348 0.929688 0.000001
0.368363 0.929682 0.000003
0.368348 0.929688 0.000001
0.368348 0.929688 0.000001
0.368349 0.929688 0.000001
0.368363 0.929682 0.000003
0.368348 0.929688 0.000001
0.368349 0.929688 0.000001
0.368348 0.929688 0.000001
0.368349 0.929688 0.000001
0.368348 0.929688 0.000001
0.368349 0.929688 0.000001
0.368349 0.929688 0.000001
0.368348 0.929688 0.000001
0.368349 0.929688 0.000001
0.368349 0.929688 0.000001
0.368349 0.929688 0.000001
0.368348 0.929688 0.000001
0.368349 0.929688 0.000001
0.368349 0.929688 0.000001
0.368349 0.929688 0.000001
0.368349 0.929688 0.000001
0.368349 0.929688 0.000001
0.368349 0.929688 0.000001
0.368349 0.929688 0.000001
0.368349 0.929688 0.000001
0.368349 0.929688 0.000001
0.368349 0.929688 0.000002
0.368349 0.929688 0.000002
0.368349 0.929688 0.000001
0.368349 0.929688 0.000002
0.368349 0.929688 0.000002
0.368349 0.929688 0.000002
0.444796 0.895632 0.000002
0.368349 0.929688 0.000002
0.444796 0.895632 0.000002
0.444797 0.895631 0.000002
1.000000 -0.000016 0.000005
1.000000 -0.000016 0.000005
1.000000 -0.000016 0.000005
1.000000 -0.000016 0.000005
1.000000 -0.000016 0.000005
1.000000 -0.000016 0.000005
1.000000 -0.000016 0.000005
1.000000 -0.000016 0.000005
0.980784 -0.000016 0.195095
1.000000 -0.000016 0.000005
0.980784 -0.000016 0.195095
0.980786 -0.000016 0.195086
1.000000 -0.000016 0.000005
1.000000 -0.000016 0.000005
0.980786 -0.000016 0.195086
1.000000 -0.000016 0.000005
1.000000 -0.000016 0.000005
0.980786 -0.000016 0.195086
1.000000 -0.000016 0.000005
1.000000 -0.000016 0.000005
0.980786 -0.000016 0.195086
1.000000 -0.000016 0.000005
0.980786 -0.000016 0.195086
0.980786 -0.000016 -0.195085
1.000000 -0.000016 0.000005
0.980786 -0.000016 -0.195085
0.980786 -0.000016 -0.195085
1.000000 -0.000016 0.000005
0.980786 -0.000016 -0.195085
1.000000 -0.000016 0.000005
0.020937 -0.000000 -0.999781
-0.021152 0.000000 -0.999776
0.153138 -0.000003 -0.988205
0.087160 -0.000001 -0.996194
0.020937 -0.000000 -0.999781
0.153138 -0.000003 -0.988205
0.087160 -0.000001 -0.996194
0.153138 -0.000003 -0.988205
0.202667 -0.000004 -0.979248
-0.021159 0.000000 0.999776
-0.194230 0.000003 0.980956
-0.153353 0.000003 0.988171
-0.021159 0.000000 0.999776
-0.153353 0.000003 0.988171
-0.087159 0.000001 0.996194
-0.021159 0.000000 0.999776
-0.087159 0.000001 0.996194
-0.087159 0.000002 0.996194
-0.021159 0.000000 0.999776
-0.087159 0.000002 0.996194
0.028511 -0.000000 0.999593
0.087152 -0.000001 0.996195
0.202657 -0.000003 0.979250
0.153127 -0.000002 0.988207
0.087152 -0.000001 0.996195
0.153127 -0.000002 0.988207
-0.021159 0.000000 0.999776
0.087152 -0.000001 0.996195
-0.021159 0.000000 0.999776
0.028511 -0.000000 0.999593
0.087152 -0.000001 0.996195
0.028511 -0.000000 0.999593
0.087152 -0.000001 0.996195
0.258810 -0.000004 0.965928
0.153127 -0.000002 0.988207
0.202657 -0.000003 0.979250
0.315686 -0.000005 0.948864
0.258810 -0.000004 0.965928
0.202657 -0.000003 0.979250
0.315686 -0.000005 0.948864
0.202657 -0.000003 0.979250
0.368687 -0.000006 0.929554
0.874131 -0.000015 0.485691
0.858054 -0.000014 0.513559
0.819152 -0.000014 0.573576
0.779184 -0.000013 0.626796
0.874131 -0.000015 0.485691
0.819152 -0.000014 0.573576
0.779184 -0.000013 0.626796
0.819152 -0.000014 0.573576
0.753243 -0.000012 0.657742
-1.000000 0.000017 -0.000005
-0.990812 -0.029183 0.132064
-1.000000 0.000017 -0.000005
1.000000 -0.000017 0.000005
1.000000 -0.000017 0.000005
1.000000 -0.000017 0.000005
-1.000000 0.000017 -0.000006
-1.000000 0.000017 -0.000006
-1.000000 0.000017 -0.000006
1.000000 -0.000017 0.000006
1.000000 -0.000017 0.000006
0.990750 -0.108543 0.081439
-0.000017 -0.852628 0.522518
-0.000018 -0.929788 0.368096
-0.000018 -0.929788 0.368096
0.000017 0.852628 -0.522518
0.000018 0.929788 -0.368096
0.000018 0.929788 -0.368096
0.000006 -0.000001 -1.000000
0.000002 -0.181964 -0.983305
0.000002 -0.208536 -0.978015
0.000018 0.929788 -0.368096
0.000018 0.929788 -0.368096
0.000018 0.978015 -0.208536
-1.000000 0.000017 -0.000006
-1.000000 0.000017 -0.000006
-1.000000 0.000017 -0.000006
0.990861 0.049753 0.125378
1.000000 -0.000017 0.000006
1.000000 -0.000017 0.000006
-0.990812 -0.029183 0.132064
-1.000000 0.000017 -0.000005
-1.000000 0.000017 -0.000005
1.000000 -0.000017 0.000005
1.000000 -0.000017 0.000005
1.000000 -0.000017 0.000005
0.000006 -0.000001 -1.000000
0.000006 -0.000001 -1.000000
0.000006 -0.000001 -1.000000
-0.000006 0.000001 1.000000
-0.000006 0.000001 1.000000
-0.000006 0.000001 1.000000
-0.000018 -0.978015 0.208536
-0.000018 -0.929788 0.368096
-0.000018 -0.929788 0.368096
0.000002 -0.181964 -0.983305
0.000002 -0.208536 -0.978015
0.000006 -0.000001 -1.000000
0.000018 0.978015 -0.208536
0.000018 0.929788 -0.368096
0.000018 0.929788 -0.368096
-0.000002 0.181964 0.983305
-0.000002 0.208536 0.978015
-0.000006 0.000001 1.000000
-0.000006 0.000001 1.000000
-0.000006 0.000001 1.000000
-0.000006 0.000001 1.000000
-0.000006 0.000001 1.000000
-0.000006 0.000001 1.000000
-0.000006 0.000001 1.000000
-1.000000 0.000017 -0.000005
-0.990755 -0.108510 0.081428
-1.000000 0.000017 -0.000005
1.000000 -0.000017 0.000005
1.000000 -0.000017 0.000005
1.000000 -0.000017 0.000005
-1.000000 0.000017 -0.000006
-1.000000 0.000017 -0.000006
-1.000000 0.000017 -0.000006
1.000000 -0.000017 0.000006
1.000000 -0.000017 0.000006
1.000000 -0.000017 0.000006
0.000002 0.420521 0.907283
0.000001 0.368096 0.929788
0.000005 0.547211 0.836995
-0.000006 0.000001 1.000000
-0.000002 0.181964 0.983305
-0.000002 0.208536 0.978015
1.000000 -0.000017 0.000006
0.990861 0.049753 0.125378
1.000000 -0.000017 0.000006
-1.000000 0.000017 -0.000006
-1.000000 0.000017 -0.000006
-1.000000 0.000017 -0.000006
-0.000017 -1.000000 0.000001
-0.000017 -1.000000 0.000001
-0.000015 -0.983306 -0.181962
0.000011 0.368094 -0.929789
0.000013 0.472091 -0.881550
0.000011 0.368094 -0.929789
0.000015 0.983306 0.181962
0.000017 1.000000 -0.000001
0.000017 1.000000 -0.000001
-0.000018 -0.929788 0.368096
-0.000017 -0.852628 0.522518
-0.000018 -0.929788 0.368096
-0.000005 -0.547211 -0.836995
-0.000001 -0.368096 -0.929788
-0.000002 -0.420521 -0.907283
-0.000018 -0.929788 0.368096
-0.000018 -0.929788 0.368096
-0.000018 -0.978015 0.208536
-0.000006 0.000001 1.000000
-0.000006 0.000001 1.000000
-0.000006 0.000001 1.000000
-0.000006 0.000001 1.000000
-0.000006 0.000001 1.000000
-0.000006 0.000001 1.000000
-0.000017 -1.000000 0.000001
-0.000017 -1.000000 0.000001
-0.000017 -1.000000 0.000001
0.000006 -0.000001 -1.000000
0.000006 -0.000001 -1.000000
0.000006 -0.000001 -1.000000
0.000006 -0.000001 -1.000000
0.000008 0.181962 -0.983306
0.000009 0.208534 -0.978015
-0.000017 -0.999277 0.038016
-0.000017 -0.999277 0.038016
-0.000017 -0.999277 0.038016
0.096348 -0.995348 0.000002
-0.000017 -1.000000 0.000001
-0.000017 -1.000000 0.000001
0.000006 -0.000001 -1.000000
0.000006 -0.000001 -1.000000
0.000006 -0.000001 -1.000000
0.135559 0.875038 0.464685
-0.135555 0.919959 0.367833
-0.135560 0.859873 0.492181
1.000000 -0.000017 0.000006
1.000000 -0.000017 0.000006
1.000000 -0.000017 0.000006
-0.000011 -0.368094 0.929789
-0.000013 -0.472091 0.881550
-0.000011 -0.368094 0.929789
-0.000017 -0.836995 0.547211
-0.000017 -0.852628 0.522518
-0.000018 -0.929788 0.368096
0.000018 0.929788 -0.368096
0.000017 0.852628 -0.522518
0.000018 0.929788 -0.368096
0.000015 0.618780 -0.785565
0.000014 0.547209 -0.836996
0.000016 0.707106 -0.707108
-1.000000 0.000017 -0.000006
-1.000000 0.000017 -0.000006
-1.000000 0.000017 -0.000006
-1.000000 0.000017 -0.000006
-1.000000 0.000017 -0.000006
-1.000000 0.000017 -0.000006
-0.134498 -0.690629 0.710592
-0.000017 -0.787751 0.615994
-0.000014 -0.559853 0.828592
-1.000000 0.000017 -0.000006
-1.000000 0.000017 -0.000006
-1.000000 0.000017 -0.000006
-0.000013 -0.472091 0.881550
-0.000011 -0.368094 0.929789
-0.000011 -0.368094 0.929789
-0.000015 -0.618780 0.785565
-0.000016 -0.707106 0.707108
-0.000014 -0.547209 0.836996
0.000006 -0.000001 -1.000000
0.000006 -0.000001 -1.000000
0.000006 -0.000001 -1.000000
-0.000006 0.000001 1.000000
-0.000006 0.000001 1.000000
-0.000006 0.000001 1.000000
-0.000017 -0.999277 0.038016
-0.000017 -0.999277 0.038016
-0.000017 -0.999277 0.038016
-0.000017 -1.000000 0.000001
-0.000017 -1.000000 0.000001
0.096348 -0.995348 0.000002
-1.000000 0.000017 -0.000005
-0.860388 -0.302976 0.409803
-0.860576 -0.455517 0.227845
1.000000 -0.000017 0.000005
1.000000 -0.000017 0.000005
1.000000 -0.000017 0.000005
0.000011 0.824912 0.565262
0.000011 0.824912 0.565262
0.135583 0.859869 0.492182
-0.387618 -0.335979 0.858412
-0.134401 -0.588510 0.797240
-0.000012 -0.424201 0.905568
0.000006 -0.000001 -1.000000
0.000006 -0.000001 -1.000000
0.000006 -0.000001 -1.000000
-0.403511 0.000006 -0.914975
-0.469718 0.000007 -0.882817
-0.245651 0.000003 -0.969358
0.000011 0.368094 -0.929789
0.000013 0.472091 -0.881550
0.000011 0.368094 -0.929789
0.000017 0.852628 -0.522518
0.000017 0.836995 -0.547211
0.000018 0.929788 -0.368096
0.403521 -0.000008 -0.914970
0.484796 -0.000009 -0.874627
0.254359 -0.000005 -0.967110
0.000006 -0.000001 -1.000000
0.000006 -0.000001 -1.000000
0.000006 -0.000001 -1.000000
0.134722 0.489865 0.861326
0.000005 0.580913 0.813966
0.000002 0.422949 0.906154
0.000011 0.824912 0.565262
0.000011 0.824912 0.565262
0.000011 0.849569 0.527478
1.000000 -0.000017 0.000006
1.000000 -0.000017 0.000006
1.000000 -0.000017 0.000006
1.000000 -0.000017 0.000005
1.000000 -0.000017 0.000005
1.000000 -0.000017 0.000005
0.000002 0.420521 0.907283
0.000005 0.547211 0.836995
0.000001 0.368096 0.929788
-0.000001 -0.368096 -0.929788
-0.000005 -0.547211 -0.836995
-0.000002 -0.420521 -0.907283
-0.387496 -0.796605 0.463969
-0.000017 -0.874114 0.485721
-0.134559 -0.782037 0.608533
-0.000017 -0.999277 0.038016
-0.000017 -0.999277 0.038016
-0.000017 -0.999277 0.038016
-0.135549 0.951228 0.277113
0.000014 0.948936 0.315469
0.000015 0.960714 0.277542
-0.000006 0.000001 1.000000
-0.000006 0.000001 1.000000
-0.000006 0.000001 1.000000
0.134372 -0.588515 0.797242
0.263846 -0.351568 0.898212
-0.000012 -0.424201 0.905568
0.134370 -0.235692 0.962494
-0.000008 -0.124973 0.992160
-0.000010 -0.278130 0.960543
0.000014 0.547209 -0.836996
0.000015 0.618780 -0.785565
0.000016 0.707106 -0.707108
-0.000015 -0.618780 0.785565
-0.000014 -0.547209 0.836996
-0.000016 -0.707106 0.707108
-0.135555 0.919959 0.367833
0.135559 0.875038 0.464685
0.135566 0.937462 0.320603
-0.000006 0.000001 1.000000
-0.000006 0.000001 1.000000
-0.000006 0.000001 1.000000
0.000015 0.983306 0.181962
0.000017 1.000000 -0.000001
0.000017 1.000000 -0.000001
0.000015 0.618780 -0.785565
0.000014 0.547209 -0.836996
0.000016 0.707106 -0.707108
0.000005 -0.038016 -0.999277
0.000005 -0.038016 -0.999277
0.000005 -0.038016 -0.999277
-0.000017 -0.793965 0.607963
-0.000014 -0.572514 0.819895
0.134929 -0.633745 0.761683
-0.245651 0.000003 -0.969358
-0.363298 0.000005 -0.931673
-0.469718 0.000007 -0.882817
-0.993115 0.000017 -0.117142
-0.997505 0.000017 -0.070595
-0.992364 0.000017 0.123342
-0.000017 -0.877677 0.479253
-0.135186 -0.959541 0.246995
-0.135088 -0.886085 0.443402
0.000005 -0.038016 -0.999277
0.000005 -0.038016 -0.999277
0.000005 -0.038016 -0.999277
-0.000017 -1.000000 0.000001
-0.000015 -0.983306 -0.181962
-0.000017 -1.000000 0.000001
1.000000 -0.000017 0.000005
1.000000 -0.000017 0.000005
1.000000 -0.000017 0.000005
0.990861 0.049753 0.125378
0.990853 -0.029056 0.131781
0.964278 -0.231548 0.128660
-0.134485 0.287497 0.948293
-0.000001 0.249328 0.968419
0.000002 0.422949 0.906154
-1.000000 0.000017 -0.000006
-1.000000 0.000017 -0.000006
-1.000000 0.000017 -0.000006
0.000018 0.929788 -0.368096
0.000017 0.836995 -0.547211
0.000018 0.907283 -0.420521
0.000006 -0.000001 -1.000000
0.000002 -0.181964 -0.983305
0.000002 -0.181964 -0.983305
-0.684182 0.619730 0.384487
-0.922906 0.317619 0.217629
-0.832992 0.456417 0.312741
-0.135014 -0.792475 0.594772
-0.001259 -0.573185 0.819425
-0.000017 -0.793965 0.607963
1.000000 -0.000017 0.000006
0.990750 -0.108543 0.081439
1.000000 -0.000017 0.000006
0.000011 0.824912 0.565262
0.135583 0.859869 0.492182
-0.135546 0.853328 0.503447
-0.135529 0.921787 0.363236
-0.135535 0.875042 0.464684
0.135578 0.912520 0.385908
-0.000011 -0.836996 -0.547209
-0.000011 -0.852629 -0.522516
-0.000014 -0.929789 -0.368094
0.000006 -0.000001 -1.000000
0.000002 -0.181964 -0.983305
0.000002 -0.181964 -0.983305
-0.368100 0.000007 0.929786
-0.368100 0.000007 0.929786
-0.547214 0.000010 0.836992
0.932543 -0.000016 -0.361058
0.881348 -0.000015 -0.472468
0.816247 -0.000014 -0.577703
0.000017 0.852628 -0.522518
0.000018 0.929788 -0.368096
0.000017 0.836995 -0.547211
-0.000017 -0.852628 0.522518
-0.000017 -0.836995 0.547211
-0.000018 -0.929788 0.368096
0.000006 -0.000001 -1.000000
0.000006 -0.000001 -1.000000
0.000006 -0.000001 -1.000000
-0.720225 0.000011 -0.693741
-0.834217 0.000013 -0.551436
-0.816241 0.000013 -0.577712
-0.000017 -0.793965 0.607963
0.134929 -0.633745 0.761683
0.134980 -0.792480 0.594774
-0.000017 -0.999277 0.038016
-0.000017 -0.999277 0.038016
-0.000017 -0.999277 0.038016
-0.000010 -0.785565 -0.618780
-0.000008 -0.707108 -0.707106
-0.000011 -0.836996 -0.547209
0.000011 0.836996 0.547209
0.000008 0.707108 0.707106
0.000010 0.785565 0.618780
0.000015 0.960714 0.277542
-0.135555 0.919959 0.367833
0.135566 0.937462 0.320603
-0.990755 -0.108510 0.081428
-1.000000 0.000017 -0.000005
-1.000000 0.000017 -0.000005
0.000011 0.824912 0.565262
0.000008 0.726771 0.686879
0.000008 0.716296 0.697797
-0.860285 -0.036659 0.508494
-0.860389 0.113587 0.496819
-0.990812 -0.029183 0.132064
-0.000002 0.181964 0.983305
-0.000002 0.181964 0.983305
-0.000006 0.000001 1.000000
-1.000000 0.000017 -0.000006
-1.000000 0.000017 -0.000006
-1.000000 0.000017 -0.000006
0.000015 0.972011 0.234935
-0.135549 0.951228 0.277113
0.000015 0.960714 0.277542
-1.000000 0.000017 -0.000006
-1.000000 0.000017 -0.000006
-1.000000 0.000017 -0.000006
1.000000 -0.000017 0.000005
1.000000 -0.000017 0.000005
1.000000 -0.000017 0.000005
-0.000018 -0.939065 0.343740
0.134865 -0.966985 0.216222
0.134668 -0.914235 0.382152
0.000008 0.181962 -0.983306
0.000006 -0.000001 -1.000000
0.000009 0.208534 -0.978015
0.000017 0.836995 -0.547211
0.000017 0.785563 -0.618781
0.000018 0.907283 -0.420521
-0.000002 0.186762 0.982405
-0.134433 0.072548 0.988263
-0.000004 0.068779 0.997632
-1.000000 0.000017 -0.000006
-1.000000 0.000017 -0.000006
-1.000000 0.000017 -0.000006
-1.000000 0.000017 -0.000005
-0.990812 -0.029183 0.132064
-1.000000 0.000017 -0.000005
-0.000017 -0.787751 0.615994
-0.000017 -0.874114 0.485721
0.134526 -0.782042 0.608534
-0.937316 0.000016 0.348480
-0.992364 0.000017 0.123342
-0.983504 0.000017 0.180884
1.000000 -0.000017 0.000006
1.000000 -0.000017 0.000006
1.000000 -0.000017 0.000006
-0.000002 0.181964 0.983305
0.000001 0.368096 0.929788
-0.000002 0.208536 0.978015
0.000002 -0.208536 -0.978015
-0.000001 -0.368096 -0.929788
0.000002 -0.181964 -0.983305
0.946440 -0.000016 -0.322879
0.932543 -0.000016 -0.361058
0.992766 -0.000017 -0.120063
-1.000000 0.000017 -0.000006
-1.000000 0.000017 -0.000006
-1.000000 0.000017 -0.000006
-1.000000 0.000017 -0.000006
-1.000000 0.000017 -0.000006
-1.000000 0.000017 -0.000006
-0.683859 -0.466648 0.560870
-0.783835 -0.496648 0.372752
-0.864132 -0.321885 0.386867
1.000000 -0.000017 0.000006
1.000000 -0.000017 0.000006
1.000000 -0.000017 0.000006
-0.937316 0.000016 0.348480
-0.992364 0.000017 0.123342
-0.983504 0.000017 0.180884
-0.574727 0.000009 -0.818345
-0.484786 0.000007 -0.874633
-0.675851 0.000011 -0.737038
0.993117 -0.000017 -0.117131
0.992363 -0.000017 0.123353
0.997506 -0.000017 -0.070584
0.000015 0.960714 0.277542
0.135566 0.937462 0.320603
0.000015 0.974134 0.225972
1.000000 -0.000017 0.000005
1.000000 -0.000017 0.000005
1.000000 -0.000017 0.000005
-0.000017 -1.000000 0.000001
-0.000017 -1.000000 0.000001
-0.000017 -1.000000 0.000001
0.000006 -0.000001 -1.000000
0.000006 -0.000001 -1.000000
0.000006 -0.000001 -1.000000
0.000018 0.907283 -0.420521
0.000017 0.785563 -0.618781
0.000017 0.836995 -0.547211
1.000000 -0.000017 0.000006
1.000000 -0.000017 0.000006
1.000000 -0.000017 0.000006
-0.000008 -0.181962 0.983306
-0.000009 -0.208534 0.978015
-0.000006 0.000001 1.000000
-0.000018 -0.929788 0.368096
-0.000018 -0.978015 0.208536
-0.000018 -0.907283 0.420521
-0.000018 -0.983305 0.181964
-0.000017 -1.000000 0.000001
-0.000017 -1.000000 0.000001
-0.000017 -0.785563 0.618781
-0.000017 -0.836995 0.547211
-0.000016 -0.707106 0.707108
0.000006 0.618781 0.785563
0.000005 0.547211 0.836995
0.000008 0.707108 0.707106
0.000018 0.907283 -0.420521
0.000017 0.836995 -0.547211
0.000018 0.929788 -0.368096
-0.135535 0.875042 0.464684
0.135583 0.859869 0.492182
0.135578 0.912520 0.385908
1.000000 -0.000017 0.000006
1.000000 -0.000017 0.000006
0.990861 0.049753 0.125378
-1.000000 0.000017 -0.000006
-1.000000 0.000017 -0.000006
-1.000000 0.000017 -0.000006
0.000015 0.972011 0.234935
0.000015 0.960714 0.277542
0.000015 0.974134 0.225972
0.992363 -0.000017 0.123353
0.937313 -0.000015 0.348490
0.983502 -0.000016 0.180895
-0.000006 0.000001 1.000000
-0.000006 0.000001 1.000000
-0.000006 0.000001 1.000000
1.000000 -0.000017 0.000006
1.000000 -0.000017 0.000006
1.000000 -0.000017 0.000006
-0.000006 0.000001 1.000000
-0.000006 0.000001 1.000000
0.000000 0.320241 0.947336
0.683896 -0.265924 0.679390
0.684068 -0.508381 0.523067
0.970534 -0.116401 0.210987
0.684084 0.053388 0.727447
0.970571 0.017618 0.240171
0.970546 0.069889 0.230556
1.000000 -0.000017 0.000006
0.990750 -0.108543 0.081439
0.964004 -0.170063 0.204387
0.000005 -0.038016 -0.999277
0.000005 -0.038016 -0.999277
0.000005 -0.038016 -0.999277
-0.000017 -1.000000 0.000001
-0.096382 -0.995345 0.000001
-0.000017 -1.000000 0.000001
-1.000000 0.000017 -0.000006
-1.000000 0.000017 -0.000006
-1.000000 0.000017 -0.000006
0.000011 0.824912 0.565262
0.000011 0.849569 0.527478
-0.135560 0.859873 0.492181
-0.990812 -0.029183 0.132064
-1.000000 0.000017 -0.000005
-1.000000 0.000017 -0.000005
1.000000 -0.000017 0.000006
1.000000 -0.000017 0.000006
1.000000 -0.000017 0.000006
-0.000011 -0.852629 -0.522516
-0.000014 -0.929789 -0.368094
-0.000014 -0.929789 -0.368094
-0.000003 -0.472092 -0.881549
-0.000001 -0.368096 -0.929788
-0.000005 -0.547211 -0.836995
-0.000014 -0.929789 -0.368094
-0.000014 -0.929789 -0.368094
-0.000015 -0.978015 -0.208534
0.684068 -0.508381 0.523067
0.970552 -0.190125 0.147924
0.970562 -0.167875 0.172706
0.683912 -0.630428 0.367185
0.926224 -0.367893 0.082246
0.970524 -0.208265 0.121284
1.000000 -0.000017 0.000005
1.000000 -0.000017 0.000005
1.000000 -0.000017 0.000005
0.000005 -0.038016 -0.999277
0.000005 -0.038016 -0.999277
0.000005 -0.038016 -0.999277
-0.970532 -0.208232 0.121273
-0.684091 -0.508358 0.523060
-0.970560 -0.190093 0.147913
-0.970540 -0.116369 0.210976
-0.683953 -0.433260 0.586937
-0.684087 -0.173476 0.708471
-0.941010 -0.089172 0.326418
-0.783775 -0.277803 0.555448
-0.970789 -0.107322 0.214595
-0.135135 -0.443219 0.886169
-0.000012 -0.435100 0.900382
-0.000012 -0.435101 0.900382
-0.000006 -0.618781 -0.785563
-0.000010 -0.785565 -0.618780
-0.000008 -0.707108 -0.707106
-0.000008 -0.707108 -0.707106
-0.000010 -0.785565 -0.618780
-0.000006 -0.618781 -0.785563
0.990861 0.049753 0.125378
0.964278 -0.231548 0.128660
1.000000 -0.000017 0.000006
-0.000018 -0.981144 0.193281
-0.000018 -0.939065 0.343740
-0.000018 -0.981152 0.193238
0.684195 0.632942 0.362300
0.839349 0.448409 0.307282
0.971153 0.206948 0.118470
0.000008 0.726771 0.686879
0.000008 0.716296 0.697797
0.000006 0.610760 0.791816
0.720233 -0.000013 -0.693733
0.816247 -0.000014 -0.577703
0.834224 -0.000015 -0.551427
-0.000017 -1.000000 0.000001
-0.000017 -1.000000 0.000001
-0.000017 -1.000000 0.000001
-0.134389 -0.235688 0.962492
-0.000012 -0.424201 0.905568
-0.000008 -0.124973 0.992160
0.860988 0.037975 0.507205
0.990853 -0.029056 0.131781
0.990861 0.049753 0.125378
1.000000 -0.000017 0.000005
1.000000 -0.000017 0.000005
1.000000 -0.000017 0.000005
0.922915 0.317588 0.217639
0.971138 0.202671 0.125758
0.864671 0.438267 0.245492
-0.263924 -0.941301 0.210469
-0.000018 -0.939065 0.343740
-0.387496 -0.796605 0.463969
-1.000000 0.000017 -0.000006
-0.983308 -0.181815 0.006912
-1.000000 0.000017 -0.000006
-0.000018 -0.983305 0.181964
-0.000017 -1.000000 0.000001
-0.000017 -1.000000 0.000001
0.000018 0.983305 -0.181964
0.000017 1.000000 -0.000001
0.000017 1.000000 -0.000001
0.000017 0.820398 -0.571794
0.000017 0.820398 -0.571794
0.000017 0.820398 -0.571794
1.000000 -0.000017 0.000006
1.000000 -0.000017 0.000006
1.000000 -0.000017 0.000006
0.000017 0.820398 -0.571794
0.000017 0.820398 -0.571794
0.000017 0.820398 -0.571794
-1.000000 0.000017 -0.000006
-1.000000 0.000017 -0.000006
-1.000000 0.000017 -0.000006
1.000000 -0.000017 0.000006
1.000000 -0.000017 0.000006
1.000000 -0.000017 0.000006
0.000017 0.820398 -0.571794
0.000017 0.820398 -0.571794
0.000017 0.820398 -0.571794
-1.000000 0.000017 -0.000006
-1.000000 0.000017 -0.000006
-1.000000 0.000017 -0.000006
-0.000017 -1.000000 0.000001
-0.000017 -1.000000 0.000001
-0.000017 -1.000000 0.000001
0.000006 0.618781 0.785563
0.000010 0.785565 0.618780
0.000008 0.707108 0.707106
0.000008 0.707108 0.707106
0.000010 0.785565 0.618780
0.000006 0.618781 0.785563
0.000017 0.820398 -0.571794
0.000017 0.820398 -0.571794
0.000017 0.820398 -0.571794
-1.000000 0.000017 -0.000006
-1.000000 0.000017 -0.000006
-1.000000 0.000017 -0.000006
0.000013 0.907284 0.420519
0.000010 0.785565 0.618780
0.000011 0.836996 0.547209
0.000011 0.836996 0.547209
0.000010 0.785565 0.618780
0.000013 0.907284 0.420519
0.000006 0.622105 0.782934
-0.000006 0.000001 1.000000
0.000000 0.320241 0.947336
-0.000006 0.000001 1.000000
0.181958 -0.000002 0.983306
-0.000006 0.000001 1.000000
-0.000017 -1.000000 0.000001
-0.000017 -1.000000 0.000001
-0.000017 -1.000000 0.000001
0.937313 -0.000015 0.348490
0.912491 -0.000015 0.409096
0.983502 -0.000016 0.180895
-0.000006 0.000001 1.000000
0.000006 0.622105 0.782934
0.000000 0.320241 0.947336
-0.181969 0.000004 0.983304
-0.000006 0.000001 1.000000
-0.000006 0.000001 1.000000
-1.000000 0.000017 -0.000006
-0.983306 0.000017 0.181958
-1.000000 0.000017 -0.000006
-0.000006 0.000001 1.000000
-0.181968 0.000004 0.983304
-0.000006 0.000001 1.000000
0.983304 -0.000016 0.181968
1.000000 -0.000017 0.000005
1.000000 -0.000017 0.000005
-0.000006 0.000001 1.000000
0.622100 -0.000010 0.782938
0.368090 -0.000005 0.929790
-0.000011 -0.368094 0.929789
-0.000008 -0.181962 0.983306
-0.000011 -0.368094 0.929789
0.000011 0.368094 -0.929789
0.000011 0.368094 -0.929789
0.000008 0.181962 -0.983306
-0.970573 0.017651 0.240160
-0.783617 0.045499 0.619576
-0.783531 0.180293 0.594620
-0.970573 0.017651 0.240160
-0.970597 -0.024678 0.239443
-0.783617 0.045499 0.619576
-0.000008 -0.181962 0.983306
-0.000011 -0.368094 0.929789
-0.000011 -0.368094 0.929789
0.000008 0.181962 -0.983306
0.000011 0.368094 -0.929789
0.000008 0.181962 -0.983306
-0.997505 0.000017 -0.070595
-0.993115 0.000017 -0.117142
-0.946437 0.000016 -0.322890
0.000006 -0.000001 -1.000000
0.208408 -0.000005 -0.978042
0.000006 -0.000001 -1.000000
-0.368100 0.000007 0.929786
-0.628083 0.143365 0.764826
-0.000006 0.000001 1.000000
-1.000000 0.000017 -0.000006
-0.983306 0.000017 0.181957
-1.000000 0.000017 -0.000006
-0.000017 -0.999277 0.038016
-0.181980 -0.982591 0.037381
-0.000017 -0.999277 0.038016
-0.990755 -0.108510 0.081428
-1.000000 0.000017 -0.000005
-1.000000 0.000017 -0.000005
0.000006 -0.000001 -1.000000
0.000008 0.181962 -0.983306
0.000008 0.181962 -0.983306
-0.000008 -0.181962 0.983306
-0.000006 0.000001 1.000000
-0.000008 -0.181962 0.983306
0.506209 0.426346 0.749655
0.506034 0.250233 0.825417
0.684221 0.360524 0.633927
0.833004 0.456390 0.312750
0.922915 0.317588 0.217639
0.864671 0.438267 0.245492
-0.000006 0.000001 1.000000
0.181958 -0.000002 0.983306
-0.000006 0.000001 1.000000
0.000783 0.620600 0.784127
0.045219 0.238295 0.970140
-0.000006 0.000019 1.000000
0.368090 -0.000005 0.929790
0.368090 -0.000005 0.929790
0.181958 -0.000002 0.983306
-0.000017 -1.000000 0.000001
-0.000017 -1.000000 0.000001
-0.000017 -1.000000 0.000001
0.683833 -0.433794 0.586682
0.926523 -0.168320 0.336487
0.970809 -0.191837 0.143972
-0.127447 -0.972318 0.195845
0.117399 -0.972565 0.200836
0.073404 -0.898207 0.433400
0.000014 0.929789 0.368094
0.000011 0.852629 0.522516
0.000014 0.929789 0.368094
1.000000 -0.000017 0.000005
1.000000 -0.000017 0.000005
1.000000 -0.000017 0.000005
-0.000013 -0.907284 -0.420519
-0.000010 -0.785565 -0.618780
-0.000011 -0.836996 -0.547209
-0.000011 -0.836996 -0.547209
-0.000010 -0.785565 -0.618780
-0.000013 -0.907284 -0.420519
-1.000000 0.000017 -0.000006
-1.000000 0.000017 -0.000006
-1.000000 0.000017 -0.000006
0.000014 0.929789 0.368094
0.000011 0.852629 0.522516
0.000014 0.929789 0.368094
1.000000 -0.000017 0.000006
0.983304 -0.000016 0.181968
1.000000 -0.000017 0.000006
-0.000006 0.000001 1.000000
0.622100 -0.000010 0.782938
0.368090 -0.000005 0.929790
1.000000 -0.000017 0.000006
1.000000 -0.000017 0.000006
0.990861 0.049753 0.125378
1.000000 -0.000017 0.000006
1.000000 -0.000017 0.000006
0.990861 0.049753 0.125378
-0.620954 0.289050 0.728606
-0.373287 0.206864 0.904359
-0.234477 0.358523 0.903594
-0.000001 0.249328 0.968419
0.000002 0.422949 0.906154
0.000000 0.337241 0.941418
-0.860434 -0.227896 0.455760
-1.000000 0.000232 -0.000453
-0.942726 -0.087904 0.321778
0.135110 -0.443224 0.886171
-0.000012 -0.440030 0.897983
-0.000012 -0.435101 0.900382
-0.000012 -0.424201 0.905568
0.134370 -0.235692 0.962494
-0.000010 -0.278130 0.960543
-0.964118 -0.231963 0.129111
-0.860402 -0.314527 0.400976
-0.990812 -0.029183 0.132064
-0.000007 -0.109576 0.993979
-0.000004 0.068779 0.997632
-0.000005 0.031328 0.999509
0.506034 0.250233 0.825417
0.506203 0.063129 0.860101
0.783531 0.180267 0.594629
-0.000006 0.000001 1.000000
-0.000006 0.000001 1.000000
-0.000006 0.000001 1.000000
-0.000017 -1.000000 0.000001
-0.000017 -1.000000 0.000001
-0.000017 -1.000000 0.000001
1.000000 -0.000017 0.000006
0.964032 -0.118884 0.237717
0.942719 -0.087936 0.321789
-0.001259 -0.573185 0.819425
-0.135135 -0.443219 0.886169
-0.000012 -0.435101 0.900382
-0.000018 -0.983305 0.181964
-0.000017 -1.000000 0.000001
-0.000017 -1.000000 0.000001
0.000018 0.983305 -0.181964
0.000017 1.000000 -0.000001
0.000017 1.000000 -0.000001
0.000017 1.000000 -0.000001
0.000018 0.983305 -0.181964
0.000017 1.000000 -0.000001
-0.000017 -1.000000 0.000001
-0.000018 -0.983305 0.181964
-0.000017 -1.000000 0.000001
0.000006 -0.000001 -1.000000
-0.208398 0.000002 -0.978044
0.000006 -0.000001 -1.000000
-0.208398 0.000002 -0.978044
0.000006 -0.000001 -1.000000
0.000006 -0.000001 -1.000000
0.265125 0.914917 0.304360
0.366661 0.893803 0.258216
0.183884 0.944331 0.272811
0.837004 0.528136 0.143167
0.929794 0.357050 0.089438
0.837004 0.530058 0.135878
-0.506203 0.426363 0.749649
-0.134715 0.489869 0.861325
-0.506249 0.509946 0.695462
-0.970577 0.142406 0.194166
-0.926321 0.256041 0.276354
-0.922904 0.317624 0.217632
-0.000016 -0.707106 0.707108
-0.000017 -0.785563 0.618781
-0.000015 -0.618780 0.785565
1.000000 -0.000017 0.000006
1.000000 -0.000017 0.000006
1.000000 -0.000017 0.000006
0.135559 0.875038 0.464685
0.507980 0.786105 0.352129
0.507982 0.801389 0.315800
1.000000 -0.000017 0.000005
1.000000 -0.000017 0.000005
1.000000 -0.000017 0.000005
-0.707119 -0.706584 0.026878
-0.830416 -0.556741 0.021176
-0.707119 -0.706584 0.026878
-0.388298 -0.824109 0.412394
-0.388214 -0.892475 0.229736
-0.783887 -0.555261 0.277861
-1.000000 0.000017 -0.000006
-1.000000 0.000017 -0.000006
-1.000000 0.000017 -0.000006
-0.135549 0.951228 0.277113
-0.135529 0.921787 0.363236
0.000014 0.948936 0.315469
0.964278 -0.231548 0.128660
0.964295 -0.252992 0.078291
1.000000 -0.000017 0.000006
-0.000017 -0.999277 0.038016
0.181946 -0.982598 0.037383
-0.000017 -0.999277 0.038016
0.000014 0.929789 0.368094
0.000014 0.929789 0.368094
0.000015 0.978015 0.208534
0.000015 0.983306 0.181962
0.000017 1.000000 -0.000001
0.000017 1.000000 -0.000001
-0.000012 -0.420519 0.907284
-0.000015 -0.618780 0.785565
-0.000014 -0.547209 0.836996
-1.000000 0.000017 -0.000006
-1.000000 0.000017 -0.000006
-1.000000 0.000017 -0.000006
0.783814 -0.496674 0.372760
0.388248 -0.737060 0.553179
0.506632 -0.551435 0.662755
0.981153 -0.193093 0.007351
0.929782 -0.367844 0.013999
0.923873 -0.382422 0.014553
-0.000017 -0.999277 0.038016
0.181946 -0.982598 0.037383
-0.000017 -0.999277 0.038016
0.983302 -0.181848 0.006923
1.000000 -0.000017 0.000005
1.000000 -0.000017 0.000005
0.135583 0.859869 0.492182
0.508036 0.779475 0.366494
0.135578 0.912520 0.385908
0.684195 0.632942 0.362300
0.971153 0.206948 0.118470
0.926986 0.332762 0.173107
0.000015 0.983306 0.181962
0.000017 1.000000 -0.000001
0.000017 1.000000 -0.000001
0.000014 0.929789 0.368094
0.000014 0.929789 0.368094
0.000015 0.978015 0.208534
0.373612 0.207228 0.904141
0.373500 0.342419 0.862118
-0.003457 0.339865 0.940468
0.235052 0.604575 0.761078
0.620860 0.487548 0.613864
0.373300 0.677066 0.634215
-0.000009 -0.208534 0.978015
-0.000011 -0.368094 0.929789
-0.000008 -0.181962 0.983306
-1.000000 0.000017 -0.000006
-1.000000 0.000017 -0.000006
-1.000000 0.000017 -0.000006
-0.000014 -0.547209 0.836996
-0.000016 -0.707106 0.707108
-0.000015 -0.618780 0.785565
1.000000 -0.000017 0.000005
1.000000 -0.000017 0.000005
1.000000 -0.000017 0.000005
-0.929783 0.356329 0.092376
-0.836987 0.529710 0.137329
-0.836987 0.531908 0.128554
-0.839336 0.522259 0.150868
-0.928646 0.356396 0.102950
-0.864675 0.470025 0.177240
-1.000000 0.000017 -0.000006
-1.000000 0.000017 -0.000006
-1.000000 0.000017 -0.000006
-0.000014 -0.929789 -0.368094
-0.000011 -0.852629 -0.522516
-0.000014 -0.929789 -0.368094
0.000001 0.368096 0.929788
0.000001 0.368096 0.929788
-0.000002 0.181964 0.983305
0.000006 0.618781 0.785563
0.000005 0.547211 0.836995
0.000008 0.707108 0.707106
-0.000017 -0.874114 0.485721
0.134573 -0.856254 0.498717
0.134526 -0.782042 0.608534
0.683912 -0.630428 0.367185
0.970552 -0.190125 0.147924
0.684068 -0.508381 0.523067
-0.000006 0.000001 1.000000
-0.000006 0.000001 1.000000
-0.000006 0.000001 1.000000
-0.000017 -1.000000 0.000001
-0.000017 -1.000000 0.000001
-0.000017 -1.000000 0.000001
0.000017 0.836995 -0.547211
0.000017 0.785563 -0.618781
0.000018 0.907283 -0.420521
0.000011 0.368094 -0.929789
0.000008 0.181962 -0.983306
0.000009 0.208534 -0.978015
-0.000018 -0.981634 0.190773
-0.135186 -0.959541 0.246995
-0.000017 -0.877677 0.479253
1.000000 -0.000017 0.000006
1.000000 -0.000017 0.000006
0.990750 -0.108543 0.081439
0.000006 -0.000001 -1.000000
0.000006 -0.000001 -1.000000
0.000006 -0.000001 -1.000000
-0.000017 -1.000000 0.000001
-0.000017 -1.000000 0.000001
-0.000017 -1.000000 0.000001
0.000006 -0.000001 -1.000000
0.000006 -0.000001 -1.000000
0.000006 -0.000001 -1.000000
-0.000017 -1.000000 0.000001
-0.000017 -1.000000 0.000001
-0.000017 -1.000000 0.000001
0.000005 -0.038016 -0.999277
0.000005 -0.038016 -0.999277
0.000005 -0.038016 -0.999277
-1.000000 0.000017 -0.000006
-1.000000 0.000017 -0.000006
-1.000000 0.000017 -0.000006
-0.181980 -0.982591 0.037381
-0.000017 -0.999277 0.038016
-0.000017 -0.999277 0.038016
-0.837005 -0.546800 0.020798
-0.830416 -0.556741 0.021176
-0.923886 -0.382391 0.014543
-0.000006 -0.618781 -0.785563
-0.000005 -0.547211 -0.836995
-0.000008 -0.707108 -0.707106
-0.000001 -0.368096 -0.929788
-0.000003 -0.472092 -0.881549
-0.000001 -0.368096 -0.929788
0.135151 -0.959545 0.246996
-0.000017 -0.999277 0.038016
0.001525 -0.878024 0.478613
-1.000000 0.000017 -0.000005
-0.860509 -0.493368 0.126934
-0.982954 -0.183720 0.006985
0.000006 -0.000001 -1.000000
0.000006 -0.000001 -1.000000
0.000006 -0.000001 -1.000000
-0.000017 -1.000000 0.000001
-0.000017 -1.000000 0.000001
-0.000017 -1.000000 0.000001
-0.860174 0.255746 0.441243
-0.620577 0.393307 0.678376
-0.620318 0.487727 0.614271
-0.990812 -0.029183 0.132064
-0.964056 0.165193 0.208105
-1.000000 0.000017 -0.000005
-0.684040 -0.711866 0.159175
-0.783489 -0.573337 0.239645
-0.922914 -0.384727 0.014632
-0.970532 -0.208232 0.121273
-0.783489 -0.573337 0.239645
-0.684091 -0.508358 0.523060
1.000000 -0.000017 0.000006
0.983302 -0.181848 0.006923
1.000000 -0.000017 0.000006
0.929782 -0.367844 0.013999
0.929782 -0.367844 0.013999
0.836986 -0.546828 0.020808
-0.000006 -0.618781 -0.785563
-0.000008 -0.707108 -0.707106
-0.000005 -0.547211 -0.836995
0.000005 0.547211 0.836995
0.000008 0.707108 0.707106
0.000006 0.618781 0.785563
0.621685 0.058534 0.781077
0.860988 0.037975 0.507205
0.860976 0.187657 0.472763
-0.134433 0.072548 0.988263
-0.000007 -0.109576 0.993979
-0.000004 0.068779 0.997632
-0.000005 -0.547211 -0.836995
-0.000006 -0.618781 -0.785563
-0.000008 -0.707108 -0.707106
0.506034 0.250233 0.825417
0.783531 0.180267 0.594629
0.684221 0.360524 0.633927
0.574736 -0.000011 -0.818339
0.469727 -0.000009 -0.882812
0.657909 -0.000012 -0.753098
0.208408 -0.000005 -0.978042
0.000006 -0.000001 -1.000000
0.000006 -0.000001 -1.000000
-0.970540 -0.116369 0.210976
-0.970552 -0.143062 0.193810
-0.683953 -0.433260 0.586937
0.000011 0.368094 -0.929789
0.000008 0.181962 -0.983306
0.000009 0.208534 -0.978015
-0.134401 -0.588510 0.797240
-0.000014 -0.559853 0.828592
-0.000012 -0.424201 0.905568
0.861052 -0.313954 0.400029
0.860960 -0.386720 0.330448
0.990853 -0.029056 0.131781
-0.837005 -0.546800 0.020798
-0.837005 -0.546800 0.020798
-0.929795 -0.367813 0.013989
-0.000018 -0.939065 0.343740
-0.000018 -0.981144 0.193281
0.134865 -0.966985 0.216222
-0.000017 -1.000000 0.000001
-0.000017 -1.000000 0.000001
-0.000017 -1.000000 0.000001
0.000006 -0.000001 -1.000000
0.000006 -0.000001 -1.000000
0.000006 -0.000001 -1.000000
-0.971132 0.208125 0.116559
-0.684166 0.651627 0.327565
-0.684163 0.665608 0.298139
-0.971133 0.202703 0.125747
-0.926961 0.327318 0.183322
-0.971132 0.208125 0.116559
-0.000011 -0.836996 -0.547209
-0.000008 -0.707108 -0.707106
-0.000010 -0.785565 -0.618780
0.000010 0.785565 0.618780
0.000008 0.707108 0.707106
0.000011 0.836996 0.547209
-0.000015 -0.978015 -0.208534
-0.000014 -0.929789 -0.368094
-0.000014 -0.929789 -0.368094
-0.000017 -1.000000 0.000001
-0.000017 -1.000000 0.000001
-0.000018 -0.983305 0.181964
-1.000000 0.000017 -0.000005
-0.983308 -0.181815 0.006912
-1.000000 0.000017 -0.000005
-0.983308 -0.181815 0.006912
-1.000000 0.000017 -0.000005
-0.983308 -0.181815 0.006912
-0.000017 -1.000000 0.000001
-0.000015 -0.983306 -0.181962
-0.000017 -1.000000 0.000001
-0.000017 -0.785563 0.618781
-0.000018 -0.907283 0.420521
-0.000017 -0.836995 0.547211
0.000010 0.785565 0.618780
0.000011 0.836996 0.547209
0.000008 0.707108 0.707106
-0.000008 -0.707108 -0.707106
-0.000011 -0.836996 -0.547209
-0.000010 -0.785565 -0.618780
0.684185 0.651604 0.327572
0.864671 0.438267 0.245492
0.971137 0.217675 0.097517
0.711604 0.579561 0.397150
0.864671 0.438267 0.245492
0.684199 0.619707 0.384494
0.684199 0.687340 0.243794
0.839352 0.522231 0.150877
0.684202 0.692015 0.230179
-0.135529 0.921787 0.363236
0.135578 0.912520 0.385908
0.000014 0.948936 0.315469
0.263846 -0.351568 0.898212
0.134370 -0.235692 0.962494
-0.000012 -0.424201 0.905568
0.684211 -0.074830 0.725435
0.683896 -0.265924 0.679390
0.970573 -0.057291 0.233895
0.000006 -0.000001 -1.000000
0.000008 0.181962 -0.983306
0.000009 0.208534 -0.978015
0.000018 0.907283 -0.420521
0.000017 0.785563 -0.618781
0.000017 0.836995 -0.547211
-0.000017 -1.000000 0.000001
-0.000017 -1.000000 0.000001
-0.000017 -1.000000 0.000001
-0.997505 0.000017 -0.070595
-0.983504 0.000017 0.180884
-0.992364 0.000017 0.123342
-0.096382 -0.995345 0.000001
-0.000017 -1.000000 0.000001
-0.000017 -1.000000 0.000001
0.245662 -0.000005 -0.969356
0.469727 -0.000009 -0.882812
0.363309 -0.000007 -0.931669
0.983502 -0.000016 0.180895
0.937313 -0.000015 0.348490
0.912491 -0.000015 0.409096
-0.000017 -1.000000 0.000001
-0.000017 -1.000000 0.000001
-0.000017 -1.000000 0.000001
-0.881342 0.000014 -0.472478
-0.932539 0.000015 -0.361068
-0.816241 0.000013 -0.577712
0.152289 -0.547211 0.823024
0.591833 -0.547219 0.591849
0.128652 -0.707108 0.695303
0.926523 -0.168320 0.336487
0.704553 -0.200585 0.680714
0.942427 -0.088153 0.322583
0.000005 -0.038016 -0.999277
0.000005 -0.038016 -0.999277
0.000005 -0.038016 -0.999277
-0.389108 0.861942 0.325041
0.000015 0.960714 0.277542
-0.508017 0.811800 0.287924
-0.864675 0.470025 0.177240
-0.971146 0.215824 0.101462
-0.684174 0.677196 0.270761
0.684068 -0.508381 0.523067
0.970545 -0.143094 0.193821
0.970534 -0.116401 0.210987
0.000012 0.420519 -0.907284
0.000011 0.368094 -0.929789
0.000014 0.547209 -0.836996
-0.000005 -0.547211 -0.836995
-0.000006 -0.618781 -0.785563
-0.000008 -0.707108 -0.707106
-0.000001 -0.368096 -0.929788
-0.000003 -0.472092 -0.881549
-0.000001 -0.368096 -0.929788
0.836986 -0.546828 0.020807
0.923873 -0.382422 0.014553
0.830397 -0.556769 0.021186
0.970524 -0.208265 0.121284
0.926224 -0.367893 0.082246
0.970508 -0.229703 0.073149
-1.000000 0.000017 -0.000006
-1.000000 0.000017 -0.000006
-1.000000 0.000017 -0.000006
-0.783878 -0.601312 0.154786
-0.783887 -0.555261 0.277861
-0.388214 -0.892475 0.229736
-0.707096 0.680938 0.190626
-0.707096 0.684488 0.177459
-0.836988 0.527768 0.144613
-0.181948 0.953183 0.241531
-0.181949 0.950463 0.252021
0.000015 0.972011 0.234935
0.547222 0.813560 0.196643
0.547222 0.811907 0.203360
0.707117 0.687304 0.166128
0.000015 0.972011 0.234935
0.000015 0.960714 0.277542
0.000015 0.972011 0.234935
-0.000017 -0.874114 0.485721
-0.000017 -0.787751 0.615994
-0.134559 -0.782037 0.608533
0.235131 -0.893853 0.381759
0.621235 -0.748641 0.231525
0.730785 -0.560342 0.389834
-1.000000 0.000017 -0.000006
-1.000000 0.000017 -0.000006
-1.000000 0.000017 -0.000006
-1.000000 0.000017 -0.000006
-0.970577 0.142406 0.194166
-0.979868 0.164697 0.112840
-0.000013 -0.907284 -0.420519
-0.000015 -0.978015 -0.208534
-0.000014 -0.929789 -0.368094
-0.000014 -0.929789 -0.368094
-0.000015 -0.978015 -0.208534
-0.000013 -0.907284 -0.420519
-0.506203 0.426363 0.749649
-0.506035 0.250250 0.825411
-0.134715 0.489869 0.861325
-0.970546 0.069921 0.230546
-0.783531 0.180293 0.594620
-0.783749 0.307065 0.539860
0.000008 0.181962 -0.983306
0.000008 0.181962 -0.983306
0.000006 -0.000001 -1.000000
-0.000008 -0.181962 0.983306
-0.000008 -0.181962 0.983306
-0.000006 0.000001 1.000000
-1.000000 0.000017 -0.000006
-1.000000 0.000017 -0.000006
-1.000000 0.000017 -0.000006
-0.000017 -0.836995 0.547211
-0.000018 -0.907283 0.420521
-0.000017 -0.785563 0.618781
-1.000000 0.000017 -0.000006
-1.000000 0.000017 -0.000006
-1.000000 0.000017 -0.000006
0.000015 0.983306 0.181962
0.000017 1.000000 -0.000001
0.000017 1.000000 -0.000001
-0.000017 -0.999277 0.038016
-0.000017 -0.999277 0.038016
-0.000017 -0.999277 0.038016
-0.783775 -0.277803 0.555448
-0.882148 -0.127261 0.453452
-0.704567 -0.200561 0.680706
-0.860389 0.113587 0.496819
-0.860285 -0.036659 0.508494
-0.621196 0.174707 0.763932
-0.000004 0.068779 0.997632
-0.000002 0.186650 0.982426
-0.000005 0.031328 0.999509
-0.000017 -1.000000 0.000001
-0.000017 -1.000000 0.000001
-0.000017 -1.000000 0.000001
0.254359 -0.000005 -0.967110
0.363309 -0.000007 -0.931669
0.484796 -0.000009 -0.874627
0.000006 -0.000001 -1.000000
0.000009 0.234784 -0.972048
0.000006 -0.000001 -1.000000
0.000017 0.820398 -0.571794
0.000015 0.663217 -0.748427
0.000017 0.820398 -0.571794
-0.507958 0.786122 0.352124
-0.135535 0.875042 0.464684
-0.135529 0.921787 0.363236
-1.000000 0.000017 -0.000006
-1.000000 0.000017 -0.000006
-1.000000 0.000017 -0.000006
0.000017 0.836995 -0.547211
0.000017 0.852628 -0.522518
0.000018 0.929788 -0.368096
-0.000017 -0.852628 0.522518
-0.000017 -0.836995 0.547211
-0.000018 -0.929788 0.368096
0.711607 0.682912 0.165067
0.684201 0.700185 0.203987
0.847197 0.486811 0.212773
0.090259 0.352691 0.931377
0.414484 0.218337 0.883477
0.000001 0.000012 1.000000
-0.684182 0.619730 0.384487
-0.784131 0.541453 0.303263
-0.922906 0.317619 0.217629
-0.135535 0.875042 0.464684
-0.135546 0.853328 0.503447
0.135583 0.859869 0.492182
0.971153 0.223115 0.084150
0.684192 0.671702 0.284073
0.784152 0.561588 0.264053
0.839352 0.522231 0.150877
0.684194 0.677173 0.270768
0.971153 0.223115 0.084150
-0.860402 -0.314527 0.400976
-0.621287 -0.483656 0.616506
-0.621557 -0.347740 0.701958
0.134467 -0.690634 0.710594
-0.000014 -0.559853 0.828592
0.003449 -0.786613 0.617437
-0.000002 -0.420521 -0.907283
-0.000001 -0.368096 -0.929788
-0.000005 -0.547211 -0.836995
0.000005 0.547211 0.836995
0.000001 0.368096 0.929788
0.000002 0.420521 0.907283
0.707103 -0.000011 0.707111
0.830404 -0.000013 0.557163
0.707103 -0.000011 0.707111
-0.932539 0.000015 -0.361068
-0.816241 0.000013 -0.577712
-0.834217 0.000013 -0.551436
-0.000014 -0.572514 0.819895
-0.135014 -0.792475 0.594772
-0.000016 -0.691469 0.722406
-0.683859 -0.466648 0.560870
-0.388279 -0.737047 0.553174
-0.783835 -0.496648 0.372752
-0.134443 -0.101658 0.985693
-0.134389 -0.235688 0.962492
-0.000007 -0.109576 0.993979
-0.970577 -0.057258 0.233884
-0.684087 -0.173476 0.708471
-0.684221 -0.074807 0.725428
0.860792 0.316474 0.398600
0.990861 0.049753 0.125378
0.930362 0.302441 0.207260
0.621488 0.289128 0.728119
0.621727 0.174935 0.763449
0.860976 0.187657 0.472763
0.000014 0.929789 0.368094
0.000015 0.978015 0.208534
0.000013 0.907284 0.420519
0.000013 0.907284 0.420519
0.000015 0.978015 0.208534
0.000014 0.929789 0.368094
-0.000006 0.000001 1.000000
-0.368100 0.000007 0.929786
-0.622109 0.000011 0.782931
-0.000006 0.000001 1.000000
-0.000006 0.000001 1.000000
0.000000 0.320241 0.947336
0.096370 -0.037841 -0.994626
0.000005 -0.038016 -0.999277
0.000005 -0.038016 -0.999277
0.990750 -0.108543 0.081439
1.000000 -0.000017 0.000006
1.000000 -0.000017 0.000006
0.000623 -0.999237 0.039042
-0.000017 -0.999277 0.038016
-0.000017 -0.999277 0.038016
0.699761 -0.402460 0.590221
0.477740 -0.621145 0.621243
0.714061 -0.572719 0.402628
0.684284 0.495538 0.534975
0.864114 0.342025 0.369223
0.833001 0.456394 0.312753
0.000008 0.726742 0.686911
0.000011 0.824912 0.565262
0.000008 0.716296 0.697797
0.135151 -0.959545 0.246996
-0.000017 -0.877677 0.479253
0.135053 -0.886089 0.443404
0.783856 -0.601339 0.154794
0.783865 -0.555287 0.277869
0.970800 -0.232317 0.059805
0.000011 0.849569 0.527478
0.135559 0.875038 0.464685
-0.135560 0.859873 0.492181
0.265093 0.819337 0.508344
0.507984 0.751508 0.420937
0.507981 0.769595 0.386884
1.000000 -0.000017 0.000005
1.000000 -0.000017 0.000005
1.000000 -0.000017 0.000005
0.000018 0.907283 -0.420521
0.000017 0.836995 -0.547211
0.000018 0.929788 -0.368096
-0.971147 0.206981 0.118459
-0.839338 0.448437 0.307272
-0.684178 0.632965 0.362293
-0.971146 0.215824 0.101462
-0.684173 0.647023 0.336554
-0.684174 0.677196 0.270761
-0.730075 -0.652655 0.202566
-0.620437 -0.773140 0.131576
-0.373259 -0.886082 0.274841
-0.730210 -0.628050 0.268975
-0.620970 -0.684951 0.381102
-0.730210 -0.560620 0.390512
0.000001 0.368096 0.929788
0.000003 0.472092 0.881549
0.000001 0.368096 0.929788
0.000006 0.618781 0.785563
0.000008 0.707108 0.707106
0.000005 0.547211 0.836995
0.834224 -0.000015 -0.551427
0.816247 -0.000014 -0.577703
0.932543 -0.000016 -0.361058
-0.836999 0.000015 0.547205
-0.830410 0.000015 0.557153
-0.923882 0.000016 0.382678
-0.620591 -0.701270 0.350838
-0.620335 -0.759580 0.195505
-0.860576 -0.455517 0.227845
-0.860388 -0.302976 0.409803
-0.620647 -0.627157 0.470607
-0.860576 -0.455517 0.227845
-1.000000 0.000017 -0.000006
-1.000000 0.000017 -0.000006
-1.000000 0.000017 -0.000006
-1.000000 0.000017 -0.000006
-1.000000 0.000017 -0.000006
-1.000000 0.000017 -0.000006
0.621784 -0.168540 0.764839
0.861005 -0.109466 0.496676
0.860988 0.037975 0.507205
0.622070 -0.347573 0.701585
0.621796 -0.483557 0.616070
0.861108 -0.167902 0.479897
0.000001 0.368096 0.929788
0.000003 0.472092 0.881549
0.000001 0.368096 0.929788
0.000006 0.618781 0.785563
0.000008 0.707108 0.707106
0.000005 0.547211 0.836995
1.000000 -0.000017 0.000005
1.000000 -0.000017 0.000005
1.000000 -0.000017 0.000005
0.833001 0.456394 0.312753
0.864114 0.342025 0.369223
0.922912 0.317593 0.217643
-0.970569 -0.167843 0.172696
-0.970560 -0.190093 0.147913
-0.684091 -0.508358 0.523060
0.000016 0.707106 -0.707108
0.000014 0.547209 -0.836996
0.000015 0.618780 -0.785565
0.783865 -0.555287 0.277869
0.970813 -0.214483 0.107329
0.970800 -0.232317 0.059805
1.000000 -0.000017 0.000005
1.000000 -0.000017 0.000005
1.000000 -0.000017 0.000005
-0.373679 -0.415043 0.829520
-0.800022 -0.165979 0.576554
-0.578750 -0.234872 0.780950
-0.124619 -0.842106 0.524717
-0.127447 -0.972318 0.195845
0.073404 -0.898207 0.433400
-0.547197 0.810216 0.210058
-0.368081 0.903771 0.218438
-0.547197 0.813578 0.196637
-0.352684 0.090264 0.931379
-0.218339 0.414482 0.883478
-0.000005 0.000019 1.000000
0.683987 -0.326324 0.652437
0.388079 -0.412275 0.824272
0.704553 -0.200585 0.680714
0.135110 -0.443224 0.886171
-0.000012 -0.435101 0.900382
-0.000014 -0.566366 0.824154
0.135559 0.875038 0.464685
0.507982 0.801389 0.315800
0.135566 0.937462 0.320603
1.000000 -0.000017 0.000005
1.000000 -0.000017 0.000005
1.000000 -0.000017 0.000005
0.000018 0.929788 -0.368096
0.000017 0.836995 -0.547211
0.000018 0.907283 -0.420521
1.000000 -0.000017 0.000006
1.000000 -0.000017 0.000006
1.000000 -0.000017 0.000006
-0.000009 -0.208534 0.978015
-0.000011 -0.368094 0.929789
-0.000008 -0.181962 0.983306
-0.000015 -0.618780 0.785565
-0.000016 -0.707106 0.707108
-0.000014 -0.547209 0.836996
0.000017 0.820398 -0.571794
0.000015 0.663217 -0.748427
0.000017 0.820398 -0.571794
0.000009 0.234784 -0.972048
0.000013 0.462712 -0.886509
0.000009 0.234784 -0.972048
-0.929795 -0.368079 -0.000005
-0.929795 -0.368079 -0.000005
-0.983308 -0.181947 -0.000005
-0.990755 -0.108510 0.081428
-1.000000 0.000017 -0.000005
-1.000000 0.000017 -0.000005
-0.000015 -0.618780 0.785565
-0.000017 -0.785563 0.618781
-0.000016 -0.707106 0.707108
-0.000018 -0.907283 0.420521
-0.000018 -0.978015 0.208536
-0.000018 -0.929788 0.368096
-0.507961 0.815038 0.278728
-0.135529 0.921787 0.363236
-0.135549 0.951228 0.277113
-0.799333 0.517698 0.305049
-0.684172 0.690084 0.235993
-0.684179 0.700208 0.203980
0.263974 0.070613 0.961942
0.506203 0.063129 0.860101
0.506034 0.250233 0.825417
0.263895 0.279848 0.923062
-0.000001 0.249328 0.968419
-0.000004 0.068779 0.997632
-0.780936 0.000012 -0.624611
-0.657900 0.000010 -0.753105
-0.522631 0.000008 -0.852559
-0.675851 0.000011 -0.737038
-0.780936 0.000012 -0.624611
-0.522631 0.000008 -0.852559
-0.372894 0.577036 0.726622
-0.372975 0.465450 0.802649
0.001428 0.609980 0.792415
0.000002 0.422949 0.906154
0.000005 0.580913 0.813966
0.000003 0.479775 0.877392
-1.000000 0.000017 -0.000005
-0.983305 -0.006901 -0.181837
-1.000000 0.000017 -0.000005
0.000005 -0.038016 -0.999277
-0.096360 -0.037838 -0.994627
0.000005 -0.038016 -0.999277
-0.000017 -0.852628 0.522518
-0.000018 -0.929788 0.368096
-0.000017 -0.836995 0.547211
0.000017 0.852628 -0.522518
0.000017 0.836995 -0.547211
0.000018 0.929788 -0.368096
-0.000014 -0.547209 0.836996
-0.000015 -0.618780 0.785565
-0.000016 -0.707106 0.707108
0.000015 0.618780 -0.785565
0.000014 0.547209 -0.836996
0.000016 0.707106 -0.707108
-0.964056 0.165193 0.208105
-0.860163 0.372027 0.348878
-0.930354 0.302472 0.207250
0.000011 0.824912 0.565262
0.000011 0.824912 0.565262
0.000008 0.726771 0.686879
-0.000015 -0.618780 0.785565
-0.000014 -0.547209 0.836996
-0.000016 -0.707106 0.707108
0.000015 0.618780 -0.785565
0.000016 0.707106 -0.707108
0.000014 0.547209 -0.836996
0.000011 0.836996 0.547209
0.000014 0.929789 0.368094
0.000013 0.907284 0.420519
-0.000013 -0.907284 -0.420519
-0.000014 -0.929789 -0.368094
-0.000011 -0.836996 -0.547209
-0.000004 0.086689 0.996235
-0.000004 0.086689 0.996235
-0.000004 0.086689 0.996235
-1.000000 0.000017 -0.000006
-1.000000 0.000017 -0.000006
-1.000000 0.000017 -0.000006
0.657909 -0.000012 -0.753098
0.780943 -0.000014 -0.624602
0.522640 -0.000010 -0.852553
0.780943 -0.000014 -0.624602
0.675859 -0.000012 -0.737031
0.522640 -0.000010 -0.852553
0.000011 0.824912 0.565262
0.000011 0.824912 0.565262
-0.134917 0.673348 0.726911
-0.783817 0.422019 0.455556
-0.832989 0.456422 0.312744
-0.922904 0.317624 0.217632
0.000006 0.618781 0.785563
0.000002 0.420521 0.907283
0.000005 0.547211 0.836995
0.000005 0.547211 0.836995
0.000002 0.420521 0.907283
0.000006 0.618781 0.785563
-0.000004 0.086689 0.996235
-0.000004 0.086689 0.996235
-0.000004 0.086689 0.996235
1.000000 -0.000017 0.000006
1.000000 -0.000017 0.000006
1.000000 -0.000017 0.000006
-0.000009 -0.747676 -0.664064
-0.000008 -0.707108 -0.707106
-0.000011 -0.836996 -0.547209
-1.000000 0.000017 -0.000006
-1.000000 0.000017 -0.000006
-1.000000 0.000017 -0.000006
0.508038 0.793309 0.335498
0.389132 0.848430 0.358808
0.508036 0.779475 0.366494
0.508039 0.805930 0.303930
0.265125 0.914917 0.304360
0.135578 0.912520 0.385908
-1.000000 0.000017 -0.000006
-1.000000 0.000017 -0.000006
-1.000000 0.000017 -0.000006
-1.000000 0.000017 -0.000006
-1.000000 0.000017 -0.000006
-1.000000 0.000017 -0.000006
0.000013 0.462712 -0.886509
0.000009 0.234784 -0.972048
0.000013 0.462712 -0.886509
0.000006 -0.000001 -1.000000
0.000009 0.234784 -0.972048
0.000006 -0.000001 -1.000000
0.000015 0.618780 -0.785565
0.000012 0.420519 -0.907284
0.000014 0.547209 -0.836996
0.000014 0.547209 -0.836996
0.000012 0.420519 -0.907284
0.000015 0.618780 -0.785565
0.288583 -0.061994 -0.955446
0.000005 -0.038016 -0.999277
0.182809 -0.037371 -0.982438
0.570961 -0.730662 0.374348
0.239067 -0.769624 0.592052
0.404359 -0.911018 0.080871
0.501461 -0.387111 0.773745
0.373656 -0.415055 0.829524
0.312311 -0.281055 0.907452
0.729371 -0.437583 0.525869
0.620621 -0.627178 0.470614
0.236020 -0.577867 0.781258
-0.860522 -0.226117 0.456478
-0.860402 -0.314527 0.400976
-0.621557 -0.347740 0.701958
-0.860455 -0.168413 0.480890
-0.621266 -0.169135 0.765129
-0.621131 -0.056336 0.781679
-0.004112 0.184597 0.982806
0.373612 0.207228 0.904141
-0.003457 0.339865 0.940468
0.373455 -0.066129 0.925288
0.373519 0.069360 0.925026
-0.004521 0.029064 0.999567
0.684211 -0.074830 0.725435
0.970593 -0.024711 0.239454
0.970571 0.017618 0.240171
0.000006 -0.000001 -1.000000
0.000006 -0.000001 -1.000000
0.000008 0.181962 -0.983306
0.000002 0.422949 0.906154
-0.000001 0.249328 0.968419
0.000000 0.337241 0.941418
-0.134917 0.673348 0.726911
-0.134715 0.489869 0.861325
0.000005 0.580913 0.813966
0.707095 -0.706607 0.026886
0.707095 -0.706607 0.026886
0.836986 -0.546828 0.020808
1.000000 -0.000017 0.000006
0.860491 -0.493397 0.126944
0.860551 -0.407426 0.305706
-0.000006 0.000001 1.000000
-0.000006 0.000001 1.000000
-0.000002 0.181964 0.983305
0.000002 -0.181964 -0.983305
0.000006 -0.000001 -1.000000
0.000002 -0.208536 -0.978015
-0.000006 0.000001 1.000000
-0.000002 0.208536 0.978015
-0.000002 0.181964 0.983305
0.000006 -0.000001 -1.000000
0.000002 -0.181964 -0.983305
0.000006 -0.000001 -1.000000
1.000000 -0.000017 0.000005
1.000000 -0.000017 0.000005
1.000000 -0.000017 0.000005
-0.000018 -0.929788 0.368096
-0.000018 -0.983305 0.181964
-0.000018 -0.978015 0.208536
0.373300 0.677066 0.634215
0.730293 0.498381 0.467213
0.543615 0.692373 0.474450
0.135583 0.859869 0.492182
0.183881 0.810844 0.555625
0.366657 0.767459 0.525899
-0.507960 0.769612 0.386878
-0.135535 0.875042 0.464684
-0.507958 0.786122 0.352124
-0.135535 0.875042 0.464684
-0.507963 0.751525 0.420931
-0.507966 0.741887 0.437693
-0.970569 -0.167843 0.172696
-0.684091 -0.508358 0.523060
-0.683953 -0.433260 0.586937
-0.134401 -0.588510 0.797240
-0.134498 -0.690629 0.710592
-0.000014 -0.559853 0.828592
0.547222 0.809028 0.214526
0.368108 0.897398 0.243256
0.547222 0.807834 0.218981
0.181978 0.950457 0.252023
0.000015 0.972011 0.234935
0.000015 0.960714 0.277542
0.000015 0.618780 -0.785565
0.000012 0.420519 -0.907284
0.000014 0.547209 -0.836996
0.000014 0.547209 -0.836996
0.000012 0.420519 -0.907284
0.000015 0.618780 -0.785565
-0.000006 -0.618781 -0.785563
-0.000002 -0.420521 -0.907283
-0.000005 -0.547211 -0.836995
-0.000005 -0.547211 -0.836995
-0.000002 -0.420521 -0.907283
-0.000006 -0.618781 -0.785563
0.620621 -0.627178 0.470614
0.729371 -0.437583 0.525869
0.860551 -0.407426 0.305706
0.620563 -0.701291 0.350845
0.860551 -0.407426 0.305706
0.860491 -0.493397 0.126944
0.620860 0.487548 0.613864
0.235052 0.604575 0.761078
0.373309 0.465577 0.802420
0.621488 0.289128 0.728119
0.860976 0.187657 0.472763
0.860792 0.316474 0.398600
-0.000016 -0.707106 0.707108
-0.000017 -0.836995 0.547211
-0.000017 -0.785563 0.618781
-0.000014 -0.547209 0.836996
-0.000015 -0.618780 0.785565
-0.000012 -0.420519 0.907284
-0.000002 0.181964 0.983305
-0.000006 0.000001 1.000000
-0.000002 0.208536 0.978015
0.000006 -0.000001 -1.000000
0.000006 -0.000001 -1.000000
0.000002 -0.181964 -0.983305
0.000017 1.000000 -0.000001
0.000015 0.978015 0.208534
0.000015 0.983306 0.181962
0.000015 0.983306 0.181962
0.000015 0.978015 0.208534
0.000017 1.000000 -0.000001
-1.000000 0.000017 -0.000006
-1.000000 0.000017 -0.000006
-1.000000 0.000017 -0.000006
-0.926961 0.327318 0.183322
-0.971133 0.202703 0.125747
-0.922906 0.317619 0.217629
-0.000011 -0.368094 0.929789
-0.000014 -0.547209 0.836996
-0.000012 -0.420519 0.907284
-0.000008 -0.181962 0.983306
-0.000009 -0.208534 0.978015
-0.000006 0.000001 1.000000
0.707095 -0.706607 0.026886
0.707095 -0.706607 0.026886
0.547196 -0.836400 0.031823
0.620943 -0.772805 0.131158
0.235288 -0.928560 0.287082
0.235433 -0.958199 0.162559
-0.000018 -0.983305 0.181964
-0.000017 -1.000000 0.000001
-0.000018 -0.978015 0.208536
-0.000018 -0.978015 0.208536
-0.000017 -1.000000 0.000001
-0.000018 -0.983305 0.181964
0.992766 -0.000017 -0.120063
0.953759 -0.000016 -0.300573
0.932543 -0.000016 -0.361058
-0.000017 -1.000000 0.000001
-0.000017 -1.000000 0.000001
-0.000017 -1.000000 0.000001
0.000018 0.983305 -0.181964
0.000018 0.978015 -0.208536
0.000017 1.000000 -0.000001
0.000017 1.000000 -0.000001
0.000018 0.978015 -0.208536
0.000018 0.983305 -0.181964
-0.000015 -0.983306 -0.181962
-0.000014 -0.929789 -0.368094
-0.000015 -0.978015 -0.208534
0.000015 0.978015 0.208534
0.000014 0.929789 0.368094
0.000015 0.983306 0.181962
-0.000015 -0.978015 -0.208534
-0.000014 -0.929789 -0.368094
-0.000015 -0.983306 -0.181962
0.000015 0.983306 0.181962
0.000014 0.929789 0.368094
0.000015 0.978015 0.208534
0.000017 1.000000 -0.000001
0.000018 0.978015 -0.208536
0.000018 0.983305 -0.181964
0.000018 0.983305 -0.181964
0.000018 0.978015 -0.208536
0.000017 1.000000 -0.000001
-0.368081 0.898737 0.238303
-0.368081 0.896736 0.245724
-0.181949 0.950463 0.252021
-0.508017 0.811800 0.287924
-0.366634 0.893816 0.258212
-0.545777 0.805013 0.232556
-0.000002 -0.420521 -0.907283
-0.000006 -0.618781 -0.785563
-0.000005 -0.547211 -0.836995
-0.000005 -0.547211 -0.836995
-0.000006 -0.618781 -0.785563
-0.000002 -0.420521 -0.907283
1.000000 -0.000017 0.000005
1.000000 -0.000017 0.000005
1.000000 -0.000017 0.000005
1.000000 -0.000017 0.000005
1.000000 -0.000017 0.000005
1.000000 -0.000017 0.000005
0.707117 0.687304 0.166128
0.707117 0.685907 0.171803
0.837004 0.531880 0.128563
0.306815 0.332270 0.891887
0.483412 0.133384 0.865171
0.255837 0.026426 0.966359
0.000015 0.978015 0.208534
0.000015 0.983306 0.181962
0.000014 0.929789 0.368094
-0.000014 -0.929789 -0.368094
-0.000015 -0.983306 -0.181962
-0.000015 -0.978015 -0.208534
-0.000004 0.086689 0.996235
-0.000004 0.086689 0.996235
-0.000004 0.086689 0.996235
-0.000006 0.000001 1.000000
-0.181968 0.000004 0.983304
-0.000006 0.000001 1.000000
-0.000002 0.181964 0.983305
-0.000006 0.000001 1.000000
-0.000006 0.000001 1.000000
-1.000000 0.000017 -0.000006
-1.000000 0.000017 -0.000006
-1.000000 0.000017 -0.000006
0.547222 0.807834 0.218981
0.368108 0.897398 0.243256
0.547222 0.804104 0.232304
0.839352 0.522231 0.150877
0.971153 0.223115 0.084150
0.928657 0.356364 0.102960
0.000015 0.974134 0.225972
0.000011 0.850468 0.526028
-0.109581 0.772299 0.625737
-0.684179 0.700208 0.203980
-0.515440 0.800480 0.305865
-0.711586 0.682936 0.165059
-0.833007 -0.552862 0.021029
-0.783878 -0.601312 0.154786
-0.711608 -0.702069 0.026706
-1.000000 0.000017 -0.000006
-1.000000 0.000017 -0.000006
-1.000000 0.000017 -0.000006
0.387763 -0.219244 0.895306
0.263846 -0.351568 0.898212
0.684211 -0.074830 0.725435
0.134429 -0.101663 0.985695
-0.000005 0.031477 0.999504
-0.000007 -0.109576 0.993979
0.707103 -0.000011 0.707111
0.836993 -0.000013 0.547214
0.707103 -0.000011 0.707111
-0.000004 0.086689 0.996235
-0.000004 0.086689 0.996235
-0.000004 0.086689 0.996235
-0.000017 -1.000000 0.000001
-0.000017 -1.000000 0.000001
-0.000017 -1.000000 0.000001
0.780943 -0.000014 -0.624602
0.834224 -0.000015 -0.551427
0.675859 -0.000012 -0.737031
1.000000 -0.000017 0.000005
1.000000 -0.000017 0.000005
1.000000 -0.000017 0.000005
1.000000 -0.000017 0.000005
1.000000 -0.000017 0.000005
1.000000 -0.000017 0.000005
-1.000000 0.000017 -0.000006
-1.000000 0.000017 -0.000006
-1.000000 0.000017 -0.000006
-0.970517 -0.229671 0.073138
-0.922914 -0.384727 0.014632
-0.926192 -0.347892 0.145397
0.992363 -0.000017 0.123353
0.937313 -0.000015 0.348490
0.983502 -0.000016 0.180895
-0.000017 -1.000000 0.000001
-0.000017 -1.000000 0.000001
-0.000017 -1.000000 0.000001
-0.707119 -0.706584 0.026878
-0.707119 -0.706584 0.026878
-0.547224 -0.836381 0.031817
-0.860509 -0.493368 0.126934
-0.620335 -0.759580 0.195505
-0.702601 -0.711070 0.027049
-1.000000 0.000017 -0.000006
-1.000000 0.000017 -0.000006
-1.000000 0.000017 -0.000006
0.000012 0.420519 -0.907284
0.000011 0.368094 -0.929789
0.000014 0.547209 -0.836996
0.684318 0.431165 0.588053
0.684221 0.360524 0.633927
0.684284 0.495538 0.534975
0.134722 0.489865 0.861326
0.264087 0.655441 0.707570
0.000005 0.580913 0.813966
-0.000017 -1.000000 0.000001
-0.000015 -0.978015 -0.208534
-0.000015 -0.983306 -0.181962
-0.000015 -0.983306 -0.181962
-0.000015 -0.978015 -0.208534
-0.000017 -1.000000 0.000001
-1.000000 0.000017 -0.000006
-1.000000 0.000017 -0.000006
-1.000000 0.000017 -0.000006
-0.783775 -0.277803 0.555448
-0.864132 -0.321885 0.386867
-0.970789 -0.107322 0.214595
-0.970597 -0.024678 0.239443
-0.684221 -0.074807 0.725428
-0.783617 0.045499 0.619576
-0.134433 0.072548 0.988263
-0.134443 -0.101658 0.985693
-0.000007 -0.109576 0.993979
0.121065 -0.992232 0.028615
0.181947 -0.983308 0.000002
0.096348 -0.995348 0.000002
0.299422 -0.837000 0.458015
0.591831 -0.707116 0.386940
0.457996 -0.837003 0.299442
-0.254348 0.000003 -0.967113
-0.484786 0.000007 -0.874633
-0.363298 0.000005 -0.931673
-0.000017 -1.000000 0.000001
-0.000017 -1.000000 0.000001
-0.000017 -1.000000 0.000001
0.000005 0.547211 0.836995
0.000006 0.618781 0.785563
0.000002 0.420521 0.907283
0.000002 0.420521 0.907283
0.000006 0.618781 0.785563
0.000005 0.547211 0.836995
-0.373679 -0.415043 0.829520
-0.729335 -0.306023 0.611899
-0.800022 -0.165979 0.576554
-0.236003 -0.621643 0.746902
-0.236089 -0.777237 0.583236
-0.729345 -0.406752 0.550098
-0.508016 0.805947 0.303924
-0.389108 0.861942 0.325041
-0.508017 0.811800 0.287924
-0.684176 0.682409 0.257335
-0.684179 0.687363 0.243786
-0.839336 0.522259 0.150868
0.000002 -0.181964 -0.983305
0.000006 -0.000001 -1.000000
0.000006 -0.000001 -1.000000
-0.970546 0.069921 0.230546
-0.970573 0.017651 0.240160
-0.783531 0.180293 0.594620
-0.616710 -0.066032 -0.784416
-0.450046 -0.253441 -0.856286
-0.651954 -0.098050 -0.751892
-0.605899 -0.751300 0.261600
-0.363404 -0.929210 0.067135
-0.394924 -0.756052 0.521940
-0.507961 0.815038 0.278728
-0.507958 0.801406 0.315795
-0.135529 0.921787 0.363236
-0.507958 0.801406 0.315795
-0.507958 0.786122 0.352124
-0.135529 0.921787 0.363236
-0.971132 0.225713 0.077180
-0.799333 0.517698 0.305049
-0.971132 0.229025 0.066710
-1.000000 0.000017 -0.000006
-1.000000 0.000017 -0.000006
-1.000000 0.000017 -0.000006
0.373543 -0.199602 0.905884
0.373455 -0.066129 0.925288
-0.004774 -0.123696 0.992309
-0.004774 -0.123696 0.992309
0.373455 -0.066129 0.925288
-0.004521 0.029064 0.999567
1.000000 -0.000017 0.000005
1.000000 -0.000017 0.000005
1.000000 -0.000017 0.000005
0.971138 0.225681 0.077191
0.971139 0.228992 0.066720
0.847197 0.486811 0.212773
0.926986 0.332762 0.173107
0.971153 0.206948 0.118470
0.971153 0.215792 0.101472
0.971153 0.223115 0.084150
0.926986 0.332762 0.173107
0.971153 0.215792 0.101472
-0.930364 -0.366373 0.013934
-0.860274 -0.502595 0.085595
-0.860369 -0.486753 0.151118
-0.990812 -0.029183 0.132064
-1.000000 0.000017 -0.000005
-0.964118 -0.231963 0.129111
0.234920 -0.849756 0.471940
0.730785 -0.560342 0.389834
0.502278 -0.657467 0.561653
0.502278 -0.657467 0.561653
0.730798 -0.518964 0.443409
0.621796 -0.483557 0.616070
-0.391551 -0.824594 0.408329
-0.713389 -0.683264 0.155648
-0.568202 -0.813530 0.123758
-0.231220 -0.061570 -0.970951
-0.649189 -0.212454 -0.730354
-0.482150 -0.079004 -0.872520
0.373855 -0.829447 0.415031
0.620308 -0.759601 0.195512
0.236370 -0.940977 0.242265
0.181946 -0.982598 0.037383
0.181946 -0.982598 0.037383
0.368079 -0.929122 0.035349
0.000016 0.747674 -0.664065
0.000015 0.618780 -0.785565
0.000016 0.707106 -0.707108
0.000015 0.618780 -0.785565
0.000016 0.747674 -0.664065
0.000016 0.707106 -0.707108
-0.000015 -0.618780 0.785565
-0.000016 -0.747674 0.664065
-0.000016 -0.707106 0.707108
-0.000016 -0.747674 0.664065
-0.000015 -0.618780 0.785565
-0.000016 -0.707106 0.707108
-0.508015 0.799788 0.319780
-0.389108 0.861942 0.325041
-0.508016 0.805947 0.303924
-0.135555 0.919959 0.367833
-0.508015 0.793326 0.335493
-0.508014 0.779492 0.366488
0.000015 0.663217 -0.748427
0.000015 0.663217 -0.748427
0.000013 0.462712 -0.886509
1.000000 -0.000017 0.000006
1.000000 -0.000017 0.000006
1.000000 -0.000017 0.000006
-0.000006 -0.618781 -0.785563
-0.000009 -0.747676 -0.664064
-0.000008 -0.707108 -0.707106
-0.000009 -0.747676 -0.664064
-0.000006 -0.618781 -0.785563
-0.000008 -0.707108 -0.707106
0.000006 0.618781 0.785563
0.000009 0.747676 0.664064
0.000008 0.707108 0.707106
0.000009 0.747676 0.664064
0.000006 0.618781 0.785563
0.000008 0.707108 0.707106
-0.932539 0.000015 -0.361068
-0.946437 0.000016 -0.322890
-0.992765 0.000017 -0.120074
-0.000017 -1.000000 0.000001
-0.000017 -1.000000 0.000001
-0.000017 -1.000000 0.000001
-0.000006 -0.618781 -0.785563
-0.000009 -0.747676 -0.664064
-0.000008 -0.707108 -0.707106
-0.000009 -0.747676 -0.664064
-0.000006 -0.618781 -0.785563
-0.000008 -0.707108 -0.707106
0.000009 0.747676 0.664064
0.000006 0.618781 0.785563
0.000008 0.707108 0.707106
0.000006 0.618781 0.785563
0.000009 0.747676 0.664064
0.000008 0.707108 0.707106
0.000011 0.852629 0.522516
0.000011 0.836996 0.547209
0.000014 0.929789 0.368094
1.000000 -0.000017 0.000006
1.000000 -0.000017 0.000006
1.000000 -0.000017 0.000006
0.926523 -0.168320 0.336487
0.941003 -0.089204 0.326429
1.000000 -0.000017 0.000005
0.926523 -0.168320 0.336487
0.970770 -0.153519 0.184492
0.970809 -0.191837 0.143972
0.683914 -0.695153 0.221412
0.926224 -0.367893 0.082246
0.683912 -0.630428 0.367185
-0.000017 -0.874114 0.485721
0.134668 -0.914235 0.382152
0.134573 -0.856254 0.498717
-0.837914 0.450245 0.308512
-0.620252 0.572327 0.536404
-0.702582 0.587015 0.402234
-0.684183 0.617833 0.387524
-0.839338 0.448437 0.307272
-0.711589 0.579585 0.397142
0.368079 -0.929122 0.035349
0.193199 -0.980450 0.037301
0.382668 -0.923218 0.035125
0.783856 -0.601339 0.154794
0.970800 -0.232317 0.059805
0.922904 -0.384752 0.014642
-0.181980 -0.982591 0.037381
-0.181980 -0.982591 0.037381
-0.368111 -0.929110 0.035345
-0.000017 -0.999277 0.038016
-0.000018 -0.981144 0.193281
-0.000017 -0.999277 0.038016
-0.135560 0.859873 0.492181
-0.508020 0.729685 0.457686
-0.366637 0.767471 0.525895
-0.135560 0.859873 0.492181
-0.135555 0.919959 0.367833
-0.508015 0.764152 0.397483
-0.000018 -0.978015 0.208536
-0.000018 -0.983305 0.181964
-0.000018 -0.929788 0.368096
-1.000000 0.000017 -0.000006
-1.000000 0.000017 -0.000006
-1.000000 0.000017 -0.000006
-0.000002 0.181964 0.983305
-0.000002 0.181964 0.983305
-0.000006 0.000001 1.000000
1.000000 -0.000017 0.000006
1.000000 -0.000017 0.000006
1.000000 -0.000017 0.000006
-0.621013 -0.595696 0.509402
-0.234382 -0.738872 0.631770
-0.373307 -0.572644 0.729877
-0.621013 -0.595696 0.509402
-0.234759 -0.849459 0.472555
-0.234382 -0.738872 0.631770
-0.860174 0.255746 0.441243
-0.860389 0.113587 0.496819
-0.620577 0.393307 0.678376
-0.860389 0.113587 0.496819
-0.860174 0.255746 0.441243
-0.990812 -0.029183 0.132064
1.000000 -0.000017 0.000006
1.000000 -0.000017 0.000006
1.000000 -0.000017 0.000006
0.000015 0.663217 -0.748427
0.000015 0.663217 -0.748427
0.000013 0.462712 -0.886509
-0.000011 -0.836996 -0.547209
-0.000011 -0.852629 -0.522516
-0.000014 -0.929789 -0.368094
-1.000000 0.000017 -0.000006
-1.000000 0.000017 -0.000006
-1.000000 0.000017 -0.000006
-0.000008 -0.707108 -0.707106
-0.000009 -0.747676 -0.664064
-0.000011 -0.836996 -0.547209
0.970580 0.142373 0.194176
1.000000 -0.000017 0.000005
0.979873 0.164664 0.112851
0.620621 -0.627178 0.470614
0.236056 -0.777245 0.583239
0.236020 -0.577867 0.781258
0.373855 -0.829447 0.415031
0.236370 -0.940977 0.242265
-0.000017 -0.877677 0.479253
-0.373198 0.068903 0.925190
0.004511 0.029064 0.999567
0.004107 0.184597 0.982806
-0.373287 0.206864 0.904359
0.004107 0.184597 0.982806
0.003458 0.339865 0.940468
-1.000000 0.000017 -0.000006
-1.000000 0.000017 -0.000006
-1.000000 0.000017 -0.000006
-0.971132 0.213135 0.107130
-0.971132 0.208125 0.116559
-0.971131 0.217708 0.097506
-0.181980 -0.983302 0.000000
-0.000017 -1.000000 0.000001
-0.096382 -0.995345 0.000001
-0.500015 -0.707098 0.499998
-0.538089 -0.836986 0.099570
-0.657473 -0.707095 0.260279
0.135566 0.937462 0.320603
0.507982 0.801389 0.315800
0.507986 0.815020 0.278734
0.135566 0.937462 0.320603
0.507990 0.826983 0.240925
0.351345 0.890846 0.288011
1.000000 -0.000017 0.000005
1.000000 -0.000017 0.000005
1.000000 -0.000017 0.000005
0.000011 0.852629 0.522516
0.000014 0.929789 0.368094
0.000011 0.836996 0.547209
-0.000018 -0.907283 0.420521
-0.000018 -0.929788 0.368096
-0.000017 -0.836995 0.547211
1.000000 -0.000017 0.000006
1.000000 -0.000017 0.000006
1.000000 -0.000017 0.000006
-0.000017 -1.000000 0.000001
-0.000017 -1.000000 0.000001
-0.000017 -1.000000 0.000001
-0.508805 -0.836987 0.201423
-0.591859 -0.707097 0.386933
-0.260298 -0.707102 0.657459
-0.000014 -0.559853 0.828592
0.134467 -0.690634 0.710594
0.134372 -0.588515 0.797242
0.387600 -0.547479 0.741642
0.387697 -0.642456 0.661015
0.683839 -0.352424 0.638875
-1.000000 0.000017 -0.000006
-1.000000 0.000017 -0.000006
-1.000000 0.000017 -0.000006
-1.000000 0.000017 -0.000006
-1.000000 0.000017 -0.000006
-1.000000 0.000017 -0.000006
-0.506249 0.509946 0.695462
-0.134715 0.489869 0.861325
-0.134917 0.673348 0.726911
-0.264073 0.655450 0.707567
-0.134917 0.673348 0.726911
-0.194986 0.809080 0.554410
1.000000 -0.000017 0.000005
1.000000 -0.000017 0.000005
1.000000 -0.000017 0.000005
1.000000 -0.000017 0.000005
1.000000 -0.000017 0.000005
1.000000 -0.000017 0.000005
1.000000 -0.000017 0.000006
1.000000 -0.000017 0.000006
1.000000 -0.000017 0.000006
0.000002 -0.181964 -0.983305
-0.000001 -0.368096 -0.929788
0.000002 -0.181964 -0.983305
-0.000016 -0.747674 0.664065
-0.000015 -0.618780 0.785565
-0.000016 -0.707106 0.707108
-0.000015 -0.618780 0.785565
-0.000016 -0.747674 0.664065
-0.000016 -0.707106 0.707108
0.000016 0.747674 -0.664065
0.000015 0.618780 -0.785565
0.000016 0.707106 -0.707108
0.000015 0.618780 -0.785565
0.000016 0.747674 -0.664065
0.000016 0.707106 -0.707108
1.000000 -0.000017 0.000005
1.000000 -0.000017 0.000005
1.000000 -0.000017 0.000005
0.971137 0.217675 0.097517
0.864671 0.438267 0.245492
0.971138 0.213103 0.107141
1.000000 -0.000017 0.000005
1.000000 -0.000017 0.000005
1.000000 -0.000017 0.000005
-0.000008 -0.181962 0.983306
-0.000011 -0.368094 0.929789
-0.000009 -0.208534 0.978015
-0.621131 -0.056336 0.781679
-0.234061 -0.069877 0.969708
-0.373198 0.068903 0.925190
-0.621131 -0.056336 0.781679
-0.621266 -0.169135 0.765129
-0.234061 -0.069877 0.969708
0.368109 0.900664 0.230871
0.547222 0.811907 0.203360
0.547222 0.813560 0.196643
0.547222 0.809028 0.214526
0.707117 0.682466 0.185000
0.707117 0.684950 0.175580
-1.000000 0.000017 -0.000006
-1.000000 0.000017 -0.000006
-1.000000 0.000017 -0.000006
0.000011 0.852629 0.522516
0.000014 0.929789 0.368094
0.000011 0.836996 0.547209
0.621967 -0.258579 0.739117
0.622070 -0.347573 0.701585
0.861108 -0.167902 0.479897
-0.004869 -0.422895 0.906166
0.373692 -0.306291 0.875523
-0.004774 -0.123696 0.992309
-0.707119 -0.706584 0.026878
-0.557172 -0.829797 0.031566
-0.707119 -0.706584 0.026878
-0.387391 -0.850598 0.355543
-0.684040 -0.711866 0.159175
-0.556027 -0.830564 0.031595
-0.091470 -0.843057 0.529988
-0.117434 -0.972561 0.200835
-0.000017 -0.880007 0.474961
-0.264377 -0.431415 0.862546
-0.704567 -0.200561 0.680706
-0.307683 -0.281466 0.908905
0.505861 -0.841826 0.188237
0.134865 -0.966985 0.216222
0.380987 -0.923912 0.035151
-0.000018 -0.981144 0.193281
-0.000017 -0.999277 0.038016
0.134865 -0.966985 0.216222
0.983308 0.175609 0.047611
1.000000 -0.000017 0.000006
1.000000 -0.000017 0.000006
0.837004 0.528136 0.143167
0.837004 0.525698 0.151878
0.929794 0.353618 0.102167
-0.970571 0.119078 0.209315
-0.970546 0.069921 0.230546
-0.783749 0.307065 0.539860
-0.970571 0.119078 0.209315
-0.783749 0.307065 0.539860
-0.926321 0.256041 0.276354
-0.000017 -1.000000 0.000001
0.181947 -0.983308 0.000002
-0.000017 -1.000000 0.000001
0.181958 -0.000002 0.983306
0.181958 -0.000002 0.983306
0.475203 -0.138185 0.868957
0.000016 0.707106 -0.707108
0.000014 0.547209 -0.836996
0.000015 0.618780 -0.785565
1.000000 -0.000017 0.000006
1.000000 -0.000017 0.000006
1.000000 -0.000017 0.000006
1.000000 -0.000017 0.000005
1.000000 -0.000017 0.000005
1.000000 -0.000017 0.000005
1.000000 -0.000017 0.000005
1.000000 -0.000017 0.000005
1.000000 -0.000017 0.000005
-1.000000 0.000017 -0.000006
-1.000000 0.000017 -0.000006
-1.000000 0.000017 -0.000006
-0.000012 -0.420519 0.907284
-0.000014 -0.547209 0.836996
-0.000011 -0.368094 0.929789
-0.000017 -1.000000 0.000001
-0.000017 -1.000000 0.000001
-0.000017 -1.000000 0.000001
-0.720225 0.000011 -0.693741
-0.816241 0.000013 -0.577712
-0.657900 0.000010 -0.753105
1.000000 -0.000017 0.000005
1.000000 -0.000017 0.000005
1.000000 -0.000017 0.000005
0.922901 -0.384758 0.014642
0.970508 -0.229703 0.073149
0.926224 -0.367893 0.082246
0.000011 0.852629 0.522516
0.000011 0.836996 0.547209
0.000014 0.929789 0.368094
-1.000000 0.000017 -0.000006
-1.000000 0.000017 -0.000006
-1.000000 0.000017 -0.000006
-0.000014 -0.572514 0.819895
0.135110 -0.443224 0.886171
0.134929 -0.633745 0.761683
0.683987 -0.326324 0.652437
0.683833 -0.433794 0.586682
0.388079 -0.412275 0.824272
-0.000011 -0.852629 -0.522516
-0.000011 -0.836996 -0.547209
-0.000014 -0.929789 -0.368094
1.000000 -0.000017 0.000006
1.000000 -0.000017 0.000006
1.000000 -0.000017 0.000006
0.000005 0.580913 0.813966
0.000002 0.422949 0.906154
0.000003 0.479775 0.877392
-0.002518 0.481920 0.876212
0.373309 0.465577 0.802420
-0.001416 0.609980 0.792415
-0.836988 0.526963 0.147519
-0.929783 0.354481 0.099230
-0.929783 0.353649 0.102157
-0.983303 0.176156 0.045662
-1.000000 0.000017 -0.000006
-1.000000 0.000017 -0.000006
0.554714 0.696413 -0.455304
0.554712 0.455296 -0.696420
0.554713 0.588339 -0.588346
1.000000 -0.000017 0.000005
1.000000 -0.000017 0.000005
1.000000 -0.000017 0.000005
0.235288 -0.928560 0.287082
0.620943 -0.772805 0.131158
0.621235 -0.748641 0.231525
0.860924 -0.501552 0.085185
0.837910 -0.545413 0.020754
0.930351 -0.366404 0.013944
-0.373788 -0.898220 0.231266
-0.373887 -0.829434 0.415027
0.001525 -0.878024 0.478613
-0.236089 -0.777237 0.583236
-0.620647 -0.627157 0.470607
-0.729345 -0.406752 0.550098
-0.000017 -1.000000 0.000001
-0.000017 -1.000000 0.000001
-0.000017 -1.000000 0.000001
-0.953755 0.000016 -0.300584
-0.992765 0.000017 -0.120074
-0.932539 0.000015 -0.361068
-0.004521 0.029064 0.999567
0.373519 0.069360 0.925026
-0.004112 0.184597 0.982806
-0.000002 0.186762 0.982405
-0.000004 0.068779 0.997632
-0.000001 0.249328 0.968419
-0.373307 -0.572644 0.729877
0.003449 -0.786613 0.617437
0.004592 -0.562493 0.826790
-0.621557 -0.347740 0.701958
-0.373307 -0.572644 0.729877
-0.234260 -0.431564 0.871134
-0.783775 -0.277803 0.555448
-0.683859 -0.466648 0.560870
-0.864132 -0.321885 0.386867
-0.264377 -0.431415 0.862546
-0.307683 -0.281466 0.908905
-0.135135 -0.443219 0.886169
-0.387391 -0.850598 0.355543
-0.783489 -0.573337 0.239645
-0.684040 -0.711866 0.159175
-0.683937 -0.630405 0.367177
-0.387496 -0.796605 0.463969
-0.387665 -0.727501 0.566091
0.964032 -0.118884 0.237717
1.000000 -0.000017 0.000006
0.964004 -0.170063 0.204387
0.501461 -0.387111 0.773745
0.729371 -0.437583 0.525869
0.501460 -0.473511 0.724103
0.508038 0.799771 0.319786
0.508039 0.805930 0.303930
0.389132 0.848430 0.358808
0.684197 0.682386 0.257342
0.684194 0.677173 0.270768
0.839352 0.522231 0.150877
-0.000013 -0.472091 0.881550
-0.000014 -0.547209 0.836996
-0.000011 -0.368094 0.929789
0.000013 0.472091 -0.881550
0.000011 0.368094 -0.929789
0.000014 0.547209 -0.836996
0.929782 -0.367844 0.013999
0.836986 -0.546828 0.020808
0.929782 -0.367844 0.013999
0.836986 -0.546828 0.020808
0.929782 -0.367844 0.013999
0.836986 -0.546828 0.020808
-0.387618 -0.335979 0.858412
-0.000012 -0.424201 0.905568
-0.134389 -0.235688 0.962492
-0.683858 -0.352401 0.638867
-0.387618 -0.335979 0.858412
-0.387780 -0.219231 0.895301
-0.000015 -0.978015 -0.208534
-0.000014 -0.929789 -0.368094
-0.000015 -0.983306 -0.181962
-1.000000 0.000017 -0.000006
-1.000000 0.000017 -0.000006
-1.000000 0.000017 -0.000006
-0.860118 0.317136 0.399527
-0.620318 0.487727 0.614271
-0.860163 0.372027 0.348878
-0.372894 0.577036 0.726622
0.001428 0.609980 0.792415
0.000449 0.724602 0.689167
0.953759 -0.000016 -0.300573
0.993117 -0.000017 -0.117131
0.946440 -0.000016 -0.322879
0.953759 -0.000016 -0.300573
0.992766 -0.000017 -0.120063
0.993117 -0.000017 -0.117131
0.983304 -0.000016 0.181968
0.953323 -0.000016 0.301951
1.000000 -0.000017 0.000006
0.837004 0.530799 0.132955
0.929794 0.357050 0.089438
0.929794 0.357777 0.086484
0.000006 -0.000001 -1.000000
-0.181958 0.000002 -0.983306
0.000006 -0.000001 -1.000000
-0.000017 -1.000000 0.000001
-0.000015 -0.983306 -0.181962
-0.000017 -1.000000 0.000001
0.000013 0.462712 -0.886509
0.000013 0.462712 -0.886509
0.000015 0.663217 -0.748427
-1.000000 0.000017 -0.000006
-1.000000 0.000017 -0.000006
-1.000000 0.000017 -0.000006
-1.000000 0.000017 -0.000006
-1.000000 0.000017 -0.000006
-1.000000 0.000017 -0.000006
-1.000000 0.000017 -0.000006
-1.000000 0.000017 -0.000006
-1.000000 0.000017 -0.000006
0.000011 0.368094 -0.929789
0.000013 0.472091 -0.881550
0.000014 0.547209 -0.836996
-0.000013 -0.472091 0.881550
-0.000011 -0.368094 0.929789
-0.000014 -0.547209 0.836996
-0.971146 0.215824 0.101462
-0.971147 0.206981 0.118459
-0.684173 0.647023 0.336554
-0.990812 -0.029183 0.132064
-1.000000 0.000017 -0.000005
-1.000000 0.000017 -0.000005
-0.929795 -0.367813 0.013989
-0.837005 -0.546800 0.020798
-0.929795 -0.367813 0.013989
-0.837005 -0.546800 0.020798
-0.929795 -0.367813 0.013989
-0.837005 -0.546800 0.020798
1.000000 -0.000017 0.000005
1.000000 -0.000017 0.000005
1.000000 -0.000017 0.000005
1.000000 -0.000017 0.000005
1.000000 -0.000017 0.000005
1.000000 -0.000017 0.000005
-0.188374 -0.981388 0.037335
-0.235274 -0.958163 0.163003
-0.370975 -0.927972 0.035302
-0.837929 -0.545385 0.020745
-0.860274 -0.502595 0.085595
-0.930364 -0.366373 0.013934
-0.000017 -1.000000 0.000001
-0.000017 -1.000000 0.000001
-0.000017 -1.000000 0.000001
-0.912496 0.000016 0.409086
-0.937316 0.000016 0.348480
-0.983504 0.000017 0.180884
-1.000000 0.000017 -0.000006
-1.000000 0.000017 -0.000006
-1.000000 0.000017 -0.000006
0.000015 0.618780 -0.785565
0.000014 0.547209 -0.836996
0.000016 0.707106 -0.707108
-0.783835 -0.496648 0.372752
-0.388298 -0.824109 0.412394
-0.783887 -0.555261 0.277861
-0.970821 -0.214450 0.107318
-1.000000 0.000017 -0.000006
-1.000000 0.000017 -0.000006
-0.783878 -0.601312 0.154786
-0.388214 -0.892475 0.229736
-0.381011 -0.923902 0.035147
-0.000017 -0.999277 0.038016
-0.000017 -0.999277 0.038016
-0.135186 -0.959541 0.246995
-0.621266 -0.169135 0.765129
-0.234080 -0.209844 0.949301
-0.234061 -0.069877 0.969708
-0.621557 -0.347740 0.701958
-0.234260 -0.431564 0.871134
-0.234174 -0.321347 0.917550
-0.302981 0.509127 0.805600
-0.516427 0.479539 0.709468
-0.369772 0.610729 0.700199
-0.628083 0.143365 0.764826
-0.707111 0.000013 0.707103
-0.850470 0.000015 0.526024
-0.000017 -1.000000 0.000001
-0.000017 -1.000000 0.000001
-0.000017 -1.000000 0.000001
0.403521 -0.000008 -0.914970
0.245662 -0.000005 -0.969356
0.469727 -0.000009 -0.882812
0.000018 0.983305 -0.181964
0.000018 0.929788 -0.368096
0.000018 0.978015 -0.208536
-0.000018 -0.978015 0.208536
-0.000018 -0.929788 0.368096
-0.000018 -0.983305 0.181964
-1.000000 0.000017 -0.000006
-1.000000 0.000017 -0.000006
-1.000000 0.000017 -0.000006
-1.000000 0.000017 -0.000006
-0.983306 0.015791 0.181273
-1.000000 0.000017 -0.000006
-0.135560 0.859873 0.492181
-0.508015 0.764152 0.397483
-0.508017 0.747552 0.427884
-0.971147 0.206981 0.118459
-0.684178 0.632965 0.362293
-0.684173 0.647023 0.336554
0.621685 0.058534 0.781077
0.621653 -0.055862 0.781298
0.860988 0.037975 0.507205
0.621653 -0.055862 0.781298
0.621784 -0.168540 0.764839
0.860988 0.037975 0.507205
-0.000017 -0.999277 0.038016
-0.000016 -0.989506 -0.144490
-0.000017 -0.999277 0.038016
-0.308107 -0.589623 -0.746603
-0.496827 -0.465151 -0.732665
-0.317576 -0.400946 -0.859295
-0.000004 0.086689 0.996235
0.181959 0.085239 0.979605
-0.000004 0.086689 0.996235
0.707119 0.580097 -0.404315
0.707119 0.580097 -0.404315
0.837005 0.448916 -0.312886
-0.135535 0.875042 0.464684
-0.507961 0.760766 0.403993
-0.507963 0.751525 0.420931
-0.684166 0.651627 0.327565
-0.971132 0.208125 0.116559
-0.926961 0.327318 0.183322
-0.000014 -0.547209 0.836996
-0.000015 -0.618780 0.785565
-0.000012 -0.420519 0.907284
-0.000012 -0.420519 0.907284
-0.000015 -0.618780 0.785565
-0.000014 -0.547209 0.836996
0.263895 0.279848 0.923062
0.000002 0.422949 0.906154
-0.000001 0.249328 0.968419
0.263895 0.279848 0.923062
0.134722 0.489865 0.861326
0.000002 0.422949 0.906154
-0.000017 -1.000000 0.000001
-0.000017 -1.000000 0.000001
-0.000017 -1.000000 0.000001
-0.946437 0.000016 -0.322890
-0.932539 0.000015 -0.361068
-0.834217 0.000013 -0.551436
-0.000017 -0.787751 0.615994
0.134526 -0.782042 0.608534
0.134467 -0.690634 0.710594
0.387464 -0.796618 0.463973
0.684068 -0.508381 0.523067
0.387634 -0.727514 0.566095
0.387535 -0.445267 0.807189
0.387600 -0.547479 0.741642
0.683839 -0.352424 0.638875
0.263846 -0.351568 0.898212
0.683896 -0.265924 0.679390
0.684211 -0.074830 0.725435
0.234920 -0.849756 0.471940
0.235131 -0.893853 0.381759
0.730785 -0.560342 0.389834
-0.000018 -0.939065 0.343740
-0.000017 -0.874114 0.485721
-0.387496 -0.796605 0.463969
0.684084 0.053388 0.727447
0.684211 -0.074830 0.725435
0.970571 0.017618 0.240171
0.263974 0.070613 0.961942
0.387883 -0.094565 0.916845
0.506203 0.063129 0.860101
-0.683937 -0.630405 0.367177
-0.387665 -0.727501 0.566091
-0.387726 -0.642443 0.661011
-0.134559 -0.782037 0.608533
-0.000017 -0.787751 0.615994
-0.134498 -0.690629 0.710592
-0.993115 0.000017 -0.117142
-0.953755 0.000016 -0.300584
-0.946437 0.000016 -0.322890
-0.953755 0.000016 -0.300584
-0.993115 0.000017 -0.117142
-0.992765 0.000017 -0.120074
0.983302 -0.181980 0.000006
1.000000 -0.000017 0.000006
1.000000 -0.000017 0.000006
0.823012 -0.547223 0.152307
0.707095 -0.707119 0.000005
0.695289 -0.707118 0.128672
-0.783617 0.045499 0.619576
-0.387755 0.067492 0.919288
-0.506035 0.250250 0.825411
-0.783617 0.045499 0.619576
-0.684221 -0.074807 0.725428
-0.387755 0.067492 0.919288
-1.000000 0.000017 -0.000006
-1.000000 0.000017 -0.000006
-1.000000 0.000017 -0.000006
0.000013 0.462712 -0.886509
0.000013 0.462712 -0.886509
0.000015 0.663217 -0.748427
-0.000018 -0.983305 0.181964
-0.000018 -0.978015 0.208536
-0.000017 -1.000000 0.000001
-0.000017 -1.000000 0.000001
-0.000018 -0.978015 0.208536
-0.000018 -0.983305 0.181964
0.928656 0.305988 0.209691
0.971153 0.206948 0.118470
0.839349 0.448409 0.307282
0.860839 0.371185 0.348105
0.930362 0.302441 0.207260
0.837926 0.450217 0.308521
-0.683953 -0.433260 0.586937
-0.684091 -0.508358 0.523060
-0.387627 -0.547466 0.741638
-0.683953 -0.433260 0.586937
-0.387627 -0.547466 0.741638
-0.387558 -0.445254 0.807185
0.096348 -0.995348 0.000002
-0.000017 -1.000000 0.000001
-0.000017 -1.000000 0.000001
-0.780936 0.000012 -0.624611
-0.816241 0.000013 -0.577712
-0.657900 0.000010 -0.753105
0.000008 0.726771 0.686879
0.000011 0.824912 0.565262
0.000008 0.716296 0.697797
0.188368 0.810143 0.555145
0.373300 0.677066 0.634215
0.370969 0.766047 0.524932
-0.000017 -1.000000 0.000001
-0.000017 -1.000000 0.000001
-0.000017 -1.000000 0.000001
0.720233 -0.000013 -0.693733
0.834224 -0.000015 -0.551427
0.675859 -0.000012 -0.737031
-0.506035 0.250250 0.825411
-0.387755 0.067492 0.919288
-0.134485 0.287497 0.948293
-0.506035 0.250250 0.825411
-0.134485 0.287497 0.948293
-0.134715 0.489869 0.861325
0.135053 -0.886089 0.443404
-0.000017 -0.793965 0.607963
0.134980 -0.792480 0.594774
0.783814 -0.496674 0.372760
0.783865 -0.555287 0.277869
0.388248 -0.737060 0.553179
0.000018 0.983305 -0.181964
0.000018 0.929788 -0.368096
0.000018 0.978015 -0.208536
-1.000000 0.000017 -0.000006
-1.000000 0.000017 -0.000006
-1.000000 0.000017 -0.000006
-0.000015 -0.983306 -0.181962
-0.000015 -0.978015 -0.208534
-0.000017 -1.000000 0.000001
-0.000017 -1.000000 0.000001
-0.000015 -0.978015 -0.208534
-0.000015 -0.983306 -0.181962
0.621116 0.393248 0.677917
0.621488 0.289128 0.728119
0.860792 0.316474 0.398600
0.373500 0.342419 0.862118
0.373309 0.465577 0.802420
-0.002518 0.481920 0.876212
-0.964078 -0.201851 0.172655
-0.860402 -0.314527 0.400976
-0.964118 -0.231963 0.129111
-0.860402 -0.314527 0.400976
-0.860310 -0.387397 0.331345
-0.621287 -0.483656 0.616506
-0.983303 0.176156 0.045662
-0.929783 0.357808 0.086473
-0.949385 0.174030 0.261501
-0.610722 0.369791 0.700196
-0.218339 0.414482 0.883478
-0.352684 0.090264 0.931379
-0.864675 0.470025 0.177240
-0.971147 0.221443 0.088530
-0.971146 0.215824 0.101462
-0.928646 0.356396 0.102950
-0.971147 0.223148 0.084140
-0.864675 0.470025 0.177240
0.684192 0.690061 0.236001
0.971138 0.225681 0.077191
0.847197 0.486811 0.212773
0.684192 0.690061 0.236001
0.684185 0.678525 0.267386
0.971138 0.225681 0.077191
0.621796 -0.483557 0.616070
0.861052 -0.313954 0.400029
0.861108 -0.167902 0.479897
0.621796 -0.483557 0.616070
0.730798 -0.518964 0.443409
0.861052 -0.313954 0.400029
-0.860402 -0.314527 0.400976
-0.860522 -0.226117 0.456478
-0.990812 -0.029183 0.132064
-0.860455 -0.168413 0.480890
-0.860285 -0.036659 0.508494
-0.990812 -0.029183 0.132064
0.264087 0.655441 0.707570
0.000008 0.716296 0.697797
0.000005 0.580913 0.813966
0.000008 0.716296 0.697797
0.000008 0.726771 0.686879
0.000006 0.610760 0.791816
0.646635 -0.415600 0.639641
0.290205 -0.643289 0.708492
0.686194 -0.579714 0.439397
0.388079 -0.412275 0.824272
0.307664 -0.281476 0.908908
0.704553 -0.200585 0.680714
-0.620335 -0.759580 0.195505
-0.543615 -0.838728 0.031906
-0.702601 -0.711070 0.027049
-0.373788 -0.898220 0.231266
0.001525 -0.878024 0.478613
-0.000017 -0.999277 0.038016
0.860960 -0.386720 0.330448
0.964278 -0.231548 0.128660
0.990853 -0.029056 0.131781
0.860983 -0.417513 0.290501
0.861060 -0.467593 0.199831
0.964278 -0.231548 0.128660
0.622100 -0.000010 0.782938
0.850464 -0.000014 0.526033
0.707103 -0.000011 0.707111
0.631870 0.345312 0.693902
0.414484 0.218337 0.883477
0.516435 0.479522 0.709474
0.000018 0.978015 -0.208536
0.000018 0.929788 -0.368096
0.000018 0.983305 -0.181964
-0.000018 -0.983305 0.181964
-0.000018 -0.929788 0.368096
-0.000018 -0.978015 0.208536
-0.970808 -0.232284 0.059795
-0.783878 -0.601312 0.154786
-0.833007 -0.552862 0.021029
-0.970808 -0.232284 0.059795
-0.970821 -0.214450 0.107318
-0.783878 -0.601312 0.154786
-0.000018 -0.929788 0.368096
-0.000018 -0.983305 0.181964
-0.000018 -0.978015 0.208536
0.000018 0.929788 -0.368096
0.000018 0.978015 -0.208536
0.000018 0.983305 -0.181964
-0.970597 -0.024678 0.239443
-0.970577 -0.057258 0.233884
-0.684221 -0.074807 0.725428
-1.000000 0.000017 -0.000006
-1.000000 0.000017 -0.000006
-1.000000 0.000017 -0.000006
0.045212 -0.705766 0.707001
-0.000016 -0.707106 0.707108
-0.000017 -0.836995 0.547211
-0.000006 0.000001 1.000000
-0.000006 0.000001 1.000000
-0.000006 0.000001 1.000000
0.299422 -0.837000 0.458015
0.591831 -0.707116 0.386940
0.457997 -0.837003 0.299442
0.707095 -0.707119 0.000005
0.695289 -0.707118 0.128672
0.823012 -0.547223 0.152307
-0.860509 -0.493368 0.126934
-1.000000 0.000017 -0.000005
-0.990755 -0.108510 0.081428
-0.990755 -0.108510 0.081428
-1.000000 0.000017 -0.000005
-0.860576 -0.455517 0.227845
0.864671 0.438267 0.245492
0.971138 0.208093 0.116570
0.971138 0.213103 0.107141
0.971138 0.202671 0.125758
0.971138 0.208093 0.116570
0.864671 0.438267 0.245492
0.135151 -0.959545 0.246996
0.506835 -0.834830 0.214891
0.555994 -0.830585 0.031601
0.135151 -0.959545 0.246996
0.135053 -0.886089 0.443404
0.506835 -0.834830 0.214891
-0.620954 0.289050 0.728606
-0.234477 0.358523 0.903594
-0.372975 0.465450 0.802649
-0.372975 0.465450 0.802649
0.002525 0.481920 0.876212
0.001428 0.609980 0.792415
-0.000771 0.620600 0.784127
-0.345315 0.631871 0.693900
-0.176713 0.739861 0.649137
0.000011 0.850468 0.526028
0.000006 0.622105 0.782934
0.000006 0.622105 0.782934
-0.983303 0.175510 0.048084
-0.983303 0.176156 0.045662
-1.000000 0.000017 -0.000006
-0.929783 0.355815 0.094338
-0.983303 0.176156 0.045662
-0.983303 0.175510 0.048084
-0.930364 -0.366373 0.013934
-0.860369 -0.486753 0.151118
-0.964118 -0.231963 0.129111
-0.860384 -0.445320 0.247851
-0.860412 -0.468431 0.200658
-0.730210 -0.560620 0.390512
0.000184 0.953063 0.302771
0.000015 0.974134 0.225972
0.000015 0.972011 0.234935
0.370948 0.902695 0.218037
0.351348 0.890845 0.288011
0.178322 0.948722 0.261013
-0.000006 -0.618781 -0.785563
-0.000005 -0.547211 -0.836995
-0.000008 -0.707108 -0.707106
0.000008 0.707108 0.707106
0.000005 0.547211 0.836995
0.000006 0.618781 0.785563
-0.000008 -0.707108 -0.707106
-0.000005 -0.547211 -0.836995
-0.000006 -0.618781 -0.785563
0.000006 0.618781 0.785563
0.000005 0.547211 0.836995
0.000008 0.707108 0.707106
-0.000016 -0.747674 0.664065
-0.000016 -0.707106 0.707108
-0.000017 -0.836995 0.547211
0.000016 0.707106 -0.707108
0.000016 0.747674 -0.664065
0.000017 0.836995 -0.547211
-0.000016 -0.747674 0.664065
-0.000017 -0.836995 0.547211
-0.000016 -0.707106 0.707108
0.000016 0.747674 -0.664065
0.000016 0.707106 -0.707108
0.000017 0.836995 -0.547211
0.469727 -0.000009 -0.882812
0.657909 -0.000012 -0.753098
0.522640 -0.000010 -0.852553
-0.000017 -1.000000 0.000001
-0.096382 -0.995345 0.000001
-0.000017 -1.000000 0.000001
0.000018 0.983305 -0.181964
0.000018 0.978015 -0.208536
0.000017 1.000000 -0.000001
0.000017 1.000000 -0.000001
0.000018 0.978015 -0.208536
0.000018 0.983305 -0.181964
-0.181980 -0.983302 0.000000
-0.000017 -1.000000 0.000001
-0.000017 -1.000000 0.000001
-0.591859 -0.707097 0.386933
-0.508805 -0.836987 0.201423
-0.538089 -0.836986 0.099570
-0.000016 -0.707106 0.707108
-0.000016 -0.747674 0.664065
-0.000017 -0.836995 0.547211
0.000016 0.747674 -0.664065
0.000016 0.707106 -0.707108
0.000017 0.836995 -0.547211
-0.000016 -0.747674 0.664065
-0.000016 -0.707106 0.707108
-0.000017 -0.836995 0.547211
0.000016 0.747674 -0.664065
0.000017 0.836995 -0.547211
0.000016 0.707106 -0.707108
-0.000013 -0.907284 -0.420519
-0.000011 -0.836996 -0.547209
-0.000014 -0.929789 -0.368094
0.000014 0.929789 0.368094
0.000011 0.836996 0.547209
0.000013 0.907284 0.420519
-0.000014 -0.929789 -0.368094
-0.000011 -0.836996 -0.547209
-0.000013 -0.907284 -0.420519
0.000013 0.907284 0.420519
0.000011 0.836996 0.547209
0.000014 0.929789 0.368094
0.000006 0.618781 0.785563
0.000008 0.707108 0.707106
0.000005 0.547211 0.836995
-0.000005 -0.547211 -0.836995
-0.000008 -0.707108 -0.707106
-0.000006 -0.618781 -0.785563
-0.000010 -0.785565 -0.618780
-0.000011 -0.836996 -0.547209
-0.000008 -0.707108 -0.707106
0.000008 0.707108 0.707106
0.000011 0.836996 0.547209
0.000010 0.785565 0.618780
0.448866 -0.668575 -0.592897
0.652575 -0.646252 -0.395606
0.205303 -0.857365 -0.471991
0.000002 -0.219209 -0.975678
0.000002 -0.219204 -0.975679
0.052125 -0.469016 -0.881650
0.684284 0.495538 0.534975
0.864069 0.248858 0.437555
0.864114 0.342025 0.369223
0.864069 0.248858 0.437555
0.970546 0.069889 0.230556
0.970572 0.119046 0.209326
1.000000 -0.000017 0.000005
1.000000 -0.000017 0.000005
1.000000 -0.000017 0.000005
1.000000 -0.000017 0.000005
0.926523 -0.168320 0.336487
1.000000 -0.000017 0.000005
0.373519 0.069360 0.925026
0.373612 0.207228 0.904141
-0.004112 0.184597 0.982806
0.621727 0.174935 0.763449
0.621685 0.058534 0.781077
0.860976 0.187657 0.472763
-0.000018 -0.929788 0.368096
-0.000018 -0.978015 0.208536
-0.000018 -0.983305 0.181964
0.000018 0.929788 -0.368096
0.000018 0.983305 -0.181964
0.000018 0.978015 -0.208536
-0.403511 0.000006 -0.914975
-0.208398 0.000002 -0.978044
-0.254348 0.000003 -0.967113
-0.208398 0.000002 -0.978044
-0.403511 0.000006 -0.914975
-0.245651 0.000003 -0.969358
0.265093 0.819337 0.508344
0.507981 0.769595 0.386884
0.135559 0.875038 0.464685
0.507981 0.769595 0.386884
0.507980 0.786105 0.352129
0.135559 0.875038 0.464685
0.000001 0.368096 0.929788
0.000005 0.547211 0.836995
0.000002 0.420521 0.907283
-0.000002 -0.420521 -0.907283
-0.000005 -0.547211 -0.836995
-0.000001 -0.368096 -0.929788
-0.000011 -0.836996 -0.547209
-0.000014 -0.929789 -0.368094
-0.000013 -0.907284 -0.420519
0.000013 0.907284 0.420519
0.000014 0.929789 0.368094
0.000011 0.836996 0.547209
-0.000006 0.000001 1.000000
0.181958 -0.000002 0.983306
-0.000006 0.000001 1.000000
-0.000017 -1.000000 0.000001
0.181947 -0.983308 0.000002
-0.000017 -1.000000 0.000001
-0.236003 -0.621643 0.746902
-0.729345 -0.406752 0.550098
-0.373615 -0.507768 0.776262
0.000511 -0.443102 0.896471
-0.373679 -0.415043 0.829520
-0.450990 -0.261041 0.853502
-0.000017 -0.836995 0.547211
-0.000017 -0.836995 0.547211
-0.000016 -0.707106 0.707108
-0.591858 -0.547199 0.591843
-0.152316 -0.547206 0.823022
-0.500015 -0.707098 0.499998
-0.000016 -0.707106 0.707108
-0.000017 -0.836995 0.547211
-0.000017 -0.785563 0.618781
1.000000 -0.000017 0.000005
1.000000 -0.000017 0.000005
1.000000 -0.000017 0.000005
0.683896 -0.265924 0.679390
0.970534 -0.116401 0.210987
0.970573 -0.057291 0.233895
1.000000 -0.000017 0.000005
1.000000 -0.000017 0.000005
1.000000 -0.000017 0.000005
-0.970517 -0.229671 0.073138
-1.000000 0.000017 -0.000006
-1.000000 0.000017 -0.000006
-0.970517 -0.229671 0.073138
-0.926192 -0.347892 0.145397
-0.970532 -0.208232 0.121273
-0.373287 0.206864 0.904359
-0.373198 0.068903 0.925190
0.004107 0.184597 0.982806
-0.860285 -0.036659 0.508494
-0.621159 0.058182 0.781522
-0.621196 0.174707 0.763932
-1.000000 0.000017 -0.000006
-0.983308 -0.181947 -0.000005
-1.000000 0.000017 -0.000006
-0.707119 -0.707095 -0.000003
-0.837005 -0.547196 -0.000004
-0.823032 -0.547196 0.152298
0.556017 0.685638 0.469835
0.711604 0.579561 0.397150
0.684199 0.619707 0.384494
0.556021 0.685636 0.469834
0.684284 0.495538 0.534975
0.711603 0.579562 0.397151
0.594920 -0.726296 0.344332
0.394893 -0.756065 0.521944
0.363372 -0.929222 0.067139
0.000005 -0.038016 -0.999277
0.000005 -0.038016 -0.999277
0.000005 -0.038016 -0.999277
0.134370 -0.235692 0.962494
-0.000007 -0.109576 0.993979
-0.000008 -0.124973 0.992160
0.134429 -0.101663 0.985695
-0.000007 -0.109576 0.993979
0.134370 -0.235692 0.962494
-0.263924 -0.941301 0.210469
-0.387391 -0.850598 0.355543
-0.381018 -0.923899 0.035147
-0.000017 -0.999277 0.038016
-0.000018 -0.981144 0.193281
-0.000018 -0.981152 0.193238
0.983306 -0.006934 -0.181826
1.000000 -0.000017 0.000006
1.000000 -0.000017 0.000006
0.929782 -0.368110 0.000006
0.983302 -0.181980 0.000006
0.929782 -0.368110 0.000006
-0.000006 0.000018 1.000000
0.088673 0.660549 0.745528
0.090259 0.352691 0.931377
0.351345 0.890846 0.288011
0.507990 0.826983 0.240925
0.515464 0.800462 0.305871
-0.780936 0.000012 -0.624611
-0.675851 0.000011 -0.737038
-0.834217 0.000013 -0.551436
-0.000017 -1.000000 0.000001
-0.000017 -1.000000 0.000001
-0.000017 -1.000000 0.000001
-0.000015 -0.978015 -0.208534
-0.000015 -0.983306 -0.181962
-0.000014 -0.929789 -0.368094
0.000014 0.929789 0.368094
0.000015 0.983306 0.181962
0.000015 0.978015 0.208534
-0.000004 0.086689 0.996235
0.181959 0.085239 0.979605
-0.000004 0.086689 0.996235
0.707119 0.580097 -0.404315
0.707119 0.580097 -0.404315
0.837005 0.448916 -0.312886
0.000003 0.472092 0.881549
0.000001 0.368096 0.929788
0.000005 0.547211 0.836995
-1.000000 0.000017 -0.000006
-1.000000 0.000017 -0.000006
-1.000000 0.000017 -0.000006
-0.181968 0.000004 0.983304
-0.368100 0.000007 0.929786
-0.218242 -0.062165 0.973913
-0.707119 -0.707095 -0.000003
-0.707012 -0.705754 0.045224
-0.889850 -0.406413 0.207352
-0.264288 -0.616856 0.741377
-0.264377 -0.431415 0.862546
-0.135135 -0.443219 0.886169
-0.000014 -0.572514 0.819895
-0.000016 -0.691469 0.722406
-0.135135 -0.443219 0.886169
-0.000015 -0.983306 -0.181962
-0.000017 -1.000000 0.000001
-0.000017 -1.000000 0.000001
-0.937316 0.000016 0.348480
-0.912496 0.000016 0.409086
-0.912496 0.000016 0.409086
-0.983305 -0.006901 -0.181837
-1.000000 0.000017 -0.000006
-1.000000 0.000017 -0.000006
-0.368110 -0.929782 -0.000001
-0.181980 -0.983302 0.000000
-0.368110 -0.929782 -0.000001
-0.554709 -0.696414 -0.455308
-0.554704 -0.455297 -0.696425
-0.554707 -0.588340 -0.588351
-1.000000 0.000017 -0.000006
-1.000000 0.000017 -0.000006
-1.000000 0.000017 -0.000006
0.964032 -0.118884 0.237717
0.882840 -0.126935 0.452196
0.942719 -0.087936 0.321789
0.729318 -0.306047 0.611907
0.450972 -0.261056 0.853507
0.695645 -0.203075 0.689086
0.000006 -0.000001 -1.000000
0.000002 -0.208536 -0.978015
0.000002 -0.181964 -0.983305
-0.000006 0.000001 1.000000
-0.000002 0.181964 0.983305
-0.000006 0.000001 1.000000
-0.894585 -0.095807 -0.436508
-0.922455 -0.041789 -0.383836
-0.791842 -0.098253 -0.602771
-0.547206 -0.031810 -0.836394
-0.707103 -0.026870 -0.706600
-0.707103 -0.026870 -0.706600
-0.707096 0.684488 0.177459
-0.707096 0.680938 0.190626
-0.547197 0.809047 0.214520
-0.547197 0.810216 0.210058
-0.547197 0.813578 0.196637
-0.707096 0.684488 0.177459
0.783865 -0.555287 0.277869
0.783814 -0.496674 0.372760
0.970813 -0.214483 0.107329
1.000000 -0.000017 0.000005
1.000000 -0.000017 0.000005
1.000000 -0.000017 0.000005
0.368079 -0.929795 0.000003
0.368079 -0.929795 0.000003
0.547196 -0.837005 0.000004
0.983306 -0.000017 -0.181958
0.983306 -0.000017 -0.181958
0.868955 -0.138193 -0.475206
0.620943 -0.772805 0.131158
0.235433 -0.958199 0.162559
0.370943 -0.927984 0.035306
0.368079 -0.929122 0.035349
0.368079 -0.929122 0.035349
0.181946 -0.982598 0.037383
-0.837005 -0.546800 0.020798
-0.707119 -0.706584 0.026878
-0.830416 -0.556741 0.021176
-0.707119 -0.706584 0.026878
-0.837005 -0.546800 0.020798
-0.830416 -0.556741 0.021176
0.134668 -0.914235 0.382152
-0.000017 -0.874114 0.485721
-0.000018 -0.939065 0.343740
-0.234759 -0.849459 0.472555
-0.621013 -0.595696 0.509402
-0.620970 -0.684951 0.381102
0.508038 0.747535 0.427889
0.508037 0.764135 0.397489
0.135583 0.859869 0.492182
0.135583 0.859869 0.492182
0.508039 0.729668 0.457691
0.508038 0.747535 0.427889
-0.134715 0.489869 0.861325
0.000002 0.422949 0.906154
0.000005 0.580913 0.813966
-0.134715 0.489869 0.861325
-0.134485 0.287497 0.948293
0.000002 0.422949 0.906154
-1.000000 0.000017 -0.000006
-1.000000 0.000017 -0.000006
-1.000000 0.000017 -0.000006
0.000017 0.836995 -0.547211
0.000016 0.707106 -0.707108
0.000017 0.785563 -0.618781
-0.000001 -0.368096 -0.929788
0.000002 -0.181964 -0.983305
0.000002 -0.208536 -0.978015
-0.000002 0.208536 0.978015
-0.000002 0.181964 0.983305
0.000001 0.368096 0.929788
0.000018 0.938803 -0.344454
0.000016 0.983733 0.179640
0.136533 0.978804 -0.152648
-0.707110 0.061310 0.704441
-0.707110 0.061310 0.704441
-0.836998 0.047451 0.545145
-0.000002 0.208536 0.978015
0.000001 0.368096 0.929788
-0.000002 0.181964 0.983305
0.000002 -0.181964 -0.983305
-0.000001 -0.368096 -0.929788
0.000002 -0.208536 -0.978015
-1.000000 0.000017 -0.000006
-0.983306 0.015791 0.181273
-1.000000 0.000017 -0.000006
-0.000004 0.086689 0.996235
-0.181967 0.085245 0.979603
-0.000004 0.086689 0.996235
-0.000017 -0.836995 0.547211
-0.000018 -0.929788 0.368096
-0.000018 -0.907283 0.420521
-1.000000 0.000017 -0.000006
-1.000000 0.000017 -0.000006
-1.000000 0.000017 -0.000006
0.000002 -0.208536 -0.978015
0.000002 -0.181964 -0.983305
-0.000001 -0.368096 -0.929788
0.000001 0.368096 0.929788
-0.000002 0.181964 0.983305
-0.000002 0.208536 0.978015
0.000010 0.785565 0.618780
0.000006 0.618781 0.785563
0.000008 0.707108 0.707106
0.000008 0.707108 0.707106
0.000006 0.618781 0.785563
0.000010 0.785565 0.618780
0.000013 0.472091 -0.881550
0.000011 0.368094 -0.929789
0.000014 0.547209 -0.836996
-0.000011 -0.368094 0.929789
-0.000013 -0.472091 0.881550
-0.000014 -0.547209 0.836996
-0.135014 -0.792475 0.594772
-0.000017 -0.877677 0.479253
-0.135088 -0.886085 0.443402
-0.388279 -0.737047 0.553174
-0.388298 -0.824109 0.412394
-0.783835 -0.496648 0.372752
-0.000016 -0.707106 0.707108
-0.000017 -0.785563 0.618781
-0.000015 -0.618780 0.785565
-0.000015 -0.618780 0.785565
-0.000017 -0.785563 0.618781
-0.000016 -0.707106 0.707108
0.620621 -0.627178 0.470614
0.373855 -0.829447 0.415031
0.236056 -0.777245 0.583239
0.620563 -0.701291 0.350845
0.620621 -0.627178 0.470614
0.860551 -0.407426 0.305706
-0.000018 -0.929788 0.368096
-0.000018 -0.929788 0.368096
-0.000018 -0.983305 0.181964
0.386921 -0.707113 0.591848
0.457999 -0.547217 0.700565
0.591833 -0.547219 0.591849
0.620860 0.487548 0.613864
0.621116 0.393248 0.677917
0.860792 0.316474 0.398600
0.860792 0.316474 0.398600
0.930362 0.302441 0.207260
0.860839 0.371185 0.348105
-0.547224 -0.836381 0.031817
-0.368111 -0.929110 0.035345
-0.547224 -0.836381 0.031817
-0.368111 -0.929110 0.035345
-0.547224 -0.836381 0.031817
-0.368111 -0.929110 0.035345
0.000016 0.707106 -0.707108
0.000015 0.618780 -0.785565
0.000017 0.785563 -0.618781
0.000017 0.785563 -0.618781
0.000015 0.618780 -0.785565
0.000016 0.707106 -0.707108
0.000016 0.707106 -0.707108
0.000015 0.618780 -0.785565
0.000017 0.785563 -0.618781
0.000017 0.785563 -0.618781
0.000015 0.618780 -0.785565
0.000016 0.707106 -0.707108
-0.000011 -0.836996 -0.547209
-0.000013 -0.907284 -0.420519
-0.000010 -0.785565 -0.618780
-0.000010 -0.785565 -0.618780
-0.000013 -0.907284 -0.420519
-0.000011 -0.836996 -0.547209
0.368079 -0.929122 0.035349
0.382668 -0.923218 0.035125
0.193199 -0.980450 0.037301
0.380987 -0.923912 0.035151
0.134865 -0.966985 0.216222
0.194979 -0.980098 0.037288
0.831783 -0.020919 -0.554707
0.939558 -0.067959 -0.335578
0.921577 -0.112055 -0.371673
0.929790 -0.014009 -0.367823
0.981157 -0.007362 -0.193071
0.923882 -0.014564 -0.382402
0.547196 -0.836400 0.031823
0.368079 -0.929122 0.035349
0.547196 -0.836400 0.031823
0.368079 -0.929122 0.035349
0.547196 -0.836400 0.031823
0.368079 -0.929122 0.035349
0.000013 0.472091 -0.881550
0.000014 0.547209 -0.836996
0.000011 0.368094 -0.929789
-0.000013 -0.472091 0.881550
-0.000011 -0.368094 0.929789
-0.000014 -0.547209 0.836996
0.683865 -0.673166 0.281383
0.683914 -0.695153 0.221412
0.683912 -0.630428 0.367185
0.134865 -0.966985 0.216222
0.505861 -0.841826 0.188237
0.505787 -0.795922 0.332696
0.621784 -0.168540 0.764839
0.621967 -0.258579 0.739117
0.861005 -0.109466 0.496676
0.373692 -0.306291 0.875523
0.373543 -0.199602 0.905884
-0.004774 -0.123696 0.992309
-0.000017 -0.785563 0.618781
-0.000018 -0.907283 0.420521
-0.000017 -0.836995 0.547211
-0.000017 -0.836995 0.547211
-0.000018 -0.907283 0.420521
-0.000017 -0.785563 0.618781
1.000000 -0.000017 0.000006
1.000000 -0.000017 0.000006
1.000000 -0.000017 0.000006
1.000000 -0.000017 0.000006
1.000000 -0.000017 0.000006
1.000000 -0.000017 0.000006
0.836993 0.047423 0.545154
0.707104 0.061286 0.704449
0.707104 0.061286 0.704449
1.000000 -0.000017 0.000006
1.000000 -0.000017 0.000006
1.000000 -0.000017 0.000006
-0.971132 0.208125 0.116559
-0.684163 0.665608 0.298139
-0.971131 0.217708 0.097506
-0.971131 0.217708 0.097506
-0.684163 0.665608 0.298139
-0.684165 0.678547 0.267379
1.000000 -0.000017 0.000005
1.000000 -0.000017 0.000005
1.000000 -0.000017 0.000005
0.922904 -0.384752 0.014642
0.970800 -0.232317 0.059805
0.979868 -0.199502 0.007594
0.620308 -0.759601 0.195512
0.837913 -0.545409 0.020754
0.702577 -0.711094 0.027056
0.620308 -0.759601 0.195512
0.543587 -0.838746 0.031912
0.236370 -0.940977 0.242265
-0.000001 -0.368096 -0.929788
-0.000002 -0.420521 -0.907283
0.000002 -0.208536 -0.978015
0.000002 -0.208536 -0.978015
-0.000002 -0.420521 -0.907283
-0.000001 -0.368096 -0.929788
-0.610722 0.369791 0.700196
-0.660542 0.088684 0.745533
-0.717417 0.213342 0.663173
-0.707111 0.000013 0.707103
-0.850470 0.000015 0.526024
-0.622109 0.000011 0.782931
-1.000000 0.000017 -0.000006
-1.000000 0.000017 -0.000006
-1.000000 0.000017 -0.000006
-1.000000 0.000017 -0.000006
-1.000000 0.000017 -0.000006
-1.000000 0.000017 -0.000006
-0.000017 -1.000000 0.000001
-0.000017 -1.000000 0.000001
-0.000017 -1.000000 0.000001
-0.000006 0.000001 1.000000
-0.000008 -0.181962 0.983306
-0.000006 0.000001 1.000000
0.000002 0.420521 0.907283
-0.000002 0.208536 0.978015
0.000001 0.368096 0.929788
0.000001 0.368096 0.929788
-0.000002 0.208536 0.978015
0.000002 0.420521 0.907283
0.000015 0.978015 0.208534
0.000013 0.907284 0.420519
0.000014 0.929789 0.368094
0.000014 0.929789 0.368094
0.000013 0.907284 0.420519
0.000015 0.978015 0.208534
1.000000 -0.000017 0.000005
1.000000 -0.000017 0.000005
1.000000 -0.000017 0.000005
0.000018 0.978015 -0.208536
0.000018 0.929788 -0.368096
0.000018 0.983305 -0.181964
0.683912 -0.630428 0.367185
0.970524 -0.208265 0.121284
0.970552 -0.190125 0.147924
1.000000 -0.000017 0.000005
1.000000 -0.000017 0.000005
1.000000 -0.000017 0.000005
0.000006 -0.000001 -1.000000
0.181968 -0.000004 -0.983304
0.000006 -0.000001 -1.000000
0.547196 -0.837005 0.000004
0.547196 -0.837005 0.000004
0.707095 -0.707119 0.000005
0.000011 0.368094 -0.929789
0.000009 0.208534 -0.978015
0.000012 0.420519 -0.907284
0.000012 0.420519 -0.907284
0.000009 0.208534 -0.978015
0.000011 0.368094 -0.929789
0.000018 0.929788 -0.368096
0.000018 0.907283 -0.420521
0.000018 0.978015 -0.208536
0.000018 0.978015 -0.208536
0.000018 0.907283 -0.420521
0.000018 0.929788 -0.368096
0.000018 0.929788 -0.368096
0.000018 0.907283 -0.420521
0.000018 0.978015 -0.208536
0.000018 0.978015 -0.208536
0.000018 0.907283 -0.420521
0.000018 0.929788 -0.368096
-0.404391 -0.911004 0.080866
-0.117434 -0.972561 0.200835
-0.391551 -0.824594 0.408329
-0.391551 -0.824594 0.408329
-0.117434 -0.972561 0.200835
-0.091470 -0.843057 0.529988
-0.000011 -0.368094 0.929789
-0.000012 -0.420519 0.907284
-0.000009 -0.208534 0.978015
-0.000009 -0.208534 0.978015
-0.000012 -0.420519 0.907284
-0.000011 -0.368094 0.929789
-0.368947 -0.559263 -0.742363
-0.448882 -0.668560 -0.592902
-0.682634 -0.454121 -0.572524
0.000005 -0.038016 -0.999277
0.000002 -0.219209 -0.975678
0.000005 -0.038016 -0.999277
1.000000 -0.000017 0.000006
1.000000 -0.000017 0.000006
1.000000 -0.000017 0.000006
1.000000 -0.000017 0.000006
1.000000 -0.000017 0.000006
1.000000 -0.000017 0.000006
-0.000018 -0.929788 0.368096
-0.000018 -0.978015 0.208536
-0.000018 -0.907283 0.420521
-0.000018 -0.907283 0.420521
-0.000018 -0.978015 0.208536
-0.000018 -0.929788 0.368096
-0.928648 0.306019 0.209681
-0.971147 0.206981 0.118459
-0.982099 0.155392 0.106464
-0.964056 0.165193 0.208105
-0.930354 0.302472 0.207250
-0.982948 0.151696 0.103932
-1.000000 0.000017 -0.000006
-0.983308 -0.181947 -0.000005
-1.000000 0.000017 -0.000006
-0.707119 -0.707095 -0.000003
-0.839877 -0.438019 -0.320540
-0.703327 -0.474250 -0.529545
-0.971131 0.221940 0.087445
-0.684172 0.690084 0.235993
-0.971132 0.225713 0.077180
-0.684172 0.690084 0.235993
-0.799333 0.517698 0.305049
-0.971132 0.225713 0.077180
1.000000 -0.000017 0.000005
1.000000 -0.000017 0.000005
1.000000 -0.000017 0.000005
1.000000 -0.000017 0.000005
1.000000 -0.000017 0.000005
1.000000 -0.000017 0.000005
0.861108 -0.167902 0.479897
0.861052 -0.313954 0.400029
0.990853 -0.029056 0.131781
0.860988 0.037975 0.507205
0.861005 -0.109466 0.496676
0.990853 -0.029056 0.131781
-0.000001 -0.368096 -0.929788
-0.000003 -0.472092 -0.881549
-0.000005 -0.547211 -0.836995
1.000000 -0.000017 0.000005
1.000000 -0.000017 0.000005
1.000000 -0.000017 0.000005
0.971137 0.217675 0.097517
0.684182 0.665585 0.298147
0.684185 0.651604 0.327572
0.684182 0.665585 0.298147
0.971137 0.217675 0.097517
0.971138 0.221907 0.087456
-0.547198 0.806015 0.225644
-0.547197 0.809047 0.214520
-0.707096 0.680938 0.190626
-0.368081 0.895369 0.250662
-0.547198 0.806015 0.225644
-0.547198 0.804122 0.232298
0.000011 0.368094 -0.929789
0.000009 0.208534 -0.978015
0.000012 0.420519 -0.907284
0.000012 0.420519 -0.907284
0.000009 0.208534 -0.978015
0.000011 0.368094 -0.929789
0.506170 0.586069 0.632704
0.506258 0.509929 0.695468
0.684284 0.495538 0.534975
0.506170 0.586069 0.632704
0.684284 0.495538 0.534975
0.556021 0.685636 0.469834
0.000017 0.820398 -0.571794
-0.181946 0.806704 -0.562249
0.000017 0.820398 -0.571794
-0.707110 0.061310 0.704441
-0.707110 0.061310 0.704441
-0.836998 0.047451 0.545145
0.507987 0.731932 0.454119
0.265093 0.819337 0.508344
0.381005 0.762688 0.522630
0.684199 0.619707 0.384494
0.864671 0.438267 0.245492
0.684195 0.628123 0.370593
-0.000017 -1.000000 0.000001
-0.000017 -1.000000 0.000001
-0.000017 -1.000000 0.000001
0.992766 -0.000017 -0.120063
0.992363 -0.000017 0.123353
0.993117 -0.000017 -0.117131
-0.370975 -0.927972 0.035302
-0.235274 -0.958163 0.163003
-0.620437 -0.773140 0.131576
-0.620437 -0.773140 0.131576
-0.235274 -0.958163 0.163003
-0.373259 -0.886082 0.274841
-0.000010 -0.785565 -0.618780
-0.000006 -0.618781 -0.785563
-0.000008 -0.707108 -0.707106
-0.000008 -0.707108 -0.707106
-0.000006 -0.618781 -0.785563
-0.000010 -0.785565 -0.618780
-0.000011 -0.368094 0.929789
-0.000012 -0.420519 0.907284
-0.000009 -0.208534 0.978015
-0.000009 -0.208534 0.978015
-0.000012 -0.420519 0.907284
-0.000011 -0.368094 0.929789
0.000006 -0.000001 -1.000000
0.245662 -0.000005 -0.969356
0.186434 -0.000004 -0.982468
-0.000017 -1.000000 0.000001
-0.000017 -1.000000 0.000001
-0.000017 -1.000000 0.000001
0.707095 -0.706607 0.026885
0.547196 -0.836400 0.031822
0.557144 -0.829816 0.031572
0.547196 -0.836400 0.031822
0.707095 -0.706607 0.026885
0.557144 -0.829816 0.031572
0.000017 1.000000 -0.000001
0.000015 0.983306 0.181962
0.000017 1.000000 -0.000001
-0.000017 -1.000000 0.000001
-0.000015 -0.983306 -0.181962
-0.000017 -1.000000 0.000001
0.000017 1.000000 -0.000001
0.000015 0.983306 0.181962
0.000017 1.000000 -0.000001
-0.000017 -1.000000 0.000001
-0.000015 -0.983306 -0.181962
-0.000017 -1.000000 0.000001
-0.000015 -0.978015 -0.208534
-0.000017 -1.000000 0.000001
-0.000015 -0.983306 -0.181962
-0.000015 -0.983306 -0.181962
-0.000017 -1.000000 0.000001
-0.000015 -0.978015 -0.208534
0.000018 0.978015 -0.208536
0.000017 1.000000 -0.000001
0.000018 0.983305 -0.181964
0.000018 0.983305 -0.181964
0.000017 1.000000 -0.000001
0.000018 0.978015 -0.208536
0.000010 0.785565 0.618780
0.000013 0.907284 0.420519
0.000011 0.836996 0.547209
0.000011 0.836996 0.547209
0.000013 0.907284 0.420519
0.000010 0.785565 0.618780
0.387697 -0.642456 0.661015
0.684068 -0.508381 0.523067
0.683839 -0.352424 0.638875
0.387697 -0.642456 0.661015
0.387634 -0.727514 0.566095
0.684068 -0.508381 0.523067
-1.000000 0.000017 -0.000006
-0.983306 0.000017 0.181958
-1.000000 0.000017 -0.000006
-0.000017 -1.000000 0.000001
-0.181980 -0.983302 0.000000
-0.000017 -1.000000 0.000001
0.000017 1.000000 -0.000001
0.000017 1.000000 -0.000001
0.000015 0.983306 0.181962
-0.000015 -0.983306 -0.181962
-0.000017 -1.000000 0.000001
-0.000017 -1.000000 0.000001
-0.127447 -0.972318 0.195845
-0.124619 -0.842106 0.524717
-0.394924 -0.756052 0.521940
0.000511 -0.443102 0.896471
-0.450990 -0.261041 0.853502
-0.162047 -0.293997 0.941970
-0.387391 -0.850598 0.355543
-0.263924 -0.941301 0.210469
-0.387496 -0.796605 0.463969
-0.387391 -0.850598 0.355543
-0.387496 -0.796605 0.463969
-0.783489 -0.573337 0.239645
-0.000018 -0.983305 0.181964
-0.000017 -1.000000 0.000001
-0.000018 -0.978015 0.208536
-0.000018 -0.978015 0.208536
-0.000017 -1.000000 0.000001
-0.000018 -0.983305 0.181964
0.373608 -0.572743 0.729645
0.373787 -0.411747 0.831112
-0.004620 -0.562492 0.826790
0.234545 -0.739131 0.631407
0.373608 -0.572743 0.729645
-0.000014 -0.559853 0.828592
0.000015 0.983306 0.181962
0.000017 1.000000 -0.000001
0.000015 0.978015 0.208534
0.000015 0.978015 0.208534
0.000017 1.000000 -0.000001
0.000015 0.983306 0.181962
0.836993 0.047423 0.545154
0.707104 0.061286 0.704449
0.707104 0.061286 0.704449
-0.000006 0.000001 1.000000
0.181958 -0.000002 0.983306
-0.000006 0.000001 1.000000
-1.000000 0.000017 -0.000006
-1.000000 0.000017 -0.000006
-1.000000 0.000017 -0.000006
-1.000000 0.000017 -0.000006
-1.000000 0.000017 -0.000006
-1.000000 0.000017 -0.000006
0.929794 0.355258 0.096307
0.837004 0.528136 0.143167
0.929794 0.353618 0.102167
0.929794 0.355784 0.094348
0.983308 0.175609 0.047611
0.983308 0.176494 0.044215
-0.000015 -0.983306 -0.181962
-0.000015 -0.978015 -0.208534
-0.000017 -1.000000 0.000001
-0.000017 -1.000000 0.000001
-0.000015 -0.978015 -0.208534
-0.000015 -0.983306 -0.181962
0.000015 0.983306 0.181962
0.000017 1.000000 -0.000001
0.000015 0.978015 0.208534
0.000015 0.978015 0.208534
0.000017 1.000000 -0.000001
0.000015 0.983306 0.181962
-0.000002 0.208536 0.978015
0.000002 0.420521 0.907283
0.000001 0.368096 0.929788
0.000001 0.368096 0.929788
0.000002 0.420521 0.907283
-0.000002 0.208536 0.978015
0.000009 0.234784 -0.972048
0.000009 0.234784 -0.972048
0.000006 -0.000001 -1.000000
1.000000 -0.000017 0.000006
0.983306 -0.000017 -0.181958
1.000000 -0.000017 0.000006
0.000017 1.000000 -0.000001
0.000018 0.983305 -0.181964
0.000017 1.000000 -0.000001
-0.000017 -1.000000 0.000001
-0.000018 -0.983305 0.181964
-0.000017 -1.000000 0.000001
-0.508017 0.811800 0.287924
-0.183856 0.944337 0.272809
-0.366634 0.893816 0.258212
0.000015 0.972011 0.234935
-0.181949 0.950463 0.252021
0.000015 0.960714 0.277542
0.942427 -0.088153 0.322583
0.785894 -0.374385 0.492145
0.905295 -0.277944 0.321231
0.733325 -0.370123 -0.570301
0.921539 -0.112370 -0.371671
0.773434 -0.504678 -0.383537
-0.000002 -0.420521 -0.907283
0.000002 -0.208536 -0.978015
-0.000001 -0.368096 -0.929788
-0.000001 -0.368096 -0.929788
0.000002 -0.208536 -0.978015
-0.000002 -0.420521 -0.907283
-0.000015 -0.978015 -0.208534
-0.000013 -0.907284 -0.420519
-0.000014 -0.929789 -0.368094
-0.000014 -0.929789 -0.368094
-0.000013 -0.907284 -0.420519
-0.000015 -0.978015 -0.208534
-0.003457 0.339865 0.940468
0.373500 0.342419 0.862118
-0.002518 0.481920 0.876212
0.000003 0.479775 0.877392
0.000002 0.422949 0.906154
0.000000 0.337241 0.941418
0.684191 0.647000 0.336561
0.684195 0.632942 0.362300
0.784152 0.561588 0.264053
0.508036 0.779475 0.366494
0.784152 0.561588 0.264053
0.684192 0.671702 0.284073
0.684185 0.678525 0.267386
0.971138 0.221907 0.087456
0.971138 0.225681 0.077191
0.684185 0.678525 0.267386
0.684182 0.665585 0.298147
0.971138 0.221907 0.087456
-0.971131 0.221940 0.087445
-0.684165 0.678547 0.267379
-0.684172 0.690084 0.235993
-0.971131 0.217708 0.097506
-0.684165 0.678547 0.267379
-0.971131 0.221940 0.087445
-0.783817 0.422019 0.455556
-0.506157 0.586086 0.632699
-0.556004 0.685654 0.469828
-0.783749 0.307065 0.539860
-0.684310 0.431188 0.588045
-0.783817 0.422019 0.455556
-0.620252 0.572327 0.536404
-0.235149 0.709369 0.664456
-0.370949 0.766060 0.524928
-0.620252 0.572327 0.536404
-0.372894 0.577036 0.726622
-0.235149 0.709369 0.664456
-0.860434 -0.227896 0.455760
-0.860388 -0.302976 0.409803
-1.000000 0.000232 -0.000453
-0.729335 -0.306023 0.611899
-0.373615 -0.507768 0.776262
-0.729345 -0.406752 0.550098
-0.970817 -0.191804 0.143961
-0.864132 -0.321885 0.386867
-0.783835 -0.496648 0.372752
-0.970817 -0.191804 0.143961
-0.783835 -0.496648 0.372752
-0.783887 -0.555261 0.277861
-0.621452 -0.258957 0.739418
-0.621557 -0.347740 0.701958
-0.234174 -0.321347 0.917550
-0.860522 -0.226117 0.456478
-0.621557 -0.347740 0.701958
-0.621452 -0.258957 0.739418
0.134722 0.489865 0.861326
0.263895 0.279848 0.923062
0.506209 0.426346 0.749655
0.264087 0.655441 0.707570
0.134722 0.489865 0.861326
0.506258 0.509929 0.695468
-0.380981 0.898706 0.217214
-0.135549 0.951228 0.277113
-0.194976 0.953357 0.230425
-0.088659 0.660552 0.745527
-0.444648 0.717155 0.536635
-0.133577 0.873877 0.467436
-1.000000 0.000017 -0.000006
-1.000000 0.000017 -0.000006
-1.000000 0.000017 -0.000006
0.000014 0.547209 -0.836996
0.000011 0.368094 -0.929789
0.000012 0.420519 -0.907284
-0.332282 0.306822 0.891879
-0.133387 0.483427 0.865162
-0.026430 0.255858 0.966353
-0.302981 0.509127 0.805600
-0.332282 0.306822 0.891879
-0.516427 0.479539 0.709468
0.506922 -0.770865 0.385742
0.506835 -0.834830 0.214891
0.135053 -0.886089 0.443404
0.134980 -0.792480 0.594774
0.506922 -0.770865 0.385742
0.135053 -0.886089 0.443404
1.000000 -0.000017 0.000005
1.000000 -0.000017 0.000005
1.000000 -0.000017 0.000005
1.000000 -0.000017 0.000005
1.000000 -0.000017 0.000005
1.000000 -0.000017 0.000005
0.614841 -0.159685 0.772315
0.529530 -0.474269 0.703326
0.703311 -0.474272 0.529546
-0.000017 -0.836995 0.547211
0.045212 -0.705766 0.707001
-0.000017 -0.836995 0.547211
0.239067 -0.769624 0.592052
0.073404 -0.898207 0.433400
0.117399 -0.972565 0.200836
0.388079 -0.412275 0.824272
-0.000014 -0.566366 0.824154
0.307664 -0.281476 0.908908
-0.000018 -0.978015 0.208536
-0.000017 -1.000000 0.000001
-0.000018 -0.983305 0.181964
-0.000018 -0.983305 0.181964
-0.000017 -1.000000 0.000001
-0.000018 -0.978015 0.208536
0.000015 0.978015 0.208534
0.000017 1.000000 -0.000001
0.000015 0.983306 0.181962
0.000015 0.983306 0.181962
0.000017 1.000000 -0.000001
0.000015 0.978015 0.208534
-0.684091 -0.508358 0.523060
-0.387726 -0.642443 0.661011
-0.387627 -0.547466 0.741638
-0.684091 -0.508358 0.523060
-0.683937 -0.630405 0.367177
-0.387726 -0.642443 0.661011
-1.000000 0.000017 -0.000006
-1.000000 0.000017 -0.000006
-1.000000 0.000017 -0.000006
-1.000000 0.000017 -0.000006
-1.000000 0.000017 -0.000006
-1.000000 0.000017 -0.000006
-0.000017 -1.000000 0.000001
-0.000017 -1.000000 0.000001
-0.000017 -1.000000 0.000001
0.992363 -0.000017 0.123353
0.983502 -0.000016 0.180895
0.992766 -0.000017 -0.120063
0.000016 0.983733 0.179640
0.000016 0.983733 0.179640
0.153224 0.986563 0.056714
0.162716 0.951924 0.259545
0.669967 0.720137 0.180408
0.153224 0.986563 0.056714
0.501460 -0.473511 0.724103
0.729371 -0.437583 0.525869
0.236020 -0.577867 0.781258
0.373656 -0.415055 0.829524
-0.001259 -0.573185 0.819425
0.162026 -0.294002 0.941971
-0.117434 -0.972561 0.200835
0.127412 -0.972322 0.195847
-0.000017 -0.880007 0.474961
0.363372 -0.929222 0.067139
0.394893 -0.756065 0.521944
0.127412 -0.972322 0.195847
-0.000001 0.249328 0.968419
-0.000004 0.068779 0.997632
-0.000002 0.186650 0.982426
0.000000 0.337241 0.941418
-0.000001 0.249328 0.968419
-0.000002 0.186650 0.982426
0.000011 0.824912 0.565262
-0.134917 0.673348 0.726911
0.000008 0.716296 0.697797
0.000008 0.716296 0.697797
-0.134917 0.673348 0.726911
0.000005 0.580913 0.813966
-0.000018 -0.907283 0.420521
-0.000018 -0.929788 0.368096
-0.000017 -0.836995 0.547211
-1.000000 0.000017 -0.000006
-1.000000 0.000017 -0.000006
-1.000000 0.000017 -0.000006
0.000009 0.234784 -0.972048
0.000009 0.234784 -0.972048
0.000013 0.462712 -0.886509
-1.000000 0.000017 -0.000006
-1.000000 0.000017 -0.000006
-1.000000 0.000017 -0.000006
-0.004620 -0.562492 0.826790
0.373787 -0.411747 0.831112
-0.004869 -0.422895 0.906166
0.373787 -0.411747 0.831112
0.373692 -0.306291 0.875523
-0.004869 -0.422895 0.906166
0.000006 -0.000001 -1.000000
0.000002 -0.181964 -0.983305
0.000006 -0.000001 -1.000000
-0.000008 -0.707108 -0.707106
-0.000010 -0.791492 -0.611179
-0.132802 -0.583957 -0.800848
0.000009 0.234784 -0.972048
0.000013 0.462712 -0.886509
0.000009 0.234784 -0.972048
0.000013 0.462712 -0.886509
0.000009 0.234784 -0.972048
0.000013 0.462712 -0.886509
-0.135546 0.853328 0.503447
-0.265071 0.819346 0.508341
-0.194980 0.809081 0.554410
-0.135535 0.875042 0.464684
-0.507966 0.741887 0.437693
-0.135546 0.853328 0.503447
0.001565 -0.939358 0.342934
0.002595 -0.872532 0.488550
-0.373322 -0.852848 0.365077
0.000510 -0.981526 0.191328
0.001565 -0.939358 0.342934
-0.373259 -0.886082 0.274841
0.988764 -0.079227 -0.126762
0.933093 -0.105982 -0.343664
0.983306 -0.000017 -0.181958
-0.000005 -0.547211 -0.836995
-0.000003 -0.446803 -0.894632
0.132791 -0.583962 -0.800846
-1.000000 0.000017 -0.000006
-1.000000 0.000017 -0.000006
-1.000000 0.000017 -0.000006
-0.000014 -0.547209 0.836996
-0.000016 -0.707106 0.707108
-0.000015 -0.618780 0.785565
-0.000017 -0.836995 0.547211
-0.000018 -0.929788 0.368096
-0.000018 -0.907283 0.420521
1.000000 -0.000017 0.000005
1.000000 -0.000017 0.000005
1.000000 -0.000017 0.000005
1.000000 -0.000017 0.000006
1.000000 -0.000017 0.000006
1.000000 -0.000017 0.000006
0.000009 0.747676 0.664064
0.000008 0.707108 0.707106
0.000011 0.836996 0.547209
0.000016 0.747674 -0.664065
0.000017 0.852628 -0.522518
0.000017 0.836995 -0.547211
0.000017 0.852628 -0.522518
0.000016 0.747674 -0.664065
0.000017 0.836995 -0.547211
-0.000016 -0.747674 0.664065
-0.000017 -0.852628 0.522518
-0.000017 -0.836995 0.547211
-0.000017 -0.852628 0.522518
-0.000016 -0.747674 0.664065
-0.000017 -0.836995 0.547211
0.000015 0.663217 -0.748427
0.000017 0.820398 -0.571794
0.000015 0.663217 -0.748427
1.000000 -0.000017 0.000006
0.983308 0.149266 -0.104040
1.000000 -0.000017 0.000006
0.000013 0.472091 -0.881550
0.000015 0.618780 -0.785565
0.000014 0.547209 -0.836996
0.000015 0.618780 -0.785565
0.000013 0.472091 -0.881550
0.000014 0.547209 -0.836996
-0.000015 -0.618780 0.785565
-0.000013 -0.472091 0.881550
-0.000014 -0.547209 0.836996
-0.000013 -0.472091 0.881550
-0.000015 -0.618780 0.785565
-0.000014 -0.547209 0.836996
1.000000 -0.000017 0.000006
1.000000 -0.000017 0.000006
1.000000 -0.000017 0.000006
0.000003 0.472092 0.881549
0.000001 0.368096 0.929788
0.000005 0.547211 0.836995
-0.783817 0.422019 0.455556
-0.556004 0.685654 0.469828
-0.711588 0.579586 0.397143
-0.555999 0.685657 0.469829
-0.684182 0.619730 0.384487
-0.711589 0.579585 0.397142
0.000008 0.716296 0.697797
0.000005 0.580913 0.813966
0.000006 0.610760 0.791816
0.000006 0.610760 0.791816
0.000005 0.580913 0.813966
0.000003 0.479775 0.877392
0.861060 -0.467593 0.199831
0.964295 -0.252992 0.078291
0.964278 -0.231548 0.128660
0.621235 -0.748641 0.231525
0.620943 -0.772805 0.131158
0.861017 -0.485848 0.150338
-0.000005 0.031477 0.999504
0.263895 0.279848 0.923062
-0.000004 0.068779 0.997632
-0.000005 0.031477 0.999504
-0.000004 0.068779 0.997632
-0.000007 -0.109576 0.993979
0.387883 -0.094565 0.916845
0.387763 -0.219244 0.895306
0.684211 -0.074830 0.725435
0.387883 -0.094565 0.916845
0.684211 -0.074830 0.725435
0.684084 0.053388 0.727447
1.000000 -0.000017 0.000006
0.860551 -0.407426 0.305706
0.990750 -0.108543 0.081439
0.990750 -0.108543 0.081439
0.860551 -0.407426 0.305706
0.964004 -0.170063 0.204387
1.000000 -0.000017 0.000005
1.000000 -0.000017 0.000005
1.000000 -0.000017 0.000005
0.000003 0.472092 0.881549
0.000005 0.547211 0.836995
0.000001 0.368096 0.929788
-0.990812 -0.029183 0.132064
-0.860174 0.255746 0.441243
-0.964056 0.165193 0.208105
-0.860118 0.317136 0.399527
-0.860174 0.255746 0.441243
-0.620318 0.487727 0.614271
0.970580 0.142373 0.194176
0.864069 0.248858 0.437555
0.970572 0.119046 0.209326
1.000000 -0.000017 0.000005
1.000000 -0.000017 0.000005
1.000000 -0.000017 0.000005
0.000005 0.580913 0.813966
0.000006 0.610760 0.791816
0.000003 0.479775 0.877392
0.000005 0.580913 0.813966
0.000008 0.716296 0.697797
0.000006 0.610760 0.791816
-0.000003 -0.472092 -0.881549
-0.000006 -0.618781 -0.785563
-0.000005 -0.547211 -0.836995
-0.000006 -0.618781 -0.785563
-0.000003 -0.472092 -0.881549
-0.000005 -0.547211 -0.836995
0.506632 -0.551435 0.662755
0.134929 -0.633745 0.761683
0.135110 -0.443224 0.886171
0.506632 -0.551435 0.662755
0.388248 -0.737060 0.553179
0.134929 -0.633745 0.761683
-0.000011 -0.852629 -0.522516
-0.000009 -0.747676 -0.664064
-0.000011 -0.836996 -0.547209
-0.000009 -0.747676 -0.664064
-0.000011 -0.852629 -0.522516
-0.000011 -0.836996 -0.547209
-0.684174 0.677196 0.270761
-0.684173 0.647023 0.336554
-0.684172 0.671725 0.284065
-0.389108 0.861942 0.325041
-0.508015 0.799788 0.319780
-0.508015 0.793326 0.335493
0.000006 0.618781 0.785563
0.000003 0.472092 0.881549
0.000005 0.547211 0.836995
0.000003 0.472092 0.881549
0.000006 0.618781 0.785563
0.000005 0.547211 0.836995
-0.000011 -0.852629 -0.522516
-0.000009 -0.747676 -0.664064
-0.000011 -0.836996 -0.547209
-0.000009 -0.747676 -0.664064
-0.000011 -0.852629 -0.522516
-0.000011 -0.836996 -0.547209
0.000011 0.852629 0.522516
0.000009 0.747676 0.664064
0.000011 0.836996 0.547209
0.000009 0.747676 0.664064
0.000011 0.852629 0.522516
0.000011 0.836996 0.547209
0.000006 0.618781 0.785563
0.000003 0.472092 0.881549
0.000005 0.547211 0.836995
0.000003 0.472092 0.881549
0.000006 0.618781 0.785563
0.000005 0.547211 0.836995
-0.684087 -0.173476 0.708471
-0.683858 -0.352401 0.638867
-0.387780 -0.219231 0.895301
-0.684087 -0.173476 0.708471
-0.387780 -0.219231 0.895301
-0.387896 -0.094552 0.916841
0.000009 0.747676 0.664064
0.000011 0.852629 0.522516
0.000011 0.836996 0.547209
0.000011 0.852629 0.522516
0.000009 0.747676 0.664064
0.000011 0.836996 0.547209
-0.000003 -0.472092 -0.881549
-0.000006 -0.618781 -0.785563
-0.000005 -0.547211 -0.836995
-0.000006 -0.618781 -0.785563
-0.000003 -0.472092 -0.881549
-0.000005 -0.547211 -0.836995
-0.543573 0.815713 0.197841
-0.370920 0.902707 0.218033
-0.351321 0.890857 0.288007
-0.000156 0.953063 0.302771
0.000015 0.972011 0.234935
0.000015 0.974134 0.225972
-0.234260 -0.431564 0.871134
-0.373307 -0.572644 0.729877
0.004592 -0.562493 0.826790
-0.000014 -0.559853 0.828592
0.134372 -0.588515 0.797242
-0.000012 -0.424201 0.905568
-0.929783 0.354481 0.099230
-0.983303 0.175242 0.049050
-0.983303 0.174831 0.050497
-0.836988 0.527768 0.144613
-0.836988 0.528945 0.140246
-0.929783 0.355023 0.097276
-0.308107 -0.589623 -0.746603
-0.317576 -0.400946 -0.859295
-0.110817 -0.472957 -0.874089
0.000005 -0.038016 -0.999277
0.000005 -0.038016 -0.999277
0.000005 -0.038016 -0.999277
0.000003 0.472092 0.881549
0.000005 0.547211 0.836995
0.000001 0.368096 0.929788
-1.000000 0.000017 -0.000006
-1.000000 0.000017 -0.000006
-1.000000 0.000017 -0.000006
1.000000 -0.000017 0.000005
1.000000 -0.000017 0.000005
1.000000 -0.000017 0.000005
0.000009 0.747676 0.664064
0.000011 0.836996 0.547209
0.000008 0.707108 0.707106
0.509121 0.302974 0.805607
0.306815 0.332270 0.891887
0.479535 0.516421 0.709476
0.306815 0.332270 0.891887
0.000783 0.620600 0.784127
0.176730 0.739855 0.649139
0.971139 0.228992 0.066720
0.980853 0.129207 0.145713
0.922916 0.374223 0.090458
0.620600 0.000766 0.784127
0.631870 0.345312 0.693902
0.739859 0.176709 0.649140
-0.000012 -0.420519 0.907284
-0.000014 -0.547209 0.836996
-0.000011 -0.368094 0.929789
1.000000 -0.000017 0.000006
1.000000 -0.000017 0.000006
1.000000 -0.000017 0.000006
0.236370 -0.940977 0.242265
0.370937 -0.927987 0.035306
-0.000319 -0.981455 0.191691
-0.000017 -0.877677 0.479253
0.236370 -0.940977 0.242265
-0.000319 -0.981455 0.191691
-0.707110 0.061310 0.704441
-0.836998 0.047451 0.545145
-0.707110 0.061310 0.704441
-0.000004 0.086689 0.996235
-0.181967 0.085245 0.979603
-0.000004 0.086689 0.996235
-0.836986 0.448944 -0.312896
-0.707095 0.580121 -0.404323
-0.707095 0.580121 -0.404323
0.000015 0.663217 -0.748427
0.000015 0.663217 -0.748427
0.000017 0.820398 -0.571794
0.370943 -0.927984 0.035306
0.235433 -0.958199 0.162559
0.188340 -0.981394 0.037337
-0.000018 -0.981144 0.193281
-0.000017 -0.999277 0.038016
-0.000017 -0.999277 0.038016
0.387464 -0.796618 0.463973
0.505787 -0.795922 0.332696
0.683912 -0.630428 0.367185
0.387464 -0.796618 0.463973
0.683912 -0.630428 0.367185
0.684068 -0.508381 0.523067
-0.181949 0.950463 0.252021
-0.181949 0.946901 0.265090
0.000015 0.960714 0.277542
-0.181949 0.950463 0.252021
-0.368081 0.896736 0.245724
-0.181949 0.946901 0.265090
-0.372975 0.465450 0.802649
-0.234477 0.358523 0.903594
0.002525 0.481920 0.876212
0.000002 0.422949 0.906154
0.000003 0.479775 0.877392
0.000000 0.337241 0.941418
0.620860 0.487548 0.613864
0.730293 0.498381 0.467213
0.373300 0.677066 0.634215
0.620860 0.487548 0.613864
0.860792 0.316474 0.398600
0.860839 0.371185 0.348105
0.707095 -0.706607 0.026885
0.830397 -0.556769 0.021186
0.707095 -0.706607 0.026885
0.683914 -0.695153 0.221412
0.711584 -0.702093 0.026714
0.832986 -0.552895 0.021038
1.000000 -0.000017 0.000006
1.000000 -0.000017 0.000006
1.000000 -0.000017 0.000006
-0.000017 -0.785563 0.618781
-0.000017 -0.836995 0.547211
-0.000016 -0.707106 0.707108
0.135110 -0.443224 0.886171
-0.000014 -0.572514 0.819895
-0.000012 -0.440030 0.897983
0.001231 -0.573185 0.819425
-0.373615 -0.507768 0.776262
0.000511 -0.443102 0.896471
-0.970577 -0.057258 0.233884
-0.970540 -0.116369 0.210976
-0.684087 -0.173476 0.708471
-1.000000 0.000017 -0.000006
-1.000000 0.000017 -0.000006
-1.000000 0.000017 -0.000006
-0.000016 -0.707106 0.707108
-0.000017 -0.836995 0.547211
-0.000016 -0.707106 0.707108
-0.580370 -0.321240 0.748315
-0.529554 -0.474251 0.703320
-0.320548 -0.438026 0.839870
-1.000000 0.000017 -0.000006
-1.000000 0.000017 -0.000006
-1.000000 0.000017 -0.000006
-0.000008 -0.181962 0.983306
-0.000011 -0.368094 0.929789
-0.000009 -0.208534 0.978015
-0.860310 -0.387397 0.331345
-0.621013 -0.595696 0.509402
-0.621287 -0.483656 0.616506
-0.860334 -0.418243 0.291374
-0.964078 -0.201851 0.172655
-0.964118 -0.231963 0.129111
-1.000000 0.000017 -0.000006
-1.000000 0.000017 -0.000006
-1.000000 0.000017 -0.000006
0.000009 0.747676 0.664064
0.000011 0.836996 0.547209
0.000008 0.707108 0.707106
0.783814 -0.496674 0.372760
0.683833 -0.433794 0.586682
0.970809 -0.191837 0.143972
0.783814 -0.496674 0.372760
0.970809 -0.191837 0.143972
0.970813 -0.214483 0.107329
-0.000006 -0.618781 -0.785563
-0.000005 -0.547211 -0.836995
-0.000008 -0.707108 -0.707106
-0.554707 -0.588340 -0.588351
-0.554704 -0.455297 -0.696425
-0.554709 -0.696414 -0.455308
-0.000017 -0.999277 0.038016
-0.181980 -0.982591 0.037381
-0.193233 -0.980444 0.037299
-0.135186 -0.959541 0.246995
-0.000017 -0.999277 0.038016
-0.195008 -0.980093 0.037286
0.783531 0.180267 0.594629
0.684084 0.053388 0.727447
0.970546 0.069889 0.230556
0.783531 0.180267 0.594629
0.970546 0.069889 0.230556
0.864069 0.248858 0.437555
-1.000000 0.000017 -0.000006
-1.000000 0.000017 -0.000006
-1.000000 0.000017 -0.000006
-0.000018 -0.929788 0.368096
-0.000018 -0.983305 0.181964
-0.000018 -0.978015 0.208536
-0.707110 0.061310 0.704441
-0.836998 0.047451 0.545145
-0.707110 0.061310 0.704441
-0.707111 0.000013 0.707103
-0.707111 0.000013 0.707103
-0.836999 0.000015 0.547205
-0.000002 0.186650 0.982426
-0.000004 0.068779 0.997632
-0.000005 0.031328 0.999509
-0.000004 0.068779 0.997632
-0.000007 -0.109576 0.993979
-0.000005 0.031328 0.999509
-0.181980 -0.983302 0.000000
-0.181980 -0.983302 0.000000
-0.000017 -1.000000 0.000001
-0.836993 0.000013 -0.547214
-0.836993 0.000013 -0.547214
-0.929786 0.000015 -0.368100
-0.970821 -0.214450 0.107318
-0.970817 -0.191804 0.143961
-0.783887 -0.555261 0.277861
-0.970821 -0.214450 0.107318
-0.783887 -0.555261 0.277861
-0.783878 -0.601312 0.154786
-0.547224 -0.836381 0.031816
-0.368111 -0.929110 0.035345
-0.382699 -0.923205 0.035120
-0.368111 -0.929110 0.035345
-0.547224 -0.836381 0.031816
-0.382699 -0.923205 0.035120
0.860792 0.316474 0.398600
0.860976 0.187657 0.472763
0.990861 0.049753 0.125378
0.860976 0.187657 0.472763
0.860988 0.037975 0.507205
0.990861 0.049753 0.125378
0.000002 -0.181964 -0.983305
-0.000001 -0.368096 -0.929788
0.000002 -0.181964 -0.983305
-1.000000 0.000017 -0.000006
-1.000000 0.000017 -0.000006
-1.000000 0.000017 -0.000006
-0.729187 -0.379569 -0.569398
-0.682646 -0.616187 -0.392820
-0.874348 -0.305180 -0.377334
-0.816115 -0.364134 0.448735
-0.714085 -0.572695 0.402620
-0.607370 -0.598731 0.522133
-0.839338 0.448437 0.307272
-0.684183 0.617833 0.387524
-0.684178 0.632965 0.362293
-0.508020 0.729685 0.457686
-0.135560 0.859873 0.492181
-0.508017 0.747552 0.427884
0.263846 -0.351568 0.898212
0.134372 -0.588515 0.797242
0.387535 -0.445267 0.807189
0.263846 -0.351568 0.898212
0.387535 -0.445267 0.807189
0.683896 -0.265924 0.679390
1.000000 -0.000017 0.000006
1.000000 -0.000017 0.000006
1.000000 -0.000017 0.000006
0.000014 0.929789 0.368094
0.000015 0.983306 0.181962
0.000015 0.978015 0.208534
-0.000008 -0.707108 -0.707106
-0.000009 -0.747676 -0.664064
-0.000011 -0.836996 -0.547209
-1.000000 0.000017 -0.000006
-1.000000 0.000017 -0.000006
-1.000000 0.000017 -0.000006
-0.000001 0.249328 0.968419
0.000000 0.337241 0.941418
-0.000002 0.186650 0.982426
-0.000004 0.068779 0.997632
-0.000001 0.249328 0.968419
-0.000002 0.186650 0.982426
-0.620647 -0.627157 0.470607
-0.620591 -0.701270 0.350838
-0.860576 -0.455517 0.227845
-0.236089 -0.777237 0.583236
-0.373887 -0.829434 0.415027
-0.620647 -0.627157 0.470607
0.860924 -0.501552 0.085185
0.620943 -0.772805 0.131158
0.837910 -0.545413 0.020754
0.620943 -0.772805 0.131158
0.543591 -0.838743 0.031912
0.702577 -0.711093 0.027056
0.000009 0.208534 -0.978015
0.000008 0.181962 -0.983306
0.000011 0.368094 -0.929789
1.000000 -0.000017 0.000005
1.000000 -0.000017 0.000005
1.000000 -0.000017 0.000005
-0.000016 -0.747674 0.664065
-0.000017 -0.852628 0.522518
-0.000017 -0.836995 0.547211
-0.000017 -0.852628 0.522518
-0.000016 -0.747674 0.664065
-0.000017 -0.836995 0.547211
0.660536 0.088662 0.745541
0.717151 0.444649 0.536639
0.824357 0.258855 0.503419
0.622100 -0.000010 0.782938
0.772291 0.109585 0.625746
0.707103 -0.000011 0.707111
0.000017 0.785563 -0.618781
0.000016 0.707106 -0.707108
0.000017 0.836995 -0.547211
0.554713 0.588339 -0.588346
0.554712 0.455296 -0.696420
0.554714 0.696413 -0.455304
-0.554697 0.455316 0.696419
-0.554691 0.696432 0.455302
-0.554694 0.588358 0.588345
0.000009 0.747676 0.664064
0.000008 0.707108 0.707106
0.000011 0.836996 0.547209
0.000016 0.747674 -0.664065
0.000017 0.852628 -0.522518
0.000017 0.836995 -0.547211
0.000017 0.852628 -0.522518
0.000016 0.747674 -0.664065
0.000017 0.836995 -0.547211
0.684191 0.636286 0.356402
0.864671 0.438267 0.245492
0.684185 0.651604 0.327572
0.684191 0.636286 0.356402
0.684195 0.628123 0.370593
0.864671 0.438267 0.245492
-0.000013 -0.472091 0.881550
-0.000015 -0.618780 0.785565
-0.000014 -0.547209 0.836996
-0.000015 -0.618780 0.785565
-0.000013 -0.472091 0.881550
-0.000014 -0.547209 0.836996
0.000015 0.618780 -0.785565
0.000013 0.472091 -0.881550
0.000014 0.547209 -0.836996
0.000013 0.472091 -0.881550
0.000015 0.618780 -0.785565
0.000014 0.547209 -0.836996
0.983306 -0.006934 -0.181826
0.983306 -0.006934 -0.181826
1.000000 -0.000017 0.000005
1.000000 -0.000017 0.000005
0.983302 -0.181980 0.000005
1.000000 -0.000017 0.000005
-0.000015 -0.618780 0.785565
-0.000016 -0.707106 0.707108
-0.000014 -0.547209 0.836996
-0.554712 -0.455296 0.696420
-0.554713 -0.588339 0.588346
-0.554710 -0.306263 0.773628
-0.000017 -1.000000 0.000001
-0.000017 -1.000000 0.000001
-0.000017 -1.000000 0.000001
0.128652 -0.707108 0.695303
0.591833 -0.547219 0.591849
0.386921 -0.707113 0.591848
0.000005 -0.038016 -0.999277
0.096370 -0.037841 -0.994626
0.181968 -0.037385 -0.982594
0.923882 -0.014564 -0.382402
0.836998 -0.020817 -0.546809
0.830409 -0.021195 -0.556751
0.457997 -0.837003 0.299442
0.591831 -0.707116 0.386940
0.695289 -0.707118 0.128672
-0.749854 -0.181951 -0.636092
-0.657900 0.000010 -0.753105
-0.816241 0.000013 -0.577712
-0.000008 -0.707108 -0.707106
-0.000005 -0.547211 -0.836995
-0.000005 -0.547211 -0.836995
0.529538 -0.474270 -0.703319
0.703317 -0.474273 -0.529537
0.357624 -0.771547 -0.526138
0.836986 -0.547224 0.000005
0.836986 -0.547224 0.000005
0.707095 -0.707119 0.000005
0.836986 -0.547224 0.000005
0.929782 -0.368110 0.000006
0.836986 -0.547224 0.000005
-0.929795 -0.367813 0.013988
-0.923886 -0.382391 0.014543
-0.981160 -0.193060 0.007340
-0.970517 -0.229671 0.073138
-0.979874 -0.199473 0.007584
-0.922914 -0.384727 0.014632
-0.684221 -0.074807 0.725428
-0.387896 -0.094552 0.916841
-0.387755 0.067492 0.919288
-0.684221 -0.074807 0.725428
-0.684087 -0.173476 0.708471
-0.387896 -0.094552 0.916841
0.684201 0.700185 0.203987
0.684192 0.690061 0.236001
0.847197 0.486811 0.212773
0.135566 0.937462 0.320603
0.507986 0.815020 0.278734
0.507990 0.826983 0.240925
0.000015 0.663217 -0.748427
0.000017 0.820398 -0.571794
0.000015 0.663217 -0.748427
1.000000 -0.000017 0.000006
0.983308 0.149266 -0.104040
1.000000 -0.000017 0.000006
0.368109 0.898724 0.238308
0.547222 0.810774 0.207831
0.368109 0.900664 0.230871
0.000015 0.972011 0.234935
0.181978 0.950457 0.252023
0.181978 0.952508 0.244158
0.000017 0.836995 -0.547211
0.000016 0.707106 -0.707108
0.000017 0.785563 -0.618781
1.000000 -0.000017 0.000006
1.000000 -0.000017 0.000006
1.000000 -0.000017 0.000006
1.000000 -0.000017 0.000005
1.000000 -0.000017 0.000005
1.000000 -0.000017 0.000005
0.000017 1.000000 -0.000001
0.000018 0.983305 -0.181964
0.000017 1.000000 -0.000001
0.983305 0.015758 0.181283
1.000000 -0.000017 0.000006
1.000000 -0.000017 0.000006
0.547206 0.072549 0.833848
0.707104 0.061286 0.704449
0.547206 0.072549 0.833848
-1.000000 0.000017 -0.000006
-1.000000 0.000017 -0.000006
-1.000000 0.000017 -0.000006
-0.000015 -0.983306 -0.181962
-0.000014 -0.929789 -0.368094
-0.000015 -0.978015 -0.208534
-0.000017 -1.000000 0.000001
-0.000017 -1.000000 0.000001
-0.000017 -1.000000 0.000001
0.997506 -0.000017 -0.070584
0.946440 -0.000016 -0.322879
0.992766 -0.000017 -0.120063
-0.816241 0.000013 -0.577712
-0.749854 -0.181951 -0.636092
-0.657900 0.000010 -0.753105
0.457996 -0.837003 0.299442
0.591831 -0.707116 0.386940
0.695289 -0.707118 0.128672
-0.000017 -0.836995 0.547211
-0.000016 -0.707106 0.707108
-0.000017 -0.836995 0.547211
0.159659 -0.772314 0.614850
0.406412 -0.889849 0.207360
0.450520 -0.809987 0.375438
0.929794 0.357777 0.086484
0.929794 0.357050 0.089438
0.981086 0.129236 0.144113
0.983308 0.176494 0.044215
0.983308 0.175609 0.047611
1.000000 -0.000017 0.000006
-0.000011 -0.836996 -0.547209
-0.000014 -0.929789 -0.368094
-0.000014 -0.929789 -0.368094
0.000002 -0.181964 -0.983305
0.000006 -0.000001 -1.000000
0.000006 -0.000001 -1.000000
1.000000 -0.000017 0.000006
1.000000 -0.000017 0.000006
1.000000 -0.000017 0.000006
0.000018 0.983305 -0.181964
0.000018 0.929788 -0.368096
0.000018 0.978015 -0.208536
0.181959 0.085239 0.979605
0.368091 0.080596 0.926290
0.181959 0.085239 0.979605
0.983305 0.015758 0.181283
1.000000 -0.000017 0.000006
1.000000 -0.000017 0.000006
-0.860389 0.113587 0.496819
-0.621196 0.174707 0.763932
-0.620954 0.289050 0.728606
-0.860389 0.113587 0.496819
-0.620954 0.289050 0.728606
-0.620577 0.393307 0.678376
0.194975 -0.980099 0.037288
0.135151 -0.959545 0.246996
0.380980 -0.923915 0.035151
-0.000017 -0.999277 0.038016
-0.000017 -0.999277 0.038016
0.135151 -0.959545 0.246996
-1.000000 0.000017 -0.000006
-1.000000 0.000017 -0.000006
-1.000000 0.000017 -0.000006
-0.000001 -0.368096 -0.929788
-0.000003 -0.472092 -0.881549
-0.000005 -0.547211 -0.836995
-0.000017 -0.999277 0.038016
-0.000017 -0.999277 0.038016
-0.000017 -0.999277 0.038016
0.404359 -0.911018 0.080871
0.239067 -0.769624 0.592052
0.117399 -0.972565 0.200836
0.506835 -0.834830 0.214891
0.711585 -0.702092 0.026714
0.555994 -0.830585 0.031601
0.707095 -0.706607 0.026885
0.557144 -0.829816 0.031572
0.707095 -0.706607 0.026885
0.929782 -0.367844 0.013999
0.929782 -0.367844 0.013999
0.983302 -0.181848 0.006923
0.930354 -0.366398 0.013944
0.860491 -0.493397 0.126944
0.982948 -0.183753 0.006996
-0.000007 -0.109576 0.993979
-0.000005 0.031328 0.999509
-0.000008 -0.124973 0.992160
-0.373198 0.068903 0.925190
-0.234061 -0.069877 0.969708
0.004511 0.029064 0.999567
-0.391551 -0.824594 0.408329
-0.686218 -0.579691 0.439390
-0.713389 -0.683264 0.155648
-0.646656 -0.415578 0.639634
-0.441214 -0.626798 0.642226
-0.290234 -0.643279 0.708489
-0.000007 -0.109576 0.993979
-0.134389 -0.235688 0.962492
-0.000008 -0.124973 0.992160
-0.000005 0.031328 0.999509
-0.000007 -0.109576 0.993979
-0.000008 -0.124973 0.992160
-0.979875 -0.199469 0.007584
-0.970808 -0.232284 0.059795
-0.922917 -0.384721 0.014632
-0.929795 -0.367813 0.013988
-0.981160 -0.193060 0.007340
-0.923886 -0.382391 0.014543
-0.970577 0.142406 0.194166
-0.970571 0.119078 0.209315
-0.926321 0.256041 0.276354
-1.000000 0.000017 -0.000006
-1.000000 0.000017 -0.000006
-1.000000 0.000017 -0.000006
-0.201442 -0.929785 0.308093
-0.099589 -0.836993 0.538075
-0.066997 -0.929787 0.361950
0.816247 -0.000014 -0.577703
0.859537 -0.181978 -0.477577
0.932543 -0.000016 -0.361058
-0.373887 -0.829434 0.415027
-0.236089 -0.777237 0.583236
0.001525 -0.878024 0.478613
-0.000017 -0.877677 0.479253
-0.000017 -0.793965 0.607963
0.135053 -0.886089 0.443404
-0.000006 0.000001 1.000000
-0.000008 -0.181962 0.983306
-0.000006 0.000001 1.000000
1.000000 -0.000017 0.000005
1.000000 -0.000017 0.000005
1.000000 -0.000017 0.000005
0.000783 0.620600 0.784127
0.000950 0.849525 0.527548
0.176730 0.739855 0.649139
-0.109581 0.772299 0.625737
0.000011 0.850468 0.526028
0.000006 0.622105 0.782934
0.000009 0.234784 -0.972048
0.000009 0.234784 -0.972048
0.000013 0.462712 -0.886509
-1.000000 0.000017 -0.000006
-1.000000 0.000017 -0.000006
-1.000000 0.000017 -0.000006
0.684211 -0.074830 0.725435
0.970573 -0.057291 0.233895
0.970593 -0.024711 0.239454
1.000000 -0.000017 0.000005
1.000000 -0.000017 0.000005
1.000000 -0.000017 0.000005
0.816247 -0.000014 -0.577703
0.859537 -0.181978 -0.477577
0.932543 -0.000016 -0.361058
-0.000017 -1.000000 0.000001
-0.128685 -0.983303 0.128668
-0.066997 -0.983304 0.169188
-0.000018 -0.978015 0.208536
-0.000018 -0.983305 0.181964
-0.000018 -0.929788 0.368096
1.000000 -0.000017 0.000006
1.000000 -0.000017 0.000006
1.000000 -0.000017 0.000006
0.683833 -0.433794 0.586682
0.683987 -0.326324 0.652437
0.926523 -0.168320 0.336487
0.926523 -0.168320 0.336487
0.683987 -0.326324 0.652437
0.704553 -0.200585 0.680714
-0.132092 -0.653405 0.745395
-0.000017 -0.880943 0.473222
-0.000016 -0.687983 0.725727
0.501461 -0.387111 0.773745
0.312311 -0.281055 0.907452
0.450972 -0.261056 0.853507
0.860983 -0.417513 0.290501
0.964278 -0.231548 0.128660
0.860960 -0.386720 0.330448
0.502278 -0.657467 0.561653
0.730785 -0.560342 0.389834
0.730798 -0.518964 0.443409
-1.000000 0.000017 -0.000006
-1.000000 0.000017 -0.000006
-1.000000 0.000017 -0.000006
-0.000011 -0.852629 -0.522516
-0.000011 -0.836996 -0.547209
-0.000014 -0.929789 -0.368094
-1.000000 0.000017 -0.000006
-1.000000 0.000017 -0.000006
-1.000000 0.000017 -0.000006
0.000014 0.929789 0.368094
0.000015 0.978015 0.208534
0.000015 0.983306 0.181962
1.000000 -0.000017 0.000006
1.000000 -0.000017 0.000006
1.000000 -0.000017 0.000006
-0.000009 -0.747676 -0.664064
-0.000008 -0.707108 -0.707106
-0.000011 -0.836996 -0.547209
-0.860576 -0.455517 0.227845
-0.860509 -0.493368 0.126934
-0.920783 -0.348869 0.174498
-0.860576 -0.455517 0.227845
-0.620335 -0.759580 0.195505
-0.860509 -0.493368 0.126934
0.684192 0.671702 0.284073
0.971153 0.223115 0.084150
0.684194 0.677173 0.270768
0.508038 0.793309 0.335498
0.508038 0.799771 0.319786
0.389132 0.848430 0.358808
1.000000 -0.000017 0.000006
1.000000 -0.000017 0.000006
1.000000 -0.000017 0.000006
0.000014 0.547209 -0.836996
0.000011 0.368094 -0.929789
0.000012 0.420519 -0.907284
0.707117 0.682466 0.185000
0.547222 0.807834 0.218981
0.707117 0.679315 0.196256
0.707117 0.682466 0.185000
0.547222 0.809028 0.214526
0.547222 0.807834 0.218981
1.000000 -0.000017 0.000006
1.000000 -0.000017 0.000006
1.000000 -0.000017 0.000006
-0.000003 -0.472092 -0.881549
-0.000001 -0.368096 -0.929788
-0.000005 -0.547211 -0.836995
-0.000017 -0.877677 0.479253
-0.135014 -0.792475 0.594772
-0.000017 -0.793965 0.607963
0.236056 -0.777245 0.583239
0.373855 -0.829447 0.415031
-0.001560 -0.878024 0.478613
-0.254348 0.000003 -0.967113
-0.363298 0.000005 -0.931673
-0.186423 0.000002 -0.982470
-0.186423 0.000002 -0.982470
-0.363298 0.000005 -0.931673
-0.245651 0.000003 -0.969358
-0.591858 -0.547199 0.591842
-0.308107 -0.547204 0.778228
-0.260298 -0.707102 0.657459
-0.368100 0.000007 0.929786
-0.193221 0.000004 0.981155
-0.382689 0.000007 0.923877
-0.000015 -0.983306 -0.181962
-0.000014 -0.929789 -0.368094
-0.000015 -0.978015 -0.208534
1.000000 -0.000017 0.000005
1.000000 -0.000017 0.000005
1.000000 -0.000017 0.000005
-1.000000 0.000017 -0.000006
-1.000000 0.000017 -0.000006
-1.000000 0.000017 -0.000006
-0.000002 0.181964 0.983305
0.000001 0.368096 0.929788
-0.000002 0.181964 0.983305
-1.000000 0.000017 -0.000006
-1.000000 0.000017 -0.000006
-1.000000 0.000017 -0.000006
0.000017 0.785563 -0.618781
0.000016 0.707106 -0.707108
0.000017 0.836995 -0.547211
0.816247 -0.000014 -0.577703
0.780943 -0.000014 -0.624602
0.657909 -0.000012 -0.753098
0.127718 -0.983308 -0.129593
-0.000017 -1.000000 0.000001
-0.000017 -1.000000 0.000001
1.000000 -0.000017 0.000005
1.000000 -0.000017 0.000005
1.000000 -0.000017 0.000005
1.000000 -0.000017 0.000005
1.000000 -0.000017 0.000005
1.000000 -0.000017 0.000005
-0.000015 -0.978015 -0.208534
-0.000014 -0.929789 -0.368094
-0.000015 -0.983306 -0.181962
1.000000 -0.000017 0.000006
1.000000 -0.000017 0.000006
1.000000 -0.000017 0.000006
-0.000018 -0.983305 0.181964
-0.000017 -1.000000 0.000001
-0.000017 -1.000000 0.000001
1.000000 -0.000017 0.000005
1.000000 -0.000017 0.000005
1.000000 -0.000017 0.000005
1.000000 -0.000017 0.000006
0.983302 -0.181980 0.000006
1.000000 -0.000017 0.000006
0.474248 -0.529549 0.703325
0.474246 -0.703330 0.529545
0.771531 -0.357646 0.526145
0.643884 0.500991 0.578292
0.676524 0.680058 0.282554
0.165133 0.908761 0.383255
0.000016 0.983733 0.179640
0.146973 0.988715 -0.029014
0.000018 0.976076 -0.217428
0.153245 0.675671 0.721100
0.000009 0.768254 0.640146
-0.146917 0.611241 0.777689
-0.643812 0.765054 0.014082
-0.676443 0.652744 0.341102
-0.165073 0.876543 0.452131
0.508039 0.729668 0.457691
0.135583 0.859869 0.492182
0.366657 0.767459 0.525899
0.684200 0.617810 0.387532
0.839349 0.448409 0.307282
0.684195 0.632942 0.362300
0.000015 0.663217 -0.748427
0.000015 0.663217 -0.748427
0.000017 0.820398 -0.571794
-0.368079 0.762802 -0.531649
-0.181946 0.806704 -0.562249
-0.181946 0.806704 -0.562249
0.707117 0.685907 0.171803
0.837004 0.530799 0.132955
0.837004 0.531880 0.128563
0.368109 0.900664 0.230871
0.547222 0.810774 0.207831
0.547222 0.811907 0.203360
0.000009 0.234784 -0.972048
0.000009 0.234784 -0.972048
0.000006 -0.000001 -1.000000
0.181968 -0.000004 -0.983304
0.181968 -0.000004 -0.983304
0.368100 -0.000007 -0.929786
-1.000000 0.000017 -0.000006
-1.000000 0.000017 -0.000006
-1.000000 0.000017 -0.000006
0.000018 0.978015 -0.208536
0.000018 0.929788 -0.368096
0.000018 0.983305 -0.181964
-1.000000 0.000017 -0.000006
-1.000000 0.000017 -0.000006
-1.000000 0.000017 -0.000006
-0.000017 -1.000000 0.000001
-0.000017 -1.000000 0.000001
-0.000018 -0.983305 0.181964
-0.783775 -0.277803 0.555448
-0.506737 -0.385630 0.771043
-0.506636 -0.512572 0.693245
-0.506737 -0.385630 0.771043
-0.783775 -0.277803 0.555448
-0.704567 -0.200561 0.680706
-0.188727 -0.459626 -0.867828
-0.052131 -0.469014 -0.881651
-0.255460 -0.606052 -0.753287
-0.159295 -0.980561 0.114569
-0.117434 -0.972561 0.200835
-0.404391 -0.911004 0.080866
-0.860285 -0.036659 0.508494
-0.621131 -0.056336 0.781679
-0.621159 0.058182 0.781522
-0.860285 -0.036659 0.508494
-0.860455 -0.168413 0.480890
-0.621131 -0.056336 0.781679
0.505787 -0.795922 0.332696
0.134668 -0.914235 0.382152
0.134865 -0.966985 0.216222
0.505787 -0.795922 0.332696
0.387464 -0.796618 0.463973
0.134668 -0.914235 0.382152
-0.783531 0.180293 0.594620
-0.506035 0.250250 0.825411
-0.506203 0.426363 0.749649
-0.783531 0.180293 0.594620
-0.783617 0.045499 0.619576
-0.506035 0.250250 0.825411
-1.000000 0.000017 -0.000005
-0.992082 -0.062847 -0.108734
-0.942434 -0.088121 0.322571
-0.707103 -0.026870 -0.706599
-0.707103 -0.026870 -0.706599
-0.830404 -0.021167 -0.556760
-0.980851 0.129240 0.145702
-0.971132 0.229025 0.066710
-0.922905 0.374254 0.090448
-0.845962 0.214568 0.488168
-0.628083 0.143365 0.764826
-0.849530 0.000952 0.527540
-0.000012 -0.434308 0.900764
-0.132092 -0.653405 0.745395
-0.000012 -0.434308 0.900764
-0.290234 -0.643279 0.708489
-0.441214 -0.626798 0.642226
-0.091470 -0.843057 0.529988
-1.000000 0.000017 -0.000006
-1.000000 0.000017 -0.000006
-1.000000 0.000017 -0.000006
-1.000000 0.000017 -0.000006
-1.000000 0.000017 -0.000006
-1.000000 0.000017 -0.000006
0.836986 -0.546828 0.020807
0.929782 -0.367844 0.013999
0.923873 -0.382422 0.014553
0.929782 -0.367844 0.013999
0.836986 -0.546828 0.020807
0.923873 -0.382422 0.014553
0.937313 -0.000015 0.348490
0.912491 -0.000015 0.409096
0.912491 -0.000015 0.409096
-0.000005 -0.547211 -0.836995
0.141430 -0.353212 -0.924791
0.131211 -0.645839 -0.752114
-0.181958 -0.037379 -0.982596
-0.096360 -0.037838 -0.994627
0.000005 -0.038016 -0.999277
-0.382679 -0.035116 -0.923214
-0.547206 -0.031810 -0.836393
-0.557154 -0.031560 -0.829809
0.000009 0.208534 -0.978015
0.000008 0.181962 -0.983306
0.000011 0.368094 -0.929789
-1.000000 0.000017 -0.000006
-1.000000 0.000017 -0.000006
-1.000000 0.000017 -0.000006
0.618094 -0.707117 -0.343431
0.587543 -0.547220 -0.596107
0.496361 -0.707116 -0.503600
-0.000017 -1.000000 0.000001
-0.000017 -1.000000 0.000001
-0.000017 -1.000000 0.000001
-0.970789 -0.107322 0.214595
-0.864132 -0.321885 0.386867
-0.970775 -0.131387 0.200831
-1.000000 0.000017 -0.000006
-1.000000 0.000017 -0.000006
-1.000000 0.000017 -0.000006
-0.000011 -0.836996 -0.547209
-0.230225 -0.896281 -0.379047
-0.124833 -0.789855 -0.600454
-0.912496 0.000016 0.409086
-0.937316 0.000016 0.348480
-0.912496 0.000016 0.409086
-0.556027 -0.830564 0.031595
-0.684040 -0.711866 0.159175
-0.711608 -0.702069 0.026706
-0.684040 -0.711866 0.159175
-0.922914 -0.384727 0.014632
-0.833004 -0.552867 0.021029
0.946440 -0.000016 -0.322879
0.993117 -0.000017 -0.117131
0.997506 -0.000017 -0.070584
-0.000017 -1.000000 0.000001
-0.000017 -1.000000 0.000001
-0.000017 -1.000000 0.000001
0.620308 -0.759601 0.195512
0.860491 -0.493397 0.126944
0.837913 -0.545409 0.020754
0.620308 -0.759601 0.195512
0.620563 -0.701291 0.350845
0.860491 -0.493397 0.126944
0.816098 -0.364161 0.448744
0.714061 -0.572719 0.402628
0.822267 -0.542104 0.173208
0.453881 -0.060457 -0.889009
0.651959 -0.098072 -0.751885
0.450047 -0.253456 -0.856281
-0.000017 -1.000000 0.000001
-0.000017 -1.000000 0.000001
-0.000017 -1.000000 0.000001
-0.208398 0.000002 -0.978044
0.000006 -0.000001 -1.000000
-0.254348 0.000003 -0.967113
-0.547224 -0.836381 0.031817
-0.547224 -0.836381 0.031817
-0.707119 -0.706584 0.026878
-0.702601 -0.711069 0.027049
-0.543620 -0.838725 0.031906
-0.620437 -0.773140 0.131576
0.783865 -0.555287 0.277869
0.506922 -0.770865 0.385742
0.388248 -0.737060 0.553179
0.783865 -0.555287 0.277869
0.783856 -0.601339 0.154794
0.506922 -0.770865 0.385742
0.000017 1.000000 -0.000001
0.000018 0.983305 -0.181964
0.000017 1.000000 -0.000001
-1.000000 0.000017 -0.000006
-1.000000 0.000017 -0.000006
-1.000000 0.000017 -0.000006
-0.991559 -0.084767 0.098109
-0.942432 -0.088120 0.322578
-1.000000 -0.000174 0.000432
-0.548768 -0.799450 -0.244405
-0.713389 -0.683264 0.155648
-0.697054 -0.682266 -0.220522
0.983306 -0.006934 -0.181826
0.929790 -0.014009 -0.367824
0.983306 -0.006934 -0.181826
1.000000 -0.000208 0.000443
0.988381 -0.089790 0.122641
0.984967 -0.035883 -0.168974
-0.839369 0.000014 -0.543562
-0.836993 0.000013 -0.547214
-0.756170 0.000012 -0.654375
0.000002 -0.181964 -0.983305
0.000006 -0.000001 -1.000000
0.000006 -0.000001 -1.000000
0.245662 -0.000005 -0.969356
0.363309 -0.000007 -0.931669
0.186434 -0.000004 -0.982468
0.186434 -0.000004 -0.982468
0.363309 -0.000007 -0.931669
0.254359 -0.000005 -0.967110
-1.000000 0.000017 -0.000006
-1.000000 0.000017 -0.000006
-1.000000 0.000017 -0.000006
-1.000000 0.000017 -0.000006
-1.000000 0.000017 -0.000006
-1.000000 0.000017 -0.000006
1.000000 -0.000017 0.000005
1.000000 -0.000017 0.000005
1.000000 -0.000017 0.000005
0.000014 0.929789 0.368094
0.000015 0.978015 0.208534
0.000015 0.983306 0.181962
0.181978 0.955781 0.231014
0.000015 0.972011 0.234935
0.181978 0.952508 0.244158
0.000015 0.972011 0.234935
0.370948 0.902695 0.218037
0.000184 0.953063 0.302771
-0.387618 -0.335979 0.858412
-0.387558 -0.445254 0.807185
-0.134401 -0.588510 0.797240
-0.683858 -0.352401 0.638867
-0.387558 -0.445254 0.807185
-0.387618 -0.335979 0.858412
-0.830596 0.515632 0.210320
-0.943778 0.202376 0.261395
-0.799941 0.371721 0.471081
0.000017 0.820398 -0.571794
-0.181946 0.806704 -0.562249
0.000017 0.820398 -0.571794
0.096348 -0.995348 0.000002
-0.000017 -1.000000 0.000001
-0.000017 -1.000000 0.000001
0.000006 -0.000001 -1.000000
-0.186423 0.000002 -0.982470
-0.245651 0.000003 -0.969358
-0.000017 -0.999277 0.038016
-0.000017 -0.999277 0.038016
-0.000017 -0.999277 0.038016
-0.127447 -0.972318 0.195845
-0.394924 -0.756052 0.521940
-0.363404 -0.929210 0.067135
0.516435 0.479522 0.709474
0.414484 0.218337 0.883477
0.302989 0.509117 0.805604
0.302989 0.509117 0.805604
0.213331 0.717414 0.663179
0.369784 0.610717 0.700203
-1.000000 0.000017 -0.000006
-1.000000 0.000017 -0.000006
-1.000000 0.000017 -0.000006
-0.970552 -0.143062 0.193810
-0.970569 -0.167843 0.172696
-0.683953 -0.433260 0.586937
-1.000000 0.000017 -0.000006
-1.000000 0.000017 -0.000006
-1.000000 0.000017 -0.000006
-1.000000 0.000017 -0.000006
-1.000000 0.000017 -0.000006
-1.000000 0.000017 -0.000006
-0.135014 -0.792475 0.594772
-0.506636 -0.512572 0.693245
-0.264288 -0.616856 0.741377
-0.264288 -0.616856 0.741377
-0.506636 -0.512572 0.693245
-0.264377 -0.431415 0.862546
0.971153 0.223115 0.084150
0.982104 0.180937 0.052282
0.928657 0.356364 0.102960
0.929794 0.355258 0.096307
0.929794 0.353618 0.102167
0.983308 0.174798 0.050508
1.000000 -0.000017 0.000005
1.000000 -0.000017 0.000005
1.000000 -0.000017 0.000005
0.970508 -0.229703 0.073149
0.979867 -0.199506 0.007595
1.000000 -0.000017 0.000005
1.000000 -0.000017 0.000005
1.000000 -0.000017 0.000005
1.000000 -0.000017 0.000005
1.000000 -0.000017 0.000005
1.000000 -0.000017 0.000005
1.000000 -0.000017 0.000005
-0.783749 0.307065 0.539860
-0.506203 0.426363 0.749649
-0.506249 0.509946 0.695462
-0.783749 0.307065 0.539860
-0.783531 0.180293 0.594620
-0.506203 0.426363 0.749649
0.193995 -0.037291 -0.980293
0.382583 -0.035128 -0.923253
0.231232 -0.061578 -0.970948
0.368099 -0.035353 -0.929114
0.382688 -0.035129 -0.923210
0.193221 -0.037303 -0.980446
0.508041 0.811783 0.287929
0.265125 0.914917 0.304360
0.508039 0.805930 0.303930
0.508039 0.805930 0.303930
0.508038 0.799771 0.319786
0.684197 0.682386 0.257342
-0.929790 0.000016 0.368090
-0.929790 0.000016 0.368090
-0.836999 0.000015 0.547205
-0.000006 0.000001 1.000000
-0.181968 0.000004 0.983304
-0.000006 0.000001 1.000000
-0.368110 -0.929782 -0.000001
-0.538089 -0.836986 0.099570
-0.361966 -0.929782 0.066979
-1.000000 0.000017 -0.000006
-0.983308 -0.181947 -0.000005
-1.000000 0.000017 -0.000006
0.181980 0.806698 -0.562247
0.368110 0.762790 -0.531645
0.181980 0.806698 -0.562247
0.000017 0.820398 -0.571794
0.181980 0.806698 -0.562247
0.000017 0.820398 -0.571794
0.929782 -0.368110 0.000006
0.836986 -0.547224 0.000005
0.929782 -0.368110 0.000006
1.000000 -0.000017 0.000006
0.983302 -0.181980 0.000006
1.000000 -0.000017 0.000006
-1.000000 0.000017 -0.000006
-1.000000 0.000017 -0.000006
-1.000000 0.000017 -0.000006
0.000014 0.929789 0.368094
0.000015 0.983306 0.181962
0.000015 0.978015 0.208534
0.000002 -0.181964 -0.983305
0.000006 -0.000001 -1.000000
0.000006 -0.000001 -1.000000
-0.756170 0.000012 -0.654375
-0.839369 0.000014 -0.543562
-0.836993 0.000013 -0.547214
0.000013 0.462712 -0.886509
0.000013 0.462712 -0.886509
0.000009 0.234784 -0.972048
1.000000 -0.000017 0.000006
1.000000 -0.000017 0.000006
1.000000 -0.000017 0.000006
-0.684176 0.682409 0.257335
-0.864675 0.470025 0.177240
-0.684174 0.677196 0.270761
-0.864675 0.470025 0.177240
-0.684176 0.682409 0.257335
-0.839336 0.522259 0.150868
1.000000 -0.000017 0.000006
1.000000 -0.000017 0.000006
0.971153 0.223115 0.084150
1.000000 -0.000017 0.000006
0.971153 0.223115 0.084150
1.000000 -0.000017 0.000006
-1.000000 0.000017 -0.000006
-1.000000 0.000017 -0.000006
-1.000000 0.000017 -0.000006
-1.000000 0.000017 -0.000006
-1.000000 0.000017 -0.000006
-1.000000 0.000017 -0.000006
1.000000 -0.000017 0.000006
1.000000 -0.000017 0.000006
1.000000 -0.000017 0.000006
-0.000008 -0.181962 0.983306
-0.000006 0.000001 1.000000
-0.000006 0.000001 1.000000
0.783856 -0.601339 0.154794
0.711585 -0.702092 0.026714
0.506835 -0.834830 0.214891
0.506922 -0.770865 0.385742
0.783856 -0.601339 0.154794
0.506835 -0.834830 0.214891
-0.860455 -0.168413 0.480890
-0.621452 -0.258957 0.739418
-0.621266 -0.169135 0.765129
-0.621266 -0.169135 0.765129
-0.621452 -0.258957 0.739418
-0.234080 -0.209844 0.949301
-0.547198 0.806015 0.225644
-0.707096 0.680938 0.190626
-0.707097 0.679339 0.196248
-0.836988 0.525726 0.151869
-0.836988 0.526963 0.147519
-0.929783 0.353649 0.102157
-0.135546 0.853328 0.503447
-0.507966 0.741887 0.437693
-0.265071 0.819346 0.508341
-0.684178 0.628146 0.370585
-0.784131 0.541453 0.303263
-0.684182 0.619730 0.384487
-0.684087 -0.173476 0.708471
-0.683953 -0.433260 0.586937
-0.683858 -0.352401 0.638867
-0.683858 -0.352401 0.638867
-0.683953 -0.433260 0.586937
-0.387558 -0.445254 0.807185
0.684068 -0.508381 0.523067
0.970562 -0.167875 0.172706
0.970545 -0.143094 0.193821
1.000000 -0.000017 0.000005
1.000000 -0.000017 0.000005
1.000000 -0.000017 0.000005
0.387535 -0.445267 0.807189
0.683839 -0.352424 0.638875
0.683896 -0.265924 0.679390
0.683839 -0.352424 0.638875
0.684068 -0.508381 0.523067
0.683896 -0.265924 0.679390
0.001565 -0.939358 0.342934
-0.373322 -0.852848 0.365077
-0.373259 -0.886082 0.274841
-0.730075 -0.652655 0.202566
-0.373259 -0.886082 0.274841
-0.620970 -0.684951 0.381102
-0.264073 0.655450 0.707567
-0.506249 0.509946 0.695462
-0.134917 0.673348 0.726911
-0.783817 0.422019 0.455556
-0.684310 0.431188 0.588045
-0.506157 0.586086 0.632699
-0.706627 -0.026927 -0.707074
-0.547597 -0.031795 -0.836138
-0.482150 -0.079004 -0.872520
-0.182800 -0.037365 -0.982440
0.000005 -0.038016 -0.999277
-0.292535 -0.064118 -0.954103
0.861005 -0.109466 0.496676
0.861108 -0.167902 0.479897
0.990853 -0.029056 0.131781
0.621967 -0.258579 0.739117
0.861108 -0.167902 0.479897
0.861005 -0.109466 0.496676
-0.860163 0.372027 0.348878
-0.620252 0.572327 0.536404
-0.837914 0.450245 0.308512
-0.860163 0.372027 0.348878
-0.620318 0.487727 0.614271
-0.620252 0.572327 0.536404
0.574736 -0.000011 -0.818339
0.403521 -0.000008 -0.914970
0.469727 -0.000009 -0.882812
0.403521 -0.000008 -0.914970
0.574736 -0.000011 -0.818339
0.484796 -0.000009 -0.874627
-0.234080 -0.209844 0.949301
0.004880 -0.274294 0.961634
0.004759 -0.123696 0.992309
-0.621452 -0.258957 0.739418
-0.234174 -0.321347 0.917550
-0.234080 -0.209844 0.949301
-0.507963 0.751525 0.420931
-0.784131 0.541453 0.303263
-0.684178 0.628146 0.370585
-0.507961 0.760766 0.403993
-0.784131 0.541453 0.303263
-0.507963 0.751525 0.420931
-0.860274 -0.502595 0.085595
-0.620437 -0.773140 0.131576
-0.730075 -0.652655 0.202566
-0.860274 -0.502595 0.085595
-0.837929 -0.545385 0.020745
-0.620437 -0.773140 0.131576
-0.836987 0.529710 0.137329
-0.707096 0.684488 0.177459
-0.707096 0.687327 0.166120
-0.707096 0.684488 0.177459
-0.836988 0.528945 0.140246
-0.836988 0.527768 0.144613
0.508036 0.779475 0.366494
0.508037 0.764135 0.397489
0.784152 0.561588 0.264053
0.508037 0.764135 0.397489
0.508036 0.779475 0.366494
0.135583 0.859869 0.492182
-0.836999 0.000015 0.547205
-0.707111 0.000013 0.707103
-0.830410 0.000015 0.557153
-0.707111 0.000013 0.707103
-0.836999 0.000015 0.547205
-0.850470 0.000015 0.526024
0.373500 0.342419 0.862118
0.373612 0.207228 0.904141
0.621488 0.289128 0.728119
0.373500 0.342419 0.862118
0.621488 0.289128 0.728119
0.621116 0.393248 0.677917
0.373519 0.069360 0.925026
0.373455 -0.066129 0.925288
0.621685 0.058534 0.781077
0.373519 0.069360 0.925026
0.621685 0.058534 0.781077
0.621727 0.174935 0.763449
-0.620577 0.393307 0.678376
-0.620954 0.289050 0.728606
-0.372975 0.465450 0.802649
-0.620577 0.393307 0.678376
-0.372975 0.465450 0.802649
-0.372894 0.577036 0.726622
0.620563 -0.701291 0.350845
0.620308 -0.759601 0.195512
0.373855 -0.829447 0.415031
0.620563 -0.701291 0.350845
0.373855 -0.829447 0.415031
0.620621 -0.627178 0.470614
0.983302 -0.181848 0.006923
1.000000 -0.000017 0.000006
0.983302 -0.181848 0.006923
0.964295 -0.252992 0.078291
0.930351 -0.366404 0.013944
1.000000 -0.000017 0.000006
-0.000006 0.000001 1.000000
-0.000009 -0.208534 0.978015
-0.000008 -0.181962 0.983306
-0.554710 -0.306263 0.773628
-0.554705 0.000010 0.832047
-0.554707 -0.151392 0.818157
-0.783489 -0.573337 0.239645
-0.683937 -0.630405 0.367177
-0.684091 -0.508358 0.523060
-0.387496 -0.796605 0.463969
-0.683937 -0.630405 0.367177
-0.783489 -0.573337 0.239645
0.373455 -0.066129 0.925288
0.373543 -0.199602 0.905884
0.621653 -0.055862 0.781298
0.373455 -0.066129 0.925288
0.621653 -0.055862 0.781298
0.621685 0.058534 0.781077
0.373608 -0.572743 0.729645
0.621796 -0.483557 0.616070
0.622070 -0.347573 0.701585
0.373608 -0.572743 0.729645
0.502278 -0.657467 0.561653
0.621796 -0.483557 0.616070
0.373309 0.465577 0.802420
0.621116 0.393248 0.677917
0.620860 0.487548 0.613864
0.373309 0.465577 0.802420
0.373500 0.342419 0.862118
0.621116 0.393248 0.677917
0.234545 -0.739131 0.631407
0.502278 -0.657467 0.561653
0.373608 -0.572743 0.729645
0.234920 -0.849756 0.471940
0.502278 -0.657467 0.561653
0.234545 -0.739131 0.631407
-0.507961 0.760766 0.403993
-0.135535 0.875042 0.464684
-0.507960 0.769612 0.386878
-0.684170 0.644136 0.342054
-0.684166 0.651627 0.327565
-0.784131 0.541453 0.303263
-0.620591 -0.701270 0.350838
-0.373788 -0.898220 0.231266
-0.620335 -0.759580 0.195505
-0.373788 -0.898220 0.231266
-0.370969 -0.927974 0.035302
-0.620335 -0.759580 0.195505
0.000008 0.181962 -0.983306
0.000006 -0.000001 -1.000000
0.000006 -0.000001 -1.000000
1.000000 -0.000017 0.000006
1.000000 -0.000017 0.000006
1.000000 -0.000017 0.000006
-0.707111 0.000013 0.707103
-0.707111 0.000013 0.707103
-0.836999 0.000015 0.547205
-1.000000 0.000017 -0.000006
-0.983306 0.000017 0.181958
-1.000000 0.000017 -0.000006
0.000011 0.850468 0.526028
0.213331 0.717414 0.663179
0.000006 0.622105 0.782934
0.302989 0.509117 0.805604
0.088673 0.660549 0.745528
0.213331 0.717414 0.663179
-0.620318 0.487727 0.614271
-0.620577 0.393307 0.678376
-0.372894 0.577036 0.726622
-0.620318 0.487727 0.614271
-0.372894 0.577036 0.726622
-0.620252 0.572327 0.536404
1.000000 -0.000017 0.000006
1.000000 -0.000017 0.000006
1.000000 -0.000017 0.000006
1.000000 -0.000017 0.000006
1.000000 -0.000017 0.000006
1.000000 -0.000017 0.000006
1.000000 -0.000017 0.000006
1.000000 -0.000017 0.000006
1.000000 -0.000017 0.000006
1.000000 -0.000017 0.000006
1.000000 -0.000017 0.000006
1.000000 -0.000017 0.000006
0.181968 -0.000004 -0.983304
0.181968 -0.000004 -0.983304
0.368100 -0.000007 -0.929786
0.000006 -0.000001 -1.000000
0.181968 -0.000004 -0.983304
0.000006 -0.000001 -1.000000
-0.543597 0.692391 0.474444
-0.620252 0.572327 0.536404
-0.370949 0.766060 0.524928
-0.508020 0.729685 0.457686
-0.545780 0.691221 0.473642
-0.366637 0.767471 0.525895
-0.000017 -1.000000 0.000001
-0.000017 -1.000000 0.000001
-0.000017 -1.000000 0.000001
-0.787185 -0.547197 -0.284457
-0.929357 -0.368079 -0.028506
-0.825570 -0.547196 -0.137882
0.373612 0.207228 0.904141
0.621727 0.174935 0.763449
0.621488 0.289128 0.728119
0.373612 0.207228 0.904141
0.373519 0.069360 0.925026
0.621727 0.174935 0.763449
-0.000011 -0.368094 0.929789
-0.000014 -0.547209 0.836996
-0.000012 -0.420519 0.907284
0.554690 -0.349902 0.754909
0.554687 -0.588357 0.588352
0.554689 -0.455315 0.696426
0.000006 -0.000001 -1.000000
-0.181958 0.000002 -0.983306
0.000006 -0.000001 -1.000000
-0.707098 0.327199 -0.626860
-0.547202 0.196522 -0.813603
-0.547205 0.000008 -0.836999
-0.000011 -0.368094 0.929789
-0.000008 -0.181962 0.983306
-0.000008 -0.181962 0.983306
-1.000000 0.000017 -0.000006
-1.000000 0.000017 -0.000006
-1.000000 0.000017 -0.000006
0.000011 0.368094 -0.929789
0.000008 0.181962 -0.983306
0.000008 0.181962 -0.983306
-1.000000 0.000017 -0.000006
-1.000000 0.000017 -0.000006
-1.000000 0.000017 -0.000006
0.000006 -0.000001 -1.000000
-0.254348 0.000003 -0.967113
-0.186423 0.000002 -0.982470
-0.000017 -1.000000 0.000001
-0.000017 -1.000000 0.000001
-0.000017 -1.000000 0.000001
-0.000433 0.724602 0.689167
0.373300 0.677066 0.634215
0.188368 0.810143 0.555145
-0.000433 0.724602 0.689167
0.235052 0.604575 0.761078
0.373300 0.677066 0.634215
0.414484 0.218337 0.883477
0.631870 0.345312 0.693902
0.620600 0.000766 0.784127
0.414484 0.218337 0.883477
0.620600 0.000766 0.784127
0.000001 0.000012 1.000000
0.704553 -0.200585 0.680714
0.338673 -0.468463 0.815992
0.512612 -0.443978 0.734924
0.132062 -0.653409 0.745396
0.290205 -0.643289 0.708492
0.154715 -0.483643 0.861483
-0.860455 -0.168413 0.480890
-0.860522 -0.226117 0.456478
-0.621452 -0.258957 0.739418
-0.860522 -0.226117 0.456478
-0.860455 -0.168413 0.480890
-0.990812 -0.029183 0.132064
1.000000 -0.000017 0.000006
0.983304 -0.000016 0.181968
1.000000 -0.000017 0.000006
0.547205 -0.000008 0.836999
0.547205 -0.000008 0.836999
0.707103 -0.000011 0.707111
-0.836987 0.529710 0.137329
-0.707096 0.687327 0.166120
-0.836987 0.531908 0.128554
-0.394786 0.426581 0.813740
-0.610722 0.369791 0.700196
-0.479526 0.516437 0.709470
-0.134485 0.287497 0.948293
-0.000002 0.186762 0.982405
-0.000001 0.249328 0.968419
-0.134485 0.287497 0.948293
-0.134433 0.072548 0.988263
0.001294 0.188521 0.982068
0.373692 -0.306291 0.875523
0.621967 -0.258579 0.739117
0.621784 -0.168540 0.764839
0.373692 -0.306291 0.875523
0.373787 -0.411747 0.831112
0.621967 -0.258579 0.739117
-1.000000 0.000017 -0.000006
-1.000000 0.000017 -0.000006
-1.000000 0.000017 -0.000006
-1.000000 0.000017 -0.000006
-1.000000 0.000017 -0.000006
-1.000000 0.000017 -0.000006
-1.000000 0.000017 -0.000006
-1.000000 0.000017 -0.000006
-1.000000 0.000017 -0.000006
-1.000000 0.000017 -0.000006
-1.000000 0.000017 -0.000006
-1.000000 0.000017 -0.000006
0.707103 -0.000011 0.707111
0.836993 -0.000013 0.547214
0.707103 -0.000011 0.707111
0.772291 0.109585 0.625746
0.836993 -0.000013 0.547214
0.707103 -0.000011 0.707111
0.373787 -0.411747 0.831112
0.622070 -0.347573 0.701585
0.621967 -0.258579 0.739117
0.373787 -0.411747 0.831112
0.373608 -0.572743 0.729645
0.622070 -0.347573 0.701585
-0.454017 -0.707100 -0.542105
-0.358356 -0.707101 -0.609581
-0.537411 -0.547201 -0.641685
-0.469718 0.000007 -0.882817
-0.522631 0.000008 -0.852559
-0.657900 0.000010 -0.753105
-0.621159 0.058182 0.781522
-0.621131 -0.056336 0.781679
-0.373198 0.068903 0.925190
-0.621159 0.058182 0.781522
-0.373198 0.068903 0.925190
-0.373287 0.206864 0.904359
0.159669 -0.614852 -0.772310
0.474256 -0.529550 -0.703319
0.474252 -0.703331 -0.529538
-0.000015 -0.983306 -0.181962
-0.000017 -1.000000 0.000001
-0.110377 -0.965431 -0.236135
-0.780936 0.000012 -0.624611
-0.881342 0.000014 -0.472478
-0.816241 0.000013 -0.577712
-0.881342 0.000014 -0.472478
-0.780936 0.000012 -0.624611
-0.834217 0.000013 -0.551436
-0.000771 0.620600 0.784127
-0.394786 0.426581 0.813740
-0.345315 0.631871 0.693900
-0.218339 0.414482 0.883478
-0.000771 0.620600 0.784127
-0.000005 0.000019 1.000000
-0.860434 -0.227896 0.455760
-0.942726 -0.087904 0.321778
-0.800022 -0.165979 0.576554
-0.714085 -0.572695 0.402620
-0.816115 -0.364134 0.448735
-0.934443 -0.301882 0.188902
0.134722 0.489865 0.861326
0.506209 0.426346 0.749655
0.506258 0.509929 0.695468
0.506209 0.426346 0.749655
0.684221 0.360524 0.633927
0.684318 0.431165 0.588053
0.881348 -0.000015 -0.472468
0.780943 -0.000014 -0.624602
0.816247 -0.000014 -0.577703
0.780943 -0.000014 -0.624602
0.881348 -0.000015 -0.472468
0.834224 -0.000015 -0.551427
-1.000000 0.000017 -0.000005
-1.000000 0.000017 -0.000005
-0.971147 0.221443 0.088530
-0.971147 0.221443 0.088530
-0.864675 0.470025 0.177240
-0.971147 0.223148 0.084140
0.373543 -0.199602 0.905884
0.621784 -0.168540 0.764839
0.621653 -0.055862 0.781298
0.373543 -0.199602 0.905884
0.373692 -0.306291 0.875523
0.621784 -0.168540 0.764839
-0.000008 -0.707108 -0.707106
-0.000005 -0.547211 -0.836995
-0.000005 -0.547211 -0.836995
0.547214 -0.000010 -0.836992
0.707111 -0.000013 -0.707103
0.477730 -0.000009 -0.878507
0.926523 -0.168320 0.336487
0.970769 -0.131419 0.200842
0.970770 -0.153519 0.184492
1.000000 -0.000017 0.000005
1.000000 -0.000017 0.000005
1.000000 -0.000017 0.000005
-0.628083 0.143365 0.764826
-0.332282 0.306822 0.891879
-0.000023 0.000001 1.000000
-0.332282 0.306822 0.891879
-0.628083 0.143365 0.764826
-0.631866 0.345334 0.693895
0.000002 -0.181964 -0.983305
0.000002 -0.181964 -0.983305
-0.000001 -0.368096 -0.929788
0.207920 -0.000005 -0.978146
0.181968 -0.000004 -0.983304
0.368100 -0.000007 -0.929786
0.308095 -0.589633 -0.746599
0.496819 -0.465168 -0.732659
0.278538 -0.737729 -0.614957
-0.000012 -0.857178 -0.515020
0.091437 -0.753015 -0.651619
-0.000012 -0.857193 -0.514995
-0.684173 0.647023 0.336554
-0.684171 0.660013 0.310311
-0.684172 0.671725 0.284065
-0.135555 0.919959 0.367833
-0.508014 0.779492 0.366488
-0.508015 0.764152 0.397483
-0.748321 -0.321238 -0.580364
-0.703327 -0.474250 -0.529545
-0.839877 -0.438019 -0.320540
-1.000000 0.000017 -0.000006
-0.983304 0.000016 -0.181968
-1.000000 0.000017 -0.000006
0.265093 0.819337 0.508344
0.507987 0.731932 0.454119
0.507986 0.741870 0.437699
0.265093 0.819337 0.508344
0.507986 0.741870 0.437699
0.507984 0.751508 0.420937
0.000015 0.974134 0.225972
0.000015 0.972011 0.234935
0.000015 0.972011 0.234935
-0.199600 0.952558 0.229767
-0.351318 0.890858 0.288007
-0.384980 0.897115 0.216737
0.181968 -0.000004 -0.983304
0.181972 0.230861 -0.955819
0.368100 -0.000007 -0.929786
0.707113 0.166005 -0.687338
0.837004 0.362905 -0.409542
0.837001 0.128462 -0.531909
0.771533 -0.526154 -0.357629
0.474252 -0.703331 -0.529538
0.474256 -0.529550 -0.703319
1.000000 -0.000017 0.000006
0.983306 -0.000017 -0.181958
1.000000 -0.000017 0.000006
-0.477767 -0.621129 0.621238
-0.124619 -0.842106 0.524717
-0.346411 -0.637447 0.688230
-0.699781 -0.402436 0.590214
-0.553897 -0.435490 0.709610
-0.800938 -0.166096 0.575248
-0.387755 0.067492 0.919288
-0.134433 0.072548 0.988263
-0.134485 0.287497 0.948293
-0.387755 0.067492 0.919288
-0.387896 -0.094552 0.916841
-0.134433 0.072548 0.988263
0.181978 0.947622 0.262482
0.181977 0.944672 0.272909
0.368108 0.893254 0.258057
0.000015 0.960714 0.277542
0.181978 0.947622 0.262482
0.181978 0.950457 0.252023
0.983302 -0.181980 0.000006
0.929782 -0.368110 0.000006
0.983302 -0.181980 0.000006
0.990750 -0.108543 0.081439
1.000000 -0.000017 0.000006
1.000000 -0.000017 0.000006
1.000000 -0.000017 0.000006
0.983304 -0.000016 0.181968
1.000000 -0.000017 0.000006
0.707103 -0.000011 0.707111
0.836993 -0.000013 0.547214
0.707103 -0.000011 0.707111
0.000005 -0.038016 -0.999277
0.000005 -0.038016 -0.999277
-0.181958 -0.037379 -0.982596
-0.368090 -0.035341 -0.929118
-0.181958 -0.037379 -0.982596
-0.368090 -0.035341 -0.929118
0.970813 -0.214483 0.107329
0.970809 -0.191837 0.143972
1.000000 -0.000017 0.000005
1.000000 -0.000017 0.000005
0.970813 -0.214483 0.107329
1.000000 -0.000017 0.000005
-0.756170 0.000012 -0.654375
-0.682378 0.000011 -0.730999
-0.839369 0.000014 -0.543562
-0.868610 -0.476422 -0.136154
-0.764472 -0.577097 -0.287303
-0.708748 -0.704344 -0.039696
0.930362 0.302441 0.207260
0.990861 0.049753 0.125378
0.982952 0.151663 0.103943
1.000000 -0.000017 0.000006
0.928656 0.305988 0.209691
1.000000 -0.000017 0.000006
-0.368081 0.893266 0.258053
-0.368081 0.895369 0.250662
-0.547198 0.804122 0.232298
-0.181949 0.944678 0.272907
-0.181949 0.946901 0.265090
-0.368081 0.893266 0.258053
-0.574727 0.000009 -0.818345
-0.403511 0.000006 -0.914975
-0.484786 0.000007 -0.874633
-0.403511 0.000006 -0.914975
-0.574727 0.000009 -0.818345
-0.469718 0.000007 -0.882817
-0.236884 -0.957905 -0.162183
-0.514653 -0.836987 -0.185971
-0.346201 -0.929783 -0.125098
-0.346201 -0.929783 -0.125098
-0.514653 -0.836987 -0.185971
-0.539748 -0.836987 -0.090144
-0.837005 -0.547196 -0.000004
-0.837005 -0.547196 -0.000004
-0.707119 -0.707095 -0.000003
-0.000017 -1.000000 0.000001
-0.181980 -0.983302 0.000000
-0.000017 -1.000000 0.000001
-0.000006 0.000001 1.000000
-0.000008 -0.181962 0.983306
-0.000006 0.000001 1.000000
0.159659 -0.772314 0.614850
0.474246 -0.703330 0.529545
0.474248 -0.529549 0.703325
-0.992765 0.000017 -0.120074
-0.946437 0.000016 -0.322890
-0.997505 0.000017 -0.070595
-0.000017 -1.000000 0.000001
-0.000017 -1.000000 0.000001
-0.000017 -1.000000 0.000001
0.134370 -0.235692 0.962494
0.387763 -0.219244 0.895306
0.387883 -0.094565 0.916845
0.134370 -0.235692 0.962494
0.263846 -0.351568 0.898212
0.387763 -0.219244 0.895306
-0.621196 0.174707 0.763932
-0.621159 0.058182 0.781522
-0.373287 0.206864 0.904359
-0.621196 0.174707 0.763932
-0.373287 0.206864 0.904359
-0.620954 0.289050 0.728606
0.683833 -0.433794 0.586682
0.783814 -0.496674 0.372760
0.506632 -0.551435 0.662755
0.683833 -0.433794 0.586682
0.506632 -0.551435 0.662755
0.388079 -0.412275 0.824272
-0.970817 -0.191804 0.143961
-0.970821 -0.214450 0.107318
-1.000000 0.000017 -0.000006
-1.000000 0.000017 -0.000006
-1.000000 0.000017 -0.000006
-1.000000 0.000017 -0.000006
-1.000000 0.000017 -0.000006
-1.000000 0.000017 -0.000006
-1.000000 0.000017 -0.000006
-0.554694 0.588358 0.588345
-0.554691 0.696432 0.455302
-0.554697 0.455316 0.696419
-0.983308 -0.181947 -0.000005
-0.929795 -0.368079 -0.000005
-0.983308 -0.181947 -0.000005
-1.000000 0.000017 -0.000005
-1.000000 0.000017 -0.000005
-0.990755 -0.108510 0.081428
-0.621013 -0.595696 0.509402
-0.730210 -0.560620 0.390512
-0.620970 -0.684951 0.381102
-0.860310 -0.387397 0.331345
-0.860334 -0.418243 0.291374
-0.621013 -0.595696 0.509402
-0.000016 -0.989506 -0.144490
-0.000017 -0.999277 0.038016
-0.000017 -0.999277 0.038016
0.000002 -0.219209 -0.975678
-0.000002 -0.403158 -0.915131
-0.114876 -0.295570 -0.948389
-0.373887 -0.829434 0.415027
-0.620591 -0.701270 0.350838
-0.620647 -0.627157 0.470607
-0.373887 -0.829434 0.415027
-0.373788 -0.898220 0.231266
-0.620591 -0.701270 0.350838
-0.621287 -0.483656 0.616506
-0.373307 -0.572644 0.729877
-0.621557 -0.347740 0.701958
-0.621287 -0.483656 0.616506
-0.621013 -0.595696 0.509402
-0.373307 -0.572644 0.729877
0.134467 -0.690634 0.710594
0.387697 -0.642456 0.661015
0.387600 -0.547479 0.741642
0.134467 -0.690634 0.710594
0.134526 -0.782042 0.608534
0.387697 -0.642456 0.661015
-1.000000 0.000017 -0.000006
-1.000000 0.000017 -0.000006
-1.000000 0.000017 -0.000006
-1.000000 0.000017 -0.000006
-1.000000 0.000017 -0.000006
-1.000000 0.000017 -0.000006
0.000002 -0.181964 -0.983305
0.000006 -0.000001 -1.000000
0.000006 -0.000001 -1.000000
-0.159685 -0.772310 -0.614848
-0.474270 -0.703315 -0.529544
-0.474266 -0.529535 -0.703324
-0.373615 -0.507768 0.776262
-0.373679 -0.415043 0.829520
0.000511 -0.443102 0.896471
-0.729335 -0.306023 0.611899
-0.373679 -0.415043 0.829520
-0.373615 -0.507768 0.776262
-0.135088 -0.886085 0.443402
-0.388279 -0.737047 0.553174
-0.135014 -0.792475 0.594772
-0.388279 -0.737047 0.553174
-0.506636 -0.512572 0.693245
-0.135014 -0.792475 0.594772
-0.729345 -0.406752 0.550098
-0.620647 -0.627157 0.470607
-0.860388 -0.302976 0.409803
-0.729335 -0.306023 0.611899
-0.729345 -0.406752 0.550098
-0.860388 -0.302976 0.409803
0.960789 -0.270793 0.059634
0.983455 -0.110264 -0.143727
0.990723 -0.102116 0.089663
1.000000 -0.000208 0.000443
0.942426 -0.088152 0.322588
0.988381 -0.089790 0.122641
-0.000017 -1.000000 0.000001
-0.000017 -1.000000 0.000001
-0.000017 -1.000000 0.000001
-0.208398 0.000002 -0.978044
-0.245651 0.000003 -0.969358
0.000006 -0.000001 -1.000000
-0.000017 -1.000000 0.000001
-0.000017 -1.000000 0.000001
-0.000017 -1.000000 0.000001
-0.000018 -0.929788 0.368096
-0.000018 -0.929788 0.368096
-0.000017 -0.836995 0.547211
-1.000000 0.000017 -0.000006
-1.000000 0.000017 -0.000006
-1.000000 0.000017 -0.000006
-1.000000 0.000017 -0.000006
-1.000000 0.000017 -0.000006
-1.000000 0.000017 -0.000006
1.000000 -0.000017 0.000006
1.000000 -0.000017 0.000006
1.000000 -0.000017 0.000006
1.000000 -0.000017 0.000006
1.000000 -0.000017 0.000006
1.000000 -0.000017 0.000006
-1.000000 0.000017 -0.000006
-1.000000 0.000017 -0.000006
-1.000000 0.000017 -0.000006
-1.000000 0.000017 -0.000006
-1.000000 0.000017 -0.000006
-1.000000 0.000017 -0.000006
-1.000000 0.000017 -0.000006
-1.000000 0.000017 -0.000006
-1.000000 0.000017 -0.000006
-1.000000 0.000017 -0.000006
-1.000000 0.000017 -0.000006
-1.000000 0.000017 -0.000006
1.000000 -0.000017 0.000006
1.000000 -0.000017 0.000006
1.000000 -0.000017 0.000006
1.000000 -0.000017 0.000006
1.000000 -0.000017 0.000006
1.000000 -0.000017 0.000006
-1.000000 0.000017 -0.000006
-1.000000 0.000017 -0.000006
-1.000000 0.000017 -0.000006
-1.000000 0.000017 -0.000006
-1.000000 0.000017 -0.000006
-1.000000 0.000017 -0.000006
1.000000 -0.000017 0.000006
1.000000 -0.000017 0.000006
1.000000 -0.000017 0.000006
1.000000 -0.000017 0.000006
1.000000 -0.000017 0.000006
1.000000 -0.000017 0.000006
-1.000000 0.000017 -0.000006
-1.000000 0.000017 -0.000006
-1.000000 0.000017 -0.000006
-1.000000 0.000017 -0.000006
-1.000000 0.000017 -0.000006
-1.000000 0.000017 -0.000006
1.000000 -0.000017 0.000006
1.000000 -0.000017 0.000006
1.000000 -0.000017 0.000006
1.000000 -0.000017 0.000006
1.000000 -0.000017 0.000006
1.000000 -0.000017 0.000006
1.000000 -0.000017 0.000006
1.000000 -0.000017 0.000006
1.000000 -0.000017 0.000006
1.000000 -0.000017 0.000006
1.000000 -0.000017 0.000006
1.000000 -0.000017 0.000006
-1.000000 0.000017 -0.000006
-1.000000 0.000017 -0.000006
-1.000000 0.000017 -0.000006
-1.000000 0.000017 -0.000006
-1.000000 0.000017 -0.000006
-1.000000 0.000017 -0.000006
-1.000000 0.000017 -0.000006
-1.000000 0.000017 -0.000006
-1.000000 0.000017 -0.000006
-1.000000 0.000017 -0.000006
-1.000000 0.000017 -0.000006
-1.000000 0.000017 -0.000006
1.000000 -0.000017 0.000006
1.000000 -0.000017 0.000006
1.000000 -0.000017 0.000006
1.000000 -0.000017 0.000006
1.000000 -0.000017 0.000006
1.000000 -0.000017 0.000006
1.000000 -0.000017 0.000006
1.000000 -0.000017 0.000006
1.000000 -0.000017 0.000006
1.000000 -0.000017 0.000006
1.000000 -0.000017 0.000006
1.000000 -0.000017 0.000006
1.000000 -0.000017 0.000006
1.000000 -0.000017 0.000006
1.000000 -0.000017 0.000006
1.000000 -0.000017 0.000006
1.000000 -0.000017 0.000006
1.000000 -0.000017 0.000006
-1.000000 0.000017 -0.000006
-1.000000 0.000017 -0.000006
-1.000000 0.000017 -0.000006
-1.000000 0.000017 -0.000006
-1.000000 0.000017 -0.000006
-1.000000 0.000017 -0.000006
1.000000 -0.000017 0.000006
1.000000 -0.000017 0.000006
1.000000 -0.000017 0.000006
1.000000 -0.000017 0.000006
1.000000 -0.000017 0.000006
1.000000 -0.000017 0.000006
-0.000017 -0.836995 0.547211
-0.099589 -0.836993 0.538075
-0.000016 -0.707106 0.707108
-0.000014 -0.547209 0.836996
-0.128683 -0.707104 0.695302
-0.260298 -0.707102 0.657459
0.508039 0.805930 0.303930
0.684197 0.682386 0.257342
0.684199 0.687340 0.243794
0.684199 0.687340 0.243794
0.684197 0.682386 0.257342
0.839352 0.522231 0.150877
-1.000000 0.000017 -0.000006
-1.000000 0.000017 -0.000006
-1.000000 0.000017 -0.000006
-1.000000 0.000017 -0.000006
-1.000000 0.000017 -0.000006
-1.000000 0.000017 -0.000006
1.000000 -0.000017 0.000006
1.000000 -0.000017 0.000006
1.000000 -0.000017 0.000006
1.000000 -0.000017 0.000006
1.000000 -0.000017 0.000006
1.000000 -0.000017 0.000006
1.000000 -0.000017 0.000006
1.000000 -0.000017 0.000006
1.000000 -0.000017 0.000006
1.000000 -0.000017 0.000006
1.000000 -0.000017 0.000006
1.000000 -0.000017 0.000006
1.000000 -0.000017 0.000006
1.000000 -0.000017 0.000006
1.000000 -0.000017 0.000006
1.000000 -0.000017 0.000006
1.000000 -0.000017 0.000006
1.000000 -0.000017 0.000006
-1.000000 0.000017 -0.000006
-1.000000 0.000017 -0.000006
-1.000000 0.000017 -0.000006
-1.000000 0.000017 -0.000006
-1.000000 0.000017 -0.000006
-1.000000 0.000017 -0.000006
1.000000 -0.000017 0.000006
1.000000 -0.000017 0.000006
1.000000 -0.000017 0.000006
1.000000 -0.000017 0.000006
1.000000 -0.000017 0.000006
1.000000 -0.000017 0.000006
1.000000 -0.000017 0.000006
1.000000 -0.000017 0.000006
1.000000 -0.000017 0.000006
1.000000 -0.000017 0.000006
1.000000 -0.000017 0.000006
1.000000 -0.000017 0.000006
-1.000000 0.000017 -0.000006
-1.000000 0.000017 -0.000006
-1.000000 0.000017 -0.000006
-1.000000 0.000017 -0.000006
-1.000000 0.000017 -0.000006
-1.000000 0.000017 -0.000006
-1.000000 0.000017 -0.000006
-1.000000 0.000017 -0.000006
-1.000000 0.000017 -0.000006
-1.000000 0.000017 -0.000006
-1.000000 0.000017 -0.000006
-1.000000 0.000017 -0.000006
1.000000 -0.000017 0.000006
1.000000 -0.000017 0.000006
1.000000 -0.000017 0.000006
1.000000 -0.000017 0.000006
1.000000 -0.000017 0.000006
1.000000 -0.000017 0.000006
-1.000000 0.000017 -0.000006
-1.000000 0.000017 -0.000006
-1.000000 0.000017 -0.000006
-1.000000 0.000017 -0.000006
-1.000000 0.000017 -0.000006
-1.000000 0.000017 -0.000006
-1.000000 0.000017 -0.000006
-1.000000 0.000017 -0.000006
-1.000000 0.000017 -0.000006
-1.000000 0.000017 -0.000006
-1.000000 0.000017 -0.000006
-1.000000 0.000017 -0.000006
1.000000 -0.000017 0.000006
1.000000 -0.000017 0.000006
1.000000 -0.000017 0.000006
1.000000 -0.000017 0.000006
1.000000 -0.000017 0.000006
1.000000 -0.000017 0.000006
-1.000000 0.000017 -0.000006
-1.000000 0.000017 -0.000006
-1.000000 0.000017 -0.000006
-1.000000 0.000017 -0.000006
-1.000000 0.000017 -0.000006
-1.000000 0.000017 -0.000006
1.000000 -0.000017 0.000006
1.000000 -0.000017 0.000006
1.000000 -0.000017 0.000006
1.000000 -0.000017 0.000006
1.000000 -0.000017 0.000006
1.000000 -0.000017 0.000006
-0.387726 -0.642443 0.661011
-0.387665 -0.727501 0.566091
-0.134498 -0.690629 0.710592
-0.387726 -0.642443 0.661011
-0.134498 -0.690629 0.710592
-0.134401 -0.588510 0.797240
-1.000000 0.000017 -0.000006
-1.000000 0.000017 -0.000006
-1.000000 0.000017 -0.000006
-1.000000 0.000017 -0.000006
-1.000000 0.000017 -0.000006
-1.000000 0.000017 -0.000006
1.000000 -0.000017 0.000006
1.000000 -0.000017 0.000006
1.000000 -0.000017 0.000006
1.000000 -0.000017 0.000006
1.000000 -0.000017 0.000006
1.000000 -0.000017 0.000006
-0.001449 0.034673 0.999398
0.263974 0.070613 0.961942
0.263895 0.279848 0.923062
-0.001449 0.034673 0.999398
0.134429 -0.101663 0.985695
0.263974 0.070613 0.961942
-1.000000 0.000017 -0.000006
-1.000000 0.000017 -0.000006
-1.000000 0.000017 -0.000006
-1.000000 0.000017 -0.000006
-1.000000 0.000017 -0.000006
-1.000000 0.000017 -0.000006
1.000000 -0.000017 0.000006
1.000000 -0.000017 0.000006
1.000000 -0.000017 0.000006
1.000000 -0.000017 0.000006
1.000000 -0.000017 0.000006
1.000000 -0.000017 0.000006
-1.000000 0.000017 -0.000006
-1.000000 0.000017 -0.000006
-1.000000 0.000017 -0.000006
-1.000000 0.000017 -0.000006
-1.000000 0.000017 -0.000006
-1.000000 0.000017 -0.000006
-1.000000 0.000017 -0.000006
-1.000000 0.000017 -0.000006
-1.000000 0.000017 -0.000006
-1.000000 0.000017 -0.000006
-1.000000 0.000017 -0.000006
-1.000000 0.000017 -0.000006
1.000000 -0.000017 0.000006
1.000000 -0.000017 0.000006
1.000000 -0.000017 0.000006
1.000000 -0.000017 0.000006
1.000000 -0.000017 0.000006
1.000000 -0.000017 0.000006
1.000000 -0.000017 0.000006
1.000000 -0.000017 0.000006
1.000000 -0.000017 0.000006
1.000000 -0.000017 0.000006
1.000000 -0.000017 0.000006
1.000000 -0.000017 0.000006
-0.128685 -0.983303 0.128668
-0.066997 -0.983304 0.169188
-0.000017 -1.000000 0.000001
-0.000017 -1.000000 0.000001
-0.000017 -1.000000 0.000001
-0.000017 -1.000000 0.000001
1.000000 -0.000017 0.000005
1.000000 -0.000017 0.000005
1.000000 -0.000017 0.000005
0.554702 -0.151413 -0.818156
0.554705 -0.000010 -0.832047
0.554699 -0.306283 -0.773627
-0.574727 0.000009 -0.818345
-0.657900 0.000010 -0.753105
-0.469718 0.000007 -0.882817
-0.358356 -0.707101 -0.609581
-0.537411 -0.547201 -0.641685
-0.454017 -0.707100 -0.542105
-0.368081 0.898737 0.238303
-0.547198 0.806015 0.225644
-0.368081 0.896736 0.245724
-0.368081 0.896736 0.245724
-0.547198 0.806015 0.225644
-0.368081 0.895369 0.250662
0.729318 -0.306047 0.611907
0.860373 -0.303005 0.409813
0.729371 -0.437583 0.525869
0.729371 -0.437583 0.525869
0.860373 -0.303005 0.409813
0.860551 -0.407426 0.305706
0.403527 -0.459617 0.791150
0.210562 -0.479919 0.851670
0.346382 -0.637458 0.688234
0.127412 -0.972322 0.195847
0.394893 -0.756065 0.521944
0.143742 -0.939801 0.310019
-0.000017 -1.000000 0.000001
-0.000017 -1.000000 0.000001
-0.000017 -1.000000 0.000001
-0.000017 -0.836995 0.547211
-0.000016 -0.707106 0.707108
-0.000017 -0.836995 0.547211
-0.000008 -0.181962 0.983306
-0.000006 0.000001 1.000000
-0.000006 0.000001 1.000000
1.000000 -0.000017 0.000006
1.000000 -0.000017 0.000006
1.000000 -0.000017 0.000006
-0.537411 -0.547201 -0.641685
-0.638287 -0.547200 -0.541445
-0.454017 -0.707100 -0.542105
-0.122980 -0.987048 -0.103015
-0.000017 -1.000000 0.000001
-0.000017 -1.000000 0.000001
-0.620970 -0.684951 0.381102
-0.730210 -0.628050 0.268975
-0.730075 -0.652655 0.202566
-0.860412 -0.468431 0.200658
-0.964118 -0.231963 0.129111
-0.860369 -0.486753 0.151118
0.683914 -0.695153 0.221412
0.505861 -0.841826 0.188237
0.555998 -0.830583 0.031601
0.505861 -0.841826 0.188237
0.683914 -0.695153 0.221412
0.683865 -0.673166 0.281383
0.373656 -0.415055 0.829524
0.501461 -0.387111 0.773745
0.501460 -0.473511 0.724103
0.373656 -0.415055 0.829524
0.501460 -0.473511 0.724103
0.236020 -0.577867 0.781258
0.134372 -0.588515 0.797242
0.387600 -0.547479 0.741642
0.387535 -0.445267 0.807189
0.134372 -0.588515 0.797242
0.134467 -0.690634 0.710594
0.387600 -0.547479 0.741642
-0.983302 0.149299 -0.104051
-1.000000 0.000017 -0.000006
-1.000000 0.000017 -0.000006
-0.836986 0.448944 -0.312896
-0.929782 0.302000 -0.210479
-0.836986 0.448944 -0.312896
0.912491 -0.000015 0.409096
0.937313 -0.000015 0.348490
0.912491 -0.000015 0.409096
-0.000014 -0.929789 -0.368094
-0.000013 -0.905879 -0.423537
0.109764 -0.978424 -0.175041
0.467005 -0.547218 -0.694592
0.496361 -0.707116 -0.503600
0.587543 -0.547220 -0.596107
0.548647 -0.181973 -0.816010
0.657909 -0.000012 -0.753098
0.469727 -0.000009 -0.882812
0.134573 -0.856254 0.498717
0.387634 -0.727514 0.566095
0.134526 -0.782042 0.608534
0.134526 -0.782042 0.608534
0.387634 -0.727514 0.566095
0.387697 -0.642456 0.661015
-0.000008 -0.181962 0.983306
-0.000011 -0.368094 0.929789
-0.000008 -0.181962 0.983306
-1.000000 0.000017 -0.000006
-1.000000 0.000017 -0.000006
-1.000000 0.000017 -0.000006
0.264087 0.655441 0.707570
0.000008 0.726742 0.686911
0.000008 0.716296 0.697797
-0.000157 0.728107 0.685464
0.264087 0.655441 0.707570
0.195007 0.809073 0.554412
0.000008 0.181962 -0.983306
0.000011 0.368094 -0.929789
0.000011 0.368094 -0.929789
-1.000000 0.000017 -0.000006
-1.000000 0.000017 -0.000006
-1.000000 0.000017 -0.000006
0.388079 -0.412275 0.824272
0.135110 -0.443224 0.886171
-0.000014 -0.566366 0.824154
0.506632 -0.551435 0.662755
0.135110 -0.443224 0.886171
0.388079 -0.412275 0.824272
0.121065 -0.992232 0.028615
0.096348 -0.995348 0.000002
-0.000017 -1.000000 0.000001
-0.454017 -0.707100 -0.542105
-0.537411 -0.547201 -0.641685
-0.638287 -0.547200 -0.541445
0.363309 -0.000007 -0.931669
0.522640 -0.000010 -0.852553
0.484796 -0.000009 -0.874627
0.469727 -0.000009 -0.882812
0.522640 -0.000010 -0.852553
0.363309 -0.000007 -0.931669
-0.484786 0.000007 -0.874633
-0.522631 0.000008 -0.852559
-0.363298 0.000005 -0.931673
-0.363298 0.000005 -0.931673
-0.522631 0.000008 -0.852559
-0.469718 0.000007 -0.882817
-0.970517 -0.229671 0.073138
-1.000000 0.000017 -0.000006
-1.000000 0.000017 -0.000006
-0.970517 -0.229671 0.073138
-1.000000 0.000017 -0.000006
-0.979874 -0.199473 0.007584
-0.983302 0.149299 -0.104051
-0.929783 0.244142 -0.275497
-0.983302 0.149299 -0.104051
-0.983302 0.149299 -0.104051
-0.929783 0.244142 -0.275497
-0.929784 0.170338 -0.326324
0.970508 -0.229703 0.073149
1.000000 -0.000017 0.000005
1.000000 -0.000017 0.000005
0.970508 -0.229703 0.073149
1.000000 -0.000017 0.000005
1.000000 -0.000017 0.000005
0.979868 -0.199502 0.007594
0.970800 -0.232317 0.059805
1.000000 -0.000017 0.000005
0.970800 -0.232317 0.059805
0.970813 -0.214483 0.107329
1.000000 -0.000017 0.000005
0.134429 -0.101663 0.985695
0.134370 -0.235692 0.962494
0.387883 -0.094565 0.916845
0.134429 -0.101663 0.985695
0.387883 -0.094565 0.916845
0.263974 0.070613 0.961942
-0.181946 0.806704 -0.562249
-0.368079 0.762802 -0.531649
-0.181946 0.806704 -0.562249
-0.983302 0.149299 -0.104051
-1.000000 0.000017 -0.000006
-1.000000 0.000017 -0.000006
0.235131 -0.893853 0.381759
-0.002630 -0.872532 0.488550
-0.001600 -0.939358 0.342934
0.235131 -0.893853 0.381759
0.235288 -0.928560 0.287082
0.621235 -0.748641 0.231525
0.970572 0.119046 0.209326
0.970546 0.069889 0.230556
1.000000 -0.000017 0.000005
0.970546 0.069889 0.230556
0.970571 0.017618 0.240171
1.000000 -0.000017 0.000005
-0.387780 -0.219231 0.895301
-0.134389 -0.235688 0.962492
-0.134443 -0.101658 0.985693
-0.387780 -0.219231 0.895301
-0.387618 -0.335979 0.858412
-0.134389 -0.235688 0.962492
0.231232 -0.061578 -0.970948
0.226390 -0.235430 -0.945156
0.103134 -0.300595 -0.948159
0.874342 -0.305209 -0.377324
0.760891 -0.522392 -0.384906
0.773745 -0.279108 -0.568698
0.265125 0.914917 0.304360
0.508042 0.817302 0.271867
0.366661 0.893803 0.258216
0.265125 0.914917 0.304360
0.508041 0.811783 0.287929
0.508042 0.817302 0.271867
0.562148 -0.707117 -0.428924
0.496361 -0.707116 -0.503600
0.435025 -0.837003 -0.331932
0.478320 -0.837004 -0.265771
0.562148 -0.707117 -0.428924
0.435025 -0.837003 -0.331932
0.000005 -0.038016 -0.999277
0.000002 -0.219209 -0.975678
0.000005 -0.038016 -0.999277
-0.000012 -0.857178 -0.515020
-0.000012 -0.857193 -0.514995
-0.091455 -0.753012 -0.651620
0.134573 -0.856254 0.498717
0.387464 -0.796618 0.463973
0.387634 -0.727514 0.566095
0.387464 -0.796618 0.463973
0.134573 -0.856254 0.498717
0.134668 -0.914235 0.382152
-0.387896 -0.094552 0.916841
-0.134443 -0.101658 0.985693
-0.134433 0.072548 0.988263
-0.387896 -0.094552 0.916841
-0.387780 -0.219231 0.895301
-0.134443 -0.101658 0.985693
-0.970821 -0.214450 0.107318
-0.970808 -0.232284 0.059795
-1.000000 0.000017 -0.000006
-0.970808 -0.232284 0.059795
-0.979875 -0.199469 0.007584
-1.000000 0.000017 -0.000006
-0.135088 -0.886085 0.443402
-0.135186 -0.959541 0.246995
-0.388298 -0.824109 0.412394
-0.388279 -0.737047 0.553174
-0.135088 -0.886085 0.443402
-0.388298 -0.824109 0.412394
-0.001259 -0.573185 0.819425
0.236020 -0.577867 0.781258
0.236056 -0.777245 0.583239
-0.001259 -0.573185 0.819425
0.373656 -0.415055 0.829524
0.236020 -0.577867 0.781258
-0.236003 -0.621643 0.746902
-0.373615 -0.507768 0.776262
0.001231 -0.573185 0.819425
-0.236089 -0.777237 0.583236
-0.236003 -0.621643 0.746902
0.001231 -0.573185 0.819425
-0.684179 0.687363 0.243786
-0.684181 0.692038 0.230171
-0.839336 0.522259 0.150868
-0.684176 0.682409 0.257335
-0.508017 0.811800 0.287924
-0.684179 0.687363 0.243786
-0.000016 -0.687983 0.725727
-0.124619 -0.842106 0.524717
-0.000014 -0.566366 0.824154
-0.346411 -0.637447 0.688230
-0.124619 -0.842106 0.524717
-0.179853 -0.650995 0.737468
-0.506636 -0.512572 0.693245
-0.388279 -0.737047 0.553174
-0.683859 -0.466648 0.560870
-0.683859 -0.466648 0.560870
-0.783775 -0.277803 0.555448
-0.506636 -0.512572 0.693245
1.000000 -0.000017 0.000005
0.971138 0.202671 0.125758
1.000000 -0.000016 0.000006
1.000000 -0.000016 0.000006
0.971138 0.202671 0.125758
0.979874 0.164660 0.112848
-0.387627 -0.547466 0.741638
-0.134401 -0.588510 0.797240
-0.387558 -0.445254 0.807185
-0.387627 -0.547466 0.741638
-0.387726 -0.642443 0.661011
-0.134401 -0.588510 0.797240
-0.388298 -0.824109 0.412394
-0.135186 -0.959541 0.246995
-0.388214 -0.892475 0.229736
-0.388214 -0.892475 0.229736
-0.135186 -0.959541 0.246995
-0.195008 -0.980093 0.037286
1.000000 -0.000017 0.000006
1.000000 -0.000017 0.000006
1.000000 -0.000017 0.000006
1.000000 -0.000017 0.000006
1.000000 -0.000017 0.000006
1.000000 -0.000017 0.000006
-1.000000 0.000017 -0.000006
-1.000000 0.000017 -0.000006
-1.000000 0.000017 -0.000006
-1.000000 0.000017 -0.000006
-1.000000 0.000017 -0.000006
-1.000000 0.000017 -0.000006
-1.000000 0.000017 -0.000006
-1.000000 0.000017 -0.000006
-1.000000 0.000017 -0.000006
-1.000000 0.000017 -0.000006
-1.000000 0.000017 -0.000006
-1.000000 0.000017 -0.000006
-1.000000 0.000017 -0.000006
-1.000000 0.000017 -0.000006
-1.000000 0.000017 -0.000006
-1.000000 0.000017 -0.000006
-1.000000 0.000017 -0.000006
-1.000000 0.000017 -0.000006
-0.682378 0.000011 -0.730999
-0.839369 0.000014 -0.543562
-0.756170 0.000012 -0.654375
-0.124833 -0.789855 -0.600454
-0.230225 -0.896281 -0.379047
-0.356641 -0.787886 -0.502040
1.000000 -0.000017 0.000005
0.970534 -0.116401 0.210987
1.000000 -0.000017 0.000005
1.000000 -0.000017 0.000005
0.970534 -0.116401 0.210987
1.000000 -0.000017 0.000005
-0.894585 -0.095807 -0.436508
-0.791842 -0.098253 -0.602771
-0.784490 -0.244844 -0.569761
-0.991559 -0.084767 0.098109
-0.983457 -0.110239 -0.143736
-0.990680 -0.102531 0.089670
1.000000 -0.000017 0.000006
1.000000 -0.000017 0.000006
1.000000 -0.000017 0.000006
0.000008 0.181962 -0.983306
0.000006 -0.000001 -1.000000
0.000006 -0.000001 -1.000000
0.388248 -0.737060 0.553179
0.506922 -0.770865 0.385742
0.134980 -0.792480 0.594774
0.134929 -0.633745 0.761683
0.388248 -0.737060 0.553179
0.134980 -0.792480 0.594774
-1.000000 0.000017 -0.000006
-0.983308 -0.181947 -0.000005
-1.000000 0.000017 -0.000006
-0.547224 -0.836986 -0.000002
-0.547224 -0.836986 -0.000002
-0.707119 -0.707095 -0.000003
0.208408 -0.000005 -0.978042
0.000006 -0.000001 -1.000000
0.245662 -0.000005 -0.969356
-0.000017 -1.000000 0.000001
-0.000017 -1.000000 0.000001
-0.000017 -1.000000 0.000001
-0.368081 0.900036 0.233347
-0.368081 0.898737 0.238303
-0.181949 0.950463 0.252021
-0.547197 0.810216 0.210058
-0.707096 0.684488 0.177459
-0.547197 0.809047 0.214520
0.621235 -0.748641 0.231525
0.861017 -0.485848 0.150338
0.861060 -0.467593 0.199831
0.621235 -0.748641 0.231525
0.730783 -0.627712 0.268203
0.730785 -0.560342 0.389834
1.000000 -0.000017 0.000006
1.000000 -0.000017 0.000006
1.000000 -0.000017 0.000006
1.000000 -0.000017 0.000006
1.000000 -0.000017 0.000006
1.000000 -0.000017 0.000006
1.000000 -0.000017 0.000006
1.000000 -0.000017 0.000006
1.000000 -0.000017 0.000006
1.000000 -0.000017 0.000006
1.000000 -0.000017 0.000006
1.000000 -0.000017 0.000006
-0.000017 -1.000000 0.000001
-0.000017 -1.000000 0.000001
-0.000017 -1.000000 0.000001
-0.825570 -0.547196 -0.137882
-0.787185 -0.547197 -0.284457
-0.929357 -0.368079 -0.028506
0.000017 0.820398 -0.571794
0.181980 0.806698 -0.562247
0.000017 0.820398 -0.571794
0.983308 0.149266 -0.104040
0.983308 0.120664 -0.136181
0.929795 0.301968 -0.210469
0.181980 0.806698 -0.562247
0.181980 0.806698 -0.562247
0.368110 0.762790 -0.531645
0.159805 0.970915 0.178290
0.662191 0.740497 0.114745
0.146973 0.988715 -0.029014
-0.971133 0.202703 0.125747
-0.971132 0.208125 0.116559
-1.000000 0.000017 -0.000006
-0.971132 0.208125 0.116559
-1.000000 0.000017 -0.000006
-1.000000 0.000017 -0.000006
-1.000000 0.000017 -0.000006
-1.000000 0.000017 -0.000006
-1.000000 0.000017 -0.000006
-1.000000 0.000017 -0.000006
-1.000000 0.000017 -0.000006
-1.000000 0.000017 -0.000006
0.729318 -0.306047 0.611907
0.860421 -0.227925 0.455770
0.860373 -0.303005 0.409813
0.860421 -0.227925 0.455770
0.729318 -0.306047 0.611907
0.695645 -0.203075 0.689086
-0.707119 -0.707095 -0.000003
-0.438048 -0.839864 0.320534
-0.474276 -0.703314 0.529540
-0.000017 -0.836995 0.547211
-0.000017 -0.836995 0.547211
-0.062188 -0.973913 0.218236
-1.000000 0.000017 -0.000006
-1.000000 0.000017 -0.000006
-1.000000 0.000017 -0.000006
-1.000000 0.000017 -0.000006
-1.000000 0.000017 -0.000006
-1.000000 0.000017 -0.000006
1.000000 -0.000017 0.000006
1.000000 -0.000017 0.000006
1.000000 -0.000017 0.000006
1.000000 -0.000017 0.000006
1.000000 -0.000017 0.000006
1.000000 -0.000017 0.000006
0.707095 -0.707119 0.000005
0.836986 -0.547224 0.000005
0.707095 -0.707119 0.000005
0.836986 -0.547224 0.000005
0.707095 -0.707119 0.000005
0.823012 -0.547223 0.152307
0.545798 0.691203 0.473648
0.711604 0.579562 0.397150
0.684200 0.617810 0.387532
0.730293 0.498381 0.467213
0.702597 0.586992 0.402242
0.543615 0.692373 0.474450
-0.970777 -0.153487 0.184481
-0.864132 -0.321885 0.386867
-0.970817 -0.191804 0.143961
-0.970777 -0.153487 0.184481
-0.970775 -0.131387 0.200831
-0.864132 -0.321885 0.386867
-0.983302 0.149299 -0.104051
-0.929783 0.244142 -0.275497
-0.929784 0.170338 -0.326324
-0.983302 0.149299 -0.104051
-0.929783 0.244142 -0.275497
-0.983302 0.149299 -0.104051
-0.670008 0.599914 0.437256
-0.643873 0.501013 0.578285
-0.153230 0.675676 0.721098
-0.153230 0.675676 0.721098
-0.136536 0.509959 0.849294
0.000008 0.690844 0.723004
0.929782 -0.368110 0.000006
0.929782 -0.368110 0.000006
0.836986 -0.547224 0.000005
0.707095 -0.707119 0.000005
0.705754 -0.707011 0.045232
0.406412 -0.889849 0.207360
0.837004 0.530799 0.132955
0.837004 0.530058 0.135878
0.929794 0.357050 0.089438
0.707117 0.684950 0.175580
0.837004 0.530799 0.132955
0.707117 0.685907 0.171803
</float_array>
          <technique_common>
            <accessor source="#bottom_cover-Normal0-array" count="16506" stride="3">
              <param name="X" type="float"/>
              <param name="Y" type="float"/>
              <param name="Z" type="float"/>
            </accessor>
          </technique_common>
        </source>
        <source id="bottom_cover-UV0">
          <float_array id="bottom_cover-UV0-array" count="16796">
1.000000 1.000000
1.000000 1.000000
1.000000 1.000000
1.000000 1.000000
1.000000 1.000000
1.000000 1.000000
1.000000 1.000000
1.000000 1.000000
1.000000 1.000000
1.000000 1.000000
1.000000 1.000000
1.000000 1.000000
1.000000 1.000000
1.000000 1.000000
1.000000 1.000000
1.000000 1.000000
1.000000 1.000000
1.000000 1.000000
1.000000 1.000000
1.000000 1.000000
1.000000 1.000000
1.000000 1.000000
1.000000 1.000000
1.000000 1.000000
1.000000 1.000000
1.000000 1.000000
1.000000 1.000000
1.000000 1.000000
1.000000 1.000000
1.000000 1.000000
1.000000 1.000000
1.000000 1.000000
1.000000 1.000000
1.000000 1.000000
1.000000 1.000000
1.000000 1.000000
1.000000 1.000000
1.000000 1.000000
1.000000 1.000000
1.000000 1.000000
1.000000 1.000000
1.000000 1.000000
1.000000 1.000000
1.000000 1.000000
1.000000 1.000000
1.000000 1.000000
1.000000 1.000000
1.000000 1.000000
1.000000 1.000000
1.000000 1.000000
1.000000 1.000000
1.000000 1.000000
1.000000 1.000000
1.000000 1.000000
1.000000 1.000000
1.000000 1.000000
1.000000 1.000000
1.000000 1.000000
1.000000 1.000000
1.000000 1.000000
1.000000 1.000000
1.000000 1.000000
1.000000 1.000000
1.000000 1.000000
1.000000 1.000000
1.000000 1.000000
1.000000 1.000000
1.000000 1.000000
1.000000 1.000000
1.000000 1.000000
1.000000 1.000000
1.000000 1.000000
1.000000 1.000000
1.000000 1.000000
1.000000 1.000000
1.000000 1.000000
1.000000 1.000000
1.000000 1.000000
1.000000 1.000000
1.000000 1.000000
1.000000 1.000000
1.000000 1.000000
1.000000 1.000000
1.000000 1.000000
1.000000 1.000000
1.000000 1.000000
1.000000 1.000000
1.000000 1.000000
1.000000 1.000000
1.000000 1.000000
1.000000 1.000000
1.000000 1.000000
1.000000 1.000000
1.000000 1.000000
1.000000 1.000000
1.000000 1.000000
1.000000 1.000000
1.000000 1.000000
1.000000 1.000000
1.000000 1.000000
1.000000 1.000000
1.000000 1.000000
1.000000 1.000000
1.000000 1.000000
1.000000 1.000000
1.000000 1.000000
1.000000 1.000000
1.000000 1.000000
1.000000 1.000000
1.000000 1.000000
1.000000 1.000000
1.000000 1.000000
1.000000 1.000000
1.000000 1.000000
1.000000 1.000000
1.000000 1.000000
1.000000 1.000000
1.000000 1.000000
1.000000 1.000000
1.000000 1.000000
1.000000 1.000000
1.000000 1.000000
1.000000 1.000000
1.000000 1.000000
1.000000 1.000000
1.000000 1.000000
1.000000 1.000000
1.000000 1.000000
1.000000 1.000000
1.000000 1.000000
1.000000 1.000000
1.000000 1.000000
1.000000 1.000000
1.000000 1.000000
1.000000 1.000000
1.000000 1.000000
1.000000 1.000000
1.000000 1.000000
1.000000 1.000000
1.000000 1.000000
1.000000 1.000000
1.000000 1.000000
1.000000 1.000000
1.000000 1.000000
1.000000 1.000000
1.000000 1.000000
1.000000 1.000000
1.000000 1.000000
1.000000 1.000000
1.000000 1.000000
1.000000 1.000000
1.000000 1.000000
1.000000 1.000000
1.000000 1.000000
1.000000 1.000000
1.000000 1.000000
1.000000 1.000000
1.000000 1.000000
1.000000 1.000000
1.000000 1.000000
1.000000 1.000000
1.000000 1.000000
1.000000 1.000000
1.000000 1.000000
1.000000 1.000000
1.000000 1.000000
1.000000 1.000000
1.000000 1.000000
1.000000 1.000000
1.000000 1.000000
1.000000 1.000000
1.000000 1.000000
1.000000 1.000000
1.000000 1.000000
1.000000 1.000000
1.000000 1.000000
1.000000 1.000000
1.000000 1.000000
1.000000 1.000000
1.000000 1.000000
1.000000 1.000000
1.000000 1.000000
1.000000 1.000000
1.000000 1.000000
1.000000 1.000000
1.000000 1.000000
1.000000 1.000000
1.000000 1.000000
1.000000 1.000000
1.000000 1.000000
1.000000 1.000000
1.000000 1.000000
1.000000 1.000000
1.000000 1.000000
1.000000 1.000000
1.000000 1.000000
1.000000 1.000000
1.000000 1.000000
1.000000 1.000000
1.000000 1.000000
1.000000 1.000000
1.000000 1.000000
1.000000 1.000000
1.000000 1.000000
1.000000 1.000000
1.000000 1.000000
1.000000 1.000000
1.000000 1.000000
1.000000 1.000000
1.000000 1.000000
1.000000 1.000000
1.000000 1.000000
1.000000 1.000000
1.000000 1.000000
1.000000 1.000000
1.000000 1.000000
1.000000 1.000000
1.000000 1.000000
1.000000 1.000000
1.000000 1.000000
1.000000 1.000000
1.000000 1.000000
1.000000 1.000000
1.000000 1.000000
1.000000 1.000000
1.000000 1.000000
1.000000 1.000000
1.000000 1.000000
1.000000 1.000000
1.000000 1.000000
1.000000 1.000000
1.000000 1.000000
1.000000 1.000000
1.000000 1.000000
1.000000 1.000000
1.000000 1.000000
1.000000 1.000000
1.000000 1.000000
1.000000 1.000000
1.000000 1.000000
1.000000 1.000000
1.000000 1.000000
1.000000 1.000000
1.000000 1.000000
1.000000 1.000000
1.000000 1.000000
1.000000 1.000000
1.000000 1.000000
1.000000 1.000000
1.000000 1.000000
1.000000 1.000000
1.000000 1.000000
1.000000 1.000000
1.000000 1.000000
1.000000 1.000000
1.000000 1.000000
1.000000 1.000000
1.000000 1.000000
1.000000 1.000000
1.000000 1.000000
1.000000 1.000000
1.000000 1.000000
1.000000 1.000000
1.000000 1.000000
1.000000 1.000000
1.000000 1.000000
1.000000 1.000000
1.000000 1.000000
1.000000 1.000000
1.000000 1.000000
1.000000 1.000000
1.000000 1.000000
1.000000 1.000000
1.000000 1.000000
1.000000 1.000000
1.000000 1.000000
1.000000 1.000000
1.000000 1.000000
1.000000 1.000000
1.000000 1.000000
1.000000 1.000000
1.000000 1.000000
1.000000 1.000000
1.000000 1.000000
1.000000 1.000000
1.000000 1.000000
1.000000 1.000000
1.000000 1.000000
1.000000 1.000000
1.000000 1.000000
1.000000 1.000000
1.000000 1.000000
1.000000 1.000000
1.000000 1.000000
1.000000 1.000000
1.000000 1.000000
1.000000 1.000000
1.000000 1.000000
1.000000 1.000000
1.000000 1.000000
1.000000 1.000000
1.000000 1.000000
1.000000 1.000000
1.000000 1.000000
1.000000 1.000000
1.000000 1.000000
1.000000 1.000000
1.000000 1.000000
1.000000 1.000000
1.000000 1.000000
1.000000 1.000000
1.000000 1.000000
1.000000 1.000000
1.000000 1.000000
1.000000 1.000000
1.000000 1.000000
1.000000 1.000000
1.000000 1.000000
1.000000 1.000000
1.000000 1.000000
1.000000 1.000000
1.000000 1.000000
1.000000 1.000000
1.000000 1.000000
1.000000 1.000000
1.000000 1.000000
1.000000 1.000000
1.000000 1.000000
1.000000 1.000000
1.000000 1.000000
1.000000 1.000000
1.000000 1.000000
1.000000 1.000000
1.000000 1.000000
1.000000 1.000000
1.000000 1.000000
1.000000 1.000000
1.000000 1.000000
1.000000 1.000000
1.000000 1.000000
1.000000 1.000000
1.000000 1.000000
1.000000 1.000000
1.000000 1.000000
1.000000 1.000000
1.000000 1.000000
1.000000 1.000000
1.000000 1.000000
1.000000 1.000000
1.000000 1.000000
1.000000 1.000000
1.000000 1.000000
1.000000 1.000000
1.000000 1.000000
1.000000 1.000000
1.000000 1.000000
1.000000 1.000000
1.000000 1.000000
1.000000 1.000000
1.000000 1.000000
1.000000 1.000000
1.000000 1.000000
1.000000 1.000000
1.000000 1.000000
1.000000 1.000000
1.000000 1.000000
1.000000 1.000000
1.000000 1.000000
1.000000 1.000000
1.000000 1.000000
1.000000 1.000000
1.000000 1.000000
1.000000 1.000000
1.000000 1.000000
1.000000 1.000000
1.000000 1.000000
1.000000 1.000000
1.000000 1.000000
1.000000 1.000000
1.000000 1.000000
1.000000 1.000000
1.000000 1.000000
1.000000 1.000000
1.000000 1.000000
1.000000 1.000000
1.000000 1.000000
1.000000 1.000000
1.000000 1.000000
1.000000 1.000000
1.000000 1.000000
1.000000 1.000000
1.000000 1.000000
1.000000 1.000000
1.000000 1.000000
1.000000 1.000000
1.000000 1.000000
1.000000 1.000000
1.000000 1.000000
1.000000 1.000000
1.000000 1.000000
1.000000 1.000000
1.000000 1.000000
1.000000 1.000000
1.000000 1.000000
1.000000 1.000000
1.000000 1.000000
1.000000 1.000000
1.000000 1.000000
1.000000 1.000000
1.000000 1.000000
1.000000 1.000000
1.000000 1.000000
1.000000 1.000000
1.000000 1.000000
1.000000 1.000000
1.000000 1.000000
1.000000 1.000000
1.000000 1.000000
1.000000 1.000000
1.000000 1.000000
1.000000 1.000000
1.000000 1.000000
1.000000 1.000000
1.000000 1.000000
1.000000 1.000000
1.000000 1.000000
1.000000 1.000000
1.000000 1.000000
1.000000 1.000000
1.000000 1.000000
1.000000 1.000000
1.000000 1.000000
1.000000 1.000000
1.000000 1.000000
1.000000 1.000000
1.000000 1.000000
1.000000 1.000000
1.000000 1.000000
1.000000 1.000000
1.000000 1.000000
1.000000 1.000000
1.000000 1.000000
1.000000 1.000000
1.000000 1.000000
1.000000 1.000000
1.000000 1.000000
1.000000 1.000000
1.000000 1.000000
1.000000 1.000000
1.000000 1.000000
1.000000 1.000000
1.000000 1.000000
1.000000 1.000000
1.000000 1.000000
1.000000 1.000000
1.000000 1.000000
1.000000 1.000000
1.000000 1.000000
1.000000 1.000000
1.000000 1.000000
1.000000 1.000000
1.000000 1.000000
1.000000 1.000000
1.000000 1.000000
1.000000 1.000000
1.000000 1.000000
1.000000 1.000000
1.000000 1.000000
1.000000 1.000000
1.000000 1.000000
1.000000 1.000000
1.000000 1.000000
1.000000 1.000000
1.000000 1.000000
1.000000 1.000000
1.000000 1.000000
1.000000 1.000000
1.000000 1.000000
1.000000 1.000000
1.000000 1.000000
1.000000 1.000000
1.000000 1.000000
1.000000 1.000000
1.000000 1.000000
1.000000 1.000000
1.000000 1.000000
1.000000 1.000000
1.000000 1.000000
1.000000 1.000000
1.000000 1.000000
1.000000 1.000000
1.000000 1.000000
1.000000 1.000000
1.000000 1.000000
1.000000 1.000000
1.000000 1.000000
1.000000 1.000000
1.000000 1.000000
1.000000 1.000000
1.000000 1.000000
1.000000 1.000000
1.000000 1.000000
1.000000 1.000000
1.000000 1.000000
1.000000 1.000000
1.000000 1.000000
1.000000 1.000000
1.000000 1.000000
1.000000 1.000000
1.000000 1.000000
1.000000 1.000000
1.000000 1.000000
1.000000 1.000000
1.000000 1.000000
1.000000 1.000000
1.000000 1.000000
1.000000 1.000000
1.000000 1.000000
1.000000 1.000000
1.000000 1.000000
1.000000 1.000000
1.000000 1.000000
1.000000 1.000000
1.000000 1.000000
1.000000 1.000000
1.000000 1.000000
1.000000 1.000000
1.000000 1.000000
1.000000 1.000000
1.000000 1.000000
1.000000 1.000000
1.000000 1.000000
1.000000 1.000000
1.000000 1.000000
1.000000 1.000000
1.000000 1.000000
1.000000 1.000000
1.000000 1.000000
1.000000 1.000000
1.000000 1.000000
1.000000 1.000000
1.000000 1.000000
1.000000 1.000000
1.000000 1.000000
1.000000 1.000000
1.000000 1.000000
1.000000 1.000000
1.000000 1.000000
1.000000 1.000000
1.000000 1.000000
1.000000 1.000000
1.000000 1.000000
1.000000 1.000000
1.000000 1.000000
1.000000 1.000000
1.000000 1.000000
1.000000 1.000000
1.000000 1.000000
1.000000 1.000000
1.000000 1.000000
1.000000 1.000000
1.000000 1.000000
1.000000 1.000000
1.000000 1.000000
1.000000 1.000000
1.000000 1.000000
1.000000 1.000000
1.000000 1.000000
1.000000 1.000000
1.000000 1.000000
1.000000 1.000000
1.000000 1.000000
1.000000 1.000000
1.000000 1.000000
1.000000 1.000000
1.000000 1.000000
1.000000 1.000000
1.000000 1.000000
1.000000 1.000000
1.000000 1.000000
1.000000 1.000000
1.000000 1.000000
1.000000 1.000000
1.000000 1.000000
1.000000 1.000000
1.000000 1.000000
1.000000 1.000000
1.000000 1.000000
1.000000 1.000000
1.000000 1.000000
1.000000 1.000000
1.000000 1.000000
1.000000 1.000000
1.000000 1.000000
1.000000 1.000000
1.000000 1.000000
1.000000 1.000000
1.000000 1.000000
1.000000 1.000000
1.000000 1.000000
1.000000 1.000000
1.000000 1.000000
1.000000 1.000000
1.000000 1.000000
1.000000 1.000000
1.000000 1.000000
1.000000 1.000000
1.000000 1.000000
1.000000 1.000000
1.000000 1.000000
1.000000 1.000000
1.000000 1.000000
1.000000 1.000000
1.000000 1.000000
1.000000 1.000000
1.000000 1.000000
1.000000 1.000000
1.000000 1.000000
1.000000 1.000000
1.000000 1.000000
1.000000 1.000000
1.000000 1.000000
1.000000 1.000000
1.000000 1.000000
1.000000 1.000000
1.000000 1.000000
1.000000 1.000000
1.000000 1.000000
1.000000 1.000000
1.000000 1.000000
1.000000 1.000000
1.000000 1.000000
1.000000 1.000000
1.000000 1.000000
1.000000 1.000000
1.000000 1.000000
1.000000 1.000000
1.000000 1.000000
1.000000 1.000000
1.000000 1.000000
1.000000 1.000000
1.000000 1.000000
1.000000 1.000000
1.000000 1.000000
1.000000 1.000000
1.000000 1.000000
1.000000 1.000000
1.000000 1.000000
1.000000 1.000000
1.000000 1.000000
1.000000 1.000000
1.000000 1.000000
1.000000 1.000000
1.000000 1.000000
1.000000 1.000000
1.000000 1.000000
1.000000 1.000000
1.000000 1.000000
1.000000 1.000000
1.000000 1.000000
1.000000 1.000000
1.000000 1.000000
1.000000 1.000000
1.000000 1.000000
1.000000 1.000000
1.000000 1.000000
1.000000 1.000000
1.000000 1.000000
1.000000 1.000000
1.000000 1.000000
1.000000 1.000000
1.000000 1.000000
1.000000 1.000000
1.000000 1.000000
1.000000 1.000000
1.000000 1.000000
1.000000 1.000000
1.000000 1.000000
1.000000 1.000000
1.000000 1.000000
1.000000 1.000000
1.000000 1.000000
1.000000 1.000000
1.000000 1.000000
1.000000 1.000000
1.000000 1.000000
1.000000 1.000000
1.000000 1.000000
1.000000 1.000000
1.000000 1.000000
1.000000 1.000000
1.000000 1.000000
1.000000 1.000000
1.000000 1.000000
1.000000 1.000000
1.000000 1.000000
1.000000 1.000000
1.000000 1.000000
1.000000 1.000000
1.000000 1.000000
1.000000 1.000000
1.000000 1.000000
1.000000 1.000000
1.000000 1.000000
1.000000 1.000000
1.000000 1.000000
1.000000 1.000000
1.000000 1.000000
1.000000 1.000000
1.000000 1.000000
1.000000 1.000000
1.000000 1.000000
1.000000 1.000000
1.000000 1.000000
1.000000 1.000000
1.000000 1.000000
1.000000 1.000000
1.000000 1.000000
1.000000 1.000000
1.000000 1.000000
1.000000 1.000000
1.000000 1.000000
1.000000 1.000000
1.000000 1.000000
1.000000 1.000000
1.000000 1.000000
1.000000 1.000000
1.000000 1.000000
1.000000 1.000000
1.000000 1.000000
1.000000 1.000000
1.000000 1.000000
1.000000 1.000000
1.000000 1.000000
1.000000 1.000000
1.000000 1.000000
1.000000 1.000000
1.000000 1.000000
1.000000 1.000000
1.000000 1.000000
1.000000 1.000000
1.000000 1.000000
1.000000 1.000000
1.000000 1.000000
1.000000 1.000000
1.000000 1.000000
1.000000 1.000000
1.000000 1.000000
1.000000 1.000000
1.000000 1.000000
1.000000 1.000000
1.000000 1.000000
1.000000 1.000000
1.000000 1.000000
1.000000 1.000000
1.000000 1.000000
1.000000 1.000000
1.000000 1.000000
1.000000 1.000000
1.000000 1.000000
1.000000 1.000000
1.000000 1.000000
1.000000 1.000000
1.000000 1.000000
1.000000 1.000000
1.000000 1.000000
1.000000 1.000000
1.000000 1.000000
1.000000 1.000000
1.000000 1.000000
1.000000 1.000000
1.000000 1.000000
1.000000 1.000000
1.000000 1.000000
1.000000 1.000000
1.000000 1.000000
1.000000 1.000000
1.000000 1.000000
1.000000 1.000000
1.000000 1.000000
1.000000 1.000000
1.000000 1.000000
1.000000 1.000000
1.000000 1.000000
1.000000 1.000000
1.000000 1.000000
1.000000 1.000000
1.000000 1.000000
1.000000 1.000000
1.000000 1.000000
1.000000 1.000000
1.000000 1.000000
1.000000 1.000000
1.000000 1.000000
1.000000 1.000000
1.000000 1.000000
1.000000 1.000000
1.000000 1.000000
1.000000 1.000000
1.000000 1.000000
1.000000 1.000000
1.000000 1.000000
1.000000 1.000000
1.000000 1.000000
1.000000 1.000000
1.000000 1.000000
1.000000 1.000000
1.000000 1.000000
1.000000 1.000000
1.000000 1.000000
1.000000 1.000000
1.000000 1.000000
1.000000 1.000000
1.000000 1.000000
1.000000 1.000000
1.000000 1.000000
1.000000 1.000000
1.000000 1.000000
1.000000 1.000000
1.000000 1.000000
1.000000 1.000000
1.000000 1.000000
1.000000 1.000000
1.000000 1.000000
1.000000 1.000000
1.000000 1.000000
1.000000 1.000000
1.000000 1.000000
1.000000 1.000000
1.000000 1.000000
1.000000 1.000000
1.000000 1.000000
1.000000 1.000000
1.000000 1.000000
1.000000 1.000000
1.000000 1.000000
1.000000 1.000000
1.000000 1.000000
1.000000 1.000000
1.000000 1.000000
1.000000 1.000000
1.000000 1.000000
1.000000 1.000000
1.000000 1.000000
1.000000 1.000000
1.000000 1.000000
1.000000 1.000000
1.000000 1.000000
1.000000 1.000000
1.000000 1.000000
1.000000 1.000000
1.000000 1.000000
1.000000 1.000000
1.000000 1.000000
1.000000 1.000000
1.000000 1.000000
1.000000 1.000000
1.000000 1.000000
1.000000 1.000000
1.000000 1.000000
1.000000 1.000000
1.000000 1.000000
1.000000 1.000000
1.000000 1.000000
1.000000 1.000000
1.000000 1.000000
1.000000 1.000000
1.000000 1.000000
1.000000 1.000000
1.000000 1.000000
1.000000 1.000000
1.000000 1.000000
1.000000 1.000000
1.000000 1.000000
1.000000 1.000000
1.000000 1.000000
1.000000 1.000000
1.000000 1.000000
1.000000 1.000000
1.000000 1.000000
1.000000 1.000000
1.000000 1.000000
1.000000 1.000000
1.000000 1.000000
1.000000 1.000000
1.000000 1.000000
1.000000 1.000000
1.000000 1.000000
1.000000 1.000000
1.000000 1.000000
1.000000 1.000000
1.000000 1.000000
1.000000 1.000000
1.000000 1.000000
1.000000 1.000000
1.000000 1.000000
1.000000 1.000000
1.000000 1.000000
1.000000 1.000000
1.000000 1.000000
1.000000 1.000000
1.000000 1.000000
1.000000 1.000000
1.000000 1.000000
1.000000 1.000000
1.000000 1.000000
1.000000 1.000000
1.000000 1.000000
1.000000 1.000000
1.000000 1.000000
1.000000 1.000000
1.000000 1.000000
1.000000 1.000000
1.000000 1.000000
1.000000 1.000000
1.000000 1.000000
1.000000 1.000000
1.000000 1.000000
1.000000 1.000000
1.000000 1.000000
1.000000 1.000000
1.000000 1.000000
1.000000 1.000000
1.000000 1.000000
1.000000 1.000000
1.000000 1.000000
1.000000 1.000000
1.000000 1.000000
1.000000 1.000000
1.000000 1.000000
1.000000 1.000000
1.000000 1.000000
1.000000 1.000000
1.000000 1.000000
1.000000 1.000000
1.000000 1.000000
1.000000 1.000000
1.000000 1.000000
1.000000 1.000000
1.000000 1.000000
1.000000 1.000000
1.000000 1.000000
1.000000 1.000000
1.000000 1.000000
1.000000 1.000000
1.000000 1.000000
1.000000 1.000000
1.000000 1.000000
1.000000 1.000000
1.000000 1.000000
1.000000 1.000000
1.000000 1.000000
1.000000 1.000000
1.000000 1.000000
1.000000 1.000000
1.000000 1.000000
1.000000 1.000000
1.000000 1.000000
1.000000 1.000000
1.000000 1.000000
1.000000 1.000000
1.000000 1.000000
1.000000 1.000000
1.000000 1.000000
1.000000 1.000000
1.000000 1.000000
1.000000 1.000000
1.000000 1.000000
1.000000 1.000000
1.000000 1.000000
1.000000 1.000000
1.000000 1.000000
1.000000 1.000000
1.000000 1.000000
1.000000 1.000000
1.000000 1.000000
1.000000 1.000000
1.000000 1.000000
1.000000 1.000000
1.000000 1.000000
1.000000 1.000000
1.000000 1.000000
1.000000 1.000000
1.000000 1.000000
1.000000 1.000000
1.000000 1.000000
1.000000 1.000000
1.000000 1.000000
1.000000 1.000000
1.000000 1.000000
1.000000 1.000000
1.000000 1.000000
1.000000 1.000000
1.000000 1.000000
1.000000 1.000000
1.000000 1.000000
1.000000 1.000000
1.000000 1.000000
1.000000 1.000000
1.000000 1.000000
1.000000 1.000000
1.000000 1.000000
1.000000 1.000000
1.000000 1.000000
1.000000 1.000000
1.000000 1.000000
1.000000 1.000000
1.000000 1.000000
1.000000 1.000000
1.000000 1.000000
1.000000 1.000000
1.000000 1.000000
1.000000 1.000000
1.000000 1.000000
1.000000 1.000000
1.000000 1.000000
1.000000 1.000000
1.000000 1.000000
1.000000 1.000000
1.000000 1.000000
1.000000 1.000000
1.000000 1.000000
1.000000 1.000000
1.000000 1.000000
1.000000 1.000000
1.000000 1.000000
1.000000 1.000000
1.000000 1.000000
1.000000 1.000000
1.000000 1.000000
1.000000 1.000000
1.000000 1.000000
1.000000 1.000000
1.000000 1.000000
1.000000 1.000000
1.000000 1.000000
1.000000 1.000000
1.000000 1.000000
1.000000 1.000000
1.000000 1.000000
1.000000 1.000000
1.000000 1.000000
1.000000 1.000000
1.000000 1.000000
1.000000 1.000000
1.000000 1.000000
1.000000 1.000000
1.000000 1.000000
1.000000 1.000000
1.000000 1.000000
1.000000 1.000000
1.000000 1.000000
1.000000 1.000000
1.000000 1.000000
1.000000 1.000000
1.000000 1.000000
1.000000 1.000000
1.000000 1.000000
1.000000 1.000000
1.000000 1.000000
1.000000 1.000000
1.000000 1.000000
1.000000 1.000000
1.000000 1.000000
1.000000 1.000000
1.000000 1.000000
1.000000 1.000000
1.000000 1.000000
1.000000 1.000000
1.000000 1.000000
1.000000 1.000000
1.000000 1.000000
1.000000 1.000000
1.000000 1.000000
1.000000 1.000000
1.000000 1.000000
1.000000 1.000000
1.000000 1.000000
1.000000 1.000000
1.000000 1.000000
1.000000 1.000000
1.000000 1.000000
1.000000 1.000000
1.000000 1.000000
1.000000 1.000000
1.000000 1.000000
1.000000 1.000000
1.000000 1.000000
1.000000 1.000000
1.000000 1.000000
1.000000 1.000000
1.000000 1.000000
1.000000 1.000000
1.000000 1.000000
1.000000 1.000000
1.000000 1.000000
1.000000 1.000000
1.000000 1.000000
1.000000 1.000000
1.000000 1.000000
1.000000 1.000000
1.000000 1.000000
1.000000 1.000000
1.000000 1.000000
1.000000 1.000000
1.000000 1.000000
1.000000 1.000000
1.000000 1.000000
1.000000 1.000000
1.000000 1.000000
1.000000 1.000000
1.000000 1.000000
1.000000 1.000000
1.000000 1.000000
1.000000 1.000000
1.000000 1.000000
1.000000 1.000000
1.000000 1.000000
1.000000 1.000000
1.000000 1.000000
1.000000 1.000000
1.000000 1.000000
1.000000 1.000000
1.000000 1.000000
1.000000 1.000000
1.000000 1.000000
1.000000 1.000000
1.000000 1.000000
1.000000 1.000000
1.000000 1.000000
1.000000 1.000000
1.000000 1.000000
1.000000 1.000000
1.000000 1.000000
1.000000 1.000000
1.000000 1.000000
1.000000 1.000000
1.000000 1.000000
1.000000 1.000000
1.000000 1.000000
1.000000 1.000000
1.000000 1.000000
1.000000 1.000000
1.000000 1.000000
1.000000 1.000000
1.000000 1.000000
1.000000 1.000000
1.000000 1.000000
1.000000 1.000000
1.000000 1.000000
1.000000 1.000000
1.000000 1.000000
1.000000 1.000000
1.000000 1.000000
1.000000 1.000000
1.000000 1.000000
1.000000 1.000000
1.000000 1.000000
1.000000 1.000000
1.000000 1.000000
1.000000 1.000000
1.000000 1.000000
1.000000 1.000000
1.000000 1.000000
1.000000 1.000000
1.000000 1.000000
1.000000 1.000000
1.000000 1.000000
1.000000 1.000000
1.000000 1.000000
1.000000 1.000000
1.000000 1.000000
1.000000 1.000000
1.000000 1.000000
1.000000 1.000000
1.000000 1.000000
1.000000 1.000000
1.000000 1.000000
1.000000 1.000000
1.000000 1.000000
1.000000 1.000000
1.000000 1.000000
1.000000 1.000000
1.000000 1.000000
1.000000 1.000000
1.000000 1.000000
1.000000 1.000000
1.000000 1.000000
1.000000 1.000000
1.000000 1.000000
1.000000 1.000000
1.000000 1.000000
1.000000 1.000000
1.000000 1.000000
1.000000 1.000000
1.000000 1.000000
1.000000 1.000000
1.000000 1.000000
1.000000 1.000000
1.000000 1.000000
1.000000 1.000000
1.000000 1.000000
1.000000 1.000000
1.000000 1.000000
1.000000 1.000000
1.000000 1.000000
1.000000 1.000000
1.000000 1.000000
1.000000 1.000000
1.000000 1.000000
1.000000 1.000000
1.000000 1.000000
1.000000 1.000000
1.000000 1.000000
1.000000 1.000000
1.000000 1.000000
1.000000 1.000000
1.000000 1.000000
1.000000 1.000000
1.000000 1.000000
1.000000 1.000000
1.000000 1.000000
1.000000 1.000000
1.000000 1.000000
1.000000 1.000000
1.000000 1.000000
1.000000 1.000000
1.000000 1.000000
1.000000 1.000000
1.000000 1.000000
1.000000 1.000000
1.000000 1.000000
1.000000 1.000000
1.000000 1.000000
1.000000 1.000000
1.000000 1.000000
1.000000 1.000000
1.000000 1.000000
1.000000 1.000000
1.000000 1.000000
1.000000 1.000000
1.000000 1.000000
1.000000 1.000000
1.000000 1.000000
1.000000 1.000000
1.000000 1.000000
1.000000 1.000000
1.000000 1.000000
1.000000 1.000000
1.000000 1.000000
1.000000 1.000000
1.000000 1.000000
1.000000 1.000000
1.000000 1.000000
1.000000 1.000000
1.000000 1.000000
1.000000 1.000000
1.000000 1.000000
1.000000 1.000000
1.000000 1.000000
1.000000 1.000000
1.000000 1.000000
1.000000 1.000000
1.000000 1.000000
1.000000 1.000000
1.000000 1.000000
1.000000 1.000000
1.000000 1.000000
1.000000 1.000000
1.000000 1.000000
1.000000 1.000000
1.000000 1.000000
1.000000 1.000000
1.000000 1.000000
1.000000 1.000000
1.000000 1.000000
1.000000 1.000000
1.000000 1.000000
1.000000 1.000000
1.000000 1.000000
1.000000 1.000000
1.000000 1.000000
1.000000 1.000000
1.000000 1.000000
1.000000 1.000000
1.000000 1.000000
1.000000 1.000000
1.000000 1.000000
1.000000 1.000000
1.000000 1.000000
1.000000 1.000000
1.000000 1.000000
1.000000 1.000000
1.000000 1.000000
1.000000 1.000000
1.000000 1.000000
1.000000 1.000000
1.000000 1.000000
1.000000 1.000000
1.000000 1.000000
1.000000 1.000000
1.000000 1.000000
1.000000 1.000000
1.000000 1.000000
1.000000 1.000000
1.000000 1.000000
1.000000 1.000000
1.000000 1.000000
1.000000 1.000000
1.000000 1.000000
1.000000 1.000000
1.000000 1.000000
1.000000 1.000000
1.000000 1.000000
1.000000 1.000000
1.000000 1.000000
1.000000 1.000000
1.000000 1.000000
1.000000 1.000000
1.000000 1.000000
1.000000 1.000000
1.000000 1.000000
1.000000 1.000000
1.000000 1.000000
1.000000 1.000000
1.000000 1.000000
1.000000 1.000000
1.000000 1.000000
1.000000 1.000000
1.000000 1.000000
1.000000 1.000000
1.000000 1.000000
1.000000 1.000000
1.000000 1.000000
1.000000 1.000000
1.000000 1.000000
1.000000 1.000000
1.000000 1.000000
1.000000 1.000000
1.000000 1.000000
1.000000 1.000000
1.000000 1.000000
1.000000 1.000000
1.000000 1.000000
1.000000 1.000000
1.000000 1.000000
1.000000 1.000000
1.000000 1.000000
1.000000 1.000000
1.000000 1.000000
1.000000 1.000000
1.000000 1.000000
1.000000 1.000000
1.000000 1.000000
1.000000 1.000000
1.000000 1.000000
1.000000 1.000000
1.000000 1.000000
1.000000 1.000000
1.000000 1.000000
1.000000 1.000000
1.000000 1.000000
1.000000 1.000000
1.000000 1.000000
1.000000 1.000000
1.000000 1.000000
1.000000 1.000000
1.000000 1.000000
1.000000 1.000000
1.000000 1.000000
1.000000 1.000000
1.000000 1.000000
1.000000 1.000000
1.000000 1.000000
1.000000 1.000000
1.000000 1.000000
1.000000 1.000000
1.000000 1.000000
1.000000 1.000000
1.000000 1.000000
1.000000 1.000000
1.000000 1.000000
1.000000 1.000000
1.000000 1.000000
1.000000 1.000000
1.000000 1.000000
1.000000 1.000000
1.000000 1.000000
1.000000 1.000000
1.000000 1.000000
1.000000 1.000000
1.000000 1.000000
1.000000 1.000000
1.000000 1.000000
1.000000 1.000000
1.000000 1.000000
1.000000 1.000000
1.000000 1.000000
1.000000 1.000000
1.000000 1.000000
1.000000 1.000000
1.000000 1.000000
1.000000 1.000000
1.000000 1.000000
1.000000 1.000000
1.000000 1.000000
1.000000 1.000000
1.000000 1.000000
1.000000 1.000000
1.000000 1.000000
1.000000 1.000000
1.000000 1.000000
1.000000 1.000000
1.000000 1.000000
1.000000 1.000000
1.000000 1.000000
1.000000 1.000000
1.000000 1.000000
1.000000 1.000000
1.000000 1.000000
1.000000 1.000000
1.000000 1.000000
1.000000 1.000000
1.000000 1.000000
1.000000 1.000000
1.000000 1.000000
1.000000 1.000000
1.000000 1.000000
1.000000 1.000000
1.000000 1.000000
1.000000 1.000000
1.000000 1.000000
1.000000 1.000000
1.000000 1.000000
1.000000 1.000000
1.000000 1.000000
1.000000 1.000000
1.000000 1.000000
1.000000 1.000000
1.000000 1.000000
1.000000 1.000000
1.000000 1.000000
1.000000 1.000000
1.000000 1.000000
1.000000 1.000000
1.000000 1.000000
1.000000 1.000000
1.000000 1.000000
1.000000 1.000000
1.000000 1.000000
1.000000 1.000000
1.000000 1.000000
1.000000 1.000000
1.000000 1.000000
1.000000 1.000000
1.000000 1.000000
1.000000 1.000000
1.000000 1.000000
1.000000 1.000000
1.000000 1.000000
1.000000 1.000000
1.000000 1.000000
1.000000 1.000000
1.000000 1.000000
1.000000 1.000000
1.000000 1.000000
1.000000 1.000000
1.000000 1.000000
1.000000 1.000000
1.000000 1.000000
1.000000 1.000000
1.000000 1.000000
1.000000 1.000000
1.000000 1.000000
1.000000 1.000000
1.000000 1.000000
1.000000 1.000000
1.000000 1.000000
1.000000 1.000000
1.000000 1.000000
1.000000 1.000000
1.000000 1.000000
1.000000 1.000000
1.000000 1.000000
1.000000 1.000000
1.000000 1.000000
1.000000 1.000000
1.000000 1.000000
1.000000 1.000000
1.000000 1.000000
1.000000 1.000000
1.000000 1.000000
1.000000 1.000000
1.000000 1.000000
1.000000 1.000000
1.000000 1.000000
1.000000 1.000000
1.000000 1.000000
1.000000 1.000000
1.000000 1.000000
1.000000 1.000000
1.000000 1.000000
1.000000 1.000000
1.000000 1.000000
1.000000 1.000000
1.000000 1.000000
1.000000 1.000000
1.000000 1.000000
1.000000 1.000000
1.000000 1.000000
1.000000 1.000000
1.000000 1.000000
1.000000 1.000000
1.000000 1.000000
1.000000 1.000000
1.000000 1.000000
1.000000 1.000000
1.000000 1.000000
1.000000 1.000000
1.000000 1.000000
1.000000 1.000000
1.000000 1.000000
1.000000 1.000000
1.000000 1.000000
1.000000 1.000000
1.000000 1.000000
1.000000 1.000000
1.000000 1.000000
1.000000 1.000000
1.000000 1.000000
1.000000 1.000000
1.000000 1.000000
1.000000 1.000000
1.000000 1.000000
1.000000 1.000000
1.000000 1.000000
1.000000 1.000000
1.000000 1.000000
1.000000 1.000000
1.000000 1.000000
1.000000 1.000000
1.000000 1.000000
1.000000 1.000000
1.000000 1.000000
1.000000 1.000000
1.000000 1.000000
1.000000 1.000000
1.000000 1.000000
1.000000 1.000000
1.000000 1.000000
1.000000 1.000000
1.000000 1.000000
1.000000 1.000000
1.000000 1.000000
1.000000 1.000000
1.000000 1.000000
1.000000 1.000000
1.000000 1.000000
1.000000 1.000000
1.000000 1.000000
1.000000 1.000000
1.000000 1.000000
1.000000 1.000000
1.000000 1.000000
1.000000 1.000000
1.000000 1.000000
1.000000 1.000000
1.000000 1.000000
1.000000 1.000000
1.000000 1.000000
1.000000 1.000000
1.000000 1.000000
1.000000 1.000000
1.000000 1.000000
1.000000 1.000000
1.000000 1.000000
1.000000 1.000000
1.000000 1.000000
1.000000 1.000000
1.000000 1.000000
1.000000 1.000000
1.000000 1.000000
1.000000 1.000000
1.000000 1.000000
1.000000 1.000000
1.000000 1.000000
1.000000 1.000000
1.000000 1.000000
1.000000 1.000000
1.000000 1.000000
1.000000 1.000000
1.000000 1.000000
1.000000 1.000000
1.000000 1.000000
1.000000 1.000000
1.000000 1.000000
1.000000 1.000000
1.000000 1.000000
1.000000 1.000000
1.000000 1.000000
1.000000 1.000000
1.000000 1.000000
1.000000 1.000000
1.000000 1.000000
1.000000 1.000000
1.000000 1.000000
1.000000 1.000000
1.000000 1.000000
1.000000 1.000000
1.000000 1.000000
1.000000 1.000000
1.000000 1.000000
1.000000 1.000000
1.000000 1.000000
1.000000 1.000000
1.000000 1.000000
1.000000 1.000000
1.000000 1.000000
1.000000 1.000000
1.000000 1.000000
1.000000 1.000000
1.000000 1.000000
1.000000 1.000000
1.000000 1.000000
1.000000 1.000000
1.000000 1.000000
1.000000 1.000000
1.000000 1.000000
1.000000 1.000000
1.000000 1.000000
1.000000 1.000000
1.000000 1.000000
1.000000 1.000000
1.000000 1.000000
1.000000 1.000000
1.000000 1.000000
1.000000 1.000000
1.000000 1.000000
1.000000 1.000000
1.000000 1.000000
1.000000 1.000000
1.000000 1.000000
1.000000 1.000000
1.000000 1.000000
1.000000 1.000000
1.000000 1.000000
1.000000 1.000000
1.000000 1.000000
1.000000 1.000000
1.000000 1.000000
1.000000 1.000000
1.000000 1.000000
1.000000 1.000000
1.000000 1.000000
1.000000 1.000000
1.000000 1.000000
1.000000 1.000000
1.000000 1.000000
1.000000 1.000000
1.000000 1.000000
1.000000 1.000000
1.000000 1.000000
1.000000 1.000000
1.000000 1.000000
1.000000 1.000000
1.000000 1.000000
1.000000 1.000000
1.000000 1.000000
1.000000 1.000000
1.000000 1.000000
1.000000 1.000000
1.000000 1.000000
1.000000 1.000000
1.000000 1.000000
1.000000 1.000000
1.000000 1.000000
1.000000 1.000000
1.000000 1.000000
1.000000 1.000000
1.000000 1.000000
1.000000 1.000000
1.000000 1.000000
1.000000 1.000000
1.000000 1.000000
1.000000 1.000000
1.000000 1.000000
1.000000 1.000000
1.000000 1.000000
1.000000 1.000000
1.000000 1.000000
1.000000 1.000000
1.000000 1.000000
1.000000 1.000000
1.000000 1.000000
1.000000 1.000000
1.000000 1.000000
1.000000 1.000000
1.000000 1.000000
1.000000 1.000000
1.000000 1.000000
1.000000 1.000000
1.000000 1.000000
1.000000 1.000000
1.000000 1.000000
1.000000 1.000000
1.000000 1.000000
1.000000 1.000000
1.000000 1.000000
1.000000 1.000000
1.000000 1.000000
1.000000 1.000000
1.000000 1.000000
1.000000 1.000000
1.000000 1.000000
1.000000 1.000000
1.000000 1.000000
1.000000 1.000000
1.000000 1.000000
1.000000 1.000000
1.000000 1.000000
1.000000 1.000000
1.000000 1.000000
1.000000 1.000000
1.000000 1.000000
1.000000 1.000000
1.000000 1.000000
1.000000 1.000000
1.000000 1.000000
1.000000 1.000000
1.000000 1.000000
1.000000 1.000000
1.000000 1.000000
1.000000 1.000000
1.000000 1.000000
1.000000 1.000000
1.000000 1.000000
1.000000 1.000000
1.000000 1.000000
1.000000 1.000000
1.000000 1.000000
1.000000 1.000000
1.000000 1.000000
1.000000 1.000000
1.000000 1.000000
1.000000 1.000000
1.000000 1.000000
1.000000 1.000000
1.000000 1.000000
1.000000 1.000000
1.000000 1.000000
1.000000 1.000000
1.000000 1.000000
1.000000 1.000000
1.000000 1.000000
1.000000 1.000000
1.000000 1.000000
1.000000 1.000000
1.000000 1.000000
1.000000 1.000000
1.000000 1.000000
1.000000 1.000000
1.000000 1.000000
1.000000 1.000000
1.000000 1.000000
1.000000 1.000000
1.000000 1.000000
1.000000 1.000000
1.000000 1.000000
1.000000 1.000000
1.000000 1.000000
1.000000 1.000000
1.000000 1.000000
1.000000 1.000000
1.000000 1.000000
1.000000 1.000000
1.000000 1.000000
1.000000 1.000000
1.000000 1.000000
1.000000 1.000000
1.000000 1.000000
1.000000 1.000000
1.000000 1.000000
1.000000 1.000000
1.000000 1.000000
1.000000 1.000000
1.000000 1.000000
1.000000 1.000000
1.000000 1.000000
1.000000 1.000000
1.000000 1.000000
1.000000 1.000000
1.000000 1.000000
1.000000 1.000000
1.000000 1.000000
1.000000 1.000000
1.000000 1.000000
1.000000 1.000000
1.000000 1.000000
1.000000 1.000000
1.000000 1.000000
1.000000 1.000000
1.000000 1.000000
1.000000 1.000000
1.000000 1.000000
1.000000 1.000000
1.000000 1.000000
1.000000 1.000000
1.000000 1.000000
1.000000 1.000000
1.000000 1.000000
1.000000 1.000000
1.000000 1.000000
1.000000 1.000000
1.000000 1.000000
1.000000 1.000000
1.000000 1.000000
1.000000 1.000000
1.000000 1.000000
1.000000 1.000000
1.000000 1.000000
1.000000 1.000000
1.000000 1.000000
1.000000 1.000000
1.000000 1.000000
1.000000 1.000000
1.000000 1.000000
1.000000 1.000000
1.000000 1.000000
1.000000 1.000000
1.000000 1.000000
1.000000 1.000000
1.000000 1.000000
1.000000 1.000000
1.000000 1.000000
1.000000 1.000000
1.000000 1.000000
1.000000 1.000000
1.000000 1.000000
1.000000 1.000000
1.000000 1.000000
1.000000 1.000000
1.000000 1.000000
1.000000 1.000000
1.000000 1.000000
1.000000 1.000000
1.000000 1.000000
1.000000 1.000000
1.000000 1.000000
1.000000 1.000000
1.000000 1.000000
1.000000 1.000000
1.000000 1.000000
1.000000 1.000000
1.000000 1.000000
1.000000 1.000000
1.000000 1.000000
1.000000 1.000000
1.000000 1.000000
1.000000 1.000000
1.000000 1.000000
1.000000 1.000000
1.000000 1.000000
1.000000 1.000000
1.000000 1.000000
1.000000 1.000000
1.000000 1.000000
1.000000 1.000000
1.000000 1.000000
1.000000 1.000000
1.000000 1.000000
1.000000 1.000000
1.000000 1.000000
1.000000 1.000000
1.000000 1.000000
1.000000 1.000000
1.000000 1.000000
1.000000 1.000000
1.000000 1.000000
1.000000 1.000000
1.000000 1.000000
1.000000 1.000000
1.000000 1.000000
1.000000 1.000000
1.000000 1.000000
1.000000 1.000000
1.000000 1.000000
1.000000 1.000000
1.000000 1.000000
1.000000 1.000000
1.000000 1.000000
1.000000 1.000000
1.000000 1.000000
1.000000 1.000000
1.000000 1.000000
1.000000 1.000000
1.000000 1.000000
1.000000 1.000000
1.000000 1.000000
1.000000 1.000000
1.000000 1.000000
1.000000 1.000000
1.000000 1.000000
1.000000 1.000000
1.000000 1.000000
1.000000 1.000000
1.000000 1.000000
1.000000 1.000000
1.000000 1.000000
1.000000 1.000000
1.000000 1.000000
1.000000 1.000000
1.000000 1.000000
1.000000 1.000000
1.000000 1.000000
1.000000 1.000000
1.000000 1.000000
1.000000 1.000000
1.000000 1.000000
1.000000 1.000000
1.000000 1.000000
1.000000 1.000000
1.000000 1.000000
1.000000 1.000000
1.000000 1.000000
1.000000 1.000000
1.000000 1.000000
1.000000 1.000000
1.000000 1.000000
1.000000 1.000000
1.000000 1.000000
1.000000 1.000000
1.000000 1.000000
1.000000 1.000000
1.000000 1.000000
1.000000 1.000000
1.000000 1.000000
1.000000 1.000000
1.000000 1.000000
1.000000 1.000000
1.000000 1.000000
1.000000 1.000000
1.000000 1.000000
1.000000 1.000000
1.000000 1.000000
1.000000 1.000000
1.000000 1.000000
1.000000 1.000000
1.000000 1.000000
1.000000 1.000000
1.000000 1.000000
1.000000 1.000000
1.000000 1.000000
1.000000 1.000000
1.000000 1.000000
1.000000 1.000000
1.000000 1.000000
1.000000 1.000000
1.000000 1.000000
1.000000 1.000000
1.000000 1.000000
1.000000 1.000000
1.000000 1.000000
1.000000 1.000000
1.000000 1.000000
1.000000 1.000000
1.000000 1.000000
1.000000 1.000000
1.000000 1.000000
1.000000 1.000000
1.000000 1.000000
1.000000 1.000000
1.000000 1.000000
1.000000 1.000000
1.000000 1.000000
1.000000 1.000000
1.000000 1.000000
1.000000 1.000000
1.000000 1.000000
1.000000 1.000000
1.000000 1.000000
1.000000 1.000000
1.000000 1.000000
1.000000 1.000000
1.000000 1.000000
1.000000 1.000000
1.000000 1.000000
1.000000 1.000000
1.000000 1.000000
1.000000 1.000000
1.000000 1.000000
1.000000 1.000000
1.000000 1.000000
1.000000 1.000000
1.000000 1.000000
1.000000 1.000000
1.000000 1.000000
1.000000 1.000000
1.000000 1.000000
1.000000 1.000000
1.000000 1.000000
1.000000 1.000000
1.000000 1.000000
1.000000 1.000000
1.000000 1.000000
1.000000 1.000000
1.000000 1.000000
1.000000 1.000000
1.000000 1.000000
1.000000 1.000000
1.000000 1.000000
1.000000 1.000000
1.000000 1.000000
1.000000 1.000000
1.000000 1.000000
1.000000 1.000000
1.000000 1.000000
1.000000 1.000000
1.000000 1.000000
1.000000 1.000000
1.000000 1.000000
1.000000 1.000000
1.000000 1.000000
1.000000 1.000000
1.000000 1.000000
1.000000 1.000000
1.000000 1.000000
1.000000 1.000000
1.000000 1.000000
1.000000 1.000000
1.000000 1.000000
1.000000 1.000000
1.000000 1.000000
1.000000 1.000000
1.000000 1.000000
1.000000 1.000000
1.000000 1.000000
1.000000 1.000000
1.000000 1.000000
1.000000 1.000000
1.000000 1.000000
1.000000 1.000000
1.000000 1.000000
1.000000 1.000000
1.000000 1.000000
1.000000 1.000000
1.000000 1.000000
1.000000 1.000000
1.000000 1.000000
1.000000 1.000000
1.000000 1.000000
1.000000 1.000000
1.000000 1.000000
1.000000 1.000000
1.000000 1.000000
1.000000 1.000000
1.000000 1.000000
1.000000 1.000000
1.000000 1.000000
1.000000 1.000000
1.000000 1.000000
1.000000 1.000000
1.000000 1.000000
1.000000 1.000000
1.000000 1.000000
1.000000 1.000000
1.000000 1.000000
1.000000 1.000000
1.000000 1.000000
1.000000 1.000000
1.000000 1.000000
1.000000 1.000000
1.000000 1.000000
1.000000 1.000000
1.000000 1.000000
1.000000 1.000000
1.000000 1.000000
1.000000 1.000000
1.000000 1.000000
1.000000 1.000000
1.000000 1.000000
1.000000 1.000000
1.000000 1.000000
1.000000 1.000000
1.000000 1.000000
1.000000 1.000000
1.000000 1.000000
1.000000 1.000000
1.000000 1.000000
1.000000 1.000000
1.000000 1.000000
1.000000 1.000000
1.000000 1.000000
1.000000 1.000000
1.000000 1.000000
1.000000 1.000000
1.000000 1.000000
1.000000 1.000000
1.000000 1.000000
1.000000 1.000000
1.000000 1.000000
1.000000 1.000000
1.000000 1.000000
1.000000 1.000000
1.000000 1.000000
1.000000 1.000000
1.000000 1.000000
1.000000 1.000000
1.000000 1.000000
1.000000 1.000000
1.000000 1.000000
1.000000 1.000000
1.000000 1.000000
1.000000 1.000000
1.000000 1.000000
1.000000 1.000000
1.000000 1.000000
1.000000 1.000000
1.000000 1.000000
1.000000 1.000000
1.000000 1.000000
1.000000 1.000000
1.000000 1.000000
1.000000 1.000000
1.000000 1.000000
1.000000 1.000000
1.000000 1.000000
1.000000 1.000000
1.000000 1.000000
1.000000 1.000000
1.000000 1.000000
1.000000 1.000000
1.000000 1.000000
1.000000 1.000000
1.000000 1.000000
1.000000 1.000000
1.000000 1.000000
1.000000 1.000000
1.000000 1.000000
1.000000 1.000000
1.000000 1.000000
1.000000 1.000000
1.000000 1.000000
1.000000 1.000000
1.000000 1.000000
1.000000 1.000000
1.000000 1.000000
1.000000 1.000000
1.000000 1.000000
1.000000 1.000000
1.000000 1.000000
1.000000 1.000000
1.000000 1.000000
1.000000 1.000000
1.000000 1.000000
1.000000 1.000000
1.000000 1.000000
1.000000 1.000000
1.000000 1.000000
1.000000 1.000000
1.000000 1.000000
1.000000 1.000000
1.000000 1.000000
1.000000 1.000000
1.000000 1.000000
1.000000 1.000000
1.000000 1.000000
1.000000 1.000000
1.000000 1.000000
1.000000 1.000000
1.000000 1.000000
1.000000 1.000000
1.000000 1.000000
1.000000 1.000000
1.000000 1.000000
1.000000 1.000000
1.000000 1.000000
1.000000 1.000000
1.000000 1.000000
1.000000 1.000000
1.000000 1.000000
1.000000 1.000000
1.000000 1.000000
1.000000 1.000000
1.000000 1.000000
1.000000 1.000000
1.000000 1.000000
1.000000 1.000000
1.000000 1.000000
1.000000 1.000000
1.000000 1.000000
1.000000 1.000000
1.000000 1.000000
1.000000 1.000000
1.000000 1.000000
1.000000 1.000000
1.000000 1.000000
1.000000 1.000000
1.000000 1.000000
1.000000 1.000000
1.000000 1.000000
1.000000 1.000000
1.000000 1.000000
1.000000 1.000000
1.000000 1.000000
1.000000 1.000000
1.000000 1.000000
1.000000 1.000000
1.000000 1.000000
1.000000 1.000000
1.000000 1.000000
1.000000 1.000000
1.000000 1.000000
1.000000 1.000000
1.000000 1.000000
1.000000 1.000000
1.000000 1.000000
1.000000 1.000000
1.000000 1.000000
1.000000 1.000000
1.000000 1.000000
1.000000 1.000000
1.000000 1.000000
1.000000 1.000000
1.000000 1.000000
1.000000 1.000000
1.000000 1.000000
1.000000 1.000000
1.000000 1.000000
1.000000 1.000000
1.000000 1.000000
1.000000 1.000000
1.000000 1.000000
1.000000 1.000000
1.000000 1.000000
1.000000 1.000000
1.000000 1.000000
1.000000 1.000000
1.000000 1.000000
1.000000 1.000000
1.000000 1.000000
1.000000 1.000000
1.000000 1.000000
1.000000 1.000000
1.000000 1.000000
1.000000 1.000000
1.000000 1.000000
1.000000 1.000000
1.000000 1.000000
1.000000 1.000000
1.000000 1.000000
1.000000 1.000000
1.000000 1.000000
1.000000 1.000000
1.000000 1.000000
1.000000 1.000000
1.000000 1.000000
1.000000 1.000000
1.000000 1.000000
1.000000 1.000000
1.000000 1.000000
1.000000 1.000000
1.000000 1.000000
1.000000 1.000000
1.000000 1.000000
1.000000 1.000000
1.000000 1.000000
1.000000 1.000000
1.000000 1.000000
1.000000 1.000000
1.000000 1.000000
1.000000 1.000000
1.000000 1.000000
1.000000 1.000000
1.000000 1.000000
1.000000 1.000000
1.000000 1.000000
1.000000 1.000000
1.000000 1.000000
1.000000 1.000000
1.000000 1.000000
1.000000 1.000000
1.000000 1.000000
1.000000 1.000000
1.000000 1.000000
1.000000 1.000000
1.000000 1.000000
1.000000 1.000000
1.000000 1.000000
1.000000 1.000000
1.000000 1.000000
1.000000 1.000000
1.000000 1.000000
1.000000 1.000000
1.000000 1.000000
1.000000 1.000000
1.000000 1.000000
1.000000 1.000000
1.000000 1.000000
1.000000 1.000000
1.000000 1.000000
1.000000 1.000000
1.000000 1.000000
1.000000 1.000000
1.000000 1.000000
1.000000 1.000000
1.000000 1.000000
1.000000 1.000000
1.000000 1.000000
1.000000 1.000000
1.000000 1.000000
1.000000 1.000000
1.000000 1.000000
1.000000 1.000000
1.000000 1.000000
1.000000 1.000000
1.000000 1.000000
1.000000 1.000000
1.000000 1.000000
1.000000 1.000000
1.000000 1.000000
1.000000 1.000000
1.000000 1.000000
1.000000 1.000000
1.000000 1.000000
1.000000 1.000000
1.000000 1.000000
1.000000 1.000000
1.000000 1.000000
1.000000 1.000000
1.000000 1.000000
1.000000 1.000000
1.000000 1.000000
1.000000 1.000000
1.000000 1.000000
1.000000 1.000000
1.000000 1.000000
1.000000 1.000000
1.000000 1.000000
1.000000 1.000000
1.000000 1.000000
1.000000 1.000000
1.000000 1.000000
1.000000 1.000000
1.000000 1.000000
1.000000 1.000000
1.000000 1.000000
1.000000 1.000000
1.000000 1.000000
1.000000 1.000000
1.000000 1.000000
1.000000 1.000000
1.000000 1.000000
1.000000 1.000000
1.000000 1.000000
1.000000 1.000000
1.000000 1.000000
1.000000 1.000000
1.000000 1.000000
1.000000 1.000000
1.000000 1.000000
1.000000 1.000000
1.000000 1.000000
1.000000 1.000000
1.000000 1.000000
1.000000 1.000000
1.000000 1.000000
1.000000 1.000000
1.000000 1.000000
1.000000 1.000000
1.000000 1.000000
1.000000 1.000000
1.000000 1.000000
1.000000 1.000000
1.000000 1.000000
1.000000 1.000000
1.000000 1.000000
1.000000 1.000000
1.000000 1.000000
1.000000 1.000000
1.000000 1.000000
1.000000 1.000000
1.000000 1.000000
1.000000 1.000000
1.000000 1.000000
1.000000 1.000000
1.000000 1.000000
1.000000 1.000000
1.000000 1.000000
1.000000 1.000000
1.000000 1.000000
1.000000 1.000000
1.000000 1.000000
1.000000 1.000000
1.000000 1.000000
1.000000 1.000000
1.000000 1.000000
1.000000 1.000000
1.000000 1.000000
1.000000 1.000000
1.000000 1.000000
1.000000 1.000000
1.000000 1.000000
1.000000 1.000000
1.000000 1.000000
1.000000 1.000000
1.000000 1.000000
1.000000 1.000000
1.000000 1.000000
1.000000 1.000000
1.000000 1.000000
1.000000 1.000000
1.000000 1.000000
1.000000 1.000000
1.000000 1.000000
1.000000 1.000000
1.000000 1.000000
1.000000 1.000000
1.000000 1.000000
1.000000 1.000000
1.000000 1.000000
1.000000 1.000000
1.000000 1.000000
1.000000 1.000000
1.000000 1.000000
1.000000 1.000000
1.000000 1.000000
1.000000 1.000000
1.000000 1.000000
1.000000 1.000000
1.000000 1.000000
1.000000 1.000000
1.000000 1.000000
1.000000 1.000000
1.000000 1.000000
1.000000 1.000000
1.000000 1.000000
1.000000 1.000000
1.000000 1.000000
1.000000 1.000000
1.000000 1.000000
1.000000 1.000000
1.000000 1.000000
1.000000 1.000000
1.000000 1.000000
1.000000 1.000000
1.000000 1.000000
1.000000 1.000000
1.000000 1.000000
1.000000 1.000000
1.000000 1.000000
1.000000 1.000000
1.000000 1.000000
1.000000 1.000000
1.000000 1.000000
1.000000 1.000000
1.000000 1.000000
1.000000 1.000000
1.000000 1.000000
1.000000 1.000000
1.000000 1.000000
1.000000 1.000000
1.000000 1.000000
1.000000 1.000000
1.000000 1.000000
1.000000 1.000000
1.000000 1.000000
1.000000 1.000000
1.000000 1.000000
1.000000 1.000000
1.000000 1.000000
1.000000 1.000000
1.000000 1.000000
1.000000 1.000000
1.000000 1.000000
1.000000 1.000000
1.000000 1.000000
1.000000 1.000000
1.000000 1.000000
1.000000 1.000000
1.000000 1.000000
1.000000 1.000000
1.000000 1.000000
1.000000 1.000000
1.000000 1.000000
1.000000 1.000000
1.000000 1.000000
1.000000 1.000000
1.000000 1.000000
1.000000 1.000000
1.000000 1.000000
1.000000 1.000000
1.000000 1.000000
1.000000 1.000000
1.000000 1.000000
1.000000 1.000000
1.000000 1.000000
1.000000 1.000000
1.000000 1.000000
1.000000 1.000000
1.000000 1.000000
1.000000 1.000000
1.000000 1.000000
1.000000 1.000000
1.000000 1.000000
1.000000 1.000000
1.000000 1.000000
1.000000 1.000000
1.000000 1.000000
1.000000 1.000000
1.000000 1.000000
1.000000 1.000000
1.000000 1.000000
1.000000 1.000000
1.000000 1.000000
1.000000 1.000000
1.000000 1.000000
1.000000 1.000000
1.000000 1.000000
1.000000 1.000000
1.000000 1.000000
1.000000 1.000000
1.000000 1.000000
1.000000 1.000000
1.000000 1.000000
1.000000 1.000000
1.000000 1.000000
1.000000 1.000000
1.000000 1.000000
1.000000 1.000000
1.000000 1.000000
1.000000 1.000000
1.000000 1.000000
1.000000 1.000000
1.000000 1.000000
1.000000 1.000000
1.000000 1.000000
1.000000 1.000000
1.000000 1.000000
1.000000 1.000000
1.000000 1.000000
1.000000 1.000000
1.000000 1.000000
1.000000 1.000000
1.000000 1.000000
1.000000 1.000000
1.000000 1.000000
1.000000 1.000000
1.000000 1.000000
1.000000 1.000000
1.000000 1.000000
1.000000 1.000000
1.000000 1.000000
1.000000 1.000000
1.000000 1.000000
1.000000 1.000000
1.000000 1.000000
1.000000 1.000000
1.000000 1.000000
1.000000 1.000000
1.000000 1.000000
1.000000 1.000000
1.000000 1.000000
1.000000 1.000000
1.000000 1.000000
1.000000 1.000000
1.000000 1.000000
1.000000 1.000000
1.000000 1.000000
1.000000 1.000000
1.000000 1.000000
1.000000 1.000000
1.000000 1.000000
1.000000 1.000000
1.000000 1.000000
1.000000 1.000000
1.000000 1.000000
1.000000 1.000000
1.000000 1.000000
1.000000 1.000000
1.000000 1.000000
1.000000 1.000000
1.000000 1.000000
1.000000 1.000000
1.000000 1.000000
1.000000 1.000000
1.000000 1.000000
1.000000 1.000000
1.000000 1.000000
1.000000 1.000000
1.000000 1.000000
1.000000 1.000000
1.000000 1.000000
1.000000 1.000000
1.000000 1.000000
1.000000 1.000000
1.000000 1.000000
1.000000 1.000000
1.000000 1.000000
1.000000 1.000000
1.000000 1.000000
1.000000 1.000000
1.000000 1.000000
1.000000 1.000000
1.000000 1.000000
1.000000 1.000000
1.000000 1.000000
1.000000 1.000000
1.000000 1.000000
1.000000 1.000000
1.000000 1.000000
1.000000 1.000000
1.000000 1.000000
1.000000 1.000000
1.000000 1.000000
1.000000 1.000000
1.000000 1.000000
1.000000 1.000000
1.000000 1.000000
1.000000 1.000000
1.000000 1.000000
1.000000 1.000000
1.000000 1.000000
1.000000 1.000000
1.000000 1.000000
1.000000 1.000000
1.000000 1.000000
1.000000 1.000000
1.000000 1.000000
1.000000 1.000000
1.000000 1.000000
1.000000 1.000000
1.000000 1.000000
1.000000 1.000000
1.000000 1.000000
1.000000 1.000000
1.000000 1.000000
1.000000 1.000000
1.000000 1.000000
1.000000 1.000000
1.000000 1.000000
1.000000 1.000000
1.000000 1.000000
1.000000 1.000000
1.000000 1.000000
1.000000 1.000000
1.000000 1.000000
1.000000 1.000000
1.000000 1.000000
1.000000 1.000000
1.000000 1.000000
1.000000 1.000000
1.000000 1.000000
1.000000 1.000000
1.000000 1.000000
1.000000 1.000000
1.000000 1.000000
1.000000 1.000000
1.000000 1.000000
1.000000 1.000000
1.000000 1.000000
1.000000 1.000000
1.000000 1.000000
1.000000 1.000000
1.000000 1.000000
1.000000 1.000000
1.000000 1.000000
1.000000 1.000000
1.000000 1.000000
1.000000 1.000000
1.000000 1.000000
1.000000 1.000000
1.000000 1.000000
1.000000 1.000000
1.000000 1.000000
1.000000 1.000000
1.000000 1.000000
1.000000 1.000000
1.000000 1.000000
1.000000 1.000000
1.000000 1.000000
1.000000 1.000000
1.000000 1.000000
1.000000 1.000000
1.000000 1.000000
1.000000 1.000000
1.000000 1.000000
1.000000 1.000000
1.000000 1.000000
1.000000 1.000000
1.000000 1.000000
1.000000 1.000000
1.000000 1.000000
1.000000 1.000000
1.000000 1.000000
1.000000 1.000000
1.000000 1.000000
1.000000 1.000000
1.000000 1.000000
1.000000 1.000000
1.000000 1.000000
1.000000 1.000000
1.000000 1.000000
1.000000 1.000000
1.000000 1.000000
1.000000 1.000000
1.000000 1.000000
1.000000 1.000000
1.000000 1.000000
1.000000 1.000000
1.000000 1.000000
1.000000 1.000000
1.000000 1.000000
1.000000 1.000000
1.000000 1.000000
1.000000 1.000000
1.000000 1.000000
1.000000 1.000000
1.000000 1.000000
1.000000 1.000000
1.000000 1.000000
1.000000 1.000000
1.000000 1.000000
1.000000 1.000000
1.000000 1.000000
1.000000 1.000000
1.000000 1.000000
1.000000 1.000000
1.000000 1.000000
1.000000 1.000000
1.000000 1.000000
1.000000 1.000000
1.000000 1.000000
1.000000 1.000000
1.000000 1.000000
1.000000 1.000000
1.000000 1.000000
1.000000 1.000000
1.000000 1.000000
1.000000 1.000000
1.000000 1.000000
1.000000 1.000000
1.000000 1.000000
1.000000 1.000000
1.000000 1.000000
1.000000 1.000000
1.000000 1.000000
1.000000 1.000000
1.000000 1.000000
1.000000 1.000000
1.000000 1.000000
1.000000 1.000000
1.000000 1.000000
1.000000 1.000000
1.000000 1.000000
1.000000 1.000000
1.000000 1.000000
1.000000 1.000000
1.000000 1.000000
1.000000 1.000000
1.000000 1.000000
1.000000 1.000000
1.000000 1.000000
1.000000 1.000000
1.000000 1.000000
1.000000 1.000000
1.000000 1.000000
1.000000 1.000000
1.000000 1.000000
1.000000 1.000000
1.000000 1.000000
1.000000 1.000000
1.000000 1.000000
1.000000 1.000000
1.000000 1.000000
1.000000 1.000000
1.000000 1.000000
1.000000 1.000000
1.000000 1.000000
1.000000 1.000000
1.000000 1.000000
1.000000 1.000000
1.000000 1.000000
1.000000 1.000000
1.000000 1.000000
1.000000 1.000000
1.000000 1.000000
1.000000 1.000000
1.000000 1.000000
1.000000 1.000000
1.000000 1.000000
1.000000 1.000000
1.000000 1.000000
1.000000 1.000000
1.000000 1.000000
1.000000 1.000000
1.000000 1.000000
1.000000 1.000000
1.000000 1.000000
1.000000 1.000000
1.000000 1.000000
1.000000 1.000000
1.000000 1.000000
1.000000 1.000000
1.000000 1.000000
1.000000 1.000000
1.000000 1.000000
1.000000 1.000000
1.000000 1.000000
1.000000 1.000000
1.000000 1.000000
1.000000 1.000000
1.000000 1.000000
1.000000 1.000000
1.000000 1.000000
1.000000 1.000000
1.000000 1.000000
1.000000 1.000000
1.000000 1.000000
1.000000 1.000000
1.000000 1.000000
1.000000 1.000000
1.000000 1.000000
1.000000 1.000000
1.000000 1.000000
1.000000 1.000000
1.000000 1.000000
1.000000 1.000000
1.000000 1.000000
1.000000 1.000000
1.000000 1.000000
1.000000 1.000000
1.000000 1.000000
1.000000 1.000000
1.000000 1.000000
1.000000 1.000000
1.000000 1.000000
1.000000 1.000000
1.000000 1.000000
1.000000 1.000000
1.000000 1.000000
1.000000 1.000000
1.000000 1.000000
1.000000 1.000000
1.000000 1.000000
1.000000 1.000000
1.000000 1.000000
1.000000 1.000000
1.000000 1.000000
1.000000 1.000000
1.000000 1.000000
1.000000 1.000000
1.000000 1.000000
1.000000 1.000000
1.000000 1.000000
1.000000 1.000000
1.000000 1.000000
1.000000 1.000000
1.000000 1.000000
1.000000 1.000000
1.000000 1.000000
1.000000 1.000000
1.000000 1.000000
1.000000 1.000000
1.000000 1.000000
1.000000 1.000000
1.000000 1.000000
1.000000 1.000000
1.000000 1.000000
1.000000 1.000000
1.000000 1.000000
1.000000 1.000000
1.000000 1.000000
1.000000 1.000000
1.000000 1.000000
1.000000 1.000000
1.000000 1.000000
1.000000 1.000000
1.000000 1.000000
1.000000 1.000000
1.000000 1.000000
1.000000 1.000000
1.000000 1.000000
1.000000 1.000000
1.000000 1.000000
1.000000 1.000000
1.000000 1.000000
1.000000 1.000000
1.000000 1.000000
1.000000 1.000000
1.000000 1.000000
1.000000 1.000000
1.000000 1.000000
1.000000 1.000000
1.000000 1.000000
1.000000 1.000000
1.000000 1.000000
1.000000 1.000000
1.000000 1.000000
1.000000 1.000000
1.000000 1.000000
1.000000 1.000000
1.000000 1.000000
1.000000 1.000000
1.000000 1.000000
1.000000 1.000000
1.000000 1.000000
1.000000 1.000000
1.000000 1.000000
1.000000 1.000000
1.000000 1.000000
1.000000 1.000000
1.000000 1.000000
1.000000 1.000000
1.000000 1.000000
1.000000 1.000000
1.000000 1.000000
1.000000 1.000000
1.000000 1.000000
1.000000 1.000000
1.000000 1.000000
1.000000 1.000000
1.000000 1.000000
1.000000 1.000000
1.000000 1.000000
1.000000 1.000000
1.000000 1.000000
1.000000 1.000000
1.000000 1.000000
1.000000 1.000000
1.000000 1.000000
1.000000 1.000000
1.000000 1.000000
1.000000 1.000000
1.000000 1.000000
1.000000 1.000000
1.000000 1.000000
1.000000 1.000000
1.000000 1.000000
1.000000 1.000000
1.000000 1.000000
1.000000 1.000000
1.000000 1.000000
1.000000 1.000000
1.000000 1.000000
1.000000 1.000000
1.000000 1.000000
1.000000 1.000000
1.000000 1.000000
1.000000 1.000000
1.000000 1.000000
1.000000 1.000000
1.000000 1.000000
1.000000 1.000000
1.000000 1.000000
1.000000 1.000000
1.000000 1.000000
1.000000 1.000000
1.000000 1.000000
1.000000 1.000000
1.000000 1.000000
1.000000 1.000000
1.000000 1.000000
1.000000 1.000000
1.000000 1.000000
1.000000 1.000000
1.000000 1.000000
1.000000 1.000000
1.000000 1.000000
1.000000 1.000000
1.000000 1.000000
1.000000 1.000000
1.000000 1.000000
1.000000 1.000000
1.000000 1.000000
1.000000 1.000000
1.000000 1.000000
1.000000 1.000000
1.000000 1.000000
1.000000 1.000000
1.000000 1.000000
1.000000 1.000000
1.000000 1.000000
1.000000 1.000000
1.000000 1.000000
1.000000 1.000000
1.000000 1.000000
1.000000 1.000000
1.000000 1.000000
1.000000 1.000000
1.000000 1.000000
1.000000 1.000000
1.000000 1.000000
1.000000 1.000000
1.000000 1.000000
1.000000 1.000000
1.000000 1.000000
1.000000 1.000000
1.000000 1.000000
1.000000 1.000000
1.000000 1.000000
1.000000 1.000000
1.000000 1.000000
1.000000 1.000000
1.000000 1.000000
1.000000 1.000000
1.000000 1.000000
1.000000 1.000000
1.000000 1.000000
1.000000 1.000000
1.000000 1.000000
1.000000 1.000000
1.000000 1.000000
1.000000 1.000000
1.000000 1.000000
1.000000 1.000000
1.000000 1.000000
1.000000 1.000000
1.000000 1.000000
1.000000 1.000000
1.000000 1.000000
1.000000 1.000000
1.000000 1.000000
1.000000 1.000000
1.000000 1.000000
1.000000 1.000000
1.000000 1.000000
1.000000 1.000000
1.000000 1.000000
1.000000 1.000000
1.000000 1.000000
1.000000 1.000000
1.000000 1.000000
1.000000 1.000000
1.000000 1.000000
1.000000 1.000000
1.000000 1.000000
1.000000 1.000000
1.000000 1.000000
1.000000 1.000000
1.000000 1.000000
1.000000 1.000000
1.000000 1.000000
1.000000 1.000000
1.000000 1.000000
1.000000 1.000000
1.000000 1.000000
1.000000 1.000000
1.000000 1.000000
1.000000 1.000000
1.000000 1.000000
1.000000 1.000000
1.000000 1.000000
1.000000 1.000000
1.000000 1.000000
1.000000 1.000000
1.000000 1.000000
1.000000 1.000000
1.000000 1.000000
1.000000 1.000000
1.000000 1.000000
1.000000 1.000000
1.000000 1.000000
1.000000 1.000000
1.000000 1.000000
1.000000 1.000000
1.000000 1.000000
1.000000 1.000000
1.000000 1.000000
1.000000 1.000000
1.000000 1.000000
1.000000 1.000000
1.000000 1.000000
1.000000 1.000000
1.000000 1.000000
1.000000 1.000000
1.000000 1.000000
1.000000 1.000000
1.000000 1.000000
1.000000 1.000000
1.000000 1.000000
1.000000 1.000000
1.000000 1.000000
1.000000 1.000000
1.000000 1.000000
1.000000 1.000000
1.000000 1.000000
1.000000 1.000000
1.000000 1.000000
1.000000 1.000000
1.000000 1.000000
1.000000 1.000000
1.000000 1.000000
1.000000 1.000000
1.000000 1.000000
1.000000 1.000000
1.000000 1.000000
1.000000 1.000000
1.000000 1.000000
1.000000 1.000000
1.000000 1.000000
1.000000 1.000000
1.000000 1.000000
1.000000 1.000000
1.000000 1.000000
1.000000 1.000000
1.000000 1.000000
1.000000 1.000000
1.000000 1.000000
1.000000 1.000000
1.000000 1.000000
1.000000 1.000000
1.000000 1.000000
1.000000 1.000000
1.000000 1.000000
1.000000 1.000000
1.000000 1.000000
1.000000 1.000000
1.000000 1.000000
1.000000 1.000000
1.000000 1.000000
1.000000 1.000000
1.000000 1.000000
1.000000 1.000000
1.000000 1.000000
1.000000 1.000000
1.000000 1.000000
1.000000 1.000000
1.000000 1.000000
1.000000 1.000000
1.000000 1.000000
1.000000 1.000000
1.000000 1.000000
1.000000 1.000000
1.000000 1.000000
1.000000 1.000000
1.000000 1.000000
1.000000 1.000000
1.000000 1.000000
1.000000 1.000000
1.000000 1.000000
1.000000 1.000000
1.000000 1.000000
1.000000 1.000000
1.000000 1.000000
1.000000 1.000000
1.000000 1.000000
1.000000 1.000000
1.000000 1.000000
1.000000 1.000000
1.000000 1.000000
1.000000 1.000000
1.000000 1.000000
1.000000 1.000000
1.000000 1.000000
1.000000 1.000000
1.000000 1.000000
1.000000 1.000000
1.000000 1.000000
1.000000 1.000000
1.000000 1.000000
1.000000 1.000000
1.000000 1.000000
1.000000 1.000000
1.000000 1.000000
1.000000 1.000000
1.000000 1.000000
1.000000 1.000000
1.000000 1.000000
1.000000 1.000000
1.000000 1.000000
1.000000 1.000000
1.000000 1.000000
1.000000 1.000000
1.000000 1.000000
1.000000 1.000000
1.000000 1.000000
1.000000 1.000000
1.000000 1.000000
1.000000 1.000000
1.000000 1.000000
1.000000 1.000000
1.000000 1.000000
1.000000 1.000000
1.000000 1.000000
1.000000 1.000000
1.000000 1.000000
1.000000 1.000000
1.000000 1.000000
1.000000 1.000000
1.000000 1.000000
1.000000 1.000000
1.000000 1.000000
1.000000 1.000000
1.000000 1.000000
1.000000 1.000000
1.000000 1.000000
1.000000 1.000000
1.000000 1.000000
1.000000 1.000000
1.000000 1.000000
1.000000 1.000000
1.000000 1.000000
1.000000 1.000000
1.000000 1.000000
1.000000 1.000000
1.000000 1.000000
1.000000 1.000000
1.000000 1.000000
1.000000 1.000000
1.000000 1.000000
1.000000 1.000000
1.000000 1.000000
1.000000 1.000000
1.000000 1.000000
1.000000 1.000000
1.000000 1.000000
1.000000 1.000000
1.000000 1.000000
1.000000 1.000000
1.000000 1.000000
1.000000 1.000000
1.000000 1.000000
1.000000 1.000000
1.000000 1.000000
1.000000 1.000000
1.000000 1.000000
1.000000 1.000000
1.000000 1.000000
1.000000 1.000000
1.000000 1.000000
1.000000 1.000000
1.000000 1.000000
1.000000 1.000000
1.000000 1.000000
1.000000 1.000000
1.000000 1.000000
1.000000 1.000000
1.000000 1.000000
1.000000 1.000000
1.000000 1.000000
1.000000 1.000000
1.000000 1.000000
1.000000 1.000000
1.000000 1.000000
1.000000 1.000000
1.000000 1.000000
1.000000 1.000000
1.000000 1.000000
1.000000 1.000000
1.000000 1.000000
1.000000 1.000000
1.000000 1.000000
1.000000 1.000000
1.000000 1.000000
1.000000 1.000000
1.000000 1.000000
1.000000 1.000000
1.000000 1.000000
1.000000 1.000000
1.000000 1.000000
1.000000 1.000000
1.000000 1.000000
1.000000 1.000000
1.000000 1.000000
1.000000 1.000000
1.000000 1.000000
1.000000 1.000000
1.000000 1.000000
1.000000 1.000000
1.000000 1.000000
1.000000 1.000000
1.000000 1.000000
1.000000 1.000000
1.000000 1.000000
1.000000 1.000000
1.000000 1.000000
1.000000 1.000000
1.000000 1.000000
1.000000 1.000000
1.000000 1.000000
1.000000 1.000000
1.000000 1.000000
1.000000 1.000000
1.000000 1.000000
1.000000 1.000000
1.000000 1.000000
1.000000 1.000000
1.000000 1.000000
1.000000 1.000000
1.000000 1.000000
1.000000 1.000000
1.000000 1.000000
1.000000 1.000000
1.000000 1.000000
1.000000 1.000000
1.000000 1.000000
1.000000 1.000000
1.000000 1.000000
1.000000 1.000000
1.000000 1.000000
1.000000 1.000000
1.000000 1.000000
1.000000 1.000000
1.000000 1.000000
1.000000 1.000000
1.000000 1.000000
1.000000 1.000000
1.000000 1.000000
1.000000 1.000000
1.000000 1.000000
1.000000 1.000000
1.000000 1.000000
1.000000 1.000000
1.000000 1.000000
1.000000 1.000000
1.000000 1.000000
1.000000 1.000000
1.000000 1.000000
1.000000 1.000000
1.000000 1.000000
1.000000 1.000000
1.000000 1.000000
1.000000 1.000000
1.000000 1.000000
1.000000 1.000000
1.000000 1.000000
1.000000 1.000000
1.000000 1.000000
1.000000 1.000000
1.000000 1.000000
1.000000 1.000000
1.000000 1.000000
1.000000 1.000000
1.000000 1.000000
1.000000 1.000000
1.000000 1.000000
1.000000 1.000000
1.000000 1.000000
1.000000 1.000000
1.000000 1.000000
1.000000 1.000000
1.000000 1.000000
1.000000 1.000000
1.000000 1.000000
1.000000 1.000000
1.000000 1.000000
1.000000 1.000000
1.000000 1.000000
1.000000 1.000000
1.000000 1.000000
1.000000 1.000000
1.000000 1.000000
1.000000 1.000000
1.000000 1.000000
1.000000 1.000000
1.000000 1.000000
1.000000 1.000000
1.000000 1.000000
1.000000 1.000000
1.000000 1.000000
1.000000 1.000000
1.000000 1.000000
1.000000 1.000000
1.000000 1.000000
1.000000 1.000000
1.000000 1.000000
1.000000 1.000000
1.000000 1.000000
1.000000 1.000000
1.000000 1.000000
1.000000 1.000000
1.000000 1.000000
1.000000 1.000000
1.000000 1.000000
1.000000 1.000000
1.000000 1.000000
1.000000 1.000000
1.000000 1.000000
1.000000 1.000000
1.000000 1.000000
1.000000 1.000000
1.000000 1.000000
1.000000 1.000000
1.000000 1.000000
1.000000 1.000000
1.000000 1.000000
1.000000 1.000000
1.000000 1.000000
1.000000 1.000000
1.000000 1.000000
1.000000 1.000000
1.000000 1.000000
1.000000 1.000000
1.000000 1.000000
1.000000 1.000000
1.000000 1.000000
1.000000 1.000000
1.000000 1.000000
1.000000 1.000000
1.000000 1.000000
1.000000 1.000000
1.000000 1.000000
1.000000 1.000000
1.000000 1.000000
1.000000 1.000000
1.000000 1.000000
1.000000 1.000000
1.000000 1.000000
1.000000 1.000000
1.000000 1.000000
1.000000 1.000000
1.000000 1.000000
1.000000 1.000000
1.000000 1.000000
1.000000 1.000000
1.000000 1.000000
1.000000 1.000000
1.000000 1.000000
1.000000 1.000000
1.000000 1.000000
1.000000 1.000000
1.000000 1.000000
1.000000 1.000000
1.000000 1.000000
1.000000 1.000000
1.000000 1.000000
1.000000 1.000000
1.000000 1.000000
1.000000 1.000000
1.000000 1.000000
1.000000 1.000000
1.000000 1.000000
1.000000 1.000000
1.000000 1.000000
1.000000 1.000000
1.000000 1.000000
1.000000 1.000000
1.000000 1.000000
1.000000 1.000000
1.000000 1.000000
1.000000 1.000000
1.000000 1.000000
1.000000 1.000000
1.000000 1.000000
1.000000 1.000000
1.000000 1.000000
1.000000 1.000000
1.000000 1.000000
1.000000 1.000000
1.000000 1.000000
1.000000 1.000000
1.000000 1.000000
1.000000 1.000000
1.000000 1.000000
1.000000 1.000000
1.000000 1.000000
1.000000 1.000000
1.000000 1.000000
1.000000 1.000000
1.000000 1.000000
1.000000 1.000000
1.000000 1.000000
1.000000 1.000000
1.000000 1.000000
1.000000 1.000000
1.000000 1.000000
1.000000 1.000000
1.000000 1.000000
1.000000 1.000000
1.000000 1.000000
1.000000 1.000000
1.000000 1.000000
1.000000 1.000000
1.000000 1.000000
1.000000 1.000000
1.000000 1.000000
1.000000 1.000000
1.000000 1.000000
1.000000 1.000000
1.000000 1.000000
1.000000 1.000000
1.000000 1.000000
1.000000 1.000000
1.000000 1.000000
1.000000 1.000000
1.000000 1.000000
1.000000 1.000000
1.000000 1.000000
1.000000 1.000000
1.000000 1.000000
1.000000 1.000000
1.000000 1.000000
1.000000 1.000000
1.000000 1.000000
1.000000 1.000000
1.000000 1.000000
1.000000 1.000000
1.000000 1.000000
1.000000 1.000000
1.000000 1.000000
1.000000 1.000000
1.000000 1.000000
1.000000 1.000000
1.000000 1.000000
1.000000 1.000000
1.000000 1.000000
1.000000 1.000000
1.000000 1.000000
1.000000 1.000000
1.000000 1.000000
1.000000 1.000000
1.000000 1.000000
1.000000 1.000000
1.000000 1.000000
1.000000 1.000000
1.000000 1.000000
1.000000 1.000000
1.000000 1.000000
1.000000 1.000000
1.000000 1.000000
1.000000 1.000000
1.000000 1.000000
1.000000 1.000000
1.000000 1.000000
1.000000 1.000000
1.000000 1.000000
1.000000 1.000000
1.000000 1.000000
1.000000 1.000000
1.000000 1.000000
1.000000 1.000000
1.000000 1.000000
1.000000 1.000000
1.000000 1.000000
1.000000 1.000000
1.000000 1.000000
1.000000 1.000000
1.000000 1.000000
1.000000 1.000000
1.000000 1.000000
1.000000 1.000000
1.000000 1.000000
1.000000 1.000000
1.000000 1.000000
1.000000 1.000000
1.000000 1.000000
1.000000 1.000000
1.000000 1.000000
1.000000 1.000000
1.000000 1.000000
1.000000 1.000000
1.000000 1.000000
1.000000 1.000000
1.000000 1.000000
1.000000 1.000000
1.000000 1.000000
1.000000 1.000000
1.000000 1.000000
1.000000 1.000000
1.000000 1.000000
1.000000 1.000000
1.000000 1.000000
1.000000 1.000000
1.000000 1.000000
1.000000 1.000000
1.000000 1.000000
1.000000 1.000000
1.000000 1.000000
1.000000 1.000000
1.000000 1.000000
1.000000 1.000000
1.000000 1.000000
1.000000 1.000000
1.000000 1.000000
1.000000 1.000000
1.000000 1.000000
1.000000 1.000000
1.000000 1.000000
1.000000 1.000000
1.000000 1.000000
1.000000 1.000000
1.000000 1.000000
1.000000 1.000000
1.000000 1.000000
1.000000 1.000000
1.000000 1.000000
1.000000 1.000000
1.000000 1.000000
1.000000 1.000000
1.000000 1.000000
1.000000 1.000000
1.000000 1.000000
1.000000 1.000000
1.000000 1.000000
1.000000 1.000000
1.000000 1.000000
1.000000 1.000000
1.000000 1.000000
1.000000 1.000000
1.000000 1.000000
1.000000 1.000000
1.000000 1.000000
1.000000 1.000000
1.000000 1.000000
1.000000 1.000000
1.000000 1.000000
1.000000 1.000000
1.000000 1.000000
1.000000 1.000000
1.000000 1.000000
1.000000 1.000000
1.000000 1.000000
1.000000 1.000000
1.000000 1.000000
1.000000 1.000000
1.000000 1.000000
1.000000 1.000000
1.000000 1.000000
1.000000 1.000000
1.000000 1.000000
1.000000 1.000000
1.000000 1.000000
1.000000 1.000000
1.000000 1.000000
1.000000 1.000000
1.000000 1.000000
1.000000 1.000000
1.000000 1.000000
1.000000 1.000000
1.000000 1.000000
1.000000 1.000000
1.000000 1.000000
1.000000 1.000000
1.000000 1.000000
1.000000 1.000000
1.000000 1.000000
1.000000 1.000000
1.000000 1.000000
1.000000 1.000000
1.000000 1.000000
1.000000 1.000000
1.000000 1.000000
1.000000 1.000000
1.000000 1.000000
1.000000 1.000000
1.000000 1.000000
1.000000 1.000000
1.000000 1.000000
1.000000 1.000000
1.000000 1.000000
1.000000 1.000000
1.000000 1.000000
1.000000 1.000000
1.000000 1.000000
1.000000 1.000000
1.000000 1.000000
1.000000 1.000000
1.000000 1.000000
1.000000 1.000000
1.000000 1.000000
1.000000 1.000000
1.000000 1.000000
1.000000 1.000000
1.000000 1.000000
1.000000 1.000000
1.000000 1.000000
1.000000 1.000000
1.000000 1.000000
1.000000 1.000000
1.000000 1.000000
1.000000 1.000000
1.000000 1.000000
1.000000 1.000000
1.000000 1.000000
1.000000 1.000000
1.000000 1.000000
1.000000 1.000000
1.000000 1.000000
1.000000 1.000000
1.000000 1.000000
1.000000 1.000000
1.000000 1.000000
1.000000 1.000000
1.000000 1.000000
1.000000 1.000000
1.000000 1.000000
1.000000 1.000000
1.000000 1.000000
1.000000 1.000000
1.000000 1.000000
1.000000 1.000000
1.000000 1.000000
1.000000 1.000000
1.000000 1.000000
1.000000 1.000000
1.000000 1.000000
1.000000 1.000000
1.000000 1.000000
1.000000 1.000000
1.000000 1.000000
1.000000 1.000000
1.000000 1.000000
1.000000 1.000000
1.000000 1.000000
1.000000 1.000000
1.000000 1.000000
1.000000 1.000000
1.000000 1.000000
1.000000 1.000000
1.000000 1.000000
1.000000 1.000000
1.000000 1.000000
1.000000 1.000000
1.000000 1.000000
1.000000 1.000000
1.000000 1.000000
1.000000 1.000000
1.000000 1.000000
1.000000 1.000000
1.000000 1.000000
1.000000 1.000000
1.000000 1.000000
1.000000 1.000000
1.000000 1.000000
1.000000 1.000000
1.000000 1.000000
1.000000 1.000000
1.000000 1.000000
1.000000 1.000000
1.000000 1.000000
1.000000 1.000000
1.000000 1.000000
1.000000 1.000000
1.000000 1.000000
1.000000 1.000000
1.000000 1.000000
1.000000 1.000000
1.000000 1.000000
1.000000 1.000000
1.000000 1.000000
1.000000 1.000000
1.000000 1.000000
1.000000 1.000000
1.000000 1.000000
1.000000 1.000000
1.000000 1.000000
1.000000 1.000000
1.000000 1.000000
1.000000 1.000000
1.000000 1.000000
1.000000 1.000000
1.000000 1.000000
1.000000 1.000000
1.000000 1.000000
1.000000 1.000000
1.000000 1.000000
1.000000 1.000000
1.000000 1.000000
1.000000 1.000000
1.000000 1.000000
1.000000 1.000000
1.000000 1.000000
1.000000 1.000000
1.000000 1.000000
1.000000 1.000000
1.000000 1.000000
1.000000 1.000000
1.000000 1.000000
1.000000 1.000000
1.000000 1.000000
1.000000 1.000000
1.000000 1.000000
1.000000 1.000000
1.000000 1.000000
1.000000 1.000000
1.000000 1.000000
1.000000 1.000000
1.000000 1.000000
1.000000 1.000000
1.000000 1.000000
1.000000 1.000000
1.000000 1.000000
1.000000 1.000000
1.000000 1.000000
1.000000 1.000000
1.000000 1.000000
1.000000 1.000000
1.000000 1.000000
1.000000 1.000000
1.000000 1.000000
1.000000 1.000000
1.000000 1.000000
1.000000 1.000000
1.000000 1.000000
1.000000 1.000000
1.000000 1.000000
1.000000 1.000000
1.000000 1.000000
1.000000 1.000000
1.000000 1.000000
1.000000 1.000000
1.000000 1.000000
1.000000 1.000000
1.000000 1.000000
1.000000 1.000000
1.000000 1.000000
1.000000 1.000000
1.000000 1.000000
1.000000 1.000000
1.000000 1.000000
1.000000 1.000000
1.000000 1.000000
1.000000 1.000000
1.000000 1.000000
1.000000 1.000000
1.000000 1.000000
1.000000 1.000000
1.000000 1.000000
1.000000 1.000000
1.000000 1.000000
1.000000 1.000000
1.000000 1.000000
1.000000 1.000000
1.000000 1.000000
1.000000 1.000000
1.000000 1.000000
1.000000 1.000000
1.000000 1.000000
1.000000 1.000000
1.000000 1.000000
1.000000 1.000000
1.000000 1.000000
1.000000 1.000000
1.000000 1.000000
1.000000 1.000000
1.000000 1.000000
1.000000 1.000000
1.000000 1.000000
1.000000 1.000000
1.000000 1.000000
1.000000 1.000000
1.000000 1.000000
1.000000 1.000000
1.000000 1.000000
1.000000 1.000000
1.000000 1.000000
1.000000 1.000000
1.000000 1.000000
1.000000 1.000000
1.000000 1.000000
1.000000 1.000000
1.000000 1.000000
1.000000 1.000000
1.000000 1.000000
1.000000 1.000000
1.000000 1.000000
1.000000 1.000000
1.000000 1.000000
1.000000 1.000000
1.000000 1.000000
1.000000 1.000000
1.000000 1.000000
1.000000 1.000000
1.000000 1.000000
1.000000 1.000000
1.000000 1.000000
1.000000 1.000000
1.000000 1.000000
1.000000 1.000000
1.000000 1.000000
1.000000 1.000000
1.000000 1.000000
1.000000 1.000000
1.000000 1.000000
1.000000 1.000000
1.000000 1.000000
1.000000 1.000000
1.000000 1.000000
1.000000 1.000000
1.000000 1.000000
1.000000 1.000000
1.000000 1.000000
1.000000 1.000000
1.000000 1.000000
1.000000 1.000000
1.000000 1.000000
1.000000 1.000000
1.000000 1.000000
1.000000 1.000000
1.000000 1.000000
1.000000 1.000000
1.000000 1.000000
1.000000 1.000000
1.000000 1.000000
1.000000 1.000000
1.000000 1.000000
1.000000 1.000000
1.000000 1.000000
1.000000 1.000000
1.000000 1.000000
1.000000 1.000000
1.000000 1.000000
1.000000 1.000000
1.000000 1.000000
1.000000 1.000000
1.000000 1.000000
1.000000 1.000000
1.000000 1.000000
1.000000 1.000000
1.000000 1.000000
1.000000 1.000000
1.000000 1.000000
1.000000 1.000000
1.000000 1.000000
1.000000 1.000000
1.000000 1.000000
1.000000 1.000000
1.000000 1.000000
1.000000 1.000000
1.000000 1.000000
1.000000 1.000000
1.000000 1.000000
1.000000 1.000000
1.000000 1.000000
1.000000 1.000000
1.000000 1.000000
1.000000 1.000000
1.000000 1.000000
1.000000 1.000000
1.000000 1.000000
1.000000 1.000000
1.000000 1.000000
1.000000 1.000000
1.000000 1.000000
1.000000 1.000000
1.000000 1.000000
1.000000 1.000000
1.000000 1.000000
1.000000 1.000000
1.000000 1.000000
1.000000 1.000000
1.000000 1.000000
1.000000 1.000000
1.000000 1.000000
1.000000 1.000000
1.000000 1.000000
1.000000 1.000000
1.000000 1.000000
1.000000 1.000000
1.000000 1.000000
1.000000 1.000000
1.000000 1.000000
1.000000 1.000000
1.000000 1.000000
1.000000 1.000000
1.000000 1.000000
1.000000 1.000000
1.000000 1.000000
1.000000 1.000000
1.000000 1.000000
1.000000 1.000000
1.000000 1.000000
1.000000 1.000000
1.000000 1.000000
1.000000 1.000000
1.000000 1.000000
1.000000 1.000000
1.000000 1.000000
1.000000 1.000000
1.000000 1.000000
1.000000 1.000000
1.000000 1.000000
1.000000 1.000000
1.000000 1.000000
1.000000 1.000000
1.000000 1.000000
1.000000 1.000000
1.000000 1.000000
1.000000 1.000000
1.000000 1.000000
1.000000 1.000000
1.000000 1.000000
1.000000 1.000000
1.000000 1.000000
1.000000 1.000000
1.000000 1.000000
1.000000 1.000000
1.000000 1.000000
1.000000 1.000000
1.000000 1.000000
1.000000 1.000000
1.000000 1.000000
1.000000 1.000000
1.000000 1.000000
1.000000 1.000000
1.000000 1.000000
1.000000 1.000000
1.000000 1.000000
1.000000 1.000000
1.000000 1.000000
1.000000 1.000000
1.000000 1.000000
1.000000 1.000000
1.000000 1.000000
1.000000 1.000000
1.000000 1.000000
1.000000 1.000000
1.000000 1.000000
1.000000 1.000000
1.000000 1.000000
1.000000 1.000000
1.000000 1.000000
1.000000 1.000000
1.000000 1.000000
1.000000 1.000000
1.000000 1.000000
1.000000 1.000000
1.000000 1.000000
1.000000 1.000000
1.000000 1.000000
1.000000 1.000000
1.000000 1.000000
1.000000 1.000000
1.000000 1.000000
1.000000 1.000000
1.000000 1.000000
1.000000 1.000000
1.000000 1.000000
1.000000 1.000000
1.000000 1.000000
1.000000 1.000000
1.000000 1.000000
1.000000 1.000000
1.000000 1.000000
1.000000 1.000000
1.000000 1.000000
1.000000 1.000000
1.000000 1.000000
1.000000 1.000000
1.000000 1.000000
1.000000 1.000000
1.000000 1.000000
1.000000 1.000000
1.000000 1.000000
1.000000 1.000000
1.000000 1.000000
1.000000 1.000000
1.000000 1.000000
1.000000 1.000000
1.000000 1.000000
1.000000 1.000000
1.000000 1.000000
1.000000 1.000000
1.000000 1.000000
1.000000 1.000000
1.000000 1.000000
1.000000 1.000000
1.000000 1.000000
1.000000 1.000000
1.000000 1.000000
1.000000 1.000000
1.000000 1.000000
1.000000 1.000000
1.000000 1.000000
1.000000 1.000000
1.000000 1.000000
1.000000 1.000000
1.000000 1.000000
1.000000 1.000000
1.000000 1.000000
1.000000 1.000000
1.000000 1.000000
1.000000 1.000000
1.000000 1.000000
1.000000 1.000000
1.000000 1.000000
1.000000 1.000000
1.000000 1.000000
1.000000 1.000000
1.000000 1.000000
1.000000 1.000000
1.000000 1.000000
1.000000 1.000000
1.000000 1.000000
1.000000 1.000000
1.000000 1.000000
1.000000 1.000000
1.000000 1.000000
1.000000 1.000000
1.000000 1.000000
1.000000 1.000000
1.000000 1.000000
1.000000 1.000000
1.000000 1.000000
1.000000 1.000000
1.000000 1.000000
1.000000 1.000000
1.000000 1.000000
1.000000 1.000000
1.000000 1.000000
1.000000 1.000000
1.000000 1.000000
1.000000 1.000000
1.000000 1.000000
1.000000 1.000000
1.000000 1.000000
1.000000 1.000000
1.000000 1.000000
1.000000 1.000000
1.000000 1.000000
1.000000 1.000000
1.000000 1.000000
1.000000 1.000000
1.000000 1.000000
1.000000 1.000000
1.000000 1.000000
1.000000 1.000000
1.000000 1.000000
1.000000 1.000000
1.000000 1.000000
1.000000 1.000000
1.000000 1.000000
1.000000 1.000000
1.000000 1.000000
1.000000 1.000000
1.000000 1.000000
1.000000 1.000000
1.000000 1.000000
1.000000 1.000000
1.000000 1.000000
1.000000 1.000000
1.000000 1.000000
1.000000 1.000000
1.000000 1.000000
1.000000 1.000000
1.000000 1.000000
1.000000 1.000000
1.000000 1.000000
1.000000 1.000000
1.000000 1.000000
1.000000 1.000000
1.000000 1.000000
1.000000 1.000000
1.000000 1.000000
1.000000 1.000000
1.000000 1.000000
1.000000 1.000000
1.000000 1.000000
1.000000 1.000000
1.000000 1.000000
1.000000 1.000000
1.000000 1.000000
1.000000 1.000000
1.000000 1.000000
1.000000 1.000000
1.000000 1.000000
1.000000 1.000000
1.000000 1.000000
1.000000 1.000000
1.000000 1.000000
1.000000 1.000000
1.000000 1.000000
1.000000 1.000000
1.000000 1.000000
1.000000 1.000000
1.000000 1.000000
1.000000 1.000000
1.000000 1.000000
1.000000 1.000000
1.000000 1.000000
1.000000 1.000000
1.000000 1.000000
1.000000 1.000000
1.000000 1.000000
1.000000 1.000000
1.000000 1.000000
1.000000 1.000000
1.000000 1.000000
1.000000 1.000000
1.000000 1.000000
1.000000 1.000000
1.000000 1.000000
1.000000 1.000000
1.000000 1.000000
1.000000 1.000000
1.000000 1.000000
1.000000 1.000000
1.000000 1.000000
1.000000 1.000000
1.000000 1.000000
1.000000 1.000000
1.000000 1.000000
1.000000 1.000000
1.000000 1.000000
1.000000 1.000000
1.000000 1.000000
1.000000 1.000000
1.000000 1.000000
1.000000 1.000000
1.000000 1.000000
1.000000 1.000000
1.000000 1.000000
1.000000 1.000000
1.000000 1.000000
1.000000 1.000000
1.000000 1.000000
1.000000 1.000000
1.000000 1.000000
1.000000 1.000000
1.000000 1.000000
1.000000 1.000000
1.000000 1.000000
1.000000 1.000000
1.000000 1.000000
1.000000 1.000000
1.000000 1.000000
1.000000 1.000000
1.000000 1.000000
1.000000 1.000000
1.000000 1.000000
1.000000 1.000000
1.000000 1.000000
1.000000 1.000000
1.000000 1.000000
1.000000 1.000000
1.000000 1.000000
1.000000 1.000000
1.000000 1.000000
1.000000 1.000000
1.000000 1.000000
1.000000 1.000000
1.000000 1.000000
1.000000 1.000000
1.000000 1.000000
1.000000 1.000000
1.000000 1.000000
1.000000 1.000000
1.000000 1.000000
1.000000 1.000000
1.000000 1.000000
1.000000 1.000000
1.000000 1.000000
1.000000 1.000000
1.000000 1.000000
1.000000 1.000000
1.000000 1.000000
1.000000 1.000000
1.000000 1.000000
1.000000 1.000000
1.000000 1.000000
1.000000 1.000000
1.000000 1.000000
1.000000 1.000000
1.000000 1.000000
1.000000 1.000000
1.000000 1.000000
1.000000 1.000000
1.000000 1.000000
1.000000 1.000000
1.000000 1.000000
1.000000 1.000000
1.000000 1.000000
1.000000 1.000000
1.000000 1.000000
1.000000 1.000000
1.000000 1.000000
1.000000 1.000000
1.000000 1.000000
1.000000 1.000000
1.000000 1.000000
1.000000 1.000000
1.000000 1.000000
1.000000 1.000000
1.000000 1.000000
1.000000 1.000000
1.000000 1.000000
1.000000 1.000000
1.000000 1.000000
1.000000 1.000000
1.000000 1.000000
1.000000 1.000000
1.000000 1.000000
1.000000 1.000000
1.000000 1.000000
1.000000 1.000000
1.000000 1.000000
1.000000 1.000000
1.000000 1.000000
1.000000 1.000000
1.000000 1.000000
1.000000 1.000000
1.000000 1.000000
1.000000 1.000000
1.000000 1.000000
1.000000 1.000000
1.000000 1.000000
1.000000 1.000000
1.000000 1.000000
1.000000 1.000000
1.000000 1.000000
1.000000 1.000000
1.000000 1.000000
1.000000 1.000000
1.000000 1.000000
1.000000 1.000000
1.000000 1.000000
1.000000 1.000000
1.000000 1.000000
1.000000 1.000000
1.000000 1.000000
1.000000 1.000000
1.000000 1.000000
1.000000 1.000000
1.000000 1.000000
1.000000 1.000000
1.000000 1.000000
1.000000 1.000000
1.000000 1.000000
1.000000 1.000000
1.000000 1.000000
1.000000 1.000000
1.000000 1.000000
1.000000 1.000000
1.000000 1.000000
1.000000 1.000000
1.000000 1.000000
1.000000 1.000000
1.000000 1.000000
1.000000 1.000000
1.000000 1.000000
1.000000 1.000000
1.000000 1.000000
1.000000 1.000000
1.000000 1.000000
1.000000 1.000000
1.000000 1.000000
1.000000 1.000000
1.000000 1.000000
1.000000 1.000000
1.000000 1.000000
1.000000 1.000000
1.000000 1.000000
1.000000 1.000000
1.000000 1.000000
1.000000 1.000000
1.000000 1.000000
1.000000 1.000000
1.000000 1.000000
1.000000 1.000000
1.000000 1.000000
1.000000 1.000000
1.000000 1.000000
1.000000 1.000000
1.000000 1.000000
1.000000 1.000000
1.000000 1.000000
1.000000 1.000000
1.000000 1.000000
1.000000 1.000000
1.000000 1.000000
1.000000 1.000000
1.000000 1.000000
1.000000 1.000000
1.000000 1.000000
1.000000 1.000000
1.000000 1.000000
1.000000 1.000000
1.000000 1.000000
1.000000 1.000000
1.000000 1.000000
1.000000 1.000000
1.000000 1.000000
1.000000 1.000000
1.000000 1.000000
1.000000 1.000000
1.000000 1.000000
1.000000 1.000000
1.000000 1.000000
1.000000 1.000000
1.000000 1.000000
1.000000 1.000000
1.000000 1.000000
1.000000 1.000000
1.000000 1.000000
1.000000 1.000000
1.000000 1.000000
1.000000 1.000000
1.000000 1.000000
1.000000 1.000000
1.000000 1.000000
1.000000 1.000000
1.000000 1.000000
1.000000 1.000000
1.000000 1.000000
1.000000 1.000000
1.000000 1.000000
1.000000 1.000000
1.000000 1.000000
1.000000 1.000000
1.000000 1.000000
1.000000 1.000000
1.000000 1.000000
1.000000 1.000000
1.000000 1.000000
1.000000 1.000000
1.000000 1.000000
1.000000 1.000000
1.000000 1.000000
1.000000 1.000000
1.000000 1.000000
1.000000 1.000000
1.000000 1.000000
1.000000 1.000000
1.000000 1.000000
1.000000 1.000000
1.000000 1.000000
1.000000 1.000000
1.000000 1.000000
1.000000 1.000000
1.000000 1.000000
1.000000 1.000000
1.000000 1.000000
1.000000 1.000000
1.000000 1.000000
1.000000 1.000000
1.000000 1.000000
1.000000 1.000000
1.000000 1.000000
1.000000 1.000000
1.000000 1.000000
1.000000 1.000000
1.000000 1.000000
1.000000 1.000000
1.000000 1.000000
1.000000 1.000000
1.000000 1.000000
1.000000 1.000000
1.000000 1.000000
1.000000 1.000000
1.000000 1.000000
1.000000 1.000000
1.000000 1.000000
1.000000 1.000000
1.000000 1.000000
1.000000 1.000000
1.000000 1.000000
1.000000 1.000000
1.000000 1.000000
1.000000 1.000000
1.000000 1.000000
1.000000 1.000000
1.000000 1.000000
1.000000 1.000000
1.000000 1.000000
1.000000 1.000000
1.000000 1.000000
1.000000 1.000000
1.000000 1.000000
1.000000 1.000000
1.000000 1.000000
1.000000 1.000000
1.000000 1.000000
1.000000 1.000000
1.000000 1.000000
1.000000 1.000000
1.000000 1.000000
1.000000 1.000000
1.000000 1.000000
1.000000 1.000000
1.000000 1.000000
1.000000 1.000000
1.000000 1.000000
1.000000 1.000000
1.000000 1.000000
1.000000 1.000000
1.000000 1.000000
1.000000 1.000000
1.000000 1.000000
1.000000 1.000000
1.000000 1.000000
1.000000 1.000000
1.000000 1.000000
1.000000 1.000000
1.000000 1.000000
1.000000 1.000000
1.000000 1.000000
1.000000 1.000000
1.000000 1.000000
1.000000 1.000000
1.000000 1.000000
1.000000 1.000000
1.000000 1.000000
1.000000 1.000000
1.000000 1.000000
1.000000 1.000000
1.000000 1.000000
1.000000 1.000000
1.000000 1.000000
1.000000 1.000000
1.000000 1.000000
1.000000 1.000000
1.000000 1.000000
1.000000 1.000000
1.000000 1.000000
1.000000 1.000000
1.000000 1.000000
1.000000 1.000000
1.000000 1.000000
1.000000 1.000000
1.000000 1.000000
1.000000 1.000000
1.000000 1.000000
1.000000 1.000000
1.000000 1.000000
1.000000 1.000000
1.000000 1.000000
1.000000 1.000000
1.000000 1.000000
1.000000 1.000000
1.000000 1.000000
1.000000 1.000000
1.000000 1.000000
1.000000 1.000000
1.000000 1.000000
1.000000 1.000000
1.000000 1.000000
1.000000 1.000000
1.000000 1.000000
1.000000 1.000000
1.000000 1.000000
1.000000 1.000000
1.000000 1.000000
1.000000 1.000000
1.000000 1.000000
1.000000 1.000000
1.000000 1.000000
1.000000 1.000000
1.000000 1.000000
1.000000 1.000000
1.000000 1.000000
1.000000 1.000000
1.000000 1.000000
1.000000 1.000000
1.000000 1.000000
1.000000 1.000000
1.000000 1.000000
1.000000 1.000000
1.000000 1.000000
1.000000 1.000000
1.000000 1.000000
1.000000 1.000000
1.000000 1.000000
1.000000 1.000000
1.000000 1.000000
1.000000 1.000000
1.000000 1.000000
1.000000 1.000000
1.000000 1.000000
1.000000 1.000000
1.000000 1.000000
1.000000 1.000000
1.000000 1.000000
1.000000 1.000000
1.000000 1.000000
1.000000 1.000000
1.000000 1.000000
1.000000 1.000000
1.000000 1.000000
1.000000 1.000000
1.000000 1.000000
1.000000 1.000000
1.000000 1.000000
1.000000 1.000000
1.000000 1.000000
1.000000 1.000000
1.000000 1.000000
1.000000 1.000000
1.000000 1.000000
1.000000 1.000000
1.000000 1.000000
1.000000 1.000000
1.000000 1.000000
1.000000 1.000000
1.000000 1.000000
1.000000 1.000000
1.000000 1.000000
1.000000 1.000000
1.000000 1.000000
1.000000 1.000000
1.000000 1.000000
1.000000 1.000000
1.000000 1.000000
1.000000 1.000000
1.000000 1.000000
1.000000 1.000000
1.000000 1.000000
1.000000 1.000000
1.000000 1.000000
1.000000 1.000000
1.000000 1.000000
1.000000 1.000000
1.000000 1.000000
1.000000 1.000000
1.000000 1.000000
1.000000 1.000000
1.000000 1.000000
1.000000 1.000000
1.000000 1.000000
1.000000 1.000000
1.000000 1.000000
1.000000 1.000000
1.000000 1.000000
1.000000 1.000000
1.000000 1.000000
1.000000 1.000000
1.000000 1.000000
1.000000 1.000000
1.000000 1.000000
1.000000 1.000000
1.000000 1.000000
1.000000 1.000000
1.000000 1.000000
1.000000 1.000000
1.000000 1.000000
1.000000 1.000000
1.000000 1.000000
1.000000 1.000000
1.000000 1.000000
1.000000 1.000000
1.000000 1.000000
1.000000 1.000000
1.000000 1.000000
1.000000 1.000000
1.000000 1.000000
1.000000 1.000000
1.000000 1.000000
1.000000 1.000000
1.000000 1.000000
1.000000 1.000000
1.000000 1.000000
1.000000 1.000000
1.000000 1.000000
1.000000 1.000000
1.000000 1.000000
1.000000 1.000000
1.000000 1.000000
1.000000 1.000000
1.000000 1.000000
1.000000 1.000000
1.000000 1.000000
1.000000 1.000000
1.000000 1.000000
1.000000 1.000000
1.000000 1.000000
1.000000 1.000000
1.000000 1.000000
1.000000 1.000000
1.000000 1.000000
1.000000 1.000000
1.000000 1.000000
1.000000 1.000000
1.000000 1.000000
1.000000 1.000000
1.000000 1.000000
1.000000 1.000000
1.000000 1.000000
1.000000 1.000000
1.000000 1.000000
1.000000 1.000000
1.000000 1.000000
1.000000 1.000000
1.000000 1.000000
1.000000 1.000000
1.000000 1.000000
1.000000 1.000000
1.000000 1.000000
1.000000 1.000000
1.000000 1.000000
1.000000 1.000000
1.000000 1.000000
1.000000 1.000000
1.000000 1.000000
1.000000 1.000000
1.000000 1.000000
1.000000 1.000000
1.000000 1.000000
1.000000 1.000000
1.000000 1.000000
1.000000 1.000000
1.000000 1.000000
1.000000 1.000000
1.000000 1.000000
1.000000 1.000000
1.000000 1.000000
1.000000 1.000000
1.000000 1.000000
1.000000 1.000000
1.000000 1.000000
1.000000 1.000000
1.000000 1.000000
1.000000 1.000000
1.000000 1.000000
1.000000 1.000000
1.000000 1.000000
1.000000 1.000000
1.000000 1.000000
1.000000 1.000000
1.000000 1.000000
1.000000 1.000000
1.000000 1.000000
1.000000 1.000000
1.000000 1.000000
1.000000 1.000000
1.000000 1.000000
1.000000 1.000000
1.000000 1.000000
1.000000 1.000000
1.000000 1.000000
1.000000 1.000000
1.000000 1.000000
1.000000 1.000000
1.000000 1.000000
1.000000 1.000000
1.000000 1.000000
1.000000 1.000000
1.000000 1.000000
1.000000 1.000000
1.000000 1.000000
1.000000 1.000000
1.000000 1.000000
1.000000 1.000000
1.000000 1.000000
1.000000 1.000000
1.000000 1.000000
1.000000 1.000000
1.000000 1.000000
1.000000 1.000000
1.000000 1.000000
1.000000 1.000000
1.000000 1.000000
1.000000 1.000000
1.000000 1.000000
1.000000 1.000000
1.000000 1.000000
1.000000 1.000000
1.000000 1.000000
1.000000 1.000000
1.000000 1.000000
1.000000 1.000000
1.000000 1.000000
1.000000 1.000000
1.000000 1.000000
1.000000 1.000000
1.000000 1.000000
1.000000 1.000000
1.000000 1.000000
1.000000 1.000000
1.000000 1.000000
1.000000 1.000000
1.000000 1.000000
1.000000 1.000000
1.000000 1.000000
1.000000 1.000000
1.000000 1.000000
1.000000 1.000000
1.000000 1.000000
1.000000 1.000000
1.000000 1.000000
1.000000 1.000000
1.000000 1.000000
1.000000 1.000000
1.000000 1.000000
1.000000 1.000000
1.000000 1.000000
1.000000 1.000000
1.000000 1.000000
1.000000 1.000000
1.000000 1.000000
1.000000 1.000000
1.000000 1.000000
1.000000 1.000000
1.000000 1.000000
1.000000 1.000000
1.000000 1.000000
1.000000 1.000000
1.000000 1.000000
1.000000 1.000000
1.000000 1.000000
1.000000 1.000000
1.000000 1.000000
1.000000 1.000000
1.000000 1.000000
1.000000 1.000000
1.000000 1.000000
1.000000 1.000000
1.000000 1.000000
1.000000 1.000000
1.000000 1.000000
1.000000 1.000000
1.000000 1.000000
1.000000 1.000000
1.000000 1.000000
1.000000 1.000000
1.000000 1.000000
1.000000 1.000000
1.000000 1.000000
1.000000 1.000000
1.000000 1.000000
1.000000 1.000000
1.000000 1.000000
1.000000 1.000000
1.000000 1.000000
1.000000 1.000000
1.000000 1.000000
1.000000 1.000000
1.000000 1.000000
1.000000 1.000000
1.000000 1.000000
1.000000 1.000000
1.000000 1.000000
1.000000 1.000000
1.000000 1.000000
1.000000 1.000000
1.000000 1.000000
1.000000 1.000000
1.000000 1.000000
1.000000 1.000000
1.000000 1.000000
1.000000 1.000000
1.000000 1.000000
1.000000 1.000000
1.000000 1.000000
1.000000 1.000000
1.000000 1.000000
1.000000 1.000000
1.000000 1.000000
1.000000 1.000000
1.000000 1.000000
1.000000 1.000000
1.000000 1.000000
1.000000 1.000000
1.000000 1.000000
1.000000 1.000000
1.000000 1.000000
1.000000 1.000000
1.000000 1.000000
1.000000 1.000000
1.000000 1.000000
1.000000 1.000000
1.000000 1.000000
1.000000 1.000000
1.000000 1.000000
1.000000 1.000000
1.000000 1.000000
1.000000 1.000000
1.000000 1.000000
1.000000 1.000000
1.000000 1.000000
1.000000 1.000000
1.000000 1.000000
1.000000 1.000000
1.000000 1.000000
1.000000 1.000000
1.000000 1.000000
1.000000 1.000000
1.000000 1.000000
1.000000 1.000000
1.000000 1.000000
1.000000 1.000000
1.000000 1.000000
1.000000 1.000000
1.000000 1.000000
1.000000 1.000000
1.000000 1.000000
1.000000 1.000000
1.000000 1.000000
1.000000 1.000000
1.000000 1.000000
1.000000 1.000000
1.000000 1.000000
1.000000 1.000000
1.000000 1.000000
1.000000 1.000000
1.000000 1.000000
1.000000 1.000000
1.000000 1.000000
1.000000 1.000000
1.000000 1.000000
1.000000 1.000000
1.000000 1.000000
1.000000 1.000000
1.000000 1.000000
1.000000 1.000000
1.000000 1.000000
1.000000 1.000000
1.000000 1.000000
1.000000 1.000000
1.000000 1.000000
1.000000 1.000000
1.000000 1.000000
1.000000 1.000000
1.000000 1.000000
1.000000 1.000000
1.000000 1.000000
1.000000 1.000000
1.000000 1.000000
1.000000 1.000000
1.000000 1.000000
1.000000 1.000000
1.000000 1.000000
1.000000 1.000000
1.000000 1.000000
1.000000 1.000000
1.000000 1.000000
1.000000 1.000000
1.000000 1.000000
1.000000 1.000000
1.000000 1.000000
1.000000 1.000000
1.000000 1.000000
1.000000 1.000000
1.000000 1.000000
1.000000 1.000000
1.000000 1.000000
1.000000 1.000000
1.000000 1.000000
1.000000 1.000000
1.000000 1.000000
1.000000 1.000000
1.000000 1.000000
1.000000 1.000000
1.000000 1.000000
1.000000 1.000000
1.000000 1.000000
1.000000 1.000000
1.000000 1.000000
1.000000 1.000000
1.000000 1.000000
1.000000 1.000000
1.000000 1.000000
1.000000 1.000000
1.000000 1.000000
1.000000 1.000000
1.000000 1.000000
1.000000 1.000000
1.000000 1.000000
1.000000 1.000000
1.000000 1.000000
1.000000 1.000000
1.000000 1.000000
1.000000 1.000000
1.000000 1.000000
1.000000 1.000000
1.000000 1.000000
1.000000 1.000000
1.000000 1.000000
1.000000 1.000000
1.000000 1.000000
1.000000 1.000000
1.000000 1.000000
1.000000 1.000000
1.000000 1.000000
1.000000 1.000000
1.000000 1.000000
1.000000 1.000000
1.000000 1.000000
1.000000 1.000000
1.000000 1.000000
1.000000 1.000000
1.000000 1.000000
1.000000 1.000000
1.000000 1.000000
1.000000 1.000000
1.000000 1.000000
1.000000 1.000000
1.000000 1.000000
1.000000 1.000000
1.000000 1.000000
1.000000 1.000000
1.000000 1.000000
1.000000 1.000000
1.000000 1.000000
1.000000 1.000000
1.000000 1.000000
1.000000 1.000000
1.000000 1.000000
1.000000 1.000000
1.000000 1.000000
1.000000 1.000000
1.000000 1.000000
1.000000 1.000000
1.000000 1.000000
1.000000 1.000000
1.000000 1.000000
1.000000 1.000000
1.000000 1.000000
1.000000 1.000000
1.000000 1.000000
1.000000 1.000000
1.000000 1.000000
1.000000 1.000000
1.000000 1.000000
1.000000 1.000000
1.000000 1.000000
1.000000 1.000000
1.000000 1.000000
1.000000 1.000000
1.000000 1.000000
1.000000 1.000000
1.000000 1.000000
1.000000 1.000000
1.000000 1.000000
1.000000 1.000000
1.000000 1.000000
1.000000 1.000000
1.000000 1.000000
1.000000 1.000000
1.000000 1.000000
1.000000 1.000000
1.000000 1.000000
1.000000 1.000000
1.000000 1.000000
1.000000 1.000000
1.000000 1.000000
1.000000 1.000000
1.000000 1.000000
1.000000 1.000000
1.000000 1.000000
1.000000 1.000000
1.000000 1.000000
1.000000 1.000000
1.000000 1.000000
1.000000 1.000000
1.000000 1.000000
1.000000 1.000000
1.000000 1.000000
1.000000 1.000000
1.000000 1.000000
1.000000 1.000000
1.000000 1.000000
1.000000 1.000000
1.000000 1.000000
1.000000 1.000000
1.000000 1.000000
1.000000 1.000000
1.000000 1.000000
1.000000 1.000000
1.000000 1.000000
1.000000 1.000000
1.000000 1.000000
1.000000 1.000000
1.000000 1.000000
1.000000 1.000000
1.000000 1.000000
1.000000 1.000000
1.000000 1.000000
1.000000 1.000000
1.000000 1.000000
1.000000 1.000000
1.000000 1.000000
1.000000 1.000000
1.000000 1.000000
1.000000 1.000000
1.000000 1.000000
1.000000 1.000000
1.000000 1.000000
1.000000 1.000000
1.000000 1.000000
1.000000 1.000000
1.000000 1.000000
1.000000 1.000000
1.000000 1.000000
1.000000 1.000000
1.000000 1.000000
1.000000 1.000000
1.000000 1.000000
1.000000 1.000000
1.000000 1.000000
1.000000 1.000000
1.000000 1.000000
1.000000 1.000000
1.000000 1.000000
1.000000 1.000000
1.000000 1.000000
1.000000 1.000000
1.000000 1.000000
1.000000 1.000000
1.000000 1.000000
1.000000 1.000000
1.000000 1.000000
1.000000 1.000000
1.000000 1.000000
1.000000 1.000000
1.000000 1.000000
1.000000 1.000000
1.000000 1.000000
1.000000 1.000000
1.000000 1.000000
1.000000 1.000000
1.000000 1.000000
1.000000 1.000000
1.000000 1.000000
1.000000 1.000000
1.000000 1.000000
1.000000 1.000000
1.000000 1.000000
1.000000 1.000000
1.000000 1.000000
1.000000 1.000000
1.000000 1.000000
1.000000 1.000000
1.000000 1.000000
1.000000 1.000000
1.000000 1.000000
1.000000 1.000000
1.000000 1.000000
1.000000 1.000000
1.000000 1.000000
1.000000 1.000000
1.000000 1.000000
1.000000 1.000000
1.000000 1.000000
1.000000 1.000000
1.000000 1.000000
1.000000 1.000000
1.000000 1.000000
1.000000 1.000000
1.000000 1.000000
1.000000 1.000000
1.000000 1.000000
1.000000 1.000000
1.000000 1.000000
1.000000 1.000000
1.000000 1.000000
1.000000 1.000000
1.000000 1.000000
1.000000 1.000000
1.000000 1.000000
1.000000 1.000000
1.000000 1.000000
1.000000 1.000000
1.000000 1.000000
1.000000 1.000000
1.000000 1.000000
1.000000 1.000000
1.000000 1.000000
1.000000 1.000000
1.000000 1.000000
1.000000 1.000000
1.000000 1.000000
1.000000 1.000000
1.000000 1.000000
1.000000 1.000000
1.000000 1.000000
1.000000 1.000000
1.000000 1.000000
1.000000 1.000000
1.000000 1.000000
1.000000 1.000000
1.000000 1.000000
1.000000 1.000000
1.000000 1.000000
1.000000 1.000000
1.000000 1.000000
1.000000 1.000000
1.000000 1.000000
1.000000 1.000000
1.000000 1.000000
1.000000 1.000000
1.000000 1.000000
1.000000 1.000000
1.000000 1.000000
1.000000 1.000000
1.000000 1.000000
1.000000 1.000000
1.000000 1.000000
1.000000 1.000000
1.000000 1.000000
1.000000 1.000000
1.000000 1.000000
1.000000 1.000000
1.000000 1.000000
1.000000 1.000000
1.000000 1.000000
1.000000 1.000000
1.000000 1.000000
1.000000 1.000000
1.000000 1.000000
1.000000 1.000000
1.000000 1.000000
1.000000 1.000000
1.000000 1.000000
1.000000 1.000000
1.000000 1.000000
1.000000 1.000000
1.000000 1.000000
1.000000 1.000000
1.000000 1.000000
1.000000 1.000000
1.000000 1.000000
1.000000 1.000000
1.000000 1.000000
1.000000 1.000000
1.000000 1.000000
1.000000 1.000000
1.000000 1.000000
1.000000 1.000000
1.000000 1.000000
1.000000 1.000000
1.000000 1.000000
1.000000 1.000000
1.000000 1.000000
1.000000 1.000000
1.000000 1.000000
1.000000 1.000000
1.000000 1.000000
1.000000 1.000000
1.000000 1.000000
1.000000 1.000000
1.000000 1.000000
1.000000 1.000000
1.000000 1.000000
1.000000 1.000000
1.000000 1.000000
1.000000 1.000000
1.000000 1.000000
1.000000 1.000000
1.000000 1.000000
1.000000 1.000000
1.000000 1.000000
1.000000 1.000000
1.000000 1.000000
1.000000 1.000000
1.000000 1.000000
1.000000 1.000000
1.000000 1.000000
1.000000 1.000000
1.000000 1.000000
1.000000 1.000000
1.000000 1.000000
1.000000 1.000000
1.000000 1.000000
1.000000 1.000000
1.000000 1.000000
1.000000 1.000000
1.000000 1.000000
1.000000 1.000000
1.000000 1.000000
1.000000 1.000000
1.000000 1.000000
1.000000 1.000000
1.000000 1.000000
1.000000 1.000000
1.000000 1.000000
1.000000 1.000000
1.000000 1.000000
1.000000 1.000000
1.000000 1.000000
1.000000 1.000000
1.000000 1.000000
1.000000 1.000000
1.000000 1.000000
1.000000 1.000000
1.000000 1.000000
1.000000 1.000000
1.000000 1.000000
1.000000 1.000000
1.000000 1.000000
1.000000 1.000000
1.000000 1.000000
1.000000 1.000000
1.000000 1.000000
1.000000 1.000000
1.000000 1.000000
1.000000 1.000000
1.000000 1.000000
1.000000 1.000000
1.000000 1.000000
1.000000 1.000000
1.000000 1.000000
1.000000 1.000000
1.000000 1.000000
1.000000 1.000000
1.000000 1.000000
1.000000 1.000000
1.000000 1.000000
1.000000 1.000000
1.000000 1.000000
1.000000 1.000000
1.000000 1.000000
1.000000 1.000000
1.000000 1.000000
1.000000 1.000000
1.000000 1.000000
1.000000 1.000000
1.000000 1.000000
1.000000 1.000000
1.000000 1.000000
1.000000 1.000000
1.000000 1.000000
1.000000 1.000000
1.000000 1.000000
1.000000 1.000000
1.000000 1.000000
1.000000 1.000000
1.000000 1.000000
1.000000 1.000000
1.000000 1.000000
1.000000 1.000000
1.000000 1.000000
1.000000 1.000000
1.000000 1.000000
1.000000 1.000000
1.000000 1.000000
1.000000 1.000000
1.000000 1.000000
1.000000 1.000000
1.000000 1.000000
1.000000 1.000000
1.000000 1.000000
1.000000 1.000000
1.000000 1.000000
1.000000 1.000000
1.000000 1.000000
1.000000 1.000000
1.000000 1.000000
1.000000 1.000000
1.000000 1.000000
1.000000 1.000000
1.000000 1.000000
1.000000 1.000000
1.000000 1.000000
1.000000 1.000000
1.000000 1.000000
1.000000 1.000000
1.000000 1.000000
1.000000 1.000000
1.000000 1.000000
1.000000 1.000000
1.000000 1.000000
1.000000 1.000000
1.000000 1.000000
1.000000 1.000000
1.000000 1.000000
1.000000 1.000000
1.000000 1.000000
1.000000 1.000000
1.000000 1.000000
1.000000 1.000000
1.000000 1.000000
1.000000 1.000000
1.000000 1.000000
1.000000 1.000000
1.000000 1.000000
1.000000 1.000000
1.000000 1.000000
1.000000 1.000000
1.000000 1.000000
1.000000 1.000000
1.000000 1.000000
1.000000 1.000000
1.000000 1.000000
1.000000 1.000000
1.000000 1.000000
1.000000 1.000000
1.000000 1.000000
1.000000 1.000000
1.000000 1.000000
1.000000 1.000000
1.000000 1.000000
1.000000 1.000000
1.000000 1.000000
1.000000 1.000000
1.000000 1.000000
1.000000 1.000000
1.000000 1.000000
1.000000 1.000000
1.000000 1.000000
1.000000 1.000000
1.000000 1.000000
1.000000 1.000000
1.000000 1.000000
1.000000 1.000000
1.000000 1.000000
1.000000 1.000000
1.000000 1.000000
1.000000 1.000000
1.000000 1.000000
1.000000 1.000000
1.000000 1.000000
1.000000 1.000000
1.000000 1.000000
1.000000 1.000000
1.000000 1.000000
1.000000 1.000000
1.000000 1.000000
1.000000 1.000000
1.000000 1.000000
1.000000 1.000000
1.000000 1.000000
1.000000 1.000000
1.000000 1.000000
1.000000 1.000000
1.000000 1.000000
1.000000 1.000000
1.000000 1.000000
1.000000 1.000000
1.000000 1.000000
1.000000 1.000000
1.000000 1.000000
1.000000 1.000000
1.000000 1.000000
1.000000 1.000000
1.000000 1.000000
1.000000 1.000000
1.000000 1.000000
1.000000 1.000000
1.000000 1.000000
1.000000 1.000000
1.000000 1.000000
1.000000 1.000000
1.000000 1.000000
1.000000 1.000000
1.000000 1.000000
1.000000 1.000000
1.000000 1.000000
1.000000 1.000000
1.000000 1.000000
1.000000 1.000000
1.000000 1.000000
1.000000 1.000000
1.000000 1.000000
1.000000 1.000000
1.000000 1.000000
1.000000 1.000000
1.000000 1.000000
1.000000 1.000000
1.000000 1.000000
1.000000 1.000000
1.000000 1.000000
1.000000 1.000000
1.000000 1.000000
1.000000 1.000000
1.000000 1.000000
1.000000 1.000000
1.000000 1.000000
1.000000 1.000000
1.000000 1.000000
1.000000 1.000000
1.000000 1.000000
1.000000 1.000000
1.000000 1.000000
1.000000 1.000000
1.000000 1.000000
1.000000 1.000000
1.000000 1.000000
1.000000 1.000000
1.000000 1.000000
1.000000 1.000000
1.000000 1.000000
1.000000 1.000000
1.000000 1.000000
1.000000 1.000000
1.000000 1.000000
1.000000 1.000000
1.000000 1.000000
1.000000 1.000000
1.000000 1.000000
1.000000 1.000000
1.000000 1.000000
1.000000 1.000000
1.000000 1.000000
1.000000 1.000000
1.000000 1.000000
1.000000 1.000000
1.000000 1.000000
1.000000 1.000000
1.000000 1.000000
1.000000 1.000000
1.000000 1.000000
1.000000 1.000000
1.000000 1.000000
1.000000 1.000000
1.000000 1.000000
1.000000 1.000000
1.000000 1.000000
1.000000 1.000000
1.000000 1.000000
1.000000 1.000000
1.000000 1.000000
1.000000 1.000000
1.000000 1.000000
1.000000 1.000000
1.000000 1.000000
1.000000 1.000000
1.000000 1.000000
1.000000 1.000000
1.000000 1.000000
1.000000 1.000000
1.000000 1.000000
1.000000 1.000000
1.000000 1.000000
1.000000 1.000000
1.000000 1.000000
1.000000 1.000000
1.000000 1.000000
1.000000 1.000000
1.000000 1.000000
1.000000 1.000000
1.000000 1.000000
1.000000 1.000000
1.000000 1.000000
1.000000 1.000000
1.000000 1.000000
1.000000 1.000000
1.000000 1.000000
1.000000 1.000000
1.000000 1.000000
1.000000 1.000000
1.000000 1.000000
1.000000 1.000000
1.000000 1.000000
1.000000 1.000000
1.000000 1.000000
1.000000 1.000000
1.000000 1.000000
1.000000 1.000000
1.000000 1.000000
1.000000 1.000000
1.000000 1.000000
1.000000 1.000000
1.000000 1.000000
1.000000 1.000000
1.000000 1.000000
1.000000 1.000000
1.000000 1.000000
1.000000 1.000000
1.000000 1.000000
1.000000 1.000000
1.000000 1.000000
1.000000 1.000000
1.000000 1.000000
1.000000 1.000000
1.000000 1.000000
1.000000 1.000000
1.000000 1.000000
1.000000 1.000000
1.000000 1.000000
1.000000 1.000000
1.000000 1.000000
1.000000 1.000000
1.000000 1.000000
1.000000 1.000000
1.000000 1.000000
1.000000 1.000000
1.000000 1.000000
1.000000 1.000000
1.000000 1.000000
1.000000 1.000000
1.000000 1.000000
1.000000 1.000000
1.000000 1.000000
1.000000 1.000000
1.000000 1.000000
1.000000 1.000000
1.000000 1.000000
1.000000 1.000000
1.000000 1.000000
1.000000 1.000000
1.000000 1.000000
1.000000 1.000000
1.000000 1.000000
1.000000 1.000000
1.000000 1.000000
1.000000 1.000000
1.000000 1.000000
1.000000 1.000000
1.000000 1.000000
1.000000 1.000000
1.000000 1.000000
1.000000 1.000000
1.000000 1.000000
1.000000 1.000000
1.000000 1.000000
1.000000 1.000000
1.000000 1.000000
1.000000 1.000000
1.000000 1.000000
1.000000 1.000000
1.000000 1.000000
1.000000 1.000000
1.000000 1.000000
1.000000 1.000000
1.000000 1.000000
1.000000 1.000000
1.000000 1.000000
1.000000 1.000000
1.000000 1.000000
1.000000 1.000000
1.000000 1.000000
1.000000 1.000000
1.000000 1.000000
1.000000 1.000000
1.000000 1.000000
1.000000 1.000000
1.000000 1.000000
1.000000 1.000000
1.000000 1.000000
1.000000 1.000000
1.000000 1.000000
1.000000 1.000000
1.000000 1.000000
1.000000 1.000000
1.000000 1.000000
1.000000 1.000000
1.000000 1.000000
1.000000 1.000000
1.000000 1.000000
1.000000 1.000000
1.000000 1.000000
1.000000 1.000000
1.000000 1.000000
1.000000 1.000000
1.000000 1.000000
1.000000 1.000000
1.000000 1.000000
1.000000 1.000000
1.000000 1.000000
1.000000 1.000000
1.000000 1.000000
1.000000 1.000000
1.000000 1.000000
1.000000 1.000000
1.000000 1.000000
1.000000 1.000000
1.000000 1.000000
1.000000 1.000000
1.000000 1.000000
1.000000 1.000000
1.000000 1.000000
1.000000 1.000000
1.000000 1.000000
1.000000 1.000000
1.000000 1.000000
1.000000 1.000000
1.000000 1.000000
1.000000 1.000000
1.000000 1.000000
1.000000 1.000000
1.000000 1.000000
1.000000 1.000000
1.000000 1.000000
1.000000 1.000000
1.000000 1.000000
1.000000 1.000000
1.000000 1.000000
1.000000 1.000000
1.000000 1.000000
1.000000 1.000000
1.000000 1.000000
1.000000 1.000000
1.000000 1.000000
1.000000 1.000000
1.000000 1.000000
1.000000 1.000000
1.000000 1.000000
1.000000 1.000000
1.000000 1.000000
1.000000 1.000000
1.000000 1.000000
1.000000 1.000000
1.000000 1.000000
1.000000 1.000000
1.000000 1.000000
1.000000 1.000000
1.000000 1.000000
1.000000 1.000000
1.000000 1.000000
1.000000 1.000000
1.000000 1.000000
1.000000 1.000000
1.000000 1.000000
1.000000 1.000000
1.000000 1.000000
1.000000 1.000000
1.000000 1.000000
1.000000 1.000000
1.000000 1.000000
1.000000 1.000000
1.000000 1.000000
1.000000 1.000000
1.000000 1.000000
1.000000 1.000000
1.000000 1.000000
1.000000 1.000000
1.000000 1.000000
1.000000 1.000000
1.000000 1.000000
1.000000 1.000000
1.000000 1.000000
1.000000 1.000000
1.000000 1.000000
1.000000 1.000000
1.000000 1.000000
1.000000 1.000000
1.000000 1.000000
1.000000 1.000000
1.000000 1.000000
1.000000 1.000000
1.000000 1.000000
1.000000 1.000000
1.000000 1.000000
1.000000 1.000000
1.000000 1.000000
1.000000 1.000000
1.000000 1.000000
1.000000 1.000000
1.000000 1.000000
1.000000 1.000000
1.000000 1.000000
1.000000 1.000000
1.000000 1.000000
1.000000 1.000000
1.000000 1.000000
1.000000 1.000000
1.000000 1.000000
1.000000 1.000000
1.000000 1.000000
1.000000 1.000000
1.000000 1.000000
1.000000 1.000000
1.000000 1.000000
1.000000 1.000000
1.000000 1.000000
1.000000 1.000000
1.000000 1.000000
1.000000 1.000000
1.000000 1.000000
1.000000 1.000000
1.000000 1.000000
1.000000 1.000000
1.000000 1.000000
1.000000 1.000000
1.000000 1.000000
1.000000 1.000000
0.277778 0.977686
0.472222 0.287417
0.470529 0.253037
0.472222 0.252239
0.444444 0.306850
0.416667 0.289260
0.444444 0.271156
0.416667 0.325083
0.388889 0.305623
0.416667 0.289260
0.388889 0.341563
0.361111 0.319748
0.388889 0.305623
0.357747 0.357186
0.357747 0.321136
0.361111 0.355789
0.333333 0.366743
0.305556 0.338744
0.333333 0.330805
0.288469 0.377228
0.305555 0.338744
0.305556 0.374508
0.277778 0.380081
0.271285 0.343654
0.277778 0.343376
0.240398 0.346533
0.250000 0.383536
0.227247 0.383038
0.216226 0.347333
0.222222 0.383457
0.194444 0.381911
0.194444 0.345991
0.166667 0.376549
0.166667 0.340478
0.138889 0.367533
0.142540 0.332531
0.166667 0.340478
0.138889 0.331461
0.111111 0.355137
0.111111 0.320327
0.111111 0.320327
0.083333 0.341461
0.083333 0.306543
0.055555 0.325630
0.063754 0.295255
0.083333 0.306543
0.055555 0.291232
0.027778 0.308777
0.027778 0.275747
0.027778 0.275747
-0.000000 0.291090
-0.000000 0.258880
0.995396 0.255940
0.983690 0.280250
0.972222 0.274211
0.972222 0.243230
0.944444 0.259413
0.944444 0.227710
0.944444 0.227710
0.916667 0.244895
0.916667 0.212377
0.903451 0.205393
0.901884 0.237553
0.888889 0.231450
0.861111 0.219609
0.874041 0.192143
0.888889 0.198505
0.848262 0.184550
0.858059 0.218481
0.833333 0.211276
0.833333 0.180301
0.805556 0.204663
0.805556 0.173936
0.781725 0.200431
0.777778 0.169303
0.805556 0.173936
0.777778 0.169303
0.750000 0.197252
0.750000 0.166544
0.750000 0.166544
0.722222 0.196537
0.722222 0.165743
0.716649 0.165979
0.694444 0.197691
0.694444 0.166637
0.684841 0.198724
0.694444 0.166637
0.694444 0.197691
0.642253 0.210577
0.638889 0.179164
0.642253 0.178223
0.638889 0.211507
0.611111 0.188750
0.638889 0.179164
0.611111 0.220981
0.583333 0.199853
0.611111 0.188750
0.583333 0.231956
0.555555 0.212139
0.583333 0.199853
0.555555 0.244098
0.527778 0.225232
0.555555 0.212139
0.500000 0.238736
0.527778 0.257039
0.500000 0.270386
0.472222 0.252239
0.500000 0.270386
0.487508 0.276388
0.250000 0.607686
0.272982 0.637686
0.250000 0.637686
0.250000 0.637686
0.225854 0.607686
0.250000 0.607686
1.000000 1.000000
1.000000 1.000000
1.000000 1.000000
1.000000 1.000000
1.000000 1.000000
1.000000 1.000000
1.000000 1.000000
1.000000 1.000000
1.000000 1.000000
1.000000 1.000000
1.000000 1.000000
1.000000 1.000000
1.000000 1.000000
1.000000 1.000000
1.000000 1.000000
1.000000 1.000000
1.000000 1.000000
1.000000 1.000000
1.000000 1.000000
1.000000 1.000000
1.000000 1.000000
1.000000 1.000000
1.000000 1.000000
1.000000 1.000000
1.000000 1.000000
1.000000 1.000000
1.000000 1.000000
1.000000 1.000000
1.000000 1.000000
1.000000 1.000000
1.000000 1.000000
1.000000 1.000000
1.000000 1.000000
1.000000 1.000000
1.000000 1.000000
1.000000 1.000000
1.000000 1.000000
1.000000 1.000000
1.000000 1.000000
1.000000 1.000000
1.000000 1.000000
1.000000 1.000000
0.277778 0.977686
0.333333 0.367328
0.305555 0.339803
0.333333 0.331238
0.305555 0.375831
0.277778 0.345015
0.305555 0.339803
0.277778 0.381038
0.250000 0.346716
0.277778 0.345015
0.250000 0.346716
0.222222 0.381038
0.222222 0.344855
0.216920 0.343831
0.222222 0.381038
0.194444 0.375831
0.194444 0.339648
0.166667 0.367328
0.166667 0.331206
0.166667 0.331206
0.138889 0.355789
0.138889 0.319748
0.138889 0.319748
0.111111 0.341563
0.111111 0.305623
0.111111 0.305623
0.083333 0.325083
0.083333 0.289260
0.083333 0.289260
0.055555 0.306850
0.055555 0.271156
0.027778 0.287417
0.029471 0.253037
0.055555 0.271156
0.027778 0.252240
-0.000000 0.270386
-0.000000 0.238736
1.000000 0.238736
0.972222 0.257039
0.972222 0.225232
0.972222 0.225232
0.944444 0.244098
0.944444 0.212139
0.944444 0.212139
0.916667 0.231956
0.916667 0.199853
0.916667 0.199853
0.888889 0.220981
0.888889 0.188750
0.888889 0.188750
0.861111 0.211507
0.861111 0.179164
0.861111 0.179164
0.833333 0.203823
0.833333 0.171389
0.833333 0.171389
0.805555 0.198161
0.805555 0.165661
0.805556 0.165661
0.777778 0.194693
0.777778 0.162152
0.777778 0.162152
0.750000 0.193525
0.750000 0.160971
0.750000 0.193525
0.722222 0.162152
0.750000 0.160971
0.722222 0.194693
0.694444 0.165661
0.722222 0.162152
0.694444 0.198161
0.666666 0.171389
0.694444 0.165661
0.666667 0.203823
0.638889 0.179164
0.666667 0.171389
0.638889 0.211507
0.611111 0.188749
0.638889 0.179164
0.611111 0.220981
0.583333 0.199853
0.611111 0.188749
0.583333 0.231956
0.555555 0.212139
0.583333 0.199853
0.555555 0.244098
0.527778 0.225232
0.555555 0.212139
0.500000 0.238736
0.527778 0.257039
0.516915 0.262258
0.500000 0.238736
0.483085 0.279579
0.472222 0.252239
0.472222 0.287417
0.470529 0.253037
0.472222 0.252239
0.444444 0.306850
0.416667 0.289260
0.444444 0.271156
0.416667 0.325083
0.388889 0.305623
0.416667 0.289260
0.388889 0.341563
0.361111 0.319748
0.388889 0.305623
0.337806 0.329361
0.333333 0.367328
0.333333 0.331238
0.261965 0.637686
0.250000 0.607686
0.261965 0.607686
0.250000 0.637685
0.237429 0.607686
0.250000 0.607686
1.000000 1.000000
1.000000 1.000000
1.000000 1.000000
1.000000 1.000000
1.000000 1.000000
1.000000 1.000000
1.000000 1.000000
1.000000 1.000000
1.000000 1.000000
1.000000 1.000000
1.000000 1.000000
1.000000 1.000000
1.000000 1.000000
1.000000 1.000000
1.000000 1.000000
1.000000 1.000000
1.000000 1.000000
1.000000 1.000000
1.000000 1.000000
1.000000 1.000000
1.000000 1.000000
1.000000 1.000000
1.000000 1.000000
1.000000 1.000000
1.000000 1.000000
1.000000 1.000000
1.000000 1.000000
1.000000 1.000000
1.000000 1.000000
1.000000 1.000000
1.000000 1.000000
1.000000 1.000000
1.000000 1.000000
1.000000 1.000000
1.000000 1.000000
1.000000 1.000000
1.000000 1.000000
1.000000 1.000000
1.000000 1.000000
1.000000 1.000000
1.000000 1.000000
1.000000 1.000000
1.000000 1.000000
1.000000 1.000000
1.000000 1.000000
1.000000 1.000000
1.000000 1.000000
1.000000 1.000000
1.000000 1.000000
1.000000 1.000000
1.000000 1.000000
1.000000 1.000000
1.000000 1.000000
1.000000 1.000000
1.000000 1.000000
1.000000 1.000000
1.000000 1.000000
1.000000 1.000000
1.000000 1.000000
1.000000 1.000000
1.000000 1.000000
1.000000 1.000000
1.000000 1.000000
1.000000 1.000000
1.000000 1.000000
1.000000 1.000000
1.000000 1.000000
1.000000 1.000000
1.000000 1.000000
1.000000 1.000000
1.000000 1.000000
1.000000 1.000000
1.000000 1.000000
1.000000 1.000000
1.000000 1.000000
1.000000 1.000000
1.000000 1.000000
1.000000 1.000000
1.000000 1.000000
1.000000 1.000000
1.000000 1.000000
1.000000 1.000000
1.000000 1.000000
1.000000 1.000000
1.000000 1.000000
1.000000 1.000000
1.000000 1.000000
1.000000 1.000000
1.000000 1.000000
1.000000 1.000000
1.000000 1.000000
1.000000 1.000000
1.000000 1.000000
1.000000 1.000000
1.000000 1.000000
1.000000 1.000000
1.000000 1.000000
1.000000 1.000000
1.000000 1.000000
1.000000 1.000000
1.000000 1.000000
1.000000 1.000000
1.000000 1.000000
1.000000 1.000000
1.000000 1.000000
1.000000 1.000000
1.000000 1.000000
1.000000 1.000000
1.000000 1.000000
1.000000 1.000000
1.000000 1.000000
1.000000 1.000000
1.000000 1.000000
1.000000 1.000000
1.000000 1.000000
1.000000 1.000000
1.000000 1.000000
1.000000 1.000000
1.000000 1.000000
1.000000 1.000000
1.000000 1.000000
1.000000 1.000000
1.000000 1.000000
1.000000 1.000000
1.000000 1.000000
1.000000 1.000000
1.000000 1.000000
1.000000 1.000000
1.000000 1.000000
1.000000 1.000000
1.000000 1.000000
1.000000 1.000000
1.000000 1.000000
1.000000 1.000000
1.000000 1.000000
1.000000 1.000000
1.000000 1.000000
1.000000 1.000000
1.000000 1.000000
1.000000 1.000000
1.000000 1.000000
1.000000 1.000000
1.000000 1.000000
1.000000 1.000000
1.000000 1.000000
1.000000 1.000000
1.000000 1.000000
1.000000 1.000000
1.000000 1.000000
1.000000 1.000000
1.000000 1.000000
1.000000 1.000000
1.000000 1.000000
1.000000 1.000000
1.000000 1.000000
1.000000 1.000000
1.000000 1.000000
1.000000 1.000000
1.000000 1.000000
1.000000 1.000000
1.000000 1.000000
1.000000 1.000000
1.000000 1.000000
1.000000 1.000000
1.000000 1.000000
1.000000 1.000000
1.000000 1.000000
1.000000 1.000000
1.000000 1.000000
1.000000 1.000000
1.000000 1.000000
1.000000 1.000000
1.000000 1.000000
1.000000 1.000000
1.000000 1.000000
1.000000 1.000000
1.000000 1.000000
1.000000 1.000000
1.000000 1.000000
1.000000 1.000000
1.000000 1.000000
1.000000 1.000000
1.000000 1.000000
1.000000 1.000000
1.000000 1.000000
1.000000 1.000000
1.000000 1.000000
1.000000 1.000000
1.000000 1.000000
1.000000 1.000000
1.000000 1.000000
1.000000 1.000000
1.000000 1.000000
1.000000 1.000000
1.000000 1.000000
1.000000 1.000000
1.000000 1.000000
1.000000 1.000000
1.000000 1.000000
1.000000 1.000000
1.000000 1.000000
1.000000 1.000000
1.000000 1.000000
1.000000 1.000000
1.000000 1.000000
1.000000 1.000000
1.000000 1.000000
1.000000 1.000000
1.000000 1.000000
1.000000 1.000000
1.000000 1.000000
1.000000 1.000000
1.000000 1.000000
1.000000 1.000000
1.000000 1.000000
1.000000 1.000000
1.000000 1.000000
1.000000 1.000000
1.000000 1.000000
1.000000 1.000000
1.000000 1.000000
1.000000 1.000000
1.000000 1.000000
1.000000 1.000000
1.000000 1.000000
1.000000 1.000000
1.000000 1.000000
1.000000 1.000000
1.000000 1.000000
1.000000 1.000000
1.000000 1.000000
1.000000 1.000000
1.000000 1.000000
1.000000 1.000000
1.000000 1.000000
1.000000 1.000000
1.000000 1.000000
1.000000 1.000000
1.000000 1.000000
1.000000 1.000000
1.000000 1.000000
1.000000 1.000000
1.000000 1.000000
1.000000 1.000000
1.000000 1.000000
1.000000 1.000000
1.000000 1.000000
1.000000 1.000000
1.000000 1.000000
1.000000 1.000000
1.000000 1.000000
1.000000 1.000000
1.000000 1.000000
1.000000 1.000000
1.000000 1.000000
1.000000 1.000000
1.000000 1.000000
1.000000 1.000000
1.000000 1.000000
1.000000 1.000000
1.000000 1.000000
1.000000 1.000000
1.000000 1.000000
1.000000 1.000000
1.000000 1.000000
1.000000 1.000000
1.000000 1.000000
1.000000 1.000000
1.000000 1.000000
1.000000 1.000000
1.000000 1.000000
1.000000 1.000000
1.000000 1.000000
1.000000 1.000000
1.000000 1.000000
1.000000 1.000000
1.000000 1.000000
1.000000 1.000000
1.000000 1.000000
1.000000 1.000000
1.000000 1.000000
1.000000 1.000000
1.000000 1.000000
1.000000 1.000000
1.000000 1.000000
1.000000 1.000000
1.000000 1.000000
1.000000 1.000000
1.000000 1.000000
1.000000 1.000000
1.000000 1.000000
1.000000 1.000000
1.000000 1.000000
1.000000 1.000000
1.000000 1.000000
1.000000 1.000000
1.000000 1.000000
1.000000 1.000000
1.000000 1.000000
1.000000 1.000000
1.000000 1.000000
1.000000 1.000000
1.000000 1.000000
1.000000 1.000000
1.000000 1.000000
1.000000 1.000000
1.000000 1.000000
1.000000 1.000000
1.000000 1.000000
1.000000 1.000000
1.000000 1.000000
1.000000 1.000000
1.000000 1.000000
1.000000 1.000000
1.000000 1.000000
1.000000 1.000000
1.000000 1.000000
1.000000 1.000000
1.000000 1.000000
1.000000 1.000000
1.000000 1.000000
1.000000 1.000000
1.000000 1.000000
1.000000 1.000000
1.000000 1.000000
1.000000 1.000000
1.000000 1.000000
1.000000 1.000000
1.000000 1.000000
1.000000 1.000000
1.000000 1.000000
1.000000 1.000000
1.000000 1.000000
1.000000 1.000000
1.000000 1.000000
1.000000 1.000000
1.000000 1.000000
1.000000 1.000000
1.000000 1.000000
1.000000 1.000000
1.000000 1.000000
1.000000 1.000000
1.000000 1.000000
1.000000 1.000000
1.000000 1.000000
1.000000 1.000000
1.000000 1.000000
1.000000 1.000000
1.000000 1.000000
1.000000 1.000000
1.000000 1.000000
1.000000 1.000000
1.000000 1.000000
1.000000 1.000000
1.000000 1.000000
1.000000 1.000000
1.000000 1.000000
1.000000 1.000000
1.000000 1.000000
1.000000 1.000000
1.000000 1.000000
1.000000 1.000000
1.000000 1.000000
1.000000 1.000000
1.000000 1.000000
1.000000 1.000000
1.000000 1.000000
1.000000 1.000000
1.000000 1.000000
1.000000 1.000000
1.000000 1.000000
1.000000 1.000000
1.000000 1.000000
1.000000 1.000000
1.000000 1.000000
1.000000 1.000000
1.000000 1.000000
1.000000 1.000000
1.000000 1.000000
1.000000 1.000000
1.000000 1.000000
1.000000 1.000000
1.000000 1.000000
1.000000 1.000000
1.000000 1.000000
1.000000 1.000000
1.000000 1.000000
1.000000 1.000000
1.000000 1.000000
1.000000 1.000000
1.000000 1.000000
1.000000 1.000000
1.000000 1.000000
1.000000 1.000000
1.000000 1.000000
1.000000 1.000000
1.000000 1.000000
1.000000 1.000000
1.000000 1.000000
1.000000 1.000000
1.000000 1.000000
1.000000 1.000000
1.000000 1.000000
1.000000 1.000000
1.000000 1.000000
1.000000 1.000000
1.000000 1.000000
1.000000 1.000000
1.000000 1.000000
1.000000 1.000000
1.000000 1.000000
1.000000 1.000000
1.000000 1.000000
1.000000 1.000000
1.000000 1.000000
1.000000 1.000000
1.000000 1.000000
1.000000 1.000000
1.000000 1.000000
1.000000 1.000000
1.000000 1.000000
1.000000 1.000000
1.000000 1.000000
1.000000 1.000000
1.000000 1.000000
1.000000 1.000000
1.000000 1.000000
1.000000 1.000000
1.000000 1.000000
1.000000 1.000000
1.000000 1.000000
1.000000 1.000000
1.000000 1.000000
1.000000 1.000000
1.000000 1.000000
1.000000 1.000000
1.000000 1.000000
1.000000 1.000000
1.000000 1.000000
1.000000 1.000000
1.000000 1.000000
1.000000 1.000000
1.000000 1.000000
1.000000 1.000000
1.000000 1.000000
1.000000 1.000000
1.000000 1.000000
1.000000 1.000000
1.000000 1.000000
1.000000 1.000000
1.000000 1.000000
1.000000 1.000000
1.000000 1.000000
1.000000 1.000000
1.000000 1.000000
1.000000 1.000000
1.000000 1.000000
1.000000 1.000000
1.000000 1.000000
1.000000 1.000000
1.000000 1.000000
1.000000 1.000000
1.000000 1.000000
1.000000 1.000000
1.000000 1.000000
1.000000 1.000000
1.000000 1.000000
1.000000 1.000000
1.000000 1.000000
1.000000 1.000000
1.000000 1.000000
1.000000 1.000000
1.000000 1.000000
1.000000 1.000000
1.000000 1.000000
1.000000 1.000000
1.000000 1.000000
1.000000 1.000000
1.000000 1.000000
1.000000 1.000000
1.000000 1.000000
1.000000 1.000000
1.000000 1.000000
1.000000 1.000000
1.000000 1.000000
1.000000 1.000000
1.000000 1.000000
1.000000 1.000000
1.000000 1.000000
1.000000 1.000000
1.000000 1.000000
1.000000 1.000000
1.000000 1.000000
1.000000 1.000000
1.000000 1.000000
1.000000 1.000000
1.000000 1.000000
1.000000 1.000000
1.000000 1.000000
1.000000 1.000000
1.000000 1.000000
1.000000 1.000000
1.000000 1.000000
1.000000 1.000000
1.000000 1.000000
1.000000 1.000000
1.000000 1.000000
1.000000 1.000000
1.000000 1.000000
1.000000 1.000000
1.000000 1.000000
1.000000 1.000000
1.000000 1.000000
1.000000 1.000000
1.000000 1.000000
1.000000 1.000000
1.000000 1.000000
1.000000 1.000000
1.000000 1.000000
1.000000 1.000000
1.000000 1.000000
1.000000 1.000000
1.000000 1.000000
1.000000 1.000000
1.000000 1.000000
1.000000 1.000000
1.000000 1.000000
1.000000 1.000000
1.000000 1.000000
1.000000 1.000000
1.000000 1.000000
1.000000 1.000000
1.000000 1.000000
1.000000 1.000000
1.000000 1.000000
1.000000 1.000000
1.000000 1.000000
1.000000 1.000000
1.000000 1.000000
1.000000 1.000000
1.000000 1.000000
1.000000 1.000000
1.000000 1.000000
1.000000 1.000000
1.000000 1.000000
1.000000 1.000000
1.000000 1.000000
1.000000 1.000000
1.000000 1.000000
1.000000 1.000000
1.000000 1.000000
1.000000 1.000000
1.000000 1.000000
1.000000 1.000000
1.000000 1.000000
1.000000 1.000000
1.000000 1.000000
1.000000 1.000000
1.000000 1.000000
1.000000 1.000000
1.000000 1.000000
1.000000 1.000000
1.000000 1.000000
1.000000 1.000000
1.000000 1.000000
1.000000 1.000000
1.000000 1.000000
1.000000 1.000000
1.000000 1.000000
1.000000 1.000000
1.000000 1.000000
1.000000 1.000000
1.000000 1.000000
1.000000 1.000000
1.000000 1.000000
1.000000 1.000000
1.000000 1.000000
1.000000 1.000000
1.000000 1.000000
1.000000 1.000000
1.000000 1.000000
1.000000 1.000000
1.000000 1.000000
1.000000 1.000000
1.000000 1.000000
1.000000 1.000000
1.000000 1.000000
1.000000 1.000000
1.000000 1.000000
1.000000 1.000000
1.000000 1.000000
1.000000 1.000000
1.000000 1.000000
1.000000 1.000000
1.000000 1.000000
1.000000 1.000000
1.000000 1.000000
1.000000 1.000000
1.000000 1.000000
1.000000 1.000000
1.000000 1.000000
1.000000 1.000000
1.000000 1.000000
1.000000 1.000000
1.000000 1.000000
1.000000 1.000000
1.000000 1.000000
1.000000 1.000000
1.000000 1.000000
1.000000 1.000000
1.000000 1.000000
1.000000 1.000000
1.000000 1.000000
1.000000 1.000000
1.000000 1.000000
1.000000 1.000000
1.000000 1.000000
1.000000 1.000000
1.000000 1.000000
1.000000 1.000000
1.000000 1.000000
1.000000 1.000000
1.000000 1.000000
1.000000 1.000000
1.000000 1.000000
1.000000 1.000000
1.000000 1.000000
1.000000 1.000000
1.000000 1.000000
1.000000 1.000000
1.000000 1.000000
1.000000 1.000000
1.000000 1.000000
1.000000 1.000000
1.000000 1.000000
1.000000 1.000000
1.000000 1.000000
1.000000 1.000000
1.000000 1.000000
1.000000 1.000000
1.000000 1.000000
1.000000 1.000000
1.000000 1.000000
1.000000 1.000000
1.000000 1.000000
1.000000 1.000000
1.000000 1.000000
1.000000 1.000000
1.000000 1.000000
1.000000 1.000000
1.000000 1.000000
1.000000 1.000000
1.000000 1.000000
1.000000 1.000000
1.000000 1.000000
1.000000 1.000000
1.000000 1.000000
1.000000 1.000000
1.000000 1.000000
1.000000 1.000000
1.000000 1.000000
1.000000 1.000000
1.000000 1.000000
1.000000 1.000000
1.000000 1.000000
1.000000 1.000000
1.000000 1.000000
1.000000 1.000000
1.000000 1.000000
1.000000 1.000000
1.000000 1.000000
1.000000 1.000000
1.000000 1.000000
1.000000 1.000000
1.000000 1.000000
1.000000 1.000000
1.000000 1.000000
1.000000 1.000000
1.000000 1.000000
1.000000 1.000000
1.000000 1.000000
1.000000 1.000000
1.000000 1.000000
1.000000 1.000000
1.000000 1.000000
1.000000 1.000000
1.000000 1.000000
1.000000 1.000000
1.000000 1.000000
1.000000 1.000000
1.000000 1.000000
1.000000 1.000000
1.000000 1.000000
1.000000 1.000000
1.000000 1.000000
1.000000 1.000000
1.000000 1.000000
1.000000 1.000000
1.000000 1.000000
1.000000 1.000000
1.000000 1.000000
1.000000 1.000000
1.000000 1.000000
1.000000 1.000000
1.000000 1.000000
1.000000 1.000000
1.000000 1.000000
1.000000 1.000000
1.000000 1.000000
1.000000 1.000000
1.000000 1.000000
1.000000 1.000000
1.000000 1.000000
1.000000 1.000000
1.000000 1.000000
1.000000 1.000000
1.000000 1.000000
1.000000 1.000000
1.000000 1.000000
1.000000 1.000000
1.000000 1.000000
1.000000 1.000000
1.000000 1.000000
1.000000 1.000000
1.000000 1.000000
1.000000 1.000000
1.000000 1.000000
1.000000 1.000000
1.000000 1.000000
1.000000 1.000000
1.000000 1.000000
1.000000 1.000000
1.000000 1.000000
1.000000 1.000000
1.000000 1.000000
1.000000 1.000000
1.000000 1.000000
1.000000 1.000000
1.000000 1.000000
1.000000 1.000000
1.000000 1.000000
1.000000 1.000000
1.000000 1.000000
1.000000 1.000000
1.000000 1.000000
1.000000 1.000000
1.000000 1.000000
1.000000 1.000000
1.000000 1.000000
1.000000 1.000000
1.000000 1.000000
1.000000 1.000000
1.000000 1.000000
1.000000 1.000000
1.000000 1.000000
1.000000 1.000000
1.000000 1.000000
1.000000 1.000000
1.000000 1.000000
1.000000 1.000000
1.000000 1.000000
1.000000 1.000000
1.000000 1.000000
1.000000 1.000000
1.000000 1.000000
1.000000 1.000000
1.000000 1.000000
1.000000 1.000000
1.000000 1.000000
1.000000 1.000000
1.000000 1.000000
1.000000 1.000000
1.000000 1.000000
1.000000 1.000000
1.000000 1.000000
1.000000 1.000000
1.000000 1.000000
1.000000 1.000000
1.000000 1.000000
1.000000 1.000000
1.000000 1.000000
1.000000 1.000000
1.000000 1.000000
1.000000 1.000000
1.000000 1.000000
1.000000 1.000000
1.000000 1.000000
1.000000 1.000000
1.000000 1.000000
1.000000 1.000000
1.000000 1.000000
1.000000 1.000000
1.000000 1.000000
1.000000 1.000000
1.000000 1.000000
1.000000 1.000000
1.000000 1.000000
1.000000 1.000000
1.000000 1.000000
1.000000 1.000000
1.000000 1.000000
1.000000 1.000000
1.000000 1.000000
1.000000 1.000000
1.000000 1.000000
1.000000 1.000000
1.000000 1.000000
1.000000 1.000000
1.000000 1.000000
1.000000 1.000000
1.000000 1.000000
1.000000 1.000000
1.000000 1.000000
1.000000 1.000000
1.000000 1.000000
1.000000 1.000000
1.000000 1.000000
1.000000 1.000000
1.000000 1.000000
1.000000 1.000000
1.000000 1.000000
1.000000 1.000000
1.000000 1.000000
1.000000 1.000000
1.000000 1.000000
1.000000 1.000000
1.000000 1.000000
1.000000 1.000000
1.000000 1.000000
1.000000 1.000000
1.000000 1.000000
1.000000 1.000000
1.000000 1.000000
1.000000 1.000000
1.000000 1.000000
1.000000 1.000000
1.000000 1.000000
1.000000 1.000000
1.000000 1.000000
1.000000 1.000000
1.000000 1.000000
1.000000 1.000000
1.000000 1.000000
1.000000 1.000000
1.000000 1.000000
1.000000 1.000000
1.000000 1.000000
1.000000 1.000000
1.000000 1.000000
1.000000 1.000000
1.000000 1.000000
1.000000 1.000000
1.000000 1.000000
1.000000 1.000000
1.000000 1.000000
1.000000 1.000000
1.000000 1.000000
1.000000 1.000000
1.000000 1.000000
1.000000 1.000000
1.000000 1.000000
1.000000 1.000000
1.000000 1.000000
1.000000 1.000000
1.000000 1.000000
1.000000 1.000000
1.000000 1.000000
1.000000 1.000000
1.000000 1.000000
1.000000 1.000000
1.000000 1.000000
1.000000 1.000000
1.000000 1.000000
1.000000 1.000000
1.000000 1.000000
1.000000 1.000000
1.000000 1.000000
1.000000 1.000000
1.000000 1.000000
1.000000 1.000000
1.000000 1.000000
1.000000 1.000000
1.000000 1.000000
1.000000 1.000000
1.000000 1.000000
1.000000 1.000000
1.000000 1.000000
1.000000 1.000000
1.000000 1.000000
1.000000 1.000000
1.000000 1.000000
1.000000 1.000000
1.000000 1.000000
1.000000 1.000000
1.000000 1.000000
1.000000 1.000000
1.000000 1.000000
1.000000 1.000000
1.000000 1.000000
1.000000 1.000000
1.000000 1.000000
1.000000 1.000000
1.000000 1.000000
1.000000 1.000000
1.000000 1.000000
1.000000 1.000000
1.000000 1.000000
1.000000 1.000000
1.000000 1.000000
1.000000 1.000000
1.000000 1.000000
1.000000 1.000000
1.000000 1.000000
1.000000 1.000000
1.000000 1.000000
1.000000 1.000000
1.000000 1.000000
1.000000 1.000000
1.000000 1.000000
1.000000 1.000000
1.000000 1.000000
1.000000 1.000000
1.000000 1.000000
1.000000 1.000000
1.000000 1.000000
1.000000 1.000000
1.000000 1.000000
1.000000 1.000000
1.000000 1.000000
1.000000 1.000000
1.000000 1.000000
1.000000 1.000000
1.000000 1.000000
1.000000 1.000000
1.000000 1.000000
1.000000 1.000000
1.000000 1.000000
1.000000 1.000000
1.000000 1.000000
1.000000 1.000000
1.000000 1.000000
1.000000 1.000000
1.000000 1.000000
1.000000 1.000000
1.000000 1.000000
1.000000 1.000000
1.000000 1.000000
1.000000 1.000000
1.000000 1.000000
1.000000 1.000000
1.000000 1.000000
1.000000 1.000000
1.000000 1.000000
1.000000 1.000000
1.000000 1.000000
1.000000 1.000000
1.000000 1.000000
1.000000 1.000000
1.000000 1.000000
1.000000 1.000000
1.000000 1.000000
1.000000 1.000000
1.000000 1.000000
1.000000 1.000000
1.000000 1.000000
1.000000 1.000000
1.000000 1.000000
1.000000 1.000000
1.000000 1.000000
1.000000 1.000000
1.000000 1.000000
1.000000 1.000000
1.000000 1.000000
1.000000 1.000000
1.000000 1.000000
1.000000 1.000000
1.000000 1.000000
0.239041 1.000000
0.332981 1.000000
0.444444 0.271156
0.444444 0.306850
0.416667 0.325083
0.388889 0.341563
0.361111 0.355789
0.361111 0.319748
0.333333 0.330805
0.333333 0.366743
0.305556 0.374508
0.277778 0.343376
0.277778 0.380081
0.250000 0.346611
0.250000 0.383536
0.222222 0.347774
0.222222 0.383457
0.250000 0.346611
0.194444 0.345991
0.222222 0.347774
0.194444 0.381911
0.166667 0.376549
0.138889 0.331461
0.138889 0.367533
0.109831 0.354428
0.111111 0.355137
0.083333 0.341461
0.055555 0.291232
0.044604 0.318696
0.055555 0.325630
0.027778 0.308777
1.000000 0.258880
1.000000 0.291090
0.972222 0.243230
0.972222 0.274211
0.944444 0.259413
0.916667 0.212377
0.916667 0.244895
0.888889 0.198505
0.888889 0.231450
0.861111 0.188061
0.861111 0.188061
0.861111 0.219609
0.833333 0.180301
0.833333 0.211276
0.805556 0.204663
0.777778 0.199816
0.777778 0.199816
0.750000 0.197253
0.722222 0.196537
0.722222 0.165743
0.666667 0.170507
0.666667 0.203058
0.674755 0.168516
0.666667 0.203058
0.666667 0.170507
0.638889 0.211507
0.611111 0.220981
0.583333 0.231956
0.555555 0.244098
0.527778 0.257039
0.527778 0.225232
0.472222 0.287417
0.500000 0.238736
0.272982 0.607686
0.225854 0.637686
1.000000 1.000000
1.000000 1.000000
1.000000 1.000000
1.000000 1.000000
1.000000 1.000000
1.000000 1.000000
1.000000 1.000000
1.000000 1.000000
1.000000 1.000000
1.000000 1.000000
1.000000 1.000000
1.000000 1.000000
1.000000 1.000000
1.000000 1.000000
1.000000 1.000000
1.000000 1.000000
1.000000 1.000000
1.000000 1.000000
1.000000 1.000000
1.000000 1.000000
1.000000 1.000000
1.000000 1.000000
1.000000 1.000000
1.000000 1.000000
1.000000 1.000000
1.000000 1.000000
1.000000 1.000000
1.000000 1.000000
1.000000 1.000000
1.000000 1.000000
1.000000 1.000000
1.000000 1.000000
1.000000 1.000000
1.000000 1.000000
1.000000 1.000000
1.000000 1.000000
1.000000 1.000000
1.000000 1.000000
1.000000 1.000000
1.000000 1.000000
1.000000 1.000000
1.000000 1.000000
1.000000 1.000000
1.000000 1.000000
1.000000 1.000000
1.000000 1.000000
1.000000 1.000000
1.000000 1.000000
1.000000 1.000000
1.000000 1.000000
1.000000 1.000000
1.000000 1.000000
1.000000 1.000000
1.000000 1.000000
1.000000 1.000000
1.000000 1.000000
1.000000 1.000000
1.000000 1.000000
1.000000 1.000000
1.000000 1.000000
1.000000 1.000000
1.000000 1.000000
1.000000 1.000000
1.000000 1.000000
1.000000 1.000000
1.000000 1.000000
1.000000 1.000000
1.000000 1.000000
1.000000 1.000000
1.000000 1.000000
1.000000 1.000000
1.000000 1.000000
1.000000 1.000000
1.000000 1.000000
1.000000 1.000000
1.000000 1.000000
1.000000 1.000000
1.000000 1.000000
1.000000 1.000000
1.000000 1.000000
1.000000 1.000000
1.000000 1.000000
1.000000 1.000000
1.000000 1.000000
1.000000 1.000000
1.000000 1.000000
1.000000 1.000000
1.000000 1.000000
1.000000 1.000000
1.000000 1.000000
1.000000 1.000000
1.000000 1.000000
1.000000 1.000000
1.000000 1.000000
1.000000 1.000000
1.000000 1.000000
1.000000 1.000000
1.000000 1.000000
1.000000 1.000000
1.000000 1.000000
1.000000 1.000000
1.000000 1.000000
1.000000 1.000000
1.000000 1.000000
1.000000 1.000000
1.000000 1.000000
1.000000 1.000000
1.000000 1.000000
1.000000 1.000000
1.000000 1.000000
1.000000 1.000000
1.000000 1.000000
1.000000 1.000000
1.000000 1.000000
1.000000 1.000000
1.000000 1.000000
1.000000 1.000000
1.000000 1.000000
1.000000 1.000000
1.000000 1.000000
1.000000 1.000000
1.000000 1.000000
1.000000 1.000000
1.000000 1.000000
1.000000 1.000000
1.000000 1.000000
1.000000 1.000000
1.000000 1.000000
1.000000 1.000000
1.000000 1.000000
1.000000 1.000000
1.000000 1.000000
1.000000 1.000000
1.000000 1.000000
1.000000 1.000000
1.000000 1.000000
1.000000 1.000000
1.000000 1.000000
1.000000 1.000000
1.000000 1.000000
1.000000 1.000000
1.000000 1.000000
1.000000 1.000000
1.000000 1.000000
1.000000 1.000000
1.000000 1.000000
1.000000 1.000000
1.000000 1.000000
1.000000 1.000000
1.000000 1.000000
1.000000 1.000000
1.000000 1.000000
1.000000 1.000000
1.000000 1.000000
1.000000 1.000000
1.000000 1.000000
1.000000 1.000000
0.239041 1.000000
0.332981 1.000000
0.305555 0.375831
0.277778 0.381038
0.250000 0.382791
0.250000 0.382791
0.194444 0.339648
0.222222 0.344855
0.194444 0.375831
0.166667 0.367328
0.138889 0.355789
0.111111 0.341563
0.083333 0.325083
0.055555 0.306850
0.027778 0.252240
0.012492 0.276388
0.027778 0.287417
1.000000 0.270386
0.972222 0.257039
0.944444 0.244098
0.916667 0.231956
0.888889 0.220981
0.861111 0.211507
0.833333 0.203823
0.805556 0.198161
0.777778 0.194693
0.722222 0.194693
0.694444 0.198161
0.666667 0.203823
0.638889 0.211507
0.611111 0.220981
0.583333 0.231956
0.555555 0.244098
0.527778 0.257039
0.516915 0.328979
0.500000 0.340557
0.527778 0.225232
0.472222 0.287417
0.500000 0.340556
0.483085 0.352133
0.444444 0.271156
0.444444 0.306850
0.416667 0.325083
0.388889 0.341563
0.361111 0.355789
0.361111 0.355789
0.361111 0.319748
0.250000 0.637686
0.237429 0.637686
0.305556 1.000000
0.332981 1.000000
0.237288 1.000000
0.243117 1.000000
0.256752 1.000000
0.253697 1.000000
0.305555 1.000000
0.332981 1.000000
0.237288 1.000000
0.243117 1.000000
0.256752 1.000000
0.253697 1.000000
-3.574437 10.361162
-3.635096 10.191518
-3.538909 12.738862
3.650369 10.206554
3.618237 10.181334
3.590048 12.773444
3.575007 11.742597
3.575007 12.495893
-3.574993 12.284887
3.590048 12.247117
-3.589930 12.634308
2.880250 10.072216
0.000007 12.119245
0.000007 12.119245
-3.848625 10.120417
-3.097636 10.562578
3.172901 10.559294
0.000007 12.512027
3.567036 11.580095
-3.574993 11.873000
0.000007 12.472749
3.869761 10.105645
-3.071256 10.104011
-3.173563 12.148368
3.027894 10.140352
-3.084995 11.831960
0.000007 12.451277
0.000007 11.787212
3.085005 11.631106
3.085005 12.558667
0.000007 11.820415
-2.881056 10.107006
3.628193 10.562613
-3.539066 11.080247
3.129247 12.748639
-3.577751 10.196115
0.000007 12.418074
3.103882 9.840005
-3.090801 12.641256
-3.344996 11.722535
3.575007 11.953602
3.090811 12.314305
3.105322 10.168681
-3.207156 12.899685
-3.574993 12.365489
-3.114017 10.221672
-3.574997 12.476334
-3.592119 10.586428
3.577762 10.196115
3.085005 10.567968
-3.112645 11.988534
3.538987 12.902360
3.575007 11.933357
3.345006 12.454597
3.589937 11.072885
3.129170 12.000400
-3.574997 12.305133
-3.829995 9.813516
3.575007 12.284887
-3.103371 9.834546
-3.090747 11.045667
-3.574993 12.537650
-3.637347 11.046486
-3.538909 12.884904
3.575007 11.762156
3.148991 10.858357
-3.207156 12.680779
3.575007 12.541927
3.207166 12.899685
-3.611655 12.338779
3.672074 9.810815
-3.574993 11.700840
3.097022 9.828857
3.085005 10.994656
-2.912011 9.821389
-3.609277 10.162387
-3.148981 10.858357
3.646629 9.834546
-3.344996 12.119245
-3.574997 11.842904
3.100005 12.011849
3.345006 12.119245
3.601019 11.062652
-3.632755 10.204001
-3.663968 10.083835
3.501398 10.349822
-3.084995 12.695682
3.619823 10.520059
-3.619813 10.520059
-3.601008 12.066482
-3.574997 12.588788
3.085005 12.406530
-3.084995 12.406530
-3.107635 10.527680
3.207166 12.680779
3.183198 10.784101
0.000007 11.630238
3.611782 12.537718
3.606426 12.538342
3.375005 10.288589
3.538987 12.859851
-3.084995 12.312494
3.208468 12.149078
-3.574993 11.873000
-2.873506 9.881451
2.878155 9.874748
3.876494 9.846028
-3.834459 10.100986
0.000007 11.679138
-3.871845 9.874748
0.000007 12.119245
-3.014995 10.140005
-3.646118 9.840005
3.015005 10.140005
-3.709228 10.144919
-3.040762 10.144919
3.575007 11.619245
3.100005 12.622923
3.575007 12.619245
3.609287 10.162387
3.040772 10.144919
-3.606416 11.667212
-3.574993 12.584139
-3.232338 12.702271
3.735005 10.140005
3.830005 10.136495
-3.207014 10.746259
-3.114995 11.933357
0.000007 12.119245
3.345006 11.722535
3.709239 10.144919
3.659321 12.016692
-3.464995 12.752251
-3.539066 10.777419
-3.636792 12.781336
-3.232338 12.877635
-2.882568 10.100415
3.611604 10.703178
3.575007 11.935198
3.575007 12.303292
-3.202575 10.220508
3.632404 10.420293
3.183374 12.687118
-3.344996 11.661067
-3.090682 11.412326
3.208468 11.188641
3.258339 11.177402
3.606426 11.667212
3.085005 11.831960
3.575007 11.622676
-3.183188 11.076881
-3.143573 11.667212
3.491674 12.092123
-3.574997 11.933357
3.465005 12.820752
3.115005 11.649702
-3.099995 11.651994
-3.661656 10.419372
3.575007 12.305133
-3.574997 11.649702
-3.183364 12.416948
2.897478 10.130504
-3.344996 12.515955
3.589937 10.882998
2.912021 9.829263
-3.651301 9.823932
3.085005 10.576699
3.143584 11.667212
-3.344996 12.515955
-3.636850 10.940258
3.876494 9.860004
-3.636792 12.727262
3.207166 12.515635
3.665005 12.142055
-3.574993 11.742597
3.465005 12.905164
-3.084995 12.607384
3.253950 10.249496
3.085005 12.695682
3.538987 12.738729
-3.589930 12.247477
-3.100897 9.832222
3.090692 11.961971
3.575007 12.437443
-3.344996 12.119245
-3.664995 11.181617
3.345006 12.119245
3.575007 11.801047
-3.232119 12.302888
3.517886 10.818806
-3.148981 12.814977
3.345006 12.515955
-3.091063 10.071870
-3.374995 10.288589
3.091074 10.071870
3.659130 10.077676
-3.084995 10.576699
-3.601008 11.318073
-3.084995 12.558667
3.575007 12.588788
-3.090801 12.314305
3.090757 10.817658
-3.501388 10.498918
3.477607 10.188869
3.510807 12.503011
3.088773 12.480246
0.000007 11.908985
3.183374 12.857922
-3.574993 11.619245
3.575007 11.933357
3.575007 12.305133
3.175713 10.646187
-3.510758 12.911337
-3.298689 10.265139
3.375005 9.857803
3.148991 11.453273
-3.574993 12.201128
-3.208973 10.196810
3.182983 12.159214
3.659321 11.027329
-3.589930 12.609938
-3.574993 12.437443
-3.131763 10.181334
3.207025 10.899810
3.207166 12.881738
3.663198 12.702140
0.000007 11.930011
-3.734995 10.140005
3.665005 10.576427
3.538146 10.681906
-3.246351 12.569324
-3.183188 10.971531
-3.258328 11.898134
-3.099995 12.226641
-3.659311 12.016692
-3.538909 12.427994
-3.114995 11.649702
3.134678 10.201153
-3.511006 10.906049
3.085005 12.214775
3.636934 12.804223
3.575007 11.649702
-3.088763 12.480246
3.085005 12.406530
-3.090747 10.817658
-3.581312 10.684367
-3.532457 10.194629
-3.223651 10.687024
-3.148981 11.158498
-3.574997 12.305133
-3.574997 11.696562
-3.374995 9.857803
-3.664053 10.558668
-3.344996 11.906882
3.182983 10.560575
-3.284995 12.919010
3.483996 10.254506
-3.538909 12.799255
-3.642853 10.534926
-3.574993 12.037361
3.575007 12.365489
-3.632394 12.520266
3.575007 11.873000
-3.574993 12.037361
2.870840 10.099103
-3.483986 10.254506
3.246361 12.569324
0.000007 12.608253
3.879170 10.099103
3.085005 12.490476
3.491674 11.338161
3.085005 11.470513
-3.374995 9.815316
3.345006 12.613142
-3.184943 10.565465
3.511016 10.802008
-3.589930 12.831845
3.538987 12.902181
-3.084995 12.719069
3.258451 12.812080
3.661666 11.183000
3.575007 12.537650
3.575007 11.700840
-3.099995 12.011849
3.538987 12.654321
3.258338 11.898134
3.148991 12.718487
3.465005 10.555519
-3.344996 12.577423
0.000007 12.559352
3.663176 10.805731
3.590048 12.710131
3.345006 11.722535
-3.574993 12.619245
0.000007 12.329505
3.090692 12.225672
3.345006 11.625347
3.538624 12.149123
3.345006 11.906882
-3.674853 9.994656
-3.344996 12.331608
3.575007 12.201128
-3.574993 12.201128
3.345006 12.331608
-3.606416 10.484026
0.000007 11.726463
-3.090682 12.225672
3.603503 10.205985
3.575007 12.037361
-3.829995 10.140005
3.085005 11.594245
3.606426 10.539261
3.170837 10.204002
3.085005 11.181617
-3.258441 12.895372
-2.919995 10.140005
-3.674247 9.996181
-3.090801 12.738038
3.085005 12.142054
3.049666 9.919738
-3.632394 11.185777
3.575007 12.615814
-3.183364 12.789569
0.000007 12.308479
3.112725 10.748513
3.258451 12.915567
3.675717 10.171244
3.375005 10.275004
0.000007 11.765741
-3.611594 10.755058
-3.567026 10.941978
3.085005 12.719069
-3.650932 10.591460
3.090692 11.121799
3.090692 10.525483
3.465005 12.912543
-3.090682 10.525483
3.665005 11.516125
-3.661656 12.143437
3.510807 12.634743
3.097933 10.591413
3.465005 11.189219
0.000007 11.726463
0.000007 12.512027
-3.491664 11.210011
3.876494 9.881451
-3.344996 12.454597
3.345006 11.783893
-3.074635 9.984217
3.345006 12.515955
-3.344996 11.783893
-3.574997 11.842904
-3.099802 10.648151
-3.207156 12.515635
-3.501387 12.569568
-3.118913 11.185852
-3.464995 12.149657
-3.491664 12.092123
3.085005 11.831960
-3.574997 11.614244
-3.464995 12.611921
-3.589930 12.822678
-2.892634 9.823238
3.575007 12.476334
-3.084995 12.490476
3.465005 10.968600
-3.464995 12.905164
3.085005 11.660799
-3.665343 10.197116
-3.258328 10.875034
-3.114995 11.762156
-3.574997 12.027353
3.096195 10.129919
-3.207156 12.748657
3.090811 12.582502
3.258451 12.706188
-3.084995 11.470513
-3.574997 12.624245
0.000007 11.765741
0.000007 12.472749
-3.084995 11.660799
-3.114995 11.614244
-3.636792 12.819403
3.606426 10.336105
3.575007 11.842904
3.538987 12.823345
3.143584 12.147430
3.259038 10.687030
-3.258441 12.290982
3.665005 10.500010
3.090811 12.641256
3.876307 10.094549
-3.574997 12.588788
-3.099995 12.622923
3.085005 11.748013
-3.218508 10.241202
-3.088763 12.143523
3.085005 11.925995
-3.183188 10.803218
-3.574997 12.476334
3.465005 12.752251
-3.664995 10.500010
-3.084995 12.489010
3.590048 12.344057
-3.589927 10.964320
3.688442 9.984617
3.465005 12.918496
-3.510758 12.831447
3.129212 10.693379
3.129247 12.398774
3.611604 10.775491
3.601019 11.318073
-3.574993 11.742597
3.661666 11.663218
3.207166 12.805356
3.100005 12.226641
-3.538909 12.733429
-3.672930 10.010146
3.665005 10.210005
-3.878691 9.849093
2.901600 9.818728
3.090811 12.738038
-3.574993 12.495893
-3.659311 11.526648
-3.661656 11.663218
-3.090801 12.582502
-3.538614 12.149123
3.674257 9.996181
3.575007 12.395586
3.090757 10.915276
3.258400 11.083360
-3.510758 12.868281
3.112650 10.203218
3.257682 10.251657
-3.574993 12.284887
-3.879160 10.099103
-3.601008 11.820476
3.636934 12.819059
-3.561309 10.535429
-2.914167 10.079505
3.148991 11.873921
-3.344996 11.722535
-3.374995 12.844168
-3.172238 10.196115
-3.207156 12.602525
-3.232338 12.858112
3.510807 12.355579
-3.148981 12.864077
3.207166 12.602525
3.672940 10.010146
3.624103 10.355007
3.129247 12.842652
-3.871845 9.851639
0.000007 12.223513
3.650962 12.500016
3.258451 12.759912
3.531492 10.241202
3.465005 12.571455
3.172249 10.196115
3.258451 12.882729
-3.207014 10.899810
3.085005 12.312494
-3.344996 12.224555
3.590048 12.822500
-3.636792 12.673219
-3.668262 10.188869
-3.664995 11.014111
-3.090682 10.825982
3.636934 12.672942
-3.663180 12.730376
-3.374995 12.677483
-3.150463 10.669083
-3.501387 11.189093
3.657812 12.434519
-3.089101 10.167002
3.575007 12.201128
3.129212 11.065164
3.575007 12.037361
3.085005 12.714846
3.722116 10.140352
-3.080856 10.183931
-3.663166 10.805731
-3.084995 11.934990
-3.258390 11.083360
-3.510758 12.858632
-3.567027 10.155199
-3.661656 10.328283
-3.657767 12.434976
3.465005 10.256992
-3.574993 12.495893
3.575007 12.495893
-3.574993 12.437443
-3.574993 11.801047
-3.542663 10.224380
0.000007 12.213086
3.085005 10.210005
3.575007 12.437443
3.575007 11.801047
-3.574993 12.365489
3.575007 12.365489
3.575007 11.742597
-3.574993 11.801047
-3.156488 10.535371
-3.112771 12.727690
-3.084995 10.623568
3.538987 12.884802
-3.574993 11.953602
-3.312474 10.268417
-3.148981 11.735250
-3.574993 11.700840
3.575007 11.873000
-2.912011 10.120748
-3.464995 10.798625
-3.721619 10.137721
-3.084995 11.748013
-3.090801 12.685277
3.090811 12.446263
-3.538909 12.902238
-3.661484 10.355007
-3.143573 12.538342
3.589952 10.560410
-3.374995 12.914428
3.232348 12.289838
3.664063 10.558668
-3.145750 10.180971
3.658937 10.071870
-3.574993 11.953602
3.836724 10.108203
3.085005 11.679822
-3.879995 10.090005
3.258400 10.758868
3.673191 9.853188
3.135005 10.519835
3.085005 12.558667
3.605095 10.673615
-3.574993 11.627592
3.125907 10.527287
-3.632394 10.383482
-3.090747 10.915276
3.840917 9.811309
3.510807 12.253672
3.099047 11.664634
-3.510758 12.503497
3.601018 12.066482
3.375005 12.844168
3.085005 12.490476
3.575007 12.610898
-3.854152 10.068373
3.575007 11.627592
2.878155 10.110192
3.575007 11.842904
-3.574993 12.561732
0.000007 12.428636
3.575007 12.537650
3.207025 10.976892
3.345006 11.806761
3.589937 10.964320
-3.041069 10.144143
3.636934 12.668171
-3.501387 11.669312
3.345006 12.431729
-3.344996 12.431729
0.000007 11.809855
-3.246351 12.149514
3.615005 10.526452
3.501397 11.669312
3.575007 11.700840
-3.148981 12.344347
3.590048 12.856627
-3.344996 11.806761
3.575007 12.569245
-2.870830 10.099103
3.090692 11.412326
-3.084995 11.181617
3.574447 11.187980
0.000007 11.665604
-3.688526 10.152930
-3.574993 11.654351
2.967505 10.099103
0.000007 12.572886
0.000007 12.223513
-3.084995 12.312494
-3.090801 12.446263
-2.882568 9.828526
3.345006 12.577423
-3.344996 12.224555
3.345006 12.224555
3.222941 10.616278
3.345006 11.661067
3.151172 10.539582
3.575007 11.669245
3.345006 12.013935
-3.664995 12.458403
-3.840976 9.855540
3.090692 10.825982
-3.084995 12.406530
3.663198 12.730408
-3.084995 12.558667
-3.148981 11.453273
-3.538614 10.458899
-3.344996 12.613142
-3.148981 12.668237
2.913286 10.095996
-3.148981 12.278509
-3.681018 9.906560
-3.510758 12.254037
0.000007 12.397696
-3.344996 11.625347
-3.437005 10.277501
-3.211376 11.668904
3.575007 12.119245
-3.574993 12.119245
0.000007 12.014977
0.000007 12.014977
0.000007 11.840794
-3.148981 12.653861
2.871431 10.094469
3.575007 12.119245
-3.508591 10.717610
3.207166 12.421541
-3.344996 12.013935
3.465005 12.782252
3.345006 12.013935
3.830005 10.140005
-3.574993 12.537650
3.661666 10.401181
3.345006 12.224555
-3.344996 12.013935
0.000007 11.710967
3.830005 9.810005
-3.574993 12.119245
-3.464995 10.555519
-3.121465 10.590403
0.000007 12.527522
0.000007 12.213086
3.465005 12.872302
3.620842 11.560086
-3.090682 11.121799
3.148991 11.158498
3.129247 12.652441
-3.510758 12.660475
-3.611594 10.703178
3.129212 10.864507
-3.589930 12.796802
-3.258441 12.812080
3.234428 10.189744
3.085005 12.607384
3.145468 10.163074
-3.258390 10.983205
-3.114995 12.624245
3.840986 10.094469
-3.284995 10.717763
0.000007 12.025404
0.000007 12.025404
3.148991 12.653861
3.115005 12.624245
3.075147 9.994656
-2.910903 10.123752
3.539076 10.747405
3.538179 10.632874
3.375005 12.893980
3.375005 12.677483
3.115005 11.933357
2.878155 9.851639
3.465005 12.844010
3.753067 9.810840
3.375005 9.815316
3.258338 12.172509
-3.464995 12.394362
-3.659034 9.860991
3.575007 11.696562
-3.084995 11.925995
-3.574997 11.762156
0.000007 11.857986
0.000007 12.380504
3.830005 9.891364
0.000007 11.678470
0.000007 12.560019
-3.574997 11.696562
3.143583 12.538342
3.375005 12.770418
3.636934 12.328074
-3.374995 12.917351
-3.148981 12.862275
3.636861 10.850938
-3.114995 11.696562
-3.657767 12.629758
-3.084995 12.645653
-3.374995 12.770418
-3.344996 12.564427
-3.258390 10.823192
3.345006 12.383116
-3.601008 11.190866
3.345006 11.674063
-3.344996 12.383116
3.345006 11.855373
-3.344996 11.674063
3.148991 12.845188
-3.344996 11.855373
3.345006 12.564427
-3.501388 10.256207
-3.464995 12.782252
-3.632394 10.438677
-3.615460 10.534683
3.575007 11.696562
-3.114995 11.842904
3.638990 10.168681
-3.081728 10.188869
-3.574997 11.649702
3.511016 11.082489
-3.839093 10.131915
-3.829995 9.891364
3.465005 12.149657
-3.148981 12.496633
-3.501388 10.405836
-3.464995 12.820752
3.611782 12.620634
-3.118913 12.146290
-3.574997 11.762156
-3.464995 10.759450
3.085005 12.662457
-3.834539 10.136308
3.575007 11.649702
-3.636792 12.575155
3.575007 11.762156
-3.129202 10.864507
3.115005 12.476334
3.285005 11.189219
-3.129237 12.812819
3.575007 12.027353
2.920005 10.140005
3.375005 12.917351
2.882578 9.849595
3.129212 10.950413
3.211386 11.668904
3.636934 12.772541
3.115005 12.588788
-3.631285 10.590638
-3.601008 12.306879
-3.207156 12.805356
-3.574997 12.027353
3.575007 12.395586
-3.374995 12.893980
-3.589927 10.882998
3.606426 12.147430
-3.084995 12.607384
0.000007 11.884112
3.674984 10.163074
-3.114995 12.476334
3.115005 11.762156
0.000007 12.354378
-3.148981 12.010955
0.000007 11.722548
0.000007 12.515943
-3.084995 10.567968
3.115005 11.696562
3.718148 10.118912
3.661494 10.553804
-3.100030 10.154411
3.834469 9.849024
3.865360 9.975005
3.100229 12.144963
3.148991 12.862275
-3.148981 10.553466
-2.901590 9.893372
3.501398 10.405836
-3.574997 12.395586
-3.099995 12.119245
-2.910897 10.131915
3.575007 12.211136
3.075753 9.996181
3.649970 10.154411
-2.919995 10.090005
3.661666 10.273475
-3.753056 9.850906
-3.574997 12.211136
3.839103 10.131915
-3.636792 12.803820
-3.246352 11.189076
3.575007 12.541927
-3.222931 10.616278
-3.173563 11.187930
3.632404 11.185777
-3.464995 12.918496
3.150474 10.669083
3.375005 12.914428
3.100229 11.184525
3.085005 12.645653
-3.656575 10.131585
-3.464995 10.968600
-3.099995 11.615567
3.567037 10.155199
-3.848400 9.818728
-3.084995 12.714846
3.086032 10.083835
-3.574997 11.933357
-3.148981 10.712659
3.508601 10.717610
3.636934 12.574762
3.100005 12.335813
3.575007 12.027353
-3.574997 12.395586
-3.636850 11.059522
3.601019 11.190866
-3.574997 12.541927
3.574447 10.435455
-3.574997 12.541927
3.511016 10.906049
3.430934 10.269746
3.076533 10.169779
-3.099995 12.226641
3.100005 11.615567
3.575007 12.476334
-3.595123 10.198340
-3.084995 12.531460
-3.574997 12.211136
-3.099995 12.119245
-2.869995 10.090005
3.834618 10.067804
2.887652 10.113459
3.567036 12.320402
2.920005 9.891364
3.574447 10.305304
-2.919995 9.810005
3.575007 12.211136
3.100005 12.119245
3.183198 10.735559
3.139311 10.561843
-3.589930 12.872810
-3.258441 12.426947
3.129247 12.812819
-3.664995 10.576427
3.081738 10.188869
3.223441 10.721041
3.085005 12.635480
-3.099037 11.664634
3.077449 9.850125
-3.633400 10.525740
3.575007 12.588788
3.164061 10.189022
3.085005 10.623568
-3.090126 9.863634
3.148992 12.279878
-3.658926 10.071870
3.636861 11.059522
3.651640 10.584956
-3.374995 10.275004
-3.606416 12.147430
-3.129202 10.950413
3.100005 12.119245
3.105944 10.553231
-3.116590 10.529961
-3.073872 9.810005
-3.430923 10.269746
3.085005 12.489010
-3.099995 12.011849
3.538624 10.253693
3.207166 12.850005
-3.878706 10.082437
3.429873 10.274918
-3.516136 10.624175
-3.143636 10.211335
3.090811 12.638501
3.085005 12.325430
3.232249 10.819086
3.650963 10.520443
-3.084995 12.235147
-3.084995 12.490476
3.183374 12.789569
3.656525 10.548578
3.567036 11.071623
2.884650 10.125360
3.099650 10.388987
3.865360 9.985439
3.879170 9.975005
3.100005 12.011849
3.676128 9.810005
3.876494 9.859578
-3.601008 11.062652
3.665005 11.014111
3.085005 12.531460
3.575007 12.610898
-3.129202 11.065164
-3.589930 12.856597
-3.606416 10.539261
3.182983 12.291931
3.148991 12.772468
-3.090801 12.638501
-3.148981 12.772468
-3.538909 12.353598
3.183374 12.742397
3.125772 10.532447
3.636934 12.781206
-3.636792 12.597945
3.202586 10.220508
-3.510758 12.894297
3.182983 12.023397
-3.636792 12.238382
-3.606416 10.354643
3.567036 11.832218
3.080090 10.184238
3.538987 12.850117
3.590048 12.872589
-3.589930 12.773617
3.539076 10.977574
3.650962 12.144853
3.115005 11.622676
3.148991 12.496633
3.590048 12.872758
3.590048 12.715306
3.538987 12.799129
3.565592 12.620441
3.148991 11.735250
-3.589927 11.072885
3.575007 11.627592
-3.865350 10.125360
-3.189354 10.168587
-3.589930 12.710279
3.575007 12.284887
3.575007 11.953602
3.865360 9.824650
-3.574437 12.553027
-3.054888 10.028466
3.590048 12.855870
-3.114995 11.696562
2.878155 9.832644
-3.574993 12.610898
-3.574993 11.627592
3.451311 10.265139
3.465005 12.668563
-3.058542 10.155199
-3.223431 10.721041
-3.636792 12.748775
-2.884640 10.125360
-3.610559 10.226730
3.285005 12.904977
3.590048 12.831851
-3.574993 12.303292
-3.574993 11.935198
3.669920 10.184238
3.590048 12.796724
3.568977 10.206614
-3.589930 12.872704
-2.916886 9.849093
3.639409 10.116747
-3.621596 10.167002
-3.625083 10.650702
-3.183364 12.742397
-3.639398 10.116747
-3.659311 11.153696
3.538987 12.885597
3.073882 9.810005
-3.090747 10.706947
3.081131 10.172860
-3.676118 9.810005
3.579170 10.535511
-3.567026 11.580095
-3.860737 9.821389
-3.182973 12.159214
3.246362 10.256106
-2.873506 9.846028
-2.871420 9.855540
-3.565466 10.665906
3.207166 12.901577
3.501398 10.480330
3.665005 10.500010
3.865360 10.125360
3.099650 10.536864
-3.084995 10.823465
3.646400 9.843092
3.665005 12.458403
-3.538614 10.551621
-3.253940 10.249496
-3.090870 10.077676
-3.865350 9.975005
-2.901680 10.136308
-3.075743 9.996181
-3.207156 12.881738
-3.589930 12.856027
-3.148981 10.763553
3.085005 10.823465
3.085005 11.748013
-3.664995 10.500010
-3.611655 12.538139
3.375005 10.549088
-3.539066 10.977574
-3.589930 12.715483
-3.258441 12.690820
-3.574993 11.669245
2.916897 9.811309
-3.539066 10.747405
3.258400 10.908227
-3.636850 10.727989
-3.096655 10.597445
-3.320127 10.274918
3.782505 10.099103
-3.574993 12.537743
3.575007 12.537743
-3.574993 12.537743
-3.574993 11.700747
3.575007 12.584139
-3.574993 11.765692
3.575007 11.765692
-3.574993 12.472798
3.575007 12.472798
3.575007 12.537743
-3.574993 11.765692
-3.574993 12.472798
3.575007 11.765692
3.575007 12.472798
3.575007 11.700747
-3.574993 11.700747
3.575007 11.700747
3.031862 10.118912
3.601019 10.933479
-3.574993 12.584139
3.575007 12.584139
3.575007 12.392850
3.575007 11.845640
-3.574993 11.845640
3.575007 11.845640
3.575007 11.654351
-3.574993 11.654351
-3.574993 12.392850
3.575007 12.392850
-3.574993 12.392850
-3.574993 11.845640
3.575007 11.654351
-3.574993 11.935198
3.575007 11.935198
3.258451 12.690820
-3.574993 12.303292
3.575007 12.303292
-3.232338 12.910255
-3.574993 12.028263
3.575007 12.028263
-3.574993 12.028263
-3.574993 12.210226
3.575007 12.210226
3.575007 12.210226
-3.714815 10.100954
-3.084995 12.635480
-3.181023 10.206614
-3.574437 10.491029
3.636861 10.727989
3.573622 10.675516
-3.782495 10.099103
3.575007 11.676758
-3.166619 10.223814
-3.636792 12.395279
-3.183364 12.285402
3.565572 10.766555
-3.258441 12.759912
-3.865350 9.985439
-3.650471 9.846176
3.193924 10.244331
-3.258441 12.611167
-3.574993 11.676758
-3.284995 12.668865
-3.574993 12.561732
-3.258390 10.758868
3.583381 10.223814
-3.531786 10.230772
3.531796 10.230772
3.085005 12.235147
-3.879995 9.919954
-3.084995 12.325430
-3.084995 10.994656
-3.258441 12.913642
2.884650 9.985439
3.510807 12.430940
-3.084995 12.683871
3.258451 12.895372
3.624138 10.539131
3.567036 10.812080
-3.617386 10.159949
-3.374995 10.549088
-3.258441 12.522722
3.258451 12.913642
3.090757 11.045667
3.258400 10.983205
3.465005 10.798625
-3.511006 10.820330
-3.601009 10.933479
-3.500184 10.685173
3.148991 10.783596
-3.084995 12.201195
3.207166 12.748657
3.207025 11.079858
3.575007 12.028263
-3.574993 11.676758
-3.574993 12.210226
-3.574993 12.569245
-3.077864 9.811120
-3.084995 12.662457
3.091524 10.566166
3.575007 12.561732
-3.258390 10.908227
2.884650 9.975005
3.312062 10.282207
-3.574437 10.398336
3.611782 12.407878
3.575007 12.561732
3.575007 11.676758
3.695112 10.028466
-2.884640 9.985439
3.861639 10.095756
3.085005 11.934990
-3.574993 12.610898
3.636861 10.673016
2.901690 10.094549
-3.574993 12.119245
3.575007 12.119245
3.661494 10.355007
3.574447 12.553027
3.090758 10.706947
2.870005 9.919954
-3.836795 10.100908
-2.884640 9.975005
3.632404 10.291223
</float_array>
          <technique_common>
            <accessor source="#bottom_cover-UV0-array" count="8398" stride="2">
              <param name="S" type="float"/>
              <param name="T" type="float"/>
            </accessor>
          </technique_common>
        </source>
        <vertices id="bottom_cover-VERTEX">
          <input semantic="POSITION" source="#bottom_cover-POSITION"/>
        </vertices>
        <triangles count="3270" material="OpaqueFBXASC040240FBXASC044245FBXASC044247FBXASC041FBXASC032FBXASC0401FBXASC041">
          <input semantic="VERTEX" offset="0" source="#bottom_cover-VERTEX"/>
          <input semantic="NORMAL" offset="1" source="#bottom_cover-Normal0"/>
          <input semantic="TEXCOORD" offset="2" set="0" source="#bottom_cover-UV0"/>
          <p> 26 0 6 27 1 7 28 2 8 29 3 9 30 4 10 31 5 11 41 6 12 42 7 13 43 8 14 44 9 15 45 10 16 46 11 17 53 12 18 54 13 19 55 14 20 56 15 21 57 16 22 58 17 23 58 18 24 59 19 25 60 20 26 61 21 27 62 22 28 41 23 29 63 24 30 64 25 31 65 26 32 72 27 33 73 28 34 74 29 35 75 30 36 76 31 37 54 32 38 77 33 39 78 34 40 44 35 41 94 36 42 95 37 43 96 38 44 105 39 45 106 40 46 107 41 47 111 42 48 112 43 49 113 44 50 117 45 51 118 46 52 119 47 53 123 48 54 124 49 55 125 50 56 126 51 57 127 52 58 128 53 59 138 54 60 139 55 61 119 56 62 146 57 63 147 58 64 113 59 65 153 60 66 154 61 67 155 62 68 160 63 75 161 64 76 123 65 77 165 66 78 166 67 79 167 68 80 171 69 81 172 70 82 173 71 83 126 72 84 174 73 85 175 74 86 179 75 87 180 76 88 181 77 89 182 78 90 183 79 91 184 80 92 187 81 93 188 82 94 189 83 95 192 84 96 193 85 97 194 86 98 197 87 99 195 88 6138 335 89 100 335 90 100 196 91 101 197 92 99 198 93 102 199 94 103 200 95 104 74 96 105 73 97 106 201 98 107 202 99 108 203 100 6139 204 101 109 204 102 109 409 103 110 202 104 108 208 105 111 209 106 112 210 107 113 214 108 117 215 109 118 216 110 119 219 111 120 220 112 121 221 113 122 225 114 123 226 115 6144 227 116 124 227 117 124 410 118 125 225 119 123 234 120 126 235 121 6145 236 122 127 236 123 127 558 124 128 234 125 126 240 126 129 241 127 130 242 128 131 247 129 135 248 130 136 249 131 137 250 132 138 251 133 139 252 134 140 268 135 144 269 136 145 270 137 146 271 138 147 272 139 148 273 140 149 274 141 150 64 142 151 63 143 152 275 144 153 276 145 154 277 146 155 278 147 156 279 148 157 280 149 158 284 150 159 285 151 160 286 152 161 287 153 162 288 154 163 289 155 164 290 156 165 291 157 166 292 158 167 260 159 168 261 160 6155 293 161 169 293 162 169 259 163 170 260 164 168 296 165 171 297 166 172 298 167 173 296 168 174 299 169 175 300 170 176 310 171 177 311 172 178 312 173 179 256 174 186 257 175 6166 258 176 187 258 177 187 318 178 188 256 179 186 247 180 189 320 181 190 321 182 191 324 183 192 325 184 193 111 185 194 250 186 195 326 187 196 327 188 197 79 189 198 80 190 6167 81 191 199 81 192 199 328 193 200 79 194 198 136 195 201 137 196 6168 135 197 202 135 198 202 329 199 203 136 200 201 102 201 204 103 202 6169 104 203 205 104 204 205 330 205 206 102 206 204 47 207 207 48 208 6170 49 209 208 49 210 208 331 211 209 47 212 207 54 213 210 332 214 211 333 215 212 334 216 213 196 217 214 335 218 215 50 219 216 51 220 6171 52 221 217 52 222 217 336 223 218 50 224 216 83 225 219 84 226 6172 82 227 220 82 228 220 337 229 221 83 230 219 69 231 222 70 232 6173 71 233 223 71 234 223 338 235 224 69 236 222 92 237 225 93 238 6174 91 239 226 91 240 226 339 241 227 92 242 225 340 243 228 341 244 229 189 245 230 41 246 231 342 247 232 343 248 233 58 249 234 344 250 235 345 251 236 346 252 237 347 253 238 194 254 239 351 255 243 352 256 244 353 257 245 360 258 246 361 259 247 362 260 248 363 261 249 364 262 250 365 263 251 369 264 252 370 265 253 371 266 254 168 267 255 169 268 6180 170 269 256 170 270 256 375 271 257 168 272 255 239 273 258 237 274 6181 376 275 259 376 276 259 238 277 260 239 278 258 305 279 261 306 280 6182 304 281 262 304 282 262 377 283 263 305 284 261 378 285 264 379 286 265 380 287 266 284 288 270 388 289 271 389 290 272 389 291 273 1044 292 6212 390 293 274 390 294 274 391 295 275 389 296 273 219 297 276 407 298 277 408 299 278 29 300 279 411 301 280 412 302 281 413 303 282 414 304 283 415 305 284 420 306 288 421 307 289 422 308 290 425 309 291 423 310 6223 424 311 292 424 312 292 781 313 293 425 314 291 109 315 294 110 316 6224 108 317 295 108 318 295 426 319 296 109 320 294 99 321 297 100 322 6225 101 323 298 101 324 298 427 325 299 99 326 297 224 327 300 222 328 6226 428 329 301 428 330 301 223 331 302 224 332 300 229 333 303 230 334 6227 228 335 304 228 336 304 429 337 305 229 338 303 233 339 306 231 340 6228 232 341 307 232 342 307 430 343 308 233 344 306 208 345 309 431 346 310 432 347 311 433 348 312 434 349 313 435 350 314 436 351 315 437 352 316 438 353 317 254 354 318 439 355 319 440 356 320 441 357 321 60 358 322 442 359 323 156 360 324 443 361 325 444 362 326 445 363 327 43 364 328 446 365 329 211 366 330 447 367 331 448 368 332 333 369 333 454 370 334 455 371 335 456 372 336 246 373 337 457 374 338 458 375 339 158 376 340 459 377 341 345 378 342 460 379 343 461 380 344 45 381 345 462 382 346 463 383 347 464 384 348 253 385 349 465 386 350 466 387 351 213 388 352 467 389 353 343 390 354 468 391 355 469 392 356 53 393 357 55 394 358 470 395 359 178 396 360 471 397 361 472 398 362 58 399 363 60 400 364 473 401 365 474 402 366 475 403 367 476 404 368 477 405 369 478 406 370 479 407 371 480 408 372 54 409 373 53 410 374 481 411 375 482 412 376 483 413 377 484 414 378 485 415 379 486 416 380 488 417 381 489 418 6229 487 419 382 487 420 382 746 421 383 488 422 381 121 423 384 122 424 6230 120 425 385 120 426 385 490 427 386 121 428 384 491 429 387 492 430 388 335 431 389 190 432 390 493 433 391 494 434 392 495 435 393 496 436 394 497 437 395 498 438 396 499 439 397 235 440 398 41 441 399 43 442 400 500 443 401 182 444 402 501 445 403 502 446 404 511 447 408 357 448 409 359 449 410 275 450 411 512 451 412 276 452 413 513 453 414 354 454 415 356 455 416 271 456 417 514 457 418 272 458 419 515 459 420 516 460 421 400 461 422 517 462 423 518 463 424 519 464 425 521 465 429 522 466 430 508 467 431 523 468 432 44 469 433 436 470 434 524 471 435 525 472 436 526 473 437 527 474 438 528 475 439 394 476 440 529 477 441 530 478 442 531 479 443 533 480 447 534 481 448 504 482 449 94 483 450 535 484 451 95 485 452 536 486 453 372 487 454 374 488 455 278 489 456 537 490 457 279 491 458 538 492 459 366 493 460 368 494 461 539 495 462 540 496 463 541 497 464 180 498 465 542 499 466 543 500 467 497 501 468 544 502 469 495 503 470 185 504 474 546 505 475 547 506 476 548 507 477 549 508 478 550 509 479 551 510 480 552 511 481 377 512 482 268 513 483 270 514 484 553 515 485 380 516 486 554 517 487 378 518 488 44 519 492 556 520 493 45 521 494 486 522 495 557 523 496 484 524 497 559 525 498 560 526 499 561 527 500 130 528 501 131 529 6260 129 530 502 129 531 502 562 532 503 130 533 501 564 534 504 565 535 6261 563 536 505 563 537 505 811 538 506 564 539 504 115 540 507 116 541 6262 114 542 508 114 543 508 566 544 509 115 545 507 568 546 510 569 547 6263 567 548 511 567 549 511 808 550 512 568 551 510 423 552 513 425 553 6264 1245 554 514 1245 555 514 570 556 515 423 557 513 571 558 516 572 559 517 525 560 518 573 561 519 574 562 520 575 563 521 216 564 522 124 565 523 123 566 524 155 567 525 128 568 526 576 569 527 577 570 528 578 571 529 579 572 530 589 573 537 590 574 538 203 575 539 504 576 540 503 577 541 533 578 542 185 579 543 547 580 544 186 581 545 595 582 546 596 583 547 475 584 548 508 585 549 507 586 550 521 587 551 597 588 552 598 589 553 226 590 554 614 591 555 502 592 556 615 593 557 113 594 558 112 595 559 616 596 560 623 597 561 604 598 562 603 599 563 640 600 564 641 601 565 479 602 566 190 603 567 494 604 568 191 605 569 389 606 579 388 607 6300 648 608 580 648 609 580 1044 610 581 389 611 579 474 612 588 476 613 589 687 614 590 688 615 591 575 616 592 689 617 593 690 618 594 579 619 595 691 620 596 477 621 597 692 622 598 478 623 599 699 624 600 700 625 601 701 626 602 717 627 603 572 628 604 571 629 605 138 630 606 718 631 607 719 632 608 720 633 609 721 634 610 722 635 611 725 636 612 726 637 613 727 638 614 730 639 615 731 640 616 732 641 617 111 642 618 113 643 619 735 644 620 736 645 621 737 646 622 250 647 623 216 648 624 123 649 625 738 650 626 739 651 627 740 652 628 296 653 629 742 654 630 743 655 631 247 656 632 746 657 633 747 658 634 748 659 635 749 660 636 750 661 637 751 662 638 749 663 657 751 664 658 483 665 659 614 666 660 615 667 661 804 668 662 806 669 663 807 670 664 808 671 665 809 672 669 810 673 670 811 674 671 812 675 672 747 676 673 746 677 674 818 678 675 195 679 676 197 680 677 333 681 678 819 682 679 820 683 680 808 684 681 807 685 682 821 686 683 811 687 684 810 688 685 824 689 686 345 690 696 461 691 697 851 692 698 343 693 699 469 694 700 852 695 701 333 696 702 455 697 703 853 698 704 854 699 705 105 700 706 855 701 707 862 702 711 863 703 712 252 704 713 864 705 714 865 706 715 146 707 716 866 708 717 867 709 718 298 710 719 868 711 720 869 712 721 160 713 722 870 714 723 719 715 724 718 716 725 871 717 726 872 718 727 249 719 728 879 720 735 880 721 736 881 722 737 882 723 738 883 724 739 884 725 740 885 726 741 886 727 742 887 728 743 888 729 744 889 730 745 890 731 746 894 732 747 895 733 748 12 734 749 198 735 750 200 736 751 896 737 752 902 738 756 107 739 757 903 740 758 911 741 759 463 742 760 462 743 761 912 744 762 913 745 763 464 746 764 914 747 765 440 748 766 439 749 767 443 750 768 919 751 769 444 752 770 920 753 771 921 754 772 922 755 773 578 756 774 577 757 775 345 758 776 574 759 777 573 760 778 343 761 779 923 762 780 924 763 781 925 764 782 926 765 783 927 766 784 928 767 785 930 768 786 931 769 787 932 770 788 663 771 789 933 772 790 934 773 791 935 774 792 361 775 793 360 776 794 422 777 795 936 778 796 420 779 797 603 780 798 937 781 799 623 782 800 938 783 801 364 784 802 363 785 803 939 786 804 370 787 805 369 788 806 289 789 807 940 790 808 287 791 809 941 792 810 352 793 811 351 794 812 415 795 813 942 796 814 413 797 815 943 798 816 854 799 817 855 800 818 944 801 819 553 802 820 945 803 821 946 804 822 947 805 823 948 806 824 700 807 828 218 808 829 701 809 830 954 810 831 245 811 832 244 812 833 955 813 834 956 814 835 957 815 836 958 816 837 207 817 838 206 818 839 959 819 840 960 820 841 961 821 842 250 822 843 962 823 844 963 824 845 964 825 846 965 826 847 966 827 848 920 828 849 922 829 850 967 830 851 284 831 852 968 832 853 969 833 854 923 834 855 925 835 856 970 836 857 296 837 858 971 838 859 972 839 860 820 840 861 973 841 862 974 842 863 247 843 864 975 844 865 976 845 866 391 846 867 984 847 868 389 848 869 985 849 870 986 850 871 126 851 872 45 852 876 990 853 877 964 854 878 991 855 879 311 856 880 992 857 881 187 858 882 993 859 883 188 860 884 595 861 885 994 862 886 995 863 887 192 864 888 996 865 889 193 866 890 640 867 891 997 868 892 998 869 893 1003 870 894 1004 871 895 572 872 896 196 873 897 334 874 898 1003 875 899 519 876 900 518 877 901 1011 878 902 1012 879 903 1011 880 904 1013 881 905 531 882 906 530 883 907 1014 884 908 1015 885 909 1014 886 910 1016 887 911 927 888 912 1017 889 913 928 890 914 1018 891 915 180 892 916 179 893 917 1021 894 918 1022 895 919 1023 896 920 173 897 921 172 898 922 1022 899 923 1024 900 924 1025 901 925 1026 902 926 292 903 927 291 904 928 1025 905 929 1027 906 930 540 907 931 539 908 932 146 909 933 1034 910 934 1035 911 935 138 912 939 1036 913 940 1037 914 941 160 915 945 1038 916 946 1039 917 947 424 918 951 1040 919 952 1041 920 953 115 921 954 1042 922 955 116 923 956 934 924 960 1052 925 961 1053 926 962 933 927 963 1052 928 964 934 929 965 1065 930 966 1066 931 967 1067 932 968 1068 933 969 1069 934 970 1070 935 971 1071 936 972 1072 937 973 1073 938 974 1074 939 975 1075 940 976 1076 941 977 1077 942 978 1078 943 979 1079 944 980 1080 945 981 1081 946 982 1082 947 983 1083 948 984 1084 949 985 1085 950 986 1086 951 987 1087 952 988 1088 953 989 480 954 993 1091 955 994 641 956 995 1092 957 996 75 958 997 494 959 998 473 960 999 1093 961 1000 596 962 1001 1094 963 1002 1095 964 1003 995 965 1004 179 966 1005 181 967 1006 184 968 1007 500 969 1008 1096 970 1009 501 971 1010 399 972 1011 418 973 1012 419 974 1013 393 975 1014 416 976 1015 417 977 1016 834 978 1017 835 979 6451 833 980 1018 833 981 1018 1098 982 1019 834 983 1017 699 984 1020 701 985 1021 1100 986 1022 353 987 1026 1103 988 1027 351 989 1028 362 990 1029 1104 991 1030 360 992 1031 365 993 1032 1105 994 1033 363 995 1034 371 996 1035 1106 997 1036 369 998 1037 1107 999 1038 549 1000 1039 548 1001 1040 185 1002 1041 186 1003 6454 129 1004 1042 129 1005 1042 131 1006 1043 185 1007 1041 589 1008 1044 203 1009 1045 202 1010 1046 1112 1011 1047 1113 1012 1048 730 1013 1049 498 1014 1050 235 1015 1051 234 1016 1052 1114 1017 1053 1115 1018 1054 725 1019 1055 597 1020 1056 226 1021 1057 225 1022 1058 584 1023 1059 1116 1024 1060 887 1025 1061 395 1026 1068 1117 1027 1069 881 1028 1070 401 1029 1074 1118 1030 1075 884 1031 1076 307 1032 1077 1119 1033 1078 890 1034 1079 578 1035 1083 345 1036 1084 344 1037 1085 548 1038 1086 1123 1039 1087 1107 1040 1088 574 1041 1089 343 1042 1090 342 1043 1091 539 1044 1092 1124 1045 1093 1027 1046 1094 717 1047 1098 1126 1048 1099 572 1049 1100 119 1050 1101 118 1051 1102 138 1052 1103 903 1053 1104 107 1054 1105 106 1055 1106 190 1056 1107 191 1057 6467 114 1058 1108 114 1059 1108 116 1060 1109 190 1061 1107 1127 1062 1110 492 1063 1111 491 1064 1112 947 1065 1113 1128 1066 1114 948 1067 1115 45 1068 1116 1130 1069 1117 46 1070 1118 1135 1071 1125 985 1072 1126 126 1073 1127 1136 1074 1128 1137 1075 1129 1138 1076 1130 1139 1077 1131 868 1078 1132 160 1079 1133 1140 1080 1134 125 1081 1135 1141 1082 1136 1142 1083 1137 864 1084 1138 146 1085 1139 1143 1086 1140 616 1087 1141 1144 1088 1142 681 1089 1143 680 1090 6472 744 1091 1144 744 1092 1144 1145 1093 1145 681 1094 1143 638 1095 1146 639 1096 6473 637 1097 1147 637 1098 1147 1146 1099 1148 638 1100 1146 767 1101 1149 665 1102 1150 666 1103 1151 436 1104 1158 870 1105 1159 1149 1106 1160 571 1107 1161 1150 1108 1162 717 1109 1163 447 1110 1164 1151 1111 1165 448 1112 1166 661 1113 1167 662 1114 6478 660 1115 1168 660 1116 1168 1154 1117 1169 661 1118 1167 551 1119 1170 377 1120 1171 304 1121 1172 1155 1122 1173 944 1123 1174 943 1124 1175 1156 1125 1176 195 1126 1177 1157 1127 1178 491 1128 1179 335 1129 1180 1158 1130 1181 622 1131 1182 593 1132 1183 621 1133 1184 13 1134 1185 36 1135 1186 11 1136 1187 960 1137 1188 800 1138 1189 961 1139 1190 956 1140 1191 613 1141 1192 957 1142 1193 381 1143 1194 382 1144 6479 786 1145 1195 786 1146 1195 1161 1147 1196 381 1148 1194 859 1149 1203 858 1150 1204 472 1151 1205 1169 1152 1206 455 1153 1207 454 1154 1208 1170 1155 1209 456 1156 1210 1171 1157 1211 1172 1158 1212 466 1159 1213 1173 1160 1214 1174 1161 1215 469 1162 1216 468 1163 1217 1175 1164 1218 458 1165 1219 1176 1166 1220 1177 1167 1221 461 1168 1222 460 1169 1223 18 1170 1224 19 1171 6484 17 1172 1225 17 1173 1225 1178 1174 1226 18 1175 1224 89 1176 1227 90 1177 6485 88 1178 1228 88 1179 1228 1179 1180 1229 89 1181 1227 1012 1182 1230 1180 1183 1231 1011 1184 1232 1015 1185 1233 1181 1186 1234 1014 1187 1235 1182 1188 1236 538 1189 1237 368 1190 1238 937 1191 1239 559 1192 1240 623 1193 1241 1183 1194 1242 536 1195 1243 374 1196 1244 940 1197 1245 894 1198 1246 287 1199 1247 942 1200 1248 165 1201 1249 413 1202 1250 1184 1203 1251 513 1204 1252 356 1205 1253 1185 1206 1254 511 1207 1255 359 1208 1256 936 1209 1257 26 1210 1258 420 1211 1259 1186 1212 1260 1187 1213 1261 363 1214 1262 1023 1215 1263 1188 1216 1264 1021 1217 1265 1189 1218 1266 1190 1219 1267 351 1220 1268 1016 1221 1269 1191 1222 1270 1015 1223 1271 1013 1224 1272 1192 1225 1273 1012 1226 1274 1193 1227 1275 1194 1228 1276 360 1229 1277 1195 1230 1278 1196 1231 1279 369 1232 1280 1026 1233 1281 1197 1234 1282 1024 1235 1283 1198 1236 1284 1199 1237 1285 927 1238 1286 919 1239 1287 443 1240 6486 441 1241 1288 441 1242 1288 917 1243 1289 919 1244 1287 867 1245 1290 869 1246 1291 868 1247 1292 1200 1248 1293 471 1249 6487 470 1250 1294 470 1251 1294 1168 1252 1295 1200 1253 1293 984 1254 1296 986 1255 1297 985 1256 1298 863 1257 1299 865 1258 1300 864 1259 1301 447 1260 1302 864 1261 1303 1151 1262 1304 914 1263 1305 439 1264 6488 438 1265 1306 438 1266 1306 916 1267 1307 914 1268 1305 872 1269 1308 719 1270 1309 870 1271 1310 981 1272 1317 982 1273 6493 787 1274 1318 787 1275 1318 1209 1276 1319 981 1277 1317 481 1278 1320 1210 1279 1321 486 1280 1322 1211 1281 1323 311 1282 6494 486 1283 1324 486 1284 1324 1210 1285 1325 1211 1286 1323 1212 1287 1326 1213 1288 6495 575 1289 1327 575 1290 1327 541 1291 1328 1212 1292 1326 340 1293 1329 1212 1294 1330 541 1295 1331 1214 1296 1332 1215 1297 6496 579 1298 1333 579 1299 1333 550 1300 1334 1214 1301 1332 346 1302 1335 1214 1303 1336 550 1304 1337 1021 1305 1338 1216 1306 1339 1022 1307 1340 1024 1308 1341 1217 1309 1342 1025 1310 1343 145 1311 1344 634 1312 1345 617 1313 1346 674 1314 1347 774 1315 1348 673 1316 1349 350 1317 1350 349 1318 6497 860 1319 1351 860 1320 1351 1001 1321 1352 350 1322 1350 49 1323 1353 704 1324 1354 331 1325 1355 101 1326 1356 100 1327 1357 1218 1328 1358 232 1329 1359 231 1330 1360 1219 1331 1361 137 1332 1362 624 1333 1363 135 1334 1364 653 1335 1365 50 1336 1366 336 1337 1367 1220 1338 1368 50 1339 1369 224 1340 1370 856 1341 1371 1221 1342 1372 709 1343 1373 1223 1344 1374 482 1345 1375 481 1346 1376 1107 1347 1377 1224 1348 1378 549 1349 1379 1225 1350 1380 347 1351 1381 346 1352 1382 1226 1353 1383 341 1354 1384 340 1355 1385 1027 1356 1386 1227 1357 1387 540 1358 1388 721 1359 1389 905 1360 1390 412 1361 1391 731 1362 1392 908 1363 1393 408 1364 1394 726 1365 1395 765 1366 1396 432 1367 1397 626 1368 1398 69 1369 1399 338 1370 1400 1228 1371 1401 70 1372 1402 69 1373 1403 79 1374 1404 1229 1375 1405 631 1376 1406 1230 1377 1407 80 1378 1408 79 1379 1409 103 1380 1410 1231 1381 1411 294 1382 1412 1232 1383 1413 104 1384 1414 103 1385 1415 162 1386 1416 163 1387 6498 164 1388 1417 164 1389 1417 1058 1390 1418 162 1391 1416 134 1392 1419 132 1393 6499 133 1394 1420 133 1395 1420 1233 1396 1421 134 1397 1419 733 1398 1422 1008 1399 6500 1007 1400 1423 1007 1401 1423 734 1402 1424 733 1403 1422 728 1404 1425 1009 1405 6501 1010 1406 1426 1010 1407 1426 729 1408 1427 728 1409 1425 723 1410 1428 1006 1411 6502 1005 1412 1429 1005 1413 1429 724 1414 1430 723 1415 1428 78 1416 1431 77 1417 1432 1235 1418 1433 526 1419 1434 523 1420 1435 524 1421 1436 20 1422 1437 22 1423 6503 671 1424 1438 671 1425 1438 672 1426 1439 20 1427 1437 618 1428 1440 140 1429 6504 142 1430 1441 142 1431 1441 619 1432 1442 618 1433 1440 38 1434 1443 40 1435 6505 303 1436 1444 303 1437 1444 302 1438 1445 38 1439 1443 319 1440 1446 452 1441 6506 449 1442 1447 449 1443 1447 301 1444 1448 319 1445 1446 130 1446 1449 567 1447 1450 569 1448 1451 1236 1449 1452 806 1450 1453 808 1451 1454 121 1452 1455 563 1453 1456 565 1454 1457 1237 1455 1458 809 1456 1459 811 1457 1460 109 1458 1461 487 1459 1462 489 1460 1463 1238 1461 1464 812 1462 1465 746 1463 1466 249 1464 1467 248 1465 1468 1239 1466 1469 1240 1467 1470 743 1468 1471 1241 1469 1472 200 1470 1473 1242 1471 1474 896 1472 1475 525 1473 1476 1243 1474 1477 1244 1475 1478 144 1476 1479 634 1477 1480 145 1478 1481 668 1479 1482 281 1480 6507 283 1481 1483 283 1482 1483 669 1483 1484 668 1484 1482 24 1485 1485 159 1486 6508 670 1487 1486 670 1488 1486 25 1489 1487 24 1490 1485 1245 1491 1488 426 1492 1489 1246 1493 1490 551 1494 1491 1251 1495 1492 552 1496 1493 554 1497 1494 380 1498 1495 1252 1499 1496 544 1500 1497 497 1501 1498 1253 1502 1499 498 1503 1500 1254 1504 1501 499 1505 1502 687 1506 1503 476 1507 1504 1256 1508 1505 1141 1509 1506 125 1510 1507 124 1511 1508 1138 1512 1509 1137 1513 1510 1257 1514 1511 477 1515 1512 1258 1516 1513 692 1517 1514 804 1518 1515 615 1519 1516 1259 1520 1517 1144 1521 1518 616 1522 1519 112 1523 1520 589 1524 1521 1260 1525 1522 590 1526 1523 534 1527 1524 533 1528 1525 1261 1529 1526 597 1530 1527 1262 1531 1528 598 1532 1529 522 1533 1530 521 1534 1531 1263 1535 1532 754 1536 1533 817 1537 1534 657 1538 1535 656 1539 1536 813 1540 1537 655 1541 1538 1264 1542 1542 1265 1543 1543 284 1544 1544 1041 1545 1545 1040 1546 1546 334 1547 1547 1127 1548 1548 1266 1549 1549 492 1550 1550 76 1551 1551 75 1552 1552 1092 1553 1553 332 1554 1554 1267 1555 1555 1158 1556 1556 975 1557 1557 820 1558 1558 974 1559 1559 456 1560 1560 1170 1561 1561 820 1562 1562 1172 1563 1563 923 1564 1564 466 1565 1565 971 1566 1566 923 1567 1567 970 1568 1568 1175 1569 1569 920 1570 1570 458 1571 1571 968 1572 1572 920 1573 1573 967 1574 1574 464 1575 1575 913 1576 1576 964 1577 1577 962 1578 1578 964 1579 1579 966 1580 1580 556 1581 1581 1268 1582 1582 557 1583 1583 1235 1584 1584 1269 1585 1585 78 1586 1586 1270 1587 1587 56 1588 1588 1271 1589 1589 57 1590 1590 56 1591 1591 1272 1592 1592 1273 1593 1593 61 1594 1594 1274 1595 1595 62 1596 1596 61 1597 1597 1275 1598 1598 1276 1599 1599 1277 1600 1600 998 1601 1601 1278 1602 1602 75 1603 1603 1279 1604 1604 115 1605 1605 1280 1606 1606 1042 1607 1607 1281 1608 1608 1282 1609 1609 939 1610 1610 536 1611 1611 1183 1612 1612 1196 1613 1613 1283 1614 1614 1284 1615 1615 941 1616 1616 513 1617 1617 1184 1618 1618 1190 1619 1619 1285 1620 1620 1286 1621 1621 935 1622 1622 511 1623 1623 1185 1624 1624 1194 1625 1625 1287 1626 1626 1288 1627 1627 938 1628 1628 538 1629 1629 1182 1630 1630 1187 1631 1631 1203 1632 1632 684 1633 6513 1289 1634 1633 1203 1635 1632 1289 1636 1633 168 1637 1634 1203 1638 1632 168 1639 1634 375 1640 6512 1204 1641 1635 706 1642 6515 1290 1643 1636 1204 1644 1635 1290 1645 1636 99 1646 1637 1204 1647 1635 99 1648 1637 427 1649 6514 1201 1650 1638 453 1651 6517 1291 1652 1639 1201 1653 1638 1291 1654 1639 258 1655 1640 1201 1656 1638 258 1657 1640 257 1658 6516 1202 1659 1641 282 1660 6519 1292 1661 1642 1202 1662 1641 1292 1663 1642 233 1664 1643 1202 1665 1641 233 1666 1643 430 1667 6518 594 1668 1644 593 1669 1645 622 1670 1646 37 1671 1647 36 1672 1648 13 1673 1649 1297 1674 1650 737 1675 1651 1298 1676 1652 252 1677 1653 251 1678 1654 1299 1679 1655 1300 1680 1656 740 1681 1657 1301 1682 1658 298 1683 1659 297 1684 1660 1302 1685 1661 68 1686 1662 1153 1687 6520 757 1688 1663 757 1689 1663 66 1690 1664 68 1691 1662 587 1692 1665 586 1693 6521 953 1694 1666 953 1695 1666 1303 1696 1667 587 1697 1665 393 1698 1668 1305 1699 1669 416 1700 1670 399 1701 1671 1306 1702 1672 418 1703 1673 188 1704 1674 993 1705 6522 826 1706 1675 826 1707 1675 994 1708 1676 188 1709 1674 826 1710 1677 1307 1711 1678 1094 1712 1679 193 1713 1680 996 1714 6523 823 1715 1681 823 1716 1681 997 1717 1682 193 1718 1680 823 1719 1683 1308 1720 1684 1276 1721 1685 878 1722 1686 295 1723 6525 1231 1724 1687 878 1725 1686 1231 1726 1687 102 1727 1688 878 1728 1686 102 1729 1688 330 1730 6524 803 1731 1689 627 1732 6527 1309 1733 1690 803 1734 1689 1309 1735 1690 338 1736 1691 803 1737 1689 338 1738 1691 71 1739 6526 792 1740 1692 652 1741 6529 1310 1742 1693 792 1743 1692 1310 1744 1693 336 1745 1694 792 1746 1692 336 1747 1694 52 1748 6528 641 1749 1695 1091 1750 1696 1311 1751 1697 53 1752 1698 985 1753 1699 1135 1754 1700 596 1755 1701 1093 1756 1702 1312 1757 1703 60 1758 1704 868 1759 1705 1139 1760 1706 43 1761 1707 864 1762 1708 1142 1763 1709 501 1764 1710 1096 1765 1711 1313 1766 1712 1314 1767 1713 930 1768 1714 933 1769 1715 1272 1770 1716 1315 1771 1717 57 1772 1718 344 1773 1719 1315 1774 1720 1316 1775 1721 1275 1776 1722 1317 1777 1723 62 1778 1724 342 1779 1725 1317 1780 1726 1318 1781 1727 809 1782 1728 562 1783 1729 810 1784 1730 806 1785 1731 566 1786 1732 807 1787 1733 2 1788 1734 115 1789 6530 566 1790 1735 566 1791 1735 805 1792 1736 2 1793 1734 812 1794 1737 490 1795 1738 747 1796 1739 881 1797 1743 510 1798 1744 395 1799 1745 1088 1800 1746 1087 1801 1747 881 1802 1748 1082 1803 1749 1081 1804 1750 887 1805 1751 887 1806 1752 582 1807 1753 584 1808 1754 884 1809 1755 506 1810 1756 401 1811 1757 1073 1812 1758 1072 1813 1759 884 1814 1760 1070 1815 1761 1069 1816 1762 890 1817 1763 890 1818 1764 580 1819 1765 307 1820 1766 984 1821 1767 471 1822 1768 1321 1823 1769 984 1824 1770 985 1825 1771 471 1826 1772 863 1827 1773 447 1828 1774 1322 1829 1775 863 1830 1776 864 1831 1777 447 1832 1778 872 1833 1779 439 1834 1780 1323 1835 1781 872 1836 1782 870 1837 1783 439 1838 1784 867 1839 1785 443 1840 1786 1324 1841 1787 867 1842 1788 868 1843 1789 443 1844 1790 881 1845 1791 1117 1846 1792 879 1847 1793 394 1848 1794 227 1849 1795 392 1850 1796 890 1851 1797 1119 1852 1798 888 1853 1799 709 1854 1800 305 1855 1801 35 1856 1802 887 1857 1803 1116 1858 1804 885 1859 1805 435 1860 1806 236 1861 1807 592 1862 1808 884 1863 1809 1118 1864 1810 882 1865 1811 400 1866 1812 204 1867 1813 398 1868 1814 134 1869 1815 926 1870 1816 132 1871 1817 1325 1872 1818 1180 1873 1819 1012 1874 1820 163 1875 1821 946 1876 1822 164 1877 1823 1326 1878 1824 1181 1879 1825 1015 1880 1826 458 1881 1827 1327 1882 1828 158 1883 1829 464 1884 1830 1328 1885 1831 253 1886 1832 456 1887 1833 1329 1888 1834 246 1889 1835 466 1890 1836 1330 1891 1837 213 1892 1838 1331 1893 1839 1156 1894 1840 1157 1895 1841 117 1896 1842 818 1897 1843 118 1898 1844 1126 1899 1845 1332 1900 1846 572 1901 1847 572 1902 1848 1332 1903 1849 1003 1904 1850 588 1905 1851 315 1906 6544 1033 1907 1852 1033 1908 1852 679 1909 1853 588 1910 1851 6 1911 1854 8 1912 6545 698 1913 1855 698 1914 1855 778 1915 1856 6 1916 1854 79 1917 1857 631 1918 1858 1230 1919 1859 630 1920 1860 1102 1921 1861 239 1922 1862 103 1923 1863 294 1924 1864 1232 1925 1865 451 1926 1866 1125 1927 1867 293 1928 1868 629 1929 1869 1148 1930 1870 228 1931 1871 629 1932 1872 1228 1933 1873 69 1934 1874 1115 1935 1875 63 1936 1876 1333 1937 1877 1114 1938 1878 63 1939 1879 1115 1940 1880 1113 1941 1881 74 1942 1882 1334 1943 1883 1112 1944 1884 74 1945 1885 1113 1946 1886 1019 1947 1887 1018 1948 1888 1020 1949 1889 490 1950 1890 120 1951 1891 1019 1952 1892 825 1953 1893 1307 1954 1894 826 1955 1895 562 1956 1896 129 1957 1897 825 1958 1898 566 1959 1899 114 1960 1900 822 1961 1901 822 1962 1902 1308 1963 1903 823 1964 1904 751 1965 1905 750 1966 6546 1020 1967 1906 1020 1968 1906 183 1969 1907 751 1970 1905 1020 1971 1908 1018 1972 1909 179 1973 1910 962 1974 1911 966 1975 1912 963 1976 1913 971 1977 1914 970 1978 1915 972 1979 1916 968 1980 1917 967 1981 1918 969 1982 1919 975 1983 1920 974 1984 1921 976 1985 1922 1336 1986 1923 1237 1987 1924 563 1988 1925 490 1989 1926 10 1990 6547 9 1991 1927 9 1992 1927 121 1993 1928 490 1994 1926 426 1995 1929 779 1996 6548 780 1997 1930 780 1998 1930 109 1999 1931 426 2000 1929 1337 2001 1932 1238 2002 1933 487 2003 1934 562 2004 1935 1 2005 6549 0 2006 1936 0 2007 1936 130 2008 1937 562 2009 1935 1338 2010 1938 1236 2011 1939 567 2012 1940 155 2013 1941 690 2014 1942 691 2015 1943 922 2016 1944 921 2017 1945 690 2018 1946 216 2019 1947 688 2020 1948 689 2021 1949 925 2022 1950 924 2023 1951 688 2024 1952 130 2025 1953 569 2026 1954 131 2027 1955 1339 2028 1956 1224 2029 1957 1107 2030 1958 121 2031 1959 565 2032 1960 122 2033 1961 1340 2034 1962 1227 2035 1963 1027 2036 1964 109 2037 1965 489 2038 1966 110 2039 1967 728 2040 1968 727 2041 1969 1009 2042 1970 725 2043 1971 727 2044 1972 1114 2045 1973 723 2046 1974 722 2047 1975 1006 2048 1976 730 2049 1977 732 2050 1978 1112 2051 1979 733 2052 1980 732 2053 1981 1008 2054 1982 1100 2055 1983 701 2056 1984 1341 2057 1985 1342 2058 1986 965 2059 1987 45 2060 1988 556 2061 1989 1342 2062 1990 45 2063 1991 767 2064 1992 1343 2065 1993 665 2066 1994 1344 2067 1995 1104 2068 1996 512 2069 1997 1345 2070 1998 1193 2071 1999 360 2072 2000 1346 2073 2001 1189 2074 2002 351 2075 2003 1347 2076 2004 1103 2077 2005 514 2078 2006 1348 2079 2007 1195 2080 2008 369 2081 2009 1349 2082 2010 1106 2083 2011 535 2084 2012 1350 2085 2013 1105 2086 2014 537 2087 2015 1351 2088 2016 1186 2089 2017 363 2090 2018 858 2091 2019 859 2092 2020 55 2093 2021 89 2094 2022 955 2095 2023 90 2096 2024 1352 2097 2025 1217 2098 2026 1024 2099 2027 18 2100 2028 959 2101 2029 19 2102 2030 1353 2103 2031 1216 2104 2032 1021 2105 2033 788 2106 2034 789 2107 6550 787 2108 2035 787 2109 2035 982 2110 2036 788 2111 2034 750 2112 2037 749 2113 6551 1354 2114 2038 1354 2115 2038 748 2116 2039 750 2117 2037 489 2118 2040 488 2119 2041 482 2120 2042 993 2121 2043 187 2122 6552 1355 2123 2044 1355 2124 2044 824 2125 2045 993 2126 2043 565 2127 2046 564 2128 2047 341 2129 2048 996 2130 2049 192 2131 6553 1356 2132 2050 1356 2133 2050 821 2134 2051 996 2135 2049 569 2136 2052 568 2137 2053 347 2138 2054 1331 2139 2055 333 2140 2056 1156 2141 2057 1158 2142 2058 333 2143 2059 332 2144 2060 814 2145 2061 813 2146 2062 656 2147 2063 775 2148 2064 774 2149 2065 674 2150 2066 523 2151 2067 436 2152 2068 1357 2153 2069 1357 2154 2070 436 2155 2071 1358 2156 2072 1359 2157 2073 155 2158 2074 691 2159 2075 1214 2160 2076 1258 2161 2077 1215 2162 2078 1360 2163 2079 216 2164 2080 689 2165 2081 1212 2166 2082 1256 2167 2083 1213 2168 2084 1361 2169 2085 111 2170 2086 312 2171 2087 1210 2172 2088 1259 2173 2089 1211 2174 2090 42 2175 2091 41 2176 2092 212 2177 2093 852 2178 2094 467 2179 2095 212 2180 2096 176 2181 2097 55 2182 6554 54 2183 2098 54 2184 2098 177 2185 2099 176 2186 2097 853 2187 2100 457 2188 2101 177 2189 2102 157 2190 2103 404 2191 2104 58 2192 2105 851 2193 2106 459 2194 2107 157 2195 2108 138 2196 2109 118 2197 2110 1362 2198 2111 1363 2199 2112 1364 2200 2113 138 2201 2114 1029 2202 2115 4 2203 6555 1028 2204 2116 1028 2205 2116 844 2206 2117 1029 2207 2115 1365 2208 2118 894 2209 2119 940 2210 2120 1281 2211 2121 1366 2212 2122 1282 2213 2123 1367 2214 2124 165 2215 2125 942 2216 2126 1283 2217 2127 1368 2218 2128 1284 2219 2129 1369 2220 2130 26 2221 2131 936 2222 2132 1285 2223 2133 1370 2224 2134 1286 2225 2135 1287 2226 2136 1371 2227 2137 1288 2228 2138 1372 2229 2139 559 2230 2140 937 2231 2141 902 2232 2142 553 2233 2143 107 2234 2144 943 2235 2145 855 2236 6556 107 2237 2146 107 2238 2146 1155 2239 2147 943 2240 2145 1245 2241 2148 1373 2242 2149 426 2243 2150 425 2244 2151 781 2245 2152 1373 2246 2153 446 2247 2154 262 2248 2155 893 2249 2156 212 2250 2157 262 2251 2158 42 2252 2159 1199 2253 2160 929 2254 2161 5 2255 2162 1218 2256 2163 48 2257 2164 101 2258 2165 1219 2259 2166 136 2260 2167 232 2261 2168 1374 2262 2169 1375 2263 2170 947 2264 2171 1376 2265 2172 954 2266 2173 956 2267 2174 1377 2268 2175 958 2269 2176 960 2270 2177 1378 2271 2178 542 2272 2179 180 2273 2180 120 2274 2181 122 2275 6557 1378 2276 2182 1378 2277 2182 180 2278 2183 120 2279 2181 1375 2280 2184 16 2281 2185 771 2282 2186 651 2283 2187 224 2284 6558 50 2285 2188 50 2286 2188 653 2287 2189 651 2288 2187 651 2289 2190 1147 2290 2191 224 2291 2192 467 2292 2193 852 2293 2194 469 2294 2195 459 2295 2196 851 2296 2197 461 2297 2198 457 2298 2199 853 2299 2200 455 2300 2201 108 2301 2202 1246 2302 2203 426 2303 2204 1242 2304 2205 1246 2305 2206 896 2306 2207 1379 2307 2208 77 2308 2209 526 2309 2210 1244 2310 2211 200 2311 2212 199 2312 2213 1004 2313 2214 897 2314 6559 1242 2315 2215 1242 2316 2215 1243 2317 2216 1004 2318 2214 1381 2319 2217 1373 2320 2218 781 2321 2219 1382 2322 2220 1381 2323 2221 781 2324 2222 1264 2325 2223 576 2326 6560 650 2327 2224 650 2328 2224 1265 2329 2225 1264 2330 2223 286 2331 2226 285 2332 6561 154 2333 2227 154 2334 2227 153 2335 2228 286 2336 2226 268 2337 2229 553 2338 2230 902 2339 2231 705 2340 2232 1218 2341 2233 100 2342 2234 100 2343 2235 1290 2344 2236 705 2345 2237 231 2346 2238 1292 2347 2239 625 2348 2240 625 2349 2241 1219 2350 2242 231 2351 2243 760 2352 2244 910 2353 6562 909 2354 2245 909 2355 2245 758 2356 2246 760 2357 2244 770 2358 2247 907 2359 6563 906 2360 2248 906 2361 2248 768 2362 2249 770 2363 2247 712 2364 2253 713 2365 6567 397 2366 2254 397 2367 2254 1296 2368 2255 712 2369 2253 716 2370 2259 714 2371 6571 403 2372 2260 403 2373 2260 1295 2374 2261 716 2375 2259 847 2376 2262 845 2377 6572 591 2378 2263 591 2379 2263 1293 2380 2264 847 2381 2262 841 2382 2271 839 2383 6579 309 2384 2272 309 2385 2272 1294 2386 2273 841 2387 2271 869 2388 2274 867 2389 2275 866 2390 2276 986 2391 2277 984 2392 2278 391 2393 2279 865 2394 2280 863 2395 2281 862 2396 2282 719 2397 2283 872 2398 2284 871 2399 2285 111 2400 2286 310 2401 2287 312 2402 2288 1342 2403 2289 992 2404 2290 965 2405 2291 596 2406 2292 1312 2407 2293 475 2408 2294 1383 2409 2295 160 2410 2296 1140 2411 2297 479 2412 2298 641 2413 2299 1311 2414 2300 1384 2415 2301 126 2416 2302 1136 2417 2303 1385 2418 2304 146 2419 2305 1143 2420 2306 501 2421 2307 1313 2422 2308 502 2423 2309 832 2424 2310 1099 2425 6580 317 2426 2311 317 2427 2311 678 2428 2312 832 2429 2310 753 2430 2313 1002 2431 6581 348 2432 2314 348 2433 2314 861 2434 2315 753 2435 2313 1386 2436 2316 516 2437 2317 515 2438 2318 1387 2439 2319 516 2440 6582 1386 2441 2320 1386 2442 2320 730 2443 2321 1387 2444 2319 1388 2445 2322 528 2446 2323 527 2447 2324 1389 2448 2325 528 2449 6583 1388 2450 2326 1388 2451 2326 720 2452 2327 1389 2453 2325 1391 2454 2328 1221 2455 6584 1390 2456 2329 1390 2457 2329 943 2458 2330 1391 2459 2328 1390 2460 2331 1221 2461 2332 856 2462 2333 1393 2463 2334 434 2464 6585 1392 2465 2335 1392 2466 2335 725 2467 2336 1393 2468 2334 1392 2469 2337 434 2470 2338 433 2471 2339 654 2472 2340 815 2473 6586 532 2474 2341 532 2475 2341 1207 2476 2342 654 2477 2340 675 2478 2343 776 2479 6587 555 2480 2344 555 2481 2344 1111 2482 2345 675 2483 2343 659 2484 2349 816 2485 6591 520 2486 2350 520 2487 2350 1108 2488 2351 659 2489 2349 667 2490 2352 766 2491 6592 545 2492 2353 545 2493 2353 1205 2494 2354 667 2495 2352 327 2496 2358 326 2497 6596 325 2498 2359 325 2499 2359 324 2500 2360 327 2501 2358 321 2502 2361 320 2503 6597 323 2504 2362 323 2505 2362 322 2506 2363 321 2507 2361 300 2508 2364 299 2509 6598 215 2510 2365 215 2511 2365 214 2512 2366 300 2513 2364 491 2514 2367 1394 2515 2368 1127 2516 2369 332 2517 2370 1395 2518 2371 1267 2519 2372 1396 2520 2373 1266 2521 2374 1127 2522 2375 116 2523 2376 1042 2524 2377 1266 2525 2378 556 2526 2379 1269 2527 2380 1268 2528 2381 1130 2529 2382 465 2530 6599 1129 2531 2383 1129 2532 2383 46 2533 2384 1130 2534 2382 255 2535 2385 267 2536 2386 46 2537 2387 497 2538 2388 496 2539 2389 1077 2540 2390 1080 2541 2391 496 2542 2392 1081 2543 2393 380 2544 2394 379 2545 2395 1065 2546 2396 1068 2547 2397 379 2548 2398 1069 2549 2399 521 2550 2400 507 2551 2401 1083 2552 2402 1086 2553 2403 507 2554 2404 1087 2555 2405 533 2556 2406 503 2557 2407 1074 2558 2408 1071 2559 2409 503 2560 2410 1072 2561 2411 1284 2562 2412 352 2563 2413 941 2564 2414 1282 2565 2415 370 2566 2416 939 2567 2417 1286 2568 2418 361 2569 2419 935 2570 2420 1288 2571 2421 364 2572 2422 938 2573 2423 380 2574 2424 552 2575 2425 1251 2576 2426 380 2577 2427 1065 2578 2428 1067 2579 2429 497 2580 2430 1077 2581 2431 1079 2582 2432 497 2583 2433 499 2584 2434 1254 2585 2435 521 2586 2436 598 2587 2437 1262 2588 2438 521 2589 2439 1083 2590 2440 1085 2591 2441 533 2592 2442 1074 2593 2443 1076 2594 2444 533 2595 2445 590 2596 2446 1260 2597 2447 804 2598 2448 483 2599 2449 614 2600 2450 1210 2601 2451 481 2602 2452 483 2603 2453 687 2604 2454 189 2605 2455 474 2606 2456 1212 2607 2457 340 2608 2458 189 2609 2459 1214 2610 2460 346 2611 2461 194 2612 2462 478 2613 2463 692 2614 2464 194 2615 2465 1220 2616 2466 224 2617 2467 223 2618 2468 248 2619 2469 1397 2620 2470 1239 2621 2471 251 2622 2472 1398 2623 2473 1299 2624 2474 297 2625 2475 1399 2626 2476 1302 2627 2477 388 2628 2478 1043 2629 2479 648 2630 2480 1228 2631 2481 230 2632 2482 70 2633 2483 1230 2634 2484 238 2635 2485 80 2636 2486 1232 2637 2487 261 2638 2488 104 2639 2489 334 2640 2490 1040 2641 2491 1003 2642 2492 897 2643 2493 1004 2644 6600 1003 2645 2494 1003 2646 2494 1380 2647 2495 897 2648 2493 93 2649 2496 686 2650 2497 91 2651 2498 1250 2652 2499 685 2653 2500 686 2654 2501 1248 2655 2502 683 2656 2503 682 2657 2504 84 2658 2505 682 2659 2506 82 2660 2507 1011 2661 2508 518 2662 2509 358 2663 2510 28 2664 2511 27 2665 2512 1090 2666 2513 1022 2667 2514 172 2668 2515 367 2669 2516 561 2670 2517 560 2671 2518 798 2672 2519 1025 2673 2520 291 2674 2521 373 2675 2522 12 2676 2523 895 2677 2524 610 2678 2525 1014 2679 2526 530 2680 2527 355 2681 2528 167 2682 2529 166 2683 2530 1089 2684 2531 240 2685 2532 1400 2686 2533 105 2687 2534 854 2688 2535 710 2689 2536 105 2690 2537 267 2691 2538 44 2692 2539 46 2693 2540 1133 2694 2541 1134 2695 6601 437 2696 2542 437 2697 2542 267 2698 2543 1133 2699 2541 1131 2700 2544 1132 2701 6602 442 2702 2545 442 2703 2545 404 2704 2546 1131 2705 2544 404 2706 2547 59 2707 2548 58 2708 2549 747 2709 2550 490 2710 2551 1019 2711 2552 747 2712 2553 1019 2713 2554 748 2714 2555 810 2715 2556 825 2716 2557 824 2717 2558 810 2718 2559 562 2719 2560 825 2720 2561 807 2721 2562 566 2722 2563 822 2723 2564 807 2724 2565 822 2725 2566 821 2726 2567 489 2727 2568 482 2728 2569 1223 2729 2570 565 2730 2571 341 2731 2572 1226 2732 2573 122 2733 2574 565 2734 2575 1227 2735 2576 569 2736 2577 347 2737 2578 1225 2738 2579 131 2739 2580 569 2740 2581 1224 2741 2582 984 2742 2583 1321 2743 2584 389 2744 2585 867 2745 2586 1324 2746 2587 298 2747 2588 863 2748 2589 1322 2749 2590 252 2750 2591 872 2751 2592 1323 2752 2593 249 2753 2594 1094 2754 2595 186 2755 2596 1095 2756 2597 1307 2757 2598 186 2758 2599 1094 2759 2600 1276 2760 2601 191 2761 2602 1277 2762 2603 1308 2763 2604 191 2764 2605 1276 2765 2606 1401 2766 2607 659 2767 2608 657 2768 2609 1402 2769 2610 654 2770 2611 655 2771 2612 1403 2772 2613 345 2773 2614 577 2774 2615 345 2775 2616 921 2776 2617 920 2777 2618 1404 2778 2619 343 2779 2620 573 2780 2621 343 2781 2622 924 2782 2623 923 2783 2624 408 2784 2625 1008 2785 2626 732 2786 2627 731 2787 2628 408 2788 2629 732 2789 2630 726 2790 2631 432 2791 2632 727 2792 2633 432 2793 2634 1009 2794 2635 727 2795 2636 721 2796 2637 412 2797 2638 722 2798 2639 412 2799 2640 1006 2800 2641 722 2801 2642 517 2802 2643 519 2803 2644 926 2804 2645 926 2805 2646 1180 2806 2647 132 2807 2648 171 2808 2649 173 2809 2650 959 2810 2651 959 2811 2652 1216 2812 2653 19 2813 2654 529 2814 2655 531 2815 2656 946 2816 2657 946 2817 2658 1181 2818 2659 164 2819 2660 290 2820 2661 292 2821 2662 955 2822 2663 955 2823 2664 1217 2824 2665 90 2825 2666 1122 2826 2667 1120 2827 6603 842 2828 2668 842 2829 2668 1121 2830 2669 1122 2831 2667 1057 2832 2670 1055 2833 6604 1054 2834 2671 1054 2835 2671 1056 2836 2672 1057 2837 2670 617 2838 2673 40 2839 2674 145 2840 2675 886 2841 2676 236 2842 2677 235 2843 2678 1078 2844 2679 235 2845 2680 1079 2846 2681 880 2847 2682 227 2848 2683 226 2849 2684 1084 2850 2685 226 2851 2686 1085 2852 2687 883 2853 2688 204 2854 2689 203 2855 2690 1075 2856 2691 203 2857 2692 1076 2858 2693 1066 2859 2694 377 2860 2695 1067 2861 2696 889 2862 2697 305 2863 2698 377 2864 2699 751 2865 2700 183 2866 2701 182 2867 2702 182 2868 2703 502 2869 2704 614 2870 2705 193 2871 2706 997 2872 2707 640 2873 2708 479 2874 2709 478 2875 2710 640 2876 2711 188 2877 2712 994 2878 2713 595 2879 2714 595 2880 2715 475 2881 2716 474 2882 2717 387 2883 2718 386 2884 6605 694 2885 2719 694 2886 2719 1405 2887 2720 387 2888 2718 1343 2889 2721 667 2890 2722 665 2891 2723 774 2892 2724 675 2893 2725 673 2894 2726 641 2895 2727 640 2896 2728 1279 2897 2729 1279 2898 2730 480 2899 2731 641 2900 2732 1271 2901 2733 473 2902 2734 596 2903 2735 595 2904 2736 1271 2905 2737 596 2906 2738 182 2907 2739 1274 2908 2740 501 2909 2741 1274 2910 2742 500 2911 2743 501 2912 2744 973 2913 2745 819 2914 2746 1157 2915 2747 820 2916 2748 819 2917 2749 973 2918 2750 559 2919 2754 368 2920 2755 560 2921 2756 1372 2922 2757 368 2923 2758 559 2924 2759 1369 2925 2760 359 2926 2761 26 2927 2762 26 2928 2763 359 2929 2764 27 2930 2765 894 2931 2766 374 2932 2767 895 2933 2768 1365 2934 2769 374 2935 2770 894 2936 2771 1367 2937 2772 356 2938 2773 165 2939 2774 165 2940 2775 356 2941 2776 166 2942 2777 1238 2943 2778 746 2944 2779 487 2945 2780 1237 2946 2781 811 2947 2782 563 2948 2783 1236 2949 2784 808 2950 2785 567 2951 2786 571 2952 2787 525 2953 2788 524 2954 2789 523 2955 2790 1357 2956 2791 524 2957 2792 344 2958 2793 1316 2959 2794 578 2960 2795 548 2961 2796 550 2962 2797 578 2963 2798 541 2964 2799 574 2965 2800 539 2966 2801 342 2967 2802 1318 2968 2803 574 2969 2804 589 2970 2805 1113 2971 2806 1334 2972 2807 498 2973 2808 1115 2974 2809 1333 2975 2810 551 2976 2811 944 2977 2812 945 2978 2813 1156 2979 2814 1158 2980 2815 195 2981 2816 1158 2982 2817 1156 2983 2818 333 2984 2819 1403 2985 2820 577 2986 2821 690 2987 2822 577 2988 2823 579 2989 2824 690 2990 2825 573 2991 2826 575 2992 2827 688 2993 2828 1404 2994 2829 573 2995 2830 688 2996 2831 718 2997 2832 138 2998 2833 1364 2999 2834 1358 3000 2835 1150 3001 2836 1357 3002 2837 857 3003 2838 980 3004 6691 609 3005 2839 609 3006 2839 1160 3007 2840 857 3008 2838 1159 3009 2841 764 3010 6692 763 3011 2842 763 3012 2842 797 3013 2843 1159 3014 2841 379 3015 2844 580 3016 2845 1069 3017 2846 1069 3018 2847 580 3019 2848 1406 3020 2849 1087 3021 2850 510 3022 2851 1407 3023 2852 507 3024 2853 510 3025 2854 1087 3026 2855 1072 3027 2856 506 3028 2857 1408 3029 2858 503 3030 2859 506 3031 2860 1072 3032 2861 1081 3033 2862 582 3034 2863 1409 3035 2864 496 3036 2865 582 3037 2866 1081 3038 2867 85 3039 2868 983 3040 6693 979 3041 2869 979 3042 2869 1410 3043 2870 85 3044 2868 1186 3045 2871 538 3046 2872 1187 3047 2873 1023 3048 2874 366 3049 2875 538 3050 2876 1013 3051 2877 357 3052 2878 511 3053 2879 1193 3054 2880 511 3055 2881 1194 3056 2882 1016 3057 2883 354 3058 2884 513 3059 2885 1189 3060 2886 513 3061 2887 1190 3062 2888 1195 3063 2889 536 3064 2890 1196 3065 2891 1026 3066 2892 372 3067 2893 536 3068 2894 966 3069 2895 965 3070 2896 111 3071 2897 965 3072 2898 310 3073 2899 111 3074 2900 1218 3075 2901 705 3076 2902 704 3077 2903 1219 3078 2904 625 3079 2905 624 3080 2906 471 3081 2907 1200 3082 2908 472 3083 2909 303 3084 2910 40 3085 2911 617 3086 2912 593 3087 2913 847 3088 2914 621 3089 2915 405 3090 2916 161 3091 6694 1039 3092 2917 1039 3093 2917 406 3094 2918 405 3095 2916 1038 3096 2919 866 3097 6695 406 3098 2920 406 3099 2920 1039 3100 2921 1038 3101 2919 174 3102 2922 391 3103 6696 390 3104 2923 390 3105 2923 175 3106 2924 174 3107 2922 1044 3108 2925 127 3109 6697 175 3110 2926 175 3111 2926 390 3112 2927 1044 3113 2925 1036 3114 2928 871 3115 6698 266 3116 2929 266 3117 2929 1037 3118 2930 1036 3119 2928 265 3120 2931 139 3121 6699 1037 3122 2932 1037 3123 2932 266 3124 2933 265 3125 2931 263 3126 2934 147 3127 6700 1035 3128 2935 1035 3129 2935 264 3130 2936 263 3131 2934 1034 3132 2937 862 3133 6701 264 3134 2938 264 3135 2938 1035 3136 2939 1034 3137 2937 891 3138 2940 448 3139 2941 1151 3140 2942 448 3141 2943 891 3142 2944 892 3143 2945 586 3144 2946 1411 3145 2947 700 3146 2948 685 3147 2949 1250 3148 2950 318 3149 2951 318 3150 2952 1291 3151 2953 685 3152 2954 169 3153 2955 1289 3154 2956 683 3155 2957 683 3156 2958 1248 3157 2959 169 3158 2960 1305 3159 2961 712 3160 2962 416 3161 2963 36 3162 2964 841 3163 2965 11 3164 2966 1306 3165 2967 716 3166 2968 418 3167 2969 388 3168 2970 650 3169 2971 1043 3170 2972 714 3171 2973 716 3172 2974 1306 3173 2975 839 3174 2976 841 3175 2977 36 3176 2978 713 3177 2979 712 3178 2980 1305 3179 2981 118 3180 2982 1126 3181 2983 1362 3182 2984 818 3183 2985 1126 3184 2986 118 3185 2987 795 3186 2988 606 3187 6702 605 3188 2989 605 3189 2989 796 3190 2990 795 3191 2988 782 3192 2991 601 3193 6703 602 3194 2992 602 3195 2992 783 3196 2993 782 3197 2991 784 3198 2994 600 3199 6704 599 3200 2995 599 3201 2995 785 3202 2996 784 3203 2994 431 3204 2997 1009 3205 2998 432 3206 2999 991 3207 3000 557 3208 3001 311 3209 3002 557 3210 3003 1342 3211 3004 556 3212 3005 527 3213 3006 905 3214 3007 721 3215 3008 527 3216 3009 721 3217 3010 1388 3218 3011 433 3219 3012 726 3220 3013 1392 3221 3014 433 3222 3015 765 3223 3016 726 3224 3017 856 3225 3018 710 3226 3019 854 3227 3020 856 3228 3021 854 3229 3022 1390 3230 3023 515 3231 3024 731 3232 3025 1386 3233 3026 515 3234 3027 908 3235 3028 731 3236 3029 60 3237 3030 441 3238 3031 868 3239 3032 443 3240 3033 868 3241 3034 441 3242 3035 43 3243 3036 445 3244 3037 864 3245 3038 864 3246 3039 445 3247 3040 1151 3248 3041 471 3249 3042 985 3250 3043 470 3251 3044 53 3252 3045 470 3253 3046 985 3254 3047 439 3255 3048 870 3256 3049 438 3257 3050 436 3258 3051 438 3259 3052 870 3260 3053 847 3261 3054 593 3262 3055 845 3263 3056 1182 3264 3057 368 3265 3058 1372 3266 3059 938 3267 3060 1182 3268 3061 1287 3269 3062 935 3270 3063 1185 3271 3064 1285 3272 3065 1185 3273 3066 359 3274 3067 1369 3275 3068 941 3276 3069 1184 3277 3070 1283 3278 3071 1184 3279 3072 356 3280 3073 1367 3281 3074 939 3282 3075 1183 3283 3076 1281 3284 3077 1183 3285 3078 374 3286 3079 1365 3287 3080 947 3288 3081 1375 3289 3082 1128 3290 3083 1375 3291 3084 771 3292 3085 1128 3293 3086 927 3294 3087 1199 3295 3088 1017 3296 3089 1199 3297 3090 5 3298 3091 1017 3299 3092 960 3300 3093 958 3301 3094 800 3302 3095 958 3303 3096 206 3304 3097 800 3305 3098 956 3306 3099 954 3307 3100 613 3308 3101 954 3309 3102 244 3310 3103 613 3311 3104 54 3312 3105 480 3313 3106 75 3314 3107 1279 3315 3108 75 3316 3109 480 3317 3110 1157 3318 3111 818 3319 3112 117 3320 3113 1157 3321 3114 195 3322 3115 818 3323 3116 186 3324 3117 547 3325 3118 1095 3326 3119 1270 3327 3120 1272 3328 3121 56 3329 3122 1379 3330 3123 1235 3331 3124 77 3332 3125 314 3333 3126 199 3334 3127 198 3335 3128 1273 3336 3129 1275 3337 3130 61 3338 3131 180 3339 3132 543 3340 3133 181 3341 3134 1158 3342 3135 335 3343 3136 195 3344 3137 486 3345 3138 311 3346 3139 557 3347 3140 541 3348 3141 575 3349 3142 574 3350 3143 578 3351 3144 550 3352 3145 579 3353 3146 439 3354 3147 254 3355 3148 1323 3356 3149 471 3357 3150 178 3358 3151 1321 3359 3152 443 3360 3153 156 3361 3154 1324 3362 3155 447 3363 3156 211 3364 3157 1322 3365 3158 675 3366 3159 774 3367 3160 776 3368 3161 667 3369 3162 1343 3370 3163 766 3371 3164 644 3372 3165 645 3373 6705 152 3374 3166 152 3375 3166 849 3376 3167 644 3377 3165 385 3378 3168 15 3379 6706 677 3380 3169 677 3381 3169 1050 3382 3170 385 3383 3168 69 3384 3171 626 3385 3172 629 3386 3173 384 3387 3174 745 3388 6707 978 3389 3175 978 3390 3175 977 3391 3176 384 3392 3174 951 3393 3177 950 3394 6708 693 3395 3178 693 3396 3178 695 3397 3179 951 3398 3177 934 3399 3180 1053 3400 3181 349 3401 3182 149 3402 3183 703 3403 6709 702 3404 3184 702 3405 3184 1341 3406 3185 149 3407 3183 525 3408 3186 1004 3409 3187 1243 3410 3188 572 3411 3189 1004 3412 3190 525 3413 3191 407 3414 3192 1008 3415 3193 408 3416 3194 411 3417 3195 1006 3418 3196 412 3419 3197 1400 3420 3198 106 3421 3199 105 3422 3200 1230 3423 3201 631 3424 3202 630 3425 3203 1232 3426 3204 294 3427 3205 451 3428 3206 622 3429 3207 797 3430 6710 763 3431 3208 763 3432 3208 594 3433 3209 622 3434 3207 13 3435 3210 609 3436 6711 980 3437 3211 980 3438 3211 37 3439 3212 13 3440 3210 909 3441 3213 399 3442 6712 419 3443 3214 419 3444 3214 758 3445 3215 909 3446 3213 906 3447 3216 393 3448 6713 417 3449 3217 417 3450 3217 768 3451 3218 906 3452 3216 1025 3453 3219 373 3454 3220 372 3455 3221 1026 3456 3222 1025 3457 3223 372 3458 3224 1022 3459 3225 367 3460 3226 366 3461 3227 1023 3462 3228 1022 3463 3229 366 3464 3230 1013 3465 3231 1011 3466 3232 357 3467 3233 1011 3468 3234 358 3469 3235 357 3470 3236 1016 3471 3237 1014 3472 3238 354 3473 3239 1014 3474 3240 355 3475 3241 354 3476 3242 140 3477 3243 618 3478 6714 620 3479 3244 620 3480 3244 33 3481 3245 140 3482 3243 452 3483 3246 319 3484 6715 159 3485 3247 159 3486 3247 24 3487 3248 452 3488 3246 1040 3489 3255 424 3490 3256 423 3491 3257 570 3492 3258 897 3493 6722 1380 3494 3259 1380 3495 3259 423 3496 3260 570 3497 3258 43 3498 3261 42 3499 3262 446 3500 3263 262 3501 3264 446 3502 3265 42 3503 3266 20 3504 3267 672 3505 6723 619 3506 3268 619 3507 3268 142 3508 3269 20 3509 3267 38 3510 3270 302 3511 6724 301 3512 3271 301 3513 3271 449 3514 3272 38 3515 3270 25 3516 3273 670 3517 6725 669 3518 3274 669 3519 3274 283 3520 3275 25 3521 3273 34 3522 3276 633 3523 6726 634 3524 3277 634 3525 3277 144 3526 3278 34 3527 3276 281 3528 3279 668 3529 6727 671 3530 3280 671 3531 3280 22 3532 3281 281 3533 3279 483 3534 3282 751 3535 3283 614 3536 3284 614 3537 3285 751 3538 3286 182 3539 3287 189 3540 3288 188 3541 3289 474 3542 3290 474 3543 3291 188 3544 3292 595 3545 3293 478 3546 3294 193 3547 3295 640 3548 3296 194 3549 3297 193 3550 3298 478 3551 3299 745 3552 3300 384 3553 6728 383 3554 3301 383 3555 3301 1255 3556 3302 745 3557 3300 76 3558 3303 1092 3559 3304 1395 3560 3305 1394 3561 3306 493 3562 3307 190 3563 3308 999 3564 3309 87 3565 6729 86 3566 3310 86 3567 3310 1412 3568 3311 999 3569 3309 128 3570 3312 1257 3571 3313 1137 3572 3314 155 3573 3315 1257 3574 3316 128 3575 3317 581 3576 3318 877 3577 6730 876 3578 3319 876 3579 3319 308 3580 3320 581 3581 3318 793 3582 3321 608 3583 6731 607 3584 3322 607 3585 3322 794 3586 3323 793 3587 3321 790 3588 3324 396 3589 6732 509 3590 3325 509 3591 3325 791 3592 3326 790 3593 3324 873 3594 3327 583 3595 6733 585 3596 3328 585 3597 3328 874 3598 3329 873 3599 3327 801 3600 3330 402 3601 6734 505 3602 3331 505 3603 3331 802 3604 3332 801 3605 3330 219 3606 3333 908 3607 3334 220 3608 3335 219 3609 3336 408 3610 3337 908 3611 3338 208 3612 3339 432 3613 3340 765 3614 3341 208 3615 3342 765 3616 3343 209 3617 3344 29 3618 3345 905 3619 3346 30 3620 3347 29 3621 3348 412 3622 3349 905 3623 3350 240 3624 3351 710 3625 3352 241 3626 3353 240 3627 3354 105 3628 3355 710 3629 3356 467 3630 3357 469 3631 3358 1173 3632 3359 1173 3633 3360 466 3634 3361 467 3635 3362 1171 3636 3363 456 3637 3364 457 3638 3365 457 3639 3366 455 3640 3367 1171 3641 3368 1176 3642 3369 458 3643 3370 459 3644 3371 459 3645 3372 461 3646 3373 1176 3647 3374 912 3648 3375 464 3649 3376 465 3650 3377 859 3651 3378 472 3652 3379 1167 3653 3380 820 3654 3381 975 3655 3382 456 3656 3383 1329 3657 3384 456 3658 3385 975 3659 3386 1328 3660 3387 464 3661 3388 962 3662 3389 964 3663 3390 962 3664 3391 464 3665 3392 1330 3666 3393 466 3667 3394 971 3668 3395 923 3669 3396 971 3670 3397 466 3671 3398 1327 3672 3399 458 3673 3400 968 3674 3401 920 3675 3402 968 3676 3403 458 3677 3404 1384 3678 3405 1413 3679 3406 1091 3680 3407 1136 3681 3408 1413 3682 3409 1384 3683 3410 1383 3684 3411 1414 3685 3412 1093 3686 3413 1140 3687 3414 1414 3688 3415 1383 3689 3416 1143 3690 3417 1415 3691 3418 1385 3692 3419 1385 3693 3420 1415 3694 3421 1096 3695 3422 904 3696 3423 1060 3697 6735 1059 3698 3424 1059 3699 3424 1061 3700 3425 904 3701 3423 63 3702 3426 65 3703 3427 1333 3704 3428 1254 3705 3429 1253 3706 3430 497 3707 3431 553 3708 3432 270 3709 3433 945 3710 3434 1251 3711 3435 1252 3712 3436 380 3713 3437 798 3714 3438 367 3715 3439 172 3716 3440 172 3717 3441 799 3718 3442 798 3719 3443 610 3720 3444 373 3721 3445 291 3722 3446 291 3723 3447 611 3724 3448 610 3725 3449 1089 3726 3450 355 3727 3451 530 3728 3452 530 3729 3453 769 3730 3454 1089 3731 3455 1090 3732 3456 358 3733 3457 518 3734 3458 518 3735 3459 759 3736 3460 1090 3737 3461 1391 3738 3462 551 3739 6736 304 3740 3463 304 3741 3463 1221 3742 3464 1391 3743 3462 709 3744 3465 1221 3745 3466 304 3746 3467 1389 3747 3468 597 3748 6737 225 3749 3469 225 3750 3469 528 3751 3470 1389 3752 3468 394 3753 3471 528 3754 3472 225 3755 3473 1387 3756 3474 589 3757 6738 202 3758 3475 202 3759 3475 516 3760 3476 1387 3761 3474 400 3762 3477 516 3763 3478 202 3764 3479 1393 3765 3480 498 3766 6739 234 3767 3481 234 3768 3481 434 3769 3482 1393 3770 3480 435 3771 3483 434 3772 3484 234 3773 3485 820 3774 3486 454 3775 3487 333 3776 3488 820 3777 3489 1169 3778 3490 454 3779 3491 1175 3780 3492 460 3781 3493 920 3782 3494 920 3783 3495 460 3784 3496 345 3785 3497 1172 3786 3498 468 3787 3499 923 3788 3500 923 3789 3501 468 3790 3502 343 3791 3503 964 3792 3504 462 3793 3505 45 3794 3506 964 3795 3507 911 3796 3508 462 3797 3509 1416 3798 3510 1315 3799 3511 1123 3800 3512 547 3801 3513 546 3802 3514 1315 3803 3515 543 3804 3516 542 3805 3517 1317 3806 3518 1124 3807 3519 1417 3808 3520 1317 3809 3521 314 3810 3522 313 3811 3523 1269 3812 3524 387 3813 3525 1405 3814 6740 988 3815 3526 988 3816 3526 987 3817 3527 387 3818 3525 88 3819 3528 90 3820 6741 94 3821 3529 94 3822 3529 96 3823 3530 88 3824 3528 17 3825 3537 19 3826 6770 278 3827 3538 278 3828 3538 280 3829 3539 17 3830 3537 164 3831 3540 271 3832 6771 273 3833 3541 273 3834 3541 1058 3835 3542 164 3836 3540 132 3837 3546 275 3838 6785 277 3839 3547 277 3840 3547 133 3841 3548 132 3842 3546 74 3843 3549 733 3844 6786 734 3845 3550 734 3846 3550 72 3847 3551 74 3848 3549 63 3849 3555 728 3850 6800 729 3851 3556 729 3852 3556 274 3853 3557 63 3854 3555 1258 3855 3558 1359 3856 3559 691 3857 3560 1138 3858 3561 1257 3859 3562 1258 3860 3563 1141 3861 3564 124 3862 3565 1256 3863 3566 1256 3864 3567 1360 3865 3568 689 3866 3569 1144 3867 3570 112 3868 3571 1259 3869 3572 1259 3870 3573 1361 3871 3574 312 3872 3575 74 3873 3576 201 3874 3577 1334 3875 3578 1260 3876 3579 1261 3877 3580 533 3878 3581 746 3879 3582 1354 3880 3583 488 3881 3584 811 3882 3585 1355 3883 3586 564 3884 3587 808 3885 3588 1356 3886 3589 568 3887 3590 1070 3888 3591 1066 3889 3592 1068 3890 3593 1070 3891 3594 377 3892 3595 1066 3893 3596 1088 3894 3597 1084 3895 3598 1086 3896 3599 1088 3897 3600 226 3898 3601 1084 3899 3602 1073 3900 3603 1075 3901 3604 1071 3902 3605 1073 3903 3606 203 3904 3607 1075 3905 3608 1082 3906 3609 1078 3907 3610 1080 3908 3611 1082 3909 3612 235 3910 3613 1078 3911 3614 1373 3912 3615 779 3913 3616 1419 3914 3617 955 3915 3618 957 3916 3619 290 3917 3620 957 3918 3621 613 3919 3622 611 3920 3623 928 3921 3624 1017 3922 3625 759 3923 3626 926 3924 3627 928 3925 3628 517 3926 3629 959 3927 3630 961 3928 3631 171 3929 3632 961 3930 3633 800 3931 3634 799 3932 3635 948 3933 3636 1128 3934 3637 769 3935 3638 946 3936 3639 948 3937 3640 529 3938 3641 1234 3939 3642 1064 3940 6801 1063 3941 3643 1063 3942 3643 1062 3943 3644 1234 3944 3642 953 3945 3645 586 3946 3646 1304 3947 3647 1358 3948 3648 436 3949 3649 1149 3950 3650 1358 3951 3651 718 3952 3652 1150 3953 3653 1262 3954 3654 1263 3955 3655 521 3956 3656 927 3957 3657 134 3958 3658 1198 3959 3659 927 3960 3660 926 3961 3661 134 3962 3662 9 3963 3663 1237 3964 3664 1336 3965 3665 780 3966 3666 1238 3967 3667 1337 3968 3668 0 3969 3669 1236 3970 3670 1338 3971 3671 10 3972 3672 1420 3973 3673 812 3974 3674 812 3975 3675 1238 3976 6802 780 3977 3676 780 3978 3676 10 3979 3677 812 3980 3675 806 3981 3678 1236 3982 6803 0 3983 3679 0 3984 3679 805 3985 3680 806 3986 3678 805 3987 3681 1421 3988 3682 806 3989 3683 1 3990 3684 1422 3991 3685 809 3992 3686 809 3993 3687 1237 3994 6804 9 3995 3688 9 3996 3688 1 3997 3689 809 3998 3687 570 3999 3690 1245 4000 3691 1246 4001 3692 998 4002 3693 1278 4003 3694 1279 4004 3695 1279 4005 3696 640 4006 3697 998 4007 3698 995 4008 3699 1271 4009 3700 595 4010 3701 995 4011 3702 1270 4012 3703 1271 4013 3704 526 4014 3705 1244 4015 3706 1379 4016 3707 526 4017 3708 525 4018 3709 1244 4019 3710 184 4020 3711 1273 4021 3712 1274 4022 3713 184 4023 3714 1274 4024 3715 182 4025 3716 111 4026 3717 735 4027 3718 324 4028 3719 216 4029 3720 738 4030 3721 214 4031 3722 2 4032 3723 1381 4033 3724 1382 4034 3725 1373 4035 3726 1381 4036 6805 2 4037 3727 2 4038 3727 779 4039 3728 1373 4040 3726 485 4041 3729 1223 4042 3730 481 4043 3731 486 4044 3732 485 4045 3733 481 4046 3734 335 4047 3735 492 4048 3736 334 4049 3737 492 4050 3738 1041 4051 3739 334 4052 3740 550 4053 3741 549 4054 3742 346 4055 3743 549 4056 3744 1225 4057 3745 346 4058 3746 541 4059 3747 540 4060 3748 340 4061 3749 540 4062 3750 1226 4063 3751 340 4064 3752 950 4065 3753 951 4066 6806 952 4067 3754 952 4068 3754 1000 4069 3755 950 4070 3753 424 4071 3756 1042 4072 6807 1280 4073 3757 1280 4074 3757 781 4075 3758 424 4076 3756 216 4077 3759 215 4078 3760 970 4079 3761 155 4080 3765 154 4081 3766 967 4082 3767 111 4083 3768 325 4084 3769 966 4085 3770 1123 4086 3771 546 4087 3772 185 4088 3773 1315 4089 3774 546 4090 3775 1123 4091 3776 1124 4092 3777 542 4093 3778 1378 4094 3779 1124 4095 3780 1317 4096 3781 542 4097 3782 1188 4098 3783 537 4099 3784 278 4100 3785 1351 4101 3786 1350 4102 3787 537 4103 3788 1192 4104 3789 512 4105 3790 275 4106 3791 1345 4107 3792 1344 4108 3793 512 4109 3794 1197 4110 3795 535 4111 3796 94 4112 3797 1348 4113 3798 1349 4114 3799 535 4115 3800 1191 4116 3801 514 4117 3802 271 4118 3803 1346 4119 3804 1347 4120 3805 514 4121 3806 479 4122 3807 1413 4123 3808 1136 4124 3809 479 4125 3810 1136 4126 3811 477 4127 3812 475 4128 3813 1140 4129 3814 476 4130 3815 475 4131 3816 1414 4132 3817 1140 4133 3818 502 4134 3819 1143 4135 3820 615 4136 3821 502 4137 3822 1415 4138 3823 1143 4139 3824 1150 4140 3825 1363 4141 3826 717 4142 3827 1363 4143 3828 1126 4144 3829 717 4145 3830 1155 4146 3831 553 4147 3832 944 4148 3833 107 4149 3834 553 4150 3835 1155 4151 3836 1009 4152 3837 210 4153 6811 67 4154 3838 67 4155 3838 1010 4156 3839 1009 4157 3837 106 4158 3840 242 4159 6812 151 4160 3841 151 4161 3841 903 4162 3842 106 4163 3840 1006 4164 3843 31 4165 6813 7 4166 3844 7 4167 3844 1005 4168 3845 1006 4169 3843 1008 4170 3846 221 4171 6814 316 4172 3847 316 4173 3847 1007 4174 3848 1008 4175 3846 245 4176 3849 89 4177 6815 1179 4178 3850 1179 4179 3850 243 4180 3851 245 4181 3849 207 4182 3852 18 4183 6816 1178 4184 3853 1178 4185 3853 205 4186 3854 207 4187 3852 16 4188 3855 163 4189 6817 162 4190 3856 162 4191 3856 14 4192 3857 16 4193 3855 929 4194 3858 134 4195 6818 1233 4196 3859 1233 4197 3859 3 4198 3860 929 4199 3858 674 4200 3861 1061 4201 6819 1059 4202 3862 1059 4203 3862 775 4204 3863 674 4205 3861 656 4206 3864 1062 4207 6820 1063 4208 3865 1063 4209 3865 814 4210 3866 656 4211 3864 754 4212 3867 658 4213 6821 1056 4214 3868 1056 4215 3868 1054 4216 3869 754 4217 3867 767 4218 3870 666 4219 6822 1121 4220 3871 1121 4221 3871 842 4222 3872 767 4223 3870 956 4224 3873 89 4225 3874 1376 4226 3875 956 4227 3876 955 4228 3877 89 4229 3878 947 4230 3879 163 4231 3880 1374 4232 3881 947 4233 3882 946 4234 3883 163 4235 3884 960 4236 3885 18 4237 3886 1377 4238 3887 960 4239 3888 959 4240 3889 18 4241 3890 696 4242 3891 989 4243 6823 830 4244 3892 830 4245 3892 697 4246 3893 696 4247 3891 1050 4248 3894 1051 4249 6824 1049 4250 3895 1049 4251 3895 385 4252 3896 1050 4253 3894 849 4254 3897 850 4255 6825 848 4256 3898 848 4257 3898 644 4258 3899 849 4259 3897 1030 4260 3900 1031 4261 6826 900 4262 3901 900 4263 3901 1032 4264 3902 1030 4265 3900 105 4266 3903 107 4267 3904 855 4268 3905 733 4269 3906 74 4270 3907 1112 4271 3908 1112 4272 3909 732 4273 3910 733 4274 3911 1114 4275 3912 727 4276 3913 728 4277 3914 728 4278 3915 63 4279 3916 1114 4280 3917 1209 4281 3918 85 4282 6827 1410 4283 3919 1410 4284 3919 981 4285 3920 1209 4286 3918 1287 4287 3921 1372 4288 3922 937 4289 3923 1182 4290 3924 1372 4291 3925 1287 4292 3926 1285 4293 3927 1369 4294 3928 936 4295 3929 1185 4296 3930 1369 4297 3931 1285 4298 3932 1184 4299 3933 1367 4300 3934 1283 4301 3935 1283 4302 3936 1367 4303 3937 942 4304 3938 1183 4305 3939 1365 4306 3940 1281 4307 3941 1281 4308 3942 1365 4309 3943 940 4310 3944 858 4311 3945 55 4312 3946 176 4313 3947 851 4314 3948 157 4315 3949 58 4316 3950 345 4317 3951 851 4318 3952 58 4319 3953 343 4320 3954 852 4321 3955 41 4322 3956 852 4323 3957 212 4324 3958 41 4325 3959 853 4326 3960 177 4327 3961 54 4328 3962 333 4329 3963 853 4330 3964 54 4331 3965 1423 4332 3966 1395 4333 3967 1394 4334 3968 1395 4335 3969 493 4336 3970 1394 4337 3971 108 4338 3972 896 4339 3973 1246 4340 3974 198 4341 3975 896 4342 3976 108 4343 3977 1018 4344 3978 120 4345 3979 180 4346 3980 1019 4347 3981 120 4348 3982 1018 4349 3983 1308 4350 3984 114 4351 3985 191 4352 3986 822 4353 3987 114 4354 3988 1308 4355 3989 825 4356 3990 129 4357 3991 1307 4358 3992 1307 4359 3993 129 4360 3994 186 4361 3995 1026 4362 3996 1195 4363 3997 1197 4364 3998 1195 4365 3999 1026 4366 4000 536 4367 4001 1193 4368 4002 1013 4369 4003 511 4370 4004 1013 4371 4005 1193 4372 4006 1192 4373 4007 1189 4374 4008 1016 4375 4009 513 4376 4010 1016 4377 4011 1189 4378 4012 1191 4379 4013 1023 4380 4014 1186 4381 4015 1188 4382 4016 1186 4383 4017 1023 4384 4018 538 4385 4019 1067 4386 4020 552 4387 4021 380 4388 4022 1067 4389 4023 377 4390 4024 552 4391 4025 1076 4392 4026 590 4393 4027 533 4394 4028 1076 4395 4029 203 4396 4030 590 4397 4031 1085 4398 4032 598 4399 4033 521 4400 4034 1085 4401 4035 226 4402 4036 598 4403 4037 1079 4404 4038 235 4405 4039 499 4406 4040 1079 4407 4041 499 4408 4042 497 4409 4043 545 4410 4044 606 4411 6828 795 4412 4045 795 4413 4045 1109 4414 4046 545 4415 4044 520 4416 4047 601 4417 6829 782 4418 4048 782 4419 4048 1206 4420 4049 520 4421 4047 875 4422 4050 874 4423 6830 585 4424 4051 585 4425 4051 1205 4426 4052 875 4427 4050 555 4428 4053 608 4429 6831 793 4430 4054 793 4431 4054 1208 4432 4055 555 4433 4053 532 4434 4056 600 4435 6832 784 4436 4057 784 4437 4057 1110 4438 4058 532 4439 4056 1202 4440 4059 796 4441 6833 605 4442 4060 605 4443 4060 1295 4444 4061 1202 4445 4059 803 4446 4062 802 4447 6834 505 4448 4063 505 4449 4063 1207 4450 4064 803 4451 4062 1201 4452 4065 785 4453 6835 599 4454 4066 599 4455 4066 1294 4456 4067 1201 4457 4065 878 4458 4068 877 4459 6836 581 4460 4069 581 4461 4069 1111 4462 4070 878 4463 4068 397 4464 4071 396 4465 6837 790 4466 4072 790 4467 4072 1046 4468 4073 397 4469 4071 1204 4470 4074 794 4471 6838 607 4472 4075 607 4473 4075 1296 4474 4076 1204 4475 4074 309 4476 4077 308 4477 6839 876 4478 4078 876 4479 4078 1048 4480 4079 309 4481 4077 591 4482 4080 583 4483 6840 873 4484 4081 873 4485 4081 1097 4486 4082 591 4487 4080 403 4488 4083 402 4489 6841 801 4490 4084 801 4491 4084 1047 4492 4085 403 4493 4083 1203 4494 4086 783 4495 6842 602 4496 4087 602 4497 4087 1293 4498 4088 1203 4499 4086 445 4500 4089 1152 4501 4090 1151 4502 4091 1151 4503 4092 1152 4504 4093 891 4505 4094 820 4506 4095 1170 4507 4096 1169 4508 4097 1171 4509 4098 455 4510 6843 1169 4511 4099 1169 4512 4099 1170 4513 4100 1171 4514 4098 1173 4515 4101 469 4516 6844 1174 4517 4102 1174 4518 4102 1172 4519 4103 1173 4520 4101 1172 4521 4104 1174 4522 4105 468 4523 4106 1175 4524 4107 1177 4525 4108 460 4526 4109 1176 4527 4110 461 4528 6845 1177 4529 4111 1177 4530 4111 1175 4531 4112 1176 4532 4110 918 4533 4113 444 4534 6846 919 4535 4114 919 4536 4114 917 4537 4115 918 4538 4113 915 4539 4116 440 4540 6847 914 4541 4117 914 4542 4117 916 4543 4118 915 4544 4116 912 4545 4119 463 4546 6848 911 4547 4120 911 4548 4120 913 4549 4121 912 4550 4119 964 4551 4122 913 4552 4123 911 4553 4124 1167 4554 4125 472 4555 6849 1200 4556 4126 1200 4557 4126 1168 4558 4127 1167 4559 4125 78 4560 4128 1269 4561 4129 556 4562 4130 44 4563 4131 78 4564 4132 556 4565 4133 54 4566 4134 76 4567 4135 332 4568 4136 76 4569 4137 1395 4570 4138 332 4571 4139 41 4572 4140 62 4573 4141 342 4574 4142 62 4575 4143 1317 4576 4144 342 4577 4145 58 4578 4146 57 4579 4147 344 4580 4148 57 4581 4149 1315 4582 4150 344 4583 4151 494 4584 4152 75 4585 4153 1278 4586 4154 191 4587 4155 494 4588 4156 1277 4589 4157 655 4590 4158 813 4591 4159 1402 4592 4160 657 4593 4161 817 4594 4162 1401 4595 4163 524 4596 4164 1357 4597 4165 571 4598 4166 571 4599 4167 1357 4600 4168 1150 4601 4169 522 4602 4170 1263 4603 4171 97 4604 4172 165 4605 4173 167 4606 4174 413 4607 4175 26 4608 4176 28 4609 4177 420 4610 4178 700 4611 4179 1411 4612 4180 218 4613 4181 1314 4614 4182 933 4615 4183 663 4616 4184 894 4617 4185 12 4618 4186 287 4619 4187 559 4620 4188 561 4621 4189 623 4622 4190 1325 4623 4191 1012 4624 4192 275 4625 4193 1012 4626 4194 1192 4627 4195 275 4628 4196 1326 4629 4197 1015 4630 4198 271 4631 4199 1015 4632 4200 1191 4633 4201 271 4634 4202 1353 4635 4203 1021 4636 4204 278 4637 4205 1021 4638 4206 1188 4639 4207 278 4640 4208 1352 4641 4209 1024 4642 4210 94 4643 4211 1024 4644 4212 1197 4645 4213 94 4646 4214 539 4647 4215 574 4648 4216 1417 4649 4217 539 4650 4218 1417 4651 4219 1124 4652 4220 1416 4653 4221 548 4654 4222 578 4655 4223 548 4656 4224 1416 4657 4225 1123 4658 4226 1423 4659 4227 491 4660 4228 1158 4661 4229 491 4662 4230 1423 4663 4231 1394 4664 4232 484 4665 4233 557 4666 4234 1418 4667 4235 695 4668 4236 693 4669 6850 694 4670 4237 694 4671 4237 386 4672 4238 695 4673 4236 977 4674 4239 978 4675 6851 979 4676 4240 979 4677 4240 983 4678 4241 977 4679 4239 126 4680 4242 1137 4681 4243 1136 4682 4244 128 4683 4245 1137 4684 4246 126 4685 4247 160 4686 4248 125 4687 4249 1140 4688 4250 123 4689 4251 125 4690 4252 160 4691 4253 146 4692 4254 616 4693 4255 1143 4694 4256 113 4695 4257 616 4696 4258 146 4697 4259 1127 4698 4260 1394 4699 4261 190 4700 4262 1396 4701 4263 1127 4702 4264 190 4703 4265 1339 4704 4266 1107 4705 4267 185 4706 4268 1107 4707 4269 1123 4708 4270 185 4709 4271 480 4710 4272 53 4711 4273 1091 4712 4274 1384 4713 4275 1091 4714 4276 53 4715 4277 500 4716 4278 43 4717 4279 1096 4718 4280 1385 4719 4281 1096 4720 4282 43 4721 4283 473 4722 4284 60 4723 4285 1093 4724 4286 1383 4725 4287 1093 4726 4288 60 4727 4289 537 4728 4290 1105 4729 4291 279 4730 4292 514 4731 4293 1103 4732 4294 272 4733 4295 535 4734 4296 1106 4735 4297 95 4736 4298 512 4737 4299 1104 4738 4300 276 4739 4301 65 4740 4302 64 4741 4303 544 4742 4304 270 4743 4305 269 4744 4306 554 4745 4307 1100 4746 4308 1341 4747 4309 702 4748 4310 349 4749 4311 1053 4750 4312 860 4751 4313 885 4752 4314 236 4753 4315 886 4754 4316 592 4755 4317 236 4756 4318 885 4757 4319 879 4758 4320 227 4759 4321 880 4760 4322 392 4761 4323 227 4762 4324 879 4763 4325 888 4764 4326 305 4765 4327 889 4766 4328 35 4767 4329 305 4768 4330 888 4769 4331 398 4770 4332 204 4771 4333 882 4772 4334 882 4773 4335 204 4774 4336 883 4775 4337 922 4776 4338 690 4777 4339 155 4778 4340 967 4779 4341 922 4780 4342 155 4781 4343 925 4782 4344 688 4783 4345 216 4784 4346 970 4785 4347 925 4786 4348 216 4787 4349 1037 4788 4350 139 4789 4351 138 4790 4352 1035 4791 4353 147 4792 4354 146 4793 4355 1039 4794 4356 161 4795 4357 160 4796 4358 175 4797 4359 127 4798 4360 126 4799 4361 1391 4800 4362 944 4801 4363 551 4802 4364 943 4803 4365 944 4804 4366 1391 4805 4367 1393 4806 4368 1115 4807 4369 498 4808 4370 725 4809 4371 1115 4810 4372 1393 4811 4373 730 4812 4374 1113 4813 4375 1387 4814 4376 1387 4815 4377 1113 4816 4378 589 4817 4379 1378 4818 4380 1340 4819 4381 1027 4820 4382 1378 4821 4383 1027 4822 4384 1124 4823 4385 482 4824 4386 749 4825 4387 483 4826 4388 488 4827 4389 1354 4828 6852 749 4829 4390 749 4830 4390 482 4831 4391 488 4832 4389 347 4833 4392 192 4834 4393 194 4835 4394 568 4836 4395 1356 4837 6853 192 4838 4396 192 4839 4396 347 4840 4397 568 4841 4395 341 4842 4398 187 4843 4399 189 4844 4400 564 4845 4401 1355 4846 6854 187 4847 4402 187 4848 4402 341 4849 4403 564 4850 4401 1126 4851 4404 197 4852 4405 1332 4853 4406 818 4854 4407 197 4855 4408 1126 4856 4409 1243 4857 4410 1242 4858 4411 200 4859 4412 1244 4860 4413 1243 4861 4414 200 4862 4415 183 4863 4416 179 4864 4417 184 4865 4418 1020 4866 4419 179 4867 4420 183 4868 4421 997 4869 4422 1276 4870 4423 998 4871 4424 823 4872 4425 1276 4873 4426 997 4874 4427 994 4875 4428 1094 4876 4429 995 4877 4430 826 4878 4431 1094 4879 4432 994 4880 4433 247 4881 4434 321 4882 4435 742 4883 4436 322 4884 4437 741 4885 6855 742 4886 4438 742 4887 4438 321 4888 4439 322 4889 4437 1264 4890 4440 286 4891 6856 153 4892 4441 153 4893 4441 576 4894 4442 1264 4895 4440 284 4896 4443 286 4897 4444 1264 4898 4445 324 4899 4446 735 4900 6857 736 4901 4447 736 4902 4447 327 4903 4448 324 4904 4446 250 4905 4449 327 4906 4450 736 4907 4451 214 4908 4452 738 4909 6858 739 4910 4453 739 4911 4453 300 4912 4454 214 4913 4452 296 4914 4455 300 4915 4456 739 4916 4457 1255 4917 4458 383 4918 6859 744 4919 4459 744 4920 4459 680 4921 4460 1255 4922 4458 1087 4923 4461 1407 4924 4462 881 4925 4463 510 4926 4464 881 4927 4465 1407 4928 4466 582 4929 4467 887 4930 4468 1409 4931 4469 1081 4932 4470 1409 4933 4471 887 4934 4472 580 4935 4473 890 4936 4474 1406 4937 4475 1069 4938 4476 1406 4939 4477 890 4940 4478 1072 4941 4479 1408 4942 4480 884 4943 4481 506 4944 4482 884 4945 4483 1408 4946 4484 1337 4947 4485 109 4948 4486 780 4949 4487 1337 4950 4488 487 4951 4489 109 4952 4490 1338 4953 4491 130 4954 4492 0 4955 4493 1338 4956 4494 567 4957 4495 130 4958 4496 1336 4959 4497 121 4960 4498 9 4961 4499 1336 4962 4500 563 4963 4501 121 4964 4502 1382 4965 4503 115 4966 4504 2 4967 4505 1382 4968 4506 1280 4969 4507 115 4970 4508 1366 4971 4509 289 4972 4510 1282 4973 4511 1370 4974 4512 422 4975 4513 1286 4976 4514 1368 4977 4515 415 4978 4516 1284 4979 4517 1371 4980 4518 603 4981 4519 1288 4982 4520 440 4983 4521 915 4984 6860 1134 4985 4522 1134 4986 4522 1133 4987 4523 440 4988 4521 444 4989 4524 918 4990 6861 1132 4991 4525 1132 4992 4525 1131 4993 4526 444 4994 4524 45 4995 4527 463 4996 4528 1130 4997 4529 463 4998 4530 912 4999 6862 465 5000 4531 465 5001 4531 1130 5002 4532 463 5003 4530 931 5004 4533 930 5005 6863 789 5006 4534 789 5007 4534 788 5008 4535 931 5009 4533 1380 5010 4536 1040 5011 4537 423 5012 4538 1003 5013 4539 1040 5014 4540 1380 5015 4541 689 5016 4542 1213 5017 4543 1256 5018 4544 689 5019 4545 575 5020 4546 1213 5021 4547 691 5022 4548 1215 5023 4549 1258 5024 4550 691 5025 4551 579 5026 4552 1215 5027 4553 1345 5028 4554 512 5029 4555 1192 5030 4556 1193 5031 4557 1345 5032 4558 1192 5033 4559 1195 5034 4560 1348 5035 4561 1197 5036 4562 1348 5037 4563 535 5038 4564 1197 5039 4565 1186 5040 4566 1351 5041 4567 1188 5042 4568 1351 5043 4569 537 5044 4570 1188 5045 4571 1346 5046 4572 514 5047 4573 1191 5048 4574 1189 5049 4575 1346 5050 4576 1191 5051 4577 312 5052 4578 1211 5053 4579 1259 5054 4580 312 5055 4581 311 5056 4582 1211 5057 4583 986 5058 4584 391 5059 4585 174 5060 4586 986 5061 4587 174 5062 4588 126 5063 4589 865 5064 4590 1034 5065 4591 146 5066 4592 865 5067 4593 862 5068 4594 1034 5069 4595 869 5070 4596 1038 5071 4597 160 5072 4598 869 5073 4599 866 5074 4600 1038 5075 4601 719 5076 4602 871 5077 4603 1036 5078 4604 719 5079 4605 1036 5080 4606 138 5081 4607 424 5082 4608 1041 5083 6864 1266 5084 4609 1266 5085 4609 1042 5086 4610 424 5087 4608 1266 5088 4611 1041 5089 4612 492 5090 4613 1222 5091 4614 1223 5092 4615 485 5093 4616 489 5094 4617 1223 5095 4618 1222 5096 4619 1224 5097 4620 1225 5098 4621 549 5099 4622 569 5100 4623 1225 5101 4624 1224 5102 4625 1227 5103 4626 1226 5104 4627 540 5105 4628 565 5106 4629 1226 5107 4630 1227 5108 4631 748 5109 4632 1019 5110 6865 1020 5111 4633 1020 5112 4633 750 5113 4634 748 5114 4632 570 5115 4635 1246 5116 6866 1242 5117 4636 1242 5118 4636 897 5119 4637 570 5120 4635 821 5121 4638 822 5122 6867 823 5123 4639 823 5124 4639 996 5125 4640 821 5126 4638 824 5127 4641 825 5128 6868 826 5129 4642 826 5130 4642 993 5131 4643 824 5132 4641 1194 5133 4644 1185 5134 4645 935 5135 4646 1194 5136 4647 935 5137 4648 360 5138 4649 1187 5139 4650 938 5140 4651 363 5141 4652 1187 5142 4653 1182 5143 4654 938 5144 4655 1190 5145 4656 1184 5146 4657 941 5147 4658 1190 5148 4659 941 5149 4660 351 5150 4661 1196 5151 4662 1183 5152 4663 939 5153 4664 1196 5154 4665 939 5155 4666 369 5156 4667 999 5157 4668 1000 5158 6869 952 5159 4669 952 5160 4669 87 5161 4670 999 5162 4668 446 5163 4674 893 5164 4675 892 5165 4676 451 5166 4677 293 5167 4678 1232 5168 4679 293 5169 4680 261 5170 4681 1232 5171 4682 630 5172 4683 239 5173 4684 1230 5174 4685 239 5175 4686 238 5176 4687 1230 5177 4688 966 5178 4689 325 5179 6872 326 5180 4690 326 5181 4690 963 5182 4691 966 5183 4689 250 5184 4692 963 5185 4693 326 5186 4694 967 5187 4695 154 5188 6873 285 5189 4696 285 5190 4696 969 5191 4697 967 5192 4695 284 5193 4698 969 5194 4699 285 5195 4700 970 5196 4701 215 5197 6874 299 5198 4702 299 5199 4702 972 5200 4703 970 5201 4701 296 5202 4704 972 5203 4705 299 5204 4706 247 5205 4707 976 5206 4708 320 5207 4709 974 5208 4710 323 5209 6875 320 5210 4711 320 5211 4711 976 5212 4712 974 5213 4710 477 5214 4713 1136 5215 4714 1138 5216 4715 477 5217 4716 1138 5218 4717 1258 5219 4718 1141 5220 4719 1256 5221 4720 476 5222 4721 1140 5223 4722 1141 5224 4723 476 5225 4724 1144 5226 4725 1259 5227 4726 615 5228 4727 1143 5229 4728 1144 5230 4729 615 5231 4730 526 5232 4731 77 5233 4732 523 5234 4733 44 5235 4734 523 5236 4735 77 5237 4736 41 5238 4737 500 5239 4738 61 5240 4739 1274 5241 4740 61 5242 4741 500 5243 4742 1271 5244 4743 56 5245 4744 473 5246 4745 58 5247 4746 473 5248 4747 56 5249 4748 1388 5250 4749 721 5251 4750 720 5252 4751 1390 5253 4752 854 5254 4753 943 5255 4754 1392 5256 4755 726 5257 4756 725 5258 4757 1386 5259 4758 731 5260 4759 730 5261 4760 959 5262 4761 173 5263 4762 1216 5264 4763 173 5265 4764 1022 5266 4765 1216 5267 4766 926 5268 4767 519 5269 4768 1180 5270 4769 519 5271 4770 1011 5272 4771 1180 5273 4772 955 5274 4773 292 5275 4774 1217 5276 4775 292 5277 4776 1025 5278 4777 1217 5279 4778 946 5280 4779 531 5281 4780 1181 5282 4781 531 5283 4782 1014 5284 4783 1181 5285 4784 1373 5286 4785 1245 5287 4786 425 5288 4787 1146 5289 4788 348 5290 6876 1002 5291 4789 1002 5292 4789 638 5293 4790 1146 5294 4788 68 5295 4791 661 5296 6877 1154 5297 4792 1154 5298 4792 1153 5299 4793 68 5300 4791 1032 5301 4794 1033 5302 6878 315 5303 4795 315 5304 4795 1030 5305 4796 1032 5306 4794 382 5307 4797 4 5308 6879 1029 5309 4798 1029 5310 4798 786 5311 4799 382 5312 4797 697 5313 4800 698 5314 6880 8 5315 4801 8 5316 4801 696 5317 4802 697 5318 4800 1098 5319 4803 317 5320 6881 1099 5321 4804 1099 5322 4804 834 5323 4805 1098 5324 4803 251 5325 4806 737 5326 4807 1398 5327 4808 250 5328 4809 737 5329 4810 251 5330 4811 248 5331 4812 743 5332 4813 1397 5333 4814 247 5334 4815 743 5335 4816 248 5336 4817 297 5337 4818 740 5338 4819 1399 5339 4820 296 5340 4821 740 5341 4822 297 5342 4823 624 5343 4824 137 5344 4825 1219 5345 4826 136 5346 4827 1219 5347 4828 137 5348 4829 48 5349 4830 1218 5350 4831 49 5351 4832 704 5352 4833 49 5353 4834 1218 5354 4835 708 5355 4836 150 5356 6882 152 5357 4837 152 5358 4837 645 5359 4838 708 5360 4836 1045 5361 4839 838 5362 6883 677 5363 4840 677 5364 4840 15 5365 4841 1045 5366 4839 1335 5367 4842 643 5368 6884 660 5369 4843 660 5370 4843 662 5371 4844 1335 5372 4842 829 5373 4845 828 5374 6885 830 5375 4846 830 5376 4846 989 5377 4847 829 5378 4845 836 5379 4848 1320 5380 6886 833 5381 4849 833 5382 4849 835 5383 4850 836 5384 4848 898 5385 4851 899 5386 6887 900 5387 4852 900 5388 4852 1031 5389 4853 898 5390 4851 761 5391 4854 1162 5392 6888 381 5393 4855 381 5394 4855 1161 5395 4856 761 5396 4854 772 5397 4857 949 5398 6889 1049 5399 4858 1049 5400 4858 1051 5401 4859 772 5402 4857 1101 5403 4860 647 5404 6890 848 5405 4861 848 5406 4861 850 5407 4862 1101 5408 4860 635 5409 4863 1319 5410 6891 637 5411 4864 637 5412 4864 639 5413 4865 635 5414 4863 1240 5415 4869 1397 5416 4870 743 5417 4871 1297 5418 4872 1398 5419 4873 737 5420 4874 649 5421 4875 1043 5422 4876 650 5423 4877 1300 5424 4878 1399 5425 4879 740 5426 4880 1370 5427 4881 1285 5428 4882 936 5429 4883 1370 5430 4884 936 5431 4885 422 5432 4886 1368 5433 4887 1283 5434 4888 942 5435 4889 1368 5436 4890 942 5437 4891 415 5438 4892 1371 5439 4893 937 5440 4894 603 5441 4895 1371 5442 4896 1287 5443 4897 937 5444 4898 1366 5445 4899 940 5446 4900 289 5447 4901 1366 5448 4902 1281 5449 4903 940 5450 4904 148 5451 4905 676 5452 6895 703 5453 4906 703 5454 4906 149 5455 4907 148 5456 4905 1145 5457 4908 587 5458 6896 1303 5459 4909 1303 5460 4909 681 5461 4910 1145 5462 4908 86 5463 4911 350 5464 6897 1001 5465 4912 1001 5466 4912 1412 5467 4913 86 5468 4911 945 5469 4914 1251 5470 4915 551 5471 4916 945 5472 4917 270 5473 4918 1251 5474 4919 1333 5475 4920 65 5476 4921 1254 5477 4922 1333 5478 4923 1254 5479 4924 498 5480 4925 1334 5481 4926 1260 5482 4927 589 5483 4928 1334 5484 4929 201 5485 4930 1260 5486 4931 1397 5487 4932 139 5488 6898 265 5489 4933 265 5490 4933 1239 5491 4934 1397 5492 4932 1398 5493 4935 147 5494 6899 263 5495 4936 263 5496 4936 1299 5497 4937 1398 5498 4935 1399 5499 4938 161 5500 6900 405 5501 4939 405 5502 4939 1302 5503 4940 1399 5504 4938 1043 5505 4941 127 5506 6901 1044 5507 4942 1044 5508 4942 648 5509 4943 1043 5510 4941 827 5511 4944 907 5512 6902 770 5513 4945 770 5514 4945 773 5515 4946 827 5516 4944 901 5517 4947 910 5518 6903 760 5519 4948 760 5520 4948 762 5521 4949 901 5522 4947 1159 5523 4950 636 5524 6904 642 5525 4951 642 5526 4951 764 5527 4952 1159 5528 4950 857 5529 4953 1160 5530 6905 612 5531 4954 612 5532 4954 646 5533 4955 857 5534 4953 1088 5535 4956 881 5536 4957 880 5537 4958 880 5538 4959 226 5539 4960 1088 5540 4961 883 5541 4962 203 5542 4963 1073 5543 4964 1073 5544 4965 884 5545 4966 883 5546 4967 1082 5547 4968 887 5548 4969 886 5549 4970 886 5550 4971 235 5551 4972 1082 5552 4973 1070 5553 4974 890 5554 4975 889 5555 4976 889 5556 4977 377 5557 4978 1070 5558 4979 892 5559 4980 893 5560 4981 448 5561 4982 987 5562 4983 988 5563 6906 676 5564 4984 676 5565 4984 148 5566 4985 987 5567 4983 1329 5568 4986 975 5569 4987 247 5570 4988 1327 5571 4989 968 5572 4990 284 5573 4991 1330 5574 4992 971 5575 4993 296 5576 4994 1328 5577 4995 962 5578 4996 250 5579 4997 507 5580 4998 1086 5581 4999 1083 5582 5000 1086 5583 5001 1084 5584 5002 1083 5585 5003 1071 5586 5004 1075 5587 5005 1074 5588 5006 503 5589 5007 1071 5590 5008 1074 5591 5009 496 5592 5010 1080 5593 5011 1077 5594 5012 1080 5595 5013 1078 5596 5014 1077 5597 5015 1068 5598 5016 1066 5599 5017 1065 5600 5018 379 5601 5019 1068 5602 5020 1065 5603 5021 230 5604 5022 1228 5605 5023 228 5606 5024 629 5607 5025 228 5608 5026 1228 5609 5027 351 5610 5028 1103 5611 5029 1347 5612 5030 351 5613 5031 1347 5614 5032 1346 5615 5033 363 5616 5034 1105 5617 5035 1350 5618 5036 363 5619 5037 1350 5620 5038 1351 5621 5039 360 5622 5040 1104 5623 5041 1344 5624 5042 360 5625 5043 1344 5626 5044 1345 5627 5045 369 5628 5046 1106 5629 5047 1349 5630 5048 369 5631 5049 1349 5632 5050 1348 5633 5051 888 5634 5052 1119 5635 5053 35 5636 5054 885 5637 5055 1116 5638 5056 592 5639 5057 879 5640 5058 1117 5641 5059 392 5642 5060 882 5643 5061 1118 5644 5062 398 5645 5063 228 5646 5064 1148 5647 5065 429 5648 5066 686 5649 5067 1164 5650 5068 91 5651 5069 704 5652 5070 1163 5653 5071 331 5654 5072 682 5655 5073 1166 5656 5074 82 5657 5075 239 5658 5076 1102 5659 5077 237 5660 5078 624 5661 5079 1165 5662 5080 135 5663 5081 224 5664 5082 1147 5665 5083 222 5666 5084 293 5667 5085 1125 5668 5086 259 5669 5087 103 5670 5088 102 5671 5089 1231 5672 5090 338 5673 5091 1309 5674 5092 626 5675 5093 100 5676 5094 99 5677 5095 1290 5678 5096 169 5679 5097 168 5680 5098 1289 5681 5099 336 5682 5100 1310 5683 5101 653 5684 5102 231 5685 5103 233 5686 5104 1292 5687 5105 79 5688 5106 328 5689 5107 1229 5690 5108 875 5691 5109 632 5692 6908 1229 5693 5110 875 5694 5109 1229 5695 5110 328 5696 5111 875 5697 5109 328 5698 5111 81 5699 6907 318 5700 5112 258 5701 5113 1291 5702 5114 1 5703 5115 562 5704 5116 1422 5705 5117 809 5706 5118 1422 5707 5119 562 5708 5120 805 5709 5121 566 5710 5122 1421 5711 5123 806 5712 5124 1421 5713 5125 566 5714 5126 812 5715 5127 1420 5716 5128 490 5717 5129 10 5718 5130 490 5719 5131 1420 5720 5132 1419 5721 5133 779 5722 5134 426 5723 5135 1419 5724 5136 426 5725 5137 1373 5726 5138 1095 5727 5139 1270 5728 5140 995 5729 5141 1095 5730 5142 547 5731 5143 1270 5732 5144 1277 5733 5145 1278 5734 5146 998 5735 5147 1277 5736 5148 494 5737 5149 1278 5738 5150 372 5739 5151 373 5740 6909 895 5741 5152 895 5742 5152 374 5743 5153 372 5744 5151 610 5745 5154 895 5746 5155 373 5747 5156 354 5748 5157 355 5749 6910 166 5750 5158 166 5751 5158 356 5752 5159 354 5753 5157 1089 5754 5160 166 5755 5161 355 5756 5162 366 5757 5163 367 5758 6911 560 5759 5164 560 5760 5164 368 5761 5165 366 5762 5163 798 5763 5166 560 5764 5167 367 5765 5168 357 5766 5169 358 5767 6912 27 5768 5170 27 5769 5170 359 5770 5171 357 5771 5169 1090 5772 5172 27 5773 5173 358 5774 5174 1379 5775 5175 199 5776 5176 314 5777 5177 1379 5778 5178 1244 5779 5179 199 5780 5180 181 5781 5181 1273 5782 5182 184 5783 5183 181 5784 5184 543 5785 5185 1273 5786 5186 1256 5787 5187 124 5788 5188 1360 5789 5189 124 5790 5190 216 5791 5191 1360 5792 5192 112 5793 5193 111 5794 5194 1361 5795 5195 1259 5796 5196 112 5797 5197 1361 5798 5198 1257 5799 5199 155 5800 5200 1359 5801 5201 1258 5802 5202 1257 5803 5203 1359 5804 5204 1326 5805 5205 271 5806 5206 164 5807 5207 1326 5808 5208 164 5809 5209 1181 5810 5210 1353 5811 5211 278 5812 5212 19 5813 5213 1353 5814 5214 19 5815 5215 1216 5816 5216 1352 5817 5217 94 5818 5218 90 5819 5219 1352 5820 5220 90 5821 5221 1217 5822 5222 1325 5823 5223 275 5824 5224 132 5825 5225 1325 5826 5226 132 5827 5227 1180 5828 5228 709 5829 5229 304 5830 5230 306 5831 5231 306 5832 5232 305 5833 5233 709 5834 5234 394 5835 5235 225 5836 5236 410 5837 5237 410 5838 5238 227 5839 5239 394 5840 5240 409 5841 5241 204 5842 5242 400 5843 5243 400 5844 5244 202 5845 5245 409 5846 5246 558 5847 5247 236 5848 5248 435 5849 5249 435 5850 5250 234 5851 5251 558 5852 5252 1157 5853 5253 117 5854 5254 973 5855 5255 974 5856 5256 973 5857 5257 117 5858 5258 1396 5859 5259 116 5860 5260 1266 5861 5261 1396 5862 5262 190 5863 5263 116 5864 5264 1340 5865 5265 122 5866 5266 1227 5867 5267 122 5868 5268 1340 5869 5269 1378 5870 5270 1339 5871 5271 185 5872 5272 131 5873 5273 1339 5874 5274 131 5875 5275 1224 5876 5276 557 5877 5277 991 5878 5278 1342 5879 5279 1342 5880 5280 991 5881 5281 992 5882 5282 961 5883 5283 799 5884 5284 171 5885 5285 172 5886 5286 171 5887 5287 799 5888 5288 957 5889 5289 611 5890 5290 290 5891 5291 291 5892 5292 290 5893 5293 611 5894 5294 530 5895 5295 529 5896 5296 769 5897 5297 948 5898 5298 769 5899 5299 529 5900 5300 518 5901 5301 517 5902 5302 759 5903 5303 928 5904 5304 759 5905 5305 517 5906 5306 240 5907 5307 242 5908 5308 1400 5909 5309 106 5910 5310 1400 5911 5311 242 5912 5312 1008 5913 5313 407 5914 5314 221 5915 5315 219 5916 5316 221 5917 5317 407 5918 5318 29 5919 5319 31 5920 5320 411 5921 5321 1006 5922 5322 411 5923 5323 31 5924 5324 208 5925 5325 210 5926 5326 431 5927 5327 1009 5928 5328 431 5929 5329 210 5930 5330 284 5931 5331 1265 5932 5332 388 5933 5333 1265 5934 5334 650 5935 5335 388 5936 5336 155 5937 5337 576 5938 5338 153 5939 5339 494 5940 5340 493 5941 5341 1092 5942 5342 1092 5943 5343 493 5944 5344 1395 5945 5345 547 5946 5346 1315 5947 5347 1272 5948 5348 547 5949 5349 1272 5950 5350 1270 5951 5351 543 5952 5352 1317 5953 5353 1275 5954 5354 543 5955 5355 1275 5956 5356 1273 5957 5357 314 5958 5358 1269 5959 5359 1235 5960 5360 314 5961 5361 1235 5962 5362 1379 5963 5363 1382 5964 5364 781 5965 5365 1280 5966 5366 1301 5967 5367 740 5968 6913 739 5969 5368 739 5970 5368 738 5971 5369 1301 5972 5367 1298 5973 5373 737 5974 6917 736 5975 5374 736 5976 5374 735 5977 5375 1298 5978 5373 1241 5979 5379 743 5980 6921 742 5981 5380 742 5982 5380 741 5983 5381 1241 5984 5379 45 5985 5382 965 5986 5383 990 5987 5384 964 5988 5385 990 5989 5386 965 5990 5387 413 5991 5388 167 5992 5389 711 5993 5390 711 5994 5391 414 5995 5392 413 5996 5393 715 5997 5394 421 5998 5395 420 5999 5396 420 6000 5397 28 6001 5398 715 6002 5399 483 6003 5400 804 6004 5401 1210 6005 5402 804 6006 5403 1259 6007 5404 1210 6008 5405 1214 6009 5406 692 6010 5407 1258 6011 5408 194 6012 5409 692 6013 5410 1214 6014 5411 189 6015 5412 687 6016 5413 1212 6017 5414 687 6018 5415 1256 6019 5416 1212 6020 5417 43 6021 5418 1142 6022 5419 1385 6023 5420 1142 6024 5421 146 6025 5422 1385 6026 5423 60 6027 5424 1139 6028 5425 1383 6029 5426 1139 6030 5427 160 6031 5428 1383 6032 5429 53 6033 5430 1135 6034 5431 1384 6035 5432 1135 6036 5433 126 6037 5434 1384 6038 5435 287 6039 5436 12 6040 5437 840 6041 5438 840 6042 5439 288 6043 5440 287 6044 5441 623 6045 5442 561 6046 5443 846 6047 5444 846 6048 5445 604 6049 5446 623 6050 5447 245 6051 5448 1376 6052 5449 89 6053 5450 1376 6054 5451 245 6055 5452 954 6056 5453 207 6057 5454 1377 6058 5455 18 6059 5456 1377 6060 5457 207 6061 5458 958 6062 5459 16 6063 5460 1374 6064 5461 163 6065 5462 1374 6066 5463 16 6067 5464 1375 6068 5465 929 6069 5466 1198 6070 5467 134 6071 5468 1198 6072 5469 929 6073 5470 1199 6074 5471 1126 6075 5472 1363 6076 5473 1362 6077 5474 1362 6078 5475 1363 6079 5476 138 6080 5477 255 6081 5478 46 6082 5479 1129 6083 5480 59 6084 5481 404 6085 5482 442 6086 5483 60 6087 5484 59 6088 5485 442 6089 5486 436 6090 5487 44 6091 5488 437 6092 5489 44 6093 5490 267 6094 5491 437 6095 5492 1332 6096 5493 196 6097 5494 1003 6098 5495 197 6099 5496 196 6100 5497 1332 6101 5498 659 6102 5499 1401 6103 5500 816 6104 5501 654 6105 5502 1402 6106 5503 815 6107 5504 1316 6108 5505 1416 6109 5506 578 6110 5507 1315 6111 5508 1416 6112 5509 1316 6113 5510 1318 6114 5511 1417 6115 5512 574 6116 5513 1317 6117 5514 1417 6118 5515 1318 6119 5516 1268 6120 5517 1418 6121 5518 557 6122 5519 1269 6123 5520 1418 6124 5521 1268 6125 5522 1267 6126 5523 1423 6127 5524 1158 6128 5525 1395 6129 5526 1423 6130 5527 1267 6131 5528 169 6132 5529 1248 6133 6922 1247 6134 5530 1247 6135 5530 170 6136 5531 169 6137 5529 318 6138 5532 1250 6139 6923 1249 6140 5533 1249 6141 5533 256 6142 5534 318 6143 5532 50 6144 5535 1220 6145 5536 51 6146 5537 1149 6147 5538 718 6148 5539 1358 6149 5540 1149 6150 5541 870 6151 5542 718 6152 5543 479 6153 5544 1311 6154 5545 1413 6155 5546 1311 6156 5547 1091 6157 5548 1413 6158 5549 1312 6159 5550 1414 6160 5551 475 6161 5552 1312 6162 5553 1093 6163 5554 1414 6164 5555 1313 6165 5556 1415 6166 5557 502 6167 5558 1313 6168 5559 1096 6169 5560 1415 6170 5561 1251 6171 5562 270 6172 5563 1252 6173 5564 270 6174 5565 554 6175 5566 1252 6176 5567 65 6177 5568 544 6178 5569 1253 6179 5570 1254 6180 5571 65 6181 5572 1253 6182 5573 701 6183 5574 217 6184 5575 1341 6185 5576 701 6186 5577 218 6187 5578 217 6188 5579 933 6189 5580 932 6190 5581 1052 6191 5582 930 6192 5583 932 6193 5584 933 6194 5585 1304 6195 5586 700 6196 5587 699 6197 5588 1304 6198 5589 586 6199 5590 700 6200 5591 664 6201 5592 934 6202 5593 349 6203 5594 663 6204 5595 934 6205 5596 664 6206 5597 1363 6207 5598 1150 6208 5599 1364 6209 5600 718 6210 5601 1364 6211 5602 1150 6212 5603 992 6213 5604 311 6214 5605 310 6215 5606 992 6216 5607 310 6217 5608 965 6218 5609 686 6219 5610 93 6220 5611 1250 6221 5612 92 6222 5613 1249 6223 6924 1250 6224 5614 1250 6225 5614 93 6226 5615 92 6227 5613 83 6228 5616 1247 6229 6925 1248 6230 5617 1248 6231 5617 84 6232 5618 83 6233 5616 682 6234 5619 84 6235 5620 1248 6236 5621 808 6237 5622 821 6238 5623 1356 6239 5624 811 6240 5625 824 6241 5626 1355 6242 5627 746 6243 5628 748 6244 5629 1354 6245 5630 97 6246 5631 1263 6247 5632 98 6248 5633 1262 6249 5634 98 6250 5635 1263 6251 5636 1260 6252 5637 201 6253 5638 1261 6254 5639 534 6255 5640 1261 6256 5641 201 6257 5642 201 6258 5643 73 6259 5644 534 6260 5645 1064 6261 5646 1234 6262 6926 755 6263 5647 755 6264 5647 831 6265 5648 1064 6266 5646 756 6267 5649 843 6268 6927 1120 6269 5650 1120 6270 5650 1122 6271 5651 756 6272 5649 707 6273 5652 837 6274 6928 1060 6275 5653 1060 6276 5653 904 6277 5654 707 6278 5652 1055 6279 5655 1057 6280 6929 777 6281 5656 777 6282 5656 752 6283 5657 1055 6284 5655 690 6285 5658 921 6286 5659 1403 6287 5660 1403 6288 5661 921 6289 5662 345 6290 5663 1157 6291 5664 819 6292 5665 1331 6293 5666 1331 6294 5667 819 6295 5668 333 6296 5669 688 6297 5670 924 6298 5671 1404 6299 5672 1404 6300 5673 924 6301 5674 343 6302 5675 1434 6303 5679 1433 6304 6933 1222 6305 5680 1222 6306 5680 1437 6307 5681 1434 6308 5679 1438 6309 5682 1440 6310 6935 720 6311 5683 720 6312 5683 1436 6313 6934 1435 6314 5684 1438 6315 5682 720 6316 5683 1435 6317 5684 1222 6318 5685 1441 6319 6936 1439 6320 5686 1439 6321 5686 1437 6322 5687 1222 6323 5685 597 6324 5700 1455 6325 6953 1454 6326 5701 597 6327 5700 1454 6328 5701 1459 6329 5702 597 6330 5700 1459 6331 5702 1461 6332 6952 509 6333 5709 1477 6334 6960 1478 6335 5710 1478 6336 5710 791 6337 5711 509 6338 5709 1269 6339 5715 1484 6340 6968 1475 6341 5716 1269 6342 5715 1475 6343 5716 1474 6344 5717 1269 6345 5715 1474 6346 5717 1418 6347 6967 98 6348 5727 1493 6349 6978 1495 6350 5728 98 6351 5727 1495 6352 5728 1499 6353 5729 98 6354 5727 1499 6355 5729 1503 6356 6977 1528 6357 5730 1526 6358 6979 110 6359 5731 110 6360 5731 1530 6361 5732 1528 6362 5730 723 6363 5733 1527 6364 6980 1529 6365 5734 1529 6366 5734 1533 6367 5735 723 6368 5733 110 6369 5736 1534 6370 6981 1531 6371 5737 1531 6372 5737 1530 6373 5738 110 6374 5736 1496 6375 7267 1497 6376 6995 1468 6377 6994 1468 6378 6994 1469 6379 7271 1470 6380 7268 1470 6381 7268 1473 6382 7269 1482 6383 7270 1468 6384 6994 1470 6385 7268 1482 6386 7270 1496 6387 7267 1468 6388 6994 1482 6389 7270 1496 6390 7267 1482 6391 7270 1488 6392 5745 1492 6393 7266 1496 6394 7267 1488 6395 5745 1509 6396 5749 1507 6397 6998 1506 6398 5750 1506 6399 5750 1508 6400 5751 1509 6401 5749 1507 6402 5752 1505 6403 6999 1504 6404 5753 1504 6405 5753 1506 6406 5754 1507 6407 5752 1505 6408 5755 1502 6409 7000 1501 6410 5756 1501 6411 5756 1504 6412 5757 1505 6413 5755 1499 6414 5761 1495 6415 7004 1494 6416 5762 1494 6417 5762 1498 6418 5763 1499 6419 5761 1474 6420 5773 1475 6421 7013 1476 6422 5774 1474 6423 5773 1476 6424 5774 1472 6425 5775 1474 6426 5773 1472 6427 5775 1471 6428 7012 1471 6429 5776 1472 6430 7014 1467 6431 5777 1467 6432 5777 1466 6433 5778 1471 6434 5776 1464 6435 5779 1463 6436 7016 1465 6437 5780 1464 6438 5779 1465 6439 5780 1466 6440 5781 1464 6441 5779 1466 6442 5781 1467 6443 7015 1463 6444 5782 1464 6445 7017 1462 6446 5783 1462 6447 5783 1460 6448 5784 1463 6449 5782 1454 6450 5788 1456 6451 7021 1457 6452 5789 1454 6453 5788 1457 6454 5789 1458 6455 5790 1454 6456 5788 1458 6457 5790 1459 6458 7020 1452 6459 5794 1453 6460 7024 1451 6461 5795 1451 6462 5795 1450 6463 5796 1452 6464 5794 1446 6465 5800 1447 6466 7028 1445 6467 5801 1445 6468 5801 1444 6469 5802 1446 6470 5800 1444 6471 5803 1445 6472 7029 1443 6473 5804 1443 6474 5804 1442 6475 5805 1444 6476 5803 1435 6477 5809 1434 6478 7034 1437 6479 5810 1435 6480 5809 1437 6481 5810 1439 6482 5811 1435 6483 5809 1439 6484 5811 1438 6485 7033 1431 6486 5815 1432 6487 7038 1430 6488 5816 1430 6489 5816 1429 6490 5817 1431 6491 5815 1428 6492 5818 1426 6493 7040 1427 6494 5819 1428 6495 5818 1427 6496 5819 1429 6497 5820 1428 6498 5818 1429 6499 5820 1430 6500 7039 1427 6501 5821 1426 6502 7041 1424 6503 5822 1424 6504 5822 1425 6505 5823 1427 6506 5821 1425 6507 5824 1424 6508 7042 1535 6509 5825 1535 6510 5825 1536 6511 5826 1425 6512 5824 1525 6513 5836 1523 6514 7051 1522 6515 5837 1522 6516 5837 1524 6517 5838 1525 6518 5836 1523 6519 5839 1521 6520 7052 1520 6521 5840 1520 6522 5840 1522 6523 5841 1523 6524 5839 1521 6525 5842 1519 6526 7053 1518 6527 5843 1518 6528 5843 1520 6529 5844 1521 6530 5842 1519 6531 5845 1517 6532 7054 1516 6533 5846 1516 6534 5846 1518 6535 5847 1519 6536 5845 1513 6537 5848 1516 6538 7055 1517 6539 5849 1517 6540 5849 1514 6541 5850 1513 6542 5848 1511 6543 5851 1513 6544 7057 1514 6545 5852 1511 6546 5851 1514 6547 5852 1515 6548 5853 1511 6549 5851 1515 6550 5853 1512 6551 7056 1480 6552 5854 1486 6553 7058 1487 6554 5855 1487 6555 5855 1481 6556 5856 1480 6557 5854 1481 6558 5857 1478 6559 7059 1477 6560 5858 1477 6561 5858 1480 6562 5859 1481 6563 5857 1580 6564 5863 1487 6565 7072 1486 6566 5864 1486 6567 5864 1581 6568 5865 1580 6569 5863 1588 6570 5872 1108 6571 7096 792 6572 5873 792 6573 5873 1587 6574 5874 1588 6575 5872 1572 6576 7217 1571 6577 7277 1573 6578 7274 1573 6579 7274 1576 6580 7275 1582 6581 7276 1572 6582 7217 1573 6583 7274 1582 6584 7276 1582 6585 7276 1589 6586 5902 1592 6587 7272 1572 6588 7217 1582 6589 7276 1592 6590 7272 1572 6591 7217 1592 6592 7272 1595 6593 7273 1596 6594 7218 1572 6595 7217 1595 6596 7273 1598 6597 5903 1594 6598 7219 1593 6599 5904 1593 6600 5904 1597 6601 5905 1598 6602 5903 1594 6603 5906 1591 6604 7220 1590 6605 5907 1590 6606 5907 1593 6607 5908 1594 6608 5906 1591 6609 5909 1586 6610 7221 1583 6611 5910 1583 6612 5910 1590 6613 5911 1591 6614 5909 1583 6615 5912 1586 6616 7222 1579 6617 5913 1579 6618 5913 1578 6619 5914 1583 6620 5912 1577 6621 5915 1578 6622 7224 1579 6623 5916 1577 6624 5915 1579 6625 5916 1575 6626 5917 1577 6627 5915 1575 6628 5917 1574 6629 7223 1574 6630 5918 1575 6631 7225 1570 6632 5919 1570 6633 5919 1569 6634 5920 1574 6635 5918 1569 6636 5921 1570 6637 7226 1568 6638 5922 1568 6639 5922 1567 6640 5923 1569 6641 5921 1567 6642 5924 1568 6643 7227 1566 6644 5925 1566 6645 5925 1565 6646 5926 1567 6647 5924 1565 6648 5927 1566 6649 7228 1564 6650 5928 1564 6651 5928 1563 6652 5929 1565 6653 5927 1563 6654 5930 1564 6655 7229 1562 6656 5931 1562 6657 5931 1561 6658 5932 1563 6659 5930 1559 6660 5933 1557 6661 7231 1560 6662 5934 1559 6663 5933 1560 6664 5934 1561 6665 5935 1559 6666 5933 1561 6667 5935 1562 6668 7230 1555 6669 5939 1556 6670 7234 1554 6671 5940 1554 6672 5940 1553 6673 5941 1555 6674 5939 1553 6675 5942 1554 6676 7235 1552 6677 5943 1552 6678 5943 1551 6679 5944 1553 6680 5942 1551 6681 5945 1552 6682 7236 1550 6683 5946 1550 6684 5946 1549 6685 5947 1551 6686 5945 1549 6687 5948 1550 6688 7237 1548 6689 5949 1548 6690 5949 1547 6691 5950 1549 6692 5948 1547 6693 5951 1548 6694 7238 1546 6695 5952 1546 6696 5952 1545 6697 5953 1547 6698 5951 1545 6699 5954 1546 6700 7239 1544 6701 5955 1544 6702 5955 1543 6703 5956 1545 6704 5954 1543 6705 5957 1544 6706 7240 1542 6707 5958 1542 6708 5958 1541 6709 5959 1543 6710 5957 1541 6711 5960 1542 6712 7241 1540 6713 5961 1540 6714 5961 1539 6715 5962 1541 6716 5960 1539 6717 5963 1540 6718 7242 1538 6719 5964 1538 6720 5964 1537 6721 5965 1539 6722 5963 1538 6723 5966 1632 6724 7243 1631 6725 5967 1631 6726 5967 1537 6727 5968 1538 6728 5966 1632 6729 5969 1630 6730 7244 1629 6731 5970 1629 6732 5970 1631 6733 5971 1632 6734 5969 1630 6735 5972 1628 6736 7245 1627 6737 5973 1627 6738 5973 1629 6739 5974 1630 6740 5972 1628 6741 5975 1626 6742 7246 1625 6743 5976 1625 6744 5976 1627 6745 5977 1628 6746 5975 1626 6747 5978 1624 6748 7247 1623 6749 5979 1623 6750 5979 1625 6751 5980 1626 6752 5978 1624 6753 5981 1622 6754 7248 1621 6755 5982 1621 6756 5982 1623 6757 5983 1624 6758 5981 1622 6759 5984 1620 6760 7249 1619 6761 5985 1619 6762 5985 1621 6763 5986 1622 6764 5984 1620 6765 5987 1618 6766 7250 1615 6767 5988 1615 6768 5988 1619 6769 5989 1620 6770 5987 1607 6771 5999 1605 6772 7259 1604 6773 6000 1604 6774 6000 1606 6775 6001 1607 6776 5999 1605 6777 6002 1603 6778 7260 1602 6779 6003 1602 6780 6003 1604 6781 6004 1605 6782 6002 1603 6783 6005 1601 6784 7261 1600 6785 6006 1600 6786 6006 1602 6787 6007 1603 6788 6005 1587 6789 6011 1584 6790 7264 1585 6791 6012 1585 6792 6012 1588 6793 6013 1587 6794 6011 1584 6795 6014 1580 6796 7265 1581 6797 6015 1581 6798 6015 1585 6799 6016 1584 6800 6014 3 6801 1 1028 6802 2 4 6803 0 3 6804 1 4 6805 0 382 6806 6021 3 6807 1 382 6808 6021 381 6809 6020 929 6810 6017 3 6811 1 381 6812 6020 929 6813 6017 381 6814 6020 1162 6815 6018 929 6816 6017 1162 6817 6018 5 6818 6019 1573 6819 6089 1571 6820 6090 1496 6821 6088 1573 6822 6089 1496 6823 6088 1492 6824 6091 1576 6825 6095 1573 6826 6089 1492 6827 6091 1576 6828 6095 1492 6829 6091 1488 6830 6096 1488 6831 6096 1482 6832 4 1310 6833 6026 1576 6834 6095 1488 6835 6096 1310 6836 6026 1582 6837 6094 1576 6838 6095 1310 6839 6026 1589 6840 6087 1582 6841 6094 1310 6842 6026 1592 6843 6086 1589 6844 6087 1310 6845 6026 1595 6846 6084 1592 6847 6086 1310 6848 6026 1595 6849 6084 1310 6850 6026 652 6851 6085 1595 6852 6084 652 6853 6085 32 6854 6057 33 6855 6083 1595 6856 6084 32 6857 6057 32 6858 6057 1166 6859 6058 682 6860 6056 33 6861 6083 32 6862 6057 682 6863 6056 140 6864 6082 33 6865 6083 682 6866 6056 140 6867 6082 682 6868 6056 683 6869 6031 683 6870 6031 1289 6871 6032 684 6872 6030 140 6873 6082 683 6874 6031 684 6875 6030 140 6876 6082 684 6877 6030 141 6878 6034 142 6879 6081 140 6880 6082 141 6881 6034 141 6882 6034 1102 6883 6035 630 6884 6033 142 6885 6081 141 6886 6034 630 6887 6033 20 6888 6080 142 6889 6081 630 6890 6033 20 6891 6080 630 6892 6033 631 6893 6060 631 6894 6060 1229 6895 6061 632 6896 6059 20 6897 6080 631 6898 6060 632 6899 6059 20 6900 6080 632 6901 6059 21 6902 6063 22 6903 6079 20 6904 6080 21 6905 6063 21 6906 6063 1165 6907 6064 624 6908 6062 22 6909 6079 21 6910 6063 624 6911 6062 281 6912 6078 22 6913 6079 624 6914 6062 281 6915 6078 624 6916 6062 625 6917 6037 625 6918 6037 1292 6919 6038 282 6920 6036 281 6921 6078 625 6922 6037 282 6923 6036 281 6924 6078 282 6925 6036 628 6926 6040 283 6927 6077 281 6928 6078 628 6929 6040 628 6930 6040 1148 6931 6041 629 6932 6039 283 6933 6077 628 6934 6040 629 6935 6039 25 6936 6076 283 6937 6077 629 6938 6039 25 6939 6076 629 6940 6039 626 6941 6066 626 6942 6066 1309 6943 6067 627 6944 6065 25 6945 6076 626 6946 6066 627 6947 6065 25 6948 6076 627 6949 6065 23 6950 6069 24 6951 6075 25 6952 6076 23 6953 6069 23 6954 6069 1164 6955 6070 686 6956 6068 24 6957 6075 23 6958 6069 686 6959 6068 452 6960 6074 24 6961 6075 686 6962 6068 452 6963 6074 686 6964 6068 685 6965 6043 685 6966 6043 1291 6967 6044 453 6968 6042 452 6969 6074 685 6970 6043 453 6971 6042 452 6972 6074 453 6973 6042 450 6974 6046 449 6975 6073 452 6976 6074 450 6977 6046 450 6978 6046 1125 6979 6047 451 6980 6045 449 6981 6073 450 6982 6046 451 6983 6045 38 6984 6054 449 6985 6073 451 6986 6045 38 6987 6054 451 6988 6045 294 6989 6071 294 6990 6071 1231 6991 6072 295 6992 6055 38 6993 6054 294 6994 6071 295 6995 6055 38 6996 6054 295 6997 6055 39 6998 6053 40 6999 6050 38 7000 6054 39 7001 6053 40 7002 6050 39 7003 6053 1163 7004 6052 40 7005 6050 1163 7006 6052 704 7007 6051 40 7008 6050 704 7009 6051 705 7010 6048 145 7011 6028 40 7012 6050 705 7013 6048 705 7014 6048 1290 7015 6049 706 7016 6029 145 7017 6028 705 7018 6048 706 7019 6029 145 7020 6028 706 7021 6029 143 7022 6027 144 7023 6023 145 7024 6028 143 7025 6027 144 7026 6023 143 7027 6027 1147 7028 6025 144 7029 6023 1147 7030 6025 651 7031 6024 144 7032 6023 651 7033 6024 653 7034 6022 34 7035 3 144 7036 6023 653 7037 6022 34 7038 3 653 7039 6022 1310 7040 6026 34 7041 3 1310 7042 6026 1482 7043 4 34 7044 3 1482 7045 4 1473 7046 5 34 7047 3 1473 7048 5 1470 7049 6092 34 7050 3 1470 7051 6092 1469 7052 6093 157 7053 70 459 7054 71 158 7055 69 404 7056 6100 157 7057 70 158 7058 69 404 7059 6100 158 7060 69 156 7061 6098 1131 7062 6097 404 7063 6100 156 7064 6098 1131 7065 6097 156 7066 6098 444 7067 6099 178 7068 6136 246 7069 6137 672 7070 74 178 7071 6136 672 7072 74 671 7073 6135 1321 7074 6134 178 7075 6136 671 7076 6135 1321 7077 6134 671 7078 6135 668 7079 6133 389 7080 6132 1321 7081 6134 668 7082 6133 389 7083 6132 668 7084 6133 669 7085 6130 284 7086 6131 389 7087 6132 669 7088 6130 1327 7089 6129 284 7090 6131 669 7091 6130 1327 7092 6129 669 7093 6130 670 7094 6127 158 7095 6128 1327 7096 6129 670 7097 6127 156 7098 6126 158 7099 6128 670 7100 6127 156 7101 6126 670 7102 6127 159 7103 6125 1324 7104 6124 156 7105 6126 159 7106 6125 1324 7107 6124 159 7108 6125 319 7109 6123 298 7110 6122 1324 7111 6124 319 7112 6123 298 7113 6122 319 7114 6123 301 7115 6120 296 7116 6121 298 7117 6122 301 7118 6120 1330 7119 6119 296 7120 6121 301 7121 6120 1330 7122 6119 301 7123 6120 302 7124 6117 213 7125 6118 1330 7126 6119 302 7127 6117 211 7128 6116 213 7129 6118 302 7130 6117 211 7131 6116 302 7132 6117 303 7133 6115 1322 7134 6114 211 7135 6116 303 7136 6115 1322 7137 6114 303 7138 6115 617 7139 6113 252 7140 6112 1322 7141 6114 617 7142 6113 252 7143 6112 617 7144 6113 634 7145 6110 250 7146 6111 252 7147 6112 634 7148 6110 1328 7149 6109 250 7150 6111 634 7151 6110 1328 7152 6109 634 7153 6110 633 7154 6107 253 7155 6108 1328 7156 6109 633 7157 6107 254 7158 6106 253 7159 6108 633 7160 6107 254 7161 6106 633 7162 6107 620 7163 6105 1323 7164 6104 254 7165 6106 620 7166 6105 1323 7167 6104 620 7168 6105 618 7169 6103 249 7170 6101 1323 7171 6104 618 7172 6103 249 7173 6101 618 7174 6103 619 7175 73 672 7176 74 246 7177 6137 1329 7178 72 619 7179 73 672 7180 74 1329 7181 72 619 7182 73 1329 7183 72 247 7184 6102 249 7185 6101 619 7186 73 247 7187 6102 212 7188 115 467 7189 116 213 7190 114 262 7191 6143 212 7192 115 213 7193 114 262 7194 6143 213 7195 114 211 7196 6141 893 7197 6140 262 7198 6143 211 7199 6141 893 7200 6140 211 7201 6141 448 7202 6142 178 7203 133 472 7204 6146 858 7205 134 178 7206 133 858 7207 134 176 7208 132 178 7209 133 176 7210 132 177 7211 6148 246 7212 6147 178 7213 133 177 7214 6148 246 7215 6147 177 7216 6148 457 7217 6149 1129 7218 142 465 7219 143 253 7220 141 255 7221 6154 1129 7222 142 253 7223 141 267 7224 6153 255 7225 6154 253 7226 141 267 7227 6153 253 7228 141 254 7229 6151 1133 7230 6150 267 7231 6153 254 7232 6151 1133 7233 6150 254 7234 6151 440 7235 6152 315 7236 181 588 7237 182 316 7238 180 1030 7239 6160 315 7240 181 316 7241 180 1031 7242 6159 1030 7243 6160 316 7244 180 1031 7245 6159 316 7246 180 221 7247 6157 898 7248 6156 1031 7249 6159 221 7250 6157 898 7251 6156 221 7252 6157 220 7253 6158 243 7254 184 678 7255 185 317 7256 183 243 7257 184 317 7258 183 1098 7259 6165 243 7260 184 1098 7261 6165 833 7262 6164 245 7263 6161 243 7264 184 833 7265 6164 245 7266 6161 833 7267 6164 1320 7268 6162 245 7269 6161 1320 7270 6162 244 7271 6163 205 7272 241 861 7273 242 348 7274 240 205 7275 241 348 7276 240 1146 7277 6179 205 7278 241 1146 7279 6179 637 7280 6178 207 7281 6175 205 7282 241 637 7283 6178 207 7284 6175 637 7285 6178 1319 7286 6176 207 7287 6175 1319 7288 6176 206 7289 6177 789 7290 268 930 7291 269 1314 7292 267 787 7293 6206 789 7294 268 1314 7295 267 787 7296 6206 1314 7297 267 663 7298 6211 787 7299 6206 663 7300 6211 664 7301 6210 787 7302 6206 664 7303 6210 349 7304 6209 787 7305 6206 349 7306 6209 350 7307 6208 787 7308 6206 350 7309 6208 86 7310 6207 787 7311 6206 86 7312 6207 87 7313 6204 1209 7314 6205 787 7315 6206 87 7316 6204 85 7317 6203 1209 7318 6205 87 7319 6204 85 7320 6203 87 7321 6204 952 7322 6202 983 7323 6201 85 7324 6203 952 7325 6202 983 7326 6201 952 7327 6202 951 7328 6200 977 7329 6199 983 7330 6201 951 7331 6200 977 7332 6199 951 7333 6200 695 7334 6198 384 7335 6197 977 7336 6199 695 7337 6198 384 7338 6197 695 7339 6198 386 7340 6196 383 7341 6195 384 7342 6197 386 7343 6196 383 7344 6195 386 7345 6196 387 7346 6194 744 7347 6193 383 7348 6195 387 7349 6194 744 7350 6193 387 7351 6194 987 7352 6190 1145 7353 6192 744 7354 6193 987 7355 6190 587 7356 6191 1145 7357 6192 987 7358 6190 586 7359 6189 587 7360 6191 987 7361 6190 586 7362 6189 987 7363 6190 148 7364 6188 1411 7365 6187 586 7366 6189 148 7367 6188 1411 7368 6187 148 7369 6188 149 7370 6184 218 7371 6186 1411 7372 6187 149 7373 6184 217 7374 6183 218 7375 6186 149 7376 6184 217 7377 6183 149 7378 6184 1341 7379 6185 712 7380 285 1296 7381 6222 414 7382 286 712 7383 285 414 7384 286 711 7385 287 712 7386 285 711 7387 287 167 7388 6221 416 7389 6220 712 7390 285 167 7391 6221 416 7392 6220 167 7393 6221 1089 7394 6219 417 7395 6218 416 7396 6220 1089 7397 6219 417 7398 6218 1089 7399 6219 769 7400 6217 768 7401 6216 417 7402 6218 769 7403 6217 768 7404 6216 769 7405 6217 1128 7406 6214 770 7407 6213 768 7408 6216 1128 7409 6214 770 7410 6213 1128 7411 6214 773 7412 6215 504 7413 406 1207 7414 407 505 7415 405 503 7416 6235 504 7417 406 505 7418 405 503 7419 6235 505 7420 405 402 7421 6234 506 7422 6231 503 7423 6235 402 7424 6234 506 7425 6231 402 7426 6234 403 7427 6232 506 7428 6231 403 7429 6232 401 7430 6233 601 7431 426 520 7432 6241 365 7433 427 601 7434 426 365 7435 427 364 7436 428 601 7437 426 364 7438 428 1288 7439 6240 602 7440 6239 601 7441 426 1288 7442 6240 602 7443 6239 1288 7444 6240 603 7445 6237 1293 7446 6236 602 7447 6239 603 7448 6237 1293 7449 6236 603 7450 6237 604 7451 6238 600 7452 444 532 7453 6247 371 7454 445 600 7455 444 371 7456 445 370 7457 446 600 7458 444 370 7459 446 1282 7460 6246 599 7461 6245 600 7462 444 1282 7463 6246 599 7464 6245 1282 7465 6246 289 7466 6243 1294 7467 6242 599 7468 6245 289 7469 6243 1294 7470 6242 289 7471 6243 288 7472 6244 606 7473 471 545 7474 6253 362 7475 472 606 7476 471 362 7477 472 361 7478 473 606 7479 471 361 7480 473 1286 7481 6252 605 7482 6251 606 7483 471 1286 7484 6252 605 7485 6251 1286 7486 6252 422 7487 6249 1295 7488 6248 605 7489 6251 422 7490 6249 1295 7491 6248 422 7492 6249 421 7493 6250 608 7494 489 555 7495 6259 353 7496 490 608 7497 489 353 7498 490 352 7499 491 608 7500 489 352 7501 491 1284 7502 6258 607 7503 6257 608 7504 489 1284 7505 6258 607 7506 6257 1284 7507 6258 415 7508 6255 1296 7509 6254 607 7510 6257 415 7511 6255 1296 7512 6254 415 7513 6255 414 7514 6256 378 7515 532 1111 7516 533 581 7517 531 379 7518 6269 378 7519 532 581 7520 531 379 7521 6269 581 7522 531 308 7523 6268 580 7524 6265 379 7525 6269 308 7526 6268 580 7527 6265 308 7528 6268 309 7529 6266 580 7530 6265 309 7531 6266 307 7532 6267 495 7533 535 1205 7534 536 585 7535 534 496 7536 6274 495 7537 535 585 7538 534 496 7539 6274 585 7540 534 583 7541 6273 582 7542 6270 496 7543 6274 583 7544 6273 582 7545 6270 583 7546 6273 591 7547 6271 582 7548 6270 591 7549 6271 584 7550 6272 68 7551 571 66 7552 572 67 7553 570 661 7554 6279 68 7555 571 67 7556 570 662 7557 6278 661 7558 6279 67 7559 570 662 7560 6278 67 7561 570 210 7562 6276 1335 7563 6275 662 7564 6278 210 7565 6276 1335 7566 6275 210 7567 6276 209 7568 6277 643 7569 574 1335 7570 575 209 7571 573 642 7572 6289 643 7573 574 209 7574 573 764 7575 6288 642 7576 6289 209 7577 573 764 7578 6288 209 7579 573 765 7580 6287 763 7581 6286 764 7582 6288 765 7583 6287 763 7584 6286 765 7585 6287 433 7586 6285 594 7587 6284 763 7588 6286 433 7589 6285 594 7590 6284 433 7591 6285 435 7592 6283 593 7593 6280 594 7594 6284 435 7595 6283 593 7596 6280 435 7597 6283 592 7598 6281 593 7599 6280 592 7600 6281 1116 7601 6282 647 7602 577 1101 7603 578 241 7604 576 646 7605 6299 647 7606 577 241 7607 576 857 7608 6298 646 7609 6299 241 7610 576 857 7611 6298 241 7612 576 710 7613 6297 980 7614 6296 857 7615 6298 710 7616 6297 980 7617 6296 710 7618 6297 856 7619 6295 37 7620 6294 980 7621 6296 856 7622 6295 37 7623 6294 856 7624 6295 709 7625 6293 36 7626 6290 37 7627 6294 709 7628 6293 36 7629 6290 709 7630 6293 35 7631 6291 36 7632 6290 35 7633 6291 1119 7634 6292 588 7635 583 679 7636 584 755 7637 582 316 7638 6313 588 7639 583 755 7640 582 316 7641 6313 755 7642 582 1234 7643 6312 1007 7644 6311 316 7645 6313 1234 7646 6312 1007 7647 6311 1234 7648 6312 1062 7649 6310 734 7650 6309 1007 7651 6311 1062 7652 6310 734 7653 6309 1062 7654 6310 656 7655 6308 72 7656 6307 734 7657 6309 656 7658 6308 72 7659 6307 656 7660 6308 655 7661 6305 73 7662 6306 72 7663 6307 655 7664 6305 534 7665 6301 73 7666 6306 655 7667 6305 534 7668 6301 655 7669 6305 654 7670 6304 534 7671 6301 654 7672 6304 1207 7673 6302 534 7674 6301 1207 7675 6302 504 7676 6303 150 7677 586 708 7678 587 707 7679 585 151 7680 6326 150 7681 586 707 7682 585 151 7683 6326 707 7684 585 904 7685 6325 903 7686 6324 151 7687 6326 904 7688 6325 903 7689 6324 904 7690 6325 1061 7691 6323 902 7692 6322 903 7693 6324 1061 7694 6323 902 7695 6322 1061 7696 6323 674 7697 6321 268 7698 6320 902 7699 6322 674 7700 6321 268 7701 6320 674 7702 6321 673 7703 6318 269 7704 6319 268 7705 6320 673 7706 6318 554 7707 6314 269 7708 6319 673 7709 6318 554 7710 6314 673 7711 6318 675 7712 6317 554 7713 6314 675 7714 6317 1111 7715 6315 554 7716 6314 1111 7717 6315 378 7718 6316 844 7719 640 1028 7720 641 3 7721 639 843 7722 6339 844 7723 640 3 7724 639 1120 7725 6338 843 7726 6339 3 7727 639 1120 7728 6338 3 7729 639 1233 7730 6337 842 7731 6336 1120 7732 6338 1233 7733 6337 842 7734 6336 1233 7735 6337 133 7736 6335 767 7737 6334 842 7738 6336 133 7739 6335 767 7740 6334 133 7741 6335 277 7742 6333 1343 7743 6331 767 7744 6334 277 7745 6333 1343 7746 6331 277 7747 6333 276 7748 6332 1343 7749 6331 276 7750 6332 1104 7751 6328 766 7752 6330 1343 7753 6331 1104 7754 6328 545 7755 6327 766 7756 6330 1104 7757 6328 545 7758 6327 1104 7759 6328 362 7760 6329 337 7761 643 1206 7762 644 782 7763 642 83 7764 6345 337 7765 643 782 7766 642 1247 7767 6344 83 7768 6345 782 7769 642 1247 7770 6344 782 7771 642 783 7772 6343 170 7773 6340 1247 7774 6344 783 7775 6343 170 7776 6340 783 7777 6343 1203 7778 6341 170 7779 6340 1203 7780 6341 375 7781 6342 339 7782 646 1110 7783 647 784 7784 645 92 7785 6351 339 7786 646 784 7787 645 1249 7788 6350 92 7789 6351 784 7790 645 1249 7791 6350 784 7792 645 785 7793 6349 256 7794 6346 1249 7795 6350 785 7796 6349 256 7797 6346 785 7798 6349 1201 7799 6347 256 7800 6346 1201 7801 6347 257 7802 6348 47 7803 649 1208 7804 650 793 7805 648 48 7806 6356 47 7807 649 793 7808 648 48 7809 6356 793 7810 648 794 7811 6355 101 7812 6352 48 7813 6356 794 7814 6355 101 7815 6352 794 7816 6355 1204 7817 6353 101 7818 6352 1204 7819 6353 427 7820 6354 329 7821 652 1109 7822 653 795 7823 651 136 7824 6361 329 7825 652 795 7826 651 136 7827 6361 795 7828 651 796 7829 6360 232 7830 6357 136 7831 6361 796 7832 6360 232 7833 6357 796 7834 6360 1202 7835 6358 232 7836 6357 1202 7837 6358 430 7838 6359 802 7839 654 803 7840 6366 71 7841 655 802 7842 654 71 7843 655 70 7844 656 801 7845 6365 802 7846 654 70 7847 656 801 7848 6365 70 7849 656 230 7850 6363 1047 7851 6362 801 7852 6365 230 7853 6363 1047 7854 6362 230 7855 6363 229 7856 6364 2 7857 667 805 7858 668 0 7859 666 779 7860 6367 2 7861 667 0 7862 666 779 7863 6367 0 7864 666 1 7865 6371 779 7866 6367 1 7867 6371 9 7868 6370 779 7869 6367 9 7870 6370 10 7871 6368 779 7872 6367 10 7873 6368 780 7874 6369 828 7875 688 829 7876 689 30 7877 687 827 7878 6380 828 7879 688 30 7880 687 907 7881 6379 827 7882 6380 30 7883 687 907 7884 6379 30 7885 687 905 7886 6378 906 7887 6377 907 7888 6379 905 7889 6378 906 7890 6377 905 7891 6378 527 7892 6376 393 7893 6375 906 7894 6377 527 7895 6376 393 7896 6375 527 7897 6376 394 7898 6373 1305 7899 6372 393 7900 6375 394 7901 6373 1305 7902 6372 394 7903 6373 392 7904 6374 1320 7905 691 836 7906 692 612 7907 690 244 7908 6393 1320 7909 691 612 7910 690 244 7911 6393 612 7912 690 1160 7913 6392 613 7914 6391 244 7915 6393 1160 7916 6392 613 7917 6391 1160 7918 6392 609 7919 6390 611 7920 6389 613 7921 6391 609 7922 6390 611 7923 6389 609 7924 6390 13 7925 6388 610 7926 6387 611 7927 6389 13 7928 6388 610 7929 6387 13 7930 6388 11 7931 6385 12 7932 6386 610 7933 6387 11 7934 6385 840 7935 6381 12 7936 6386 11 7937 6385 840 7938 6381 11 7939 6385 841 7940 6384 840 7941 6381 841 7942 6384 1294 7943 6382 840 7944 6381 1294 7945 6382 288 7946 6383 152 7947 694 150 7948 695 151 7949 693 849 7950 6398 152 7951 694 151 7952 693 850 7953 6397 849 7954 6398 151 7955 693 850 7956 6397 151 7957 693 242 7958 6395 1101 7959 6394 850 7960 6397 242 7961 6395 1101 7962 6394 242 7963 6395 241 7964 6396 1167 7965 709 1168 7966 710 470 7967 708 859 7968 6399 1167 7969 709 470 7970 708 859 7971 6399 470 7972 708 55 7973 6400 874 7974 729 875 7975 6405 81 7976 730 874 7977 729 81 7978 730 80 7979 731 873 7980 6404 874 7981 729 80 7982 731 873 7983 6404 80 7984 731 238 7985 6402 1097 7986 6401 873 7987 6404 238 7988 6402 1097 7989 6401 238 7990 6402 376 7991 6403 877 7992 732 878 7993 6410 330 7994 733 877 7995 732 330 7996 733 104 7997 734 876 7998 6409 877 7999 732 104 8000 734 876 8001 6409 104 8002 734 261 8003 6407 1048 8004 6406 876 8005 6409 261 8006 6407 1048 8007 6406 261 8008 6407 260 8009 6408 899 8010 754 898 8011 755 220 8012 753 901 8013 6419 899 8014 754 220 8015 753 910 8016 6418 901 8017 6419 220 8018 753 910 8019 6418 220 8020 753 908 8021 6417 909 8022 6416 910 8023 6418 908 8024 6417 909 8025 6416 908 8026 6417 515 8027 6415 399 8028 6414 909 8029 6416 515 8030 6415 399 8031 6414 515 8032 6415 400 8033 6412 1306 8034 6411 399 8035 6414 400 8036 6412 1306 8037 6411 400 8038 6412 398 8039 6413 14 8040 826 1045 8041 827 15 8042 825 14 8043 826 15 8044 825 385 8045 6424 14 8046 826 385 8047 6424 1049 8048 6423 16 8049 6420 14 8050 826 1049 8051 6423 16 8052 6420 1049 8053 6423 949 8054 6421 16 8055 6420 949 8056 6421 771 8057 6422 8 8058 874 6 8059 875 7 8060 873 696 8061 6429 8 8062 874 7 8063 873 989 8064 6428 696 8065 6429 7 8066 873 989 8067 6428 7 8068 873 31 8069 6426 829 8070 6425 989 8071 6428 31 8072 6426 829 8073 6425 31 8074 6426 30 8075 6427 264 8076 937 862 8077 938 252 8078 936 263 8079 6430 264 8080 937 252 8081 936 263 8082 6430 252 8083 936 1299 8084 6431 266 8085 943 871 8086 944 249 8087 942 265 8088 6432 266 8089 943 249 8090 942 265 8091 6432 249 8092 942 1239 8093 6433 406 8094 949 866 8095 950 298 8096 948 405 8097 6434 406 8098 949 298 8099 948 405 8100 6434 298 8101 948 1302 8102 6435 949 8103 958 772 8104 959 773 8105 957 771 8106 6436 949 8107 958 773 8108 957 771 8109 6436 773 8110 957 1128 8111 6437 1162 8112 991 761 8113 992 762 8114 990 5 8115 6450 1162 8116 991 762 8117 990 5 8118 6450 762 8119 990 760 8120 6449 1017 8121 6448 5 8122 6450 760 8123 6449 1017 8124 6448 760 8125 6449 758 8126 6447 759 8127 6446 1017 8128 6448 758 8129 6447 759 8130 6446 758 8131 6447 419 8132 6445 1090 8133 6444 759 8134 6446 419 8135 6445 1090 8136 6444 419 8137 6445 418 8138 6442 28 8139 6443 1090 8140 6444 418 8141 6442 715 8142 6438 28 8143 6443 418 8144 6442 715 8145 6438 418 8146 6442 716 8147 6441 715 8148 6438 716 8149 6441 1295 8150 6439 715 8151 6438 1295 8152 6439 421 8153 6440 1102 8154 1024 141 8155 1025 1097 8156 1023 237 8157 6452 1102 8158 1024 1097 8159 1023 237 8160 6452 1097 8161 1023 376 8162 6453 584 8163 1063 591 8164 1064 845 8165 1062 1116 8166 6455 584 8167 1063 845 8168 1062 1116 8169 6455 845 8170 1062 593 8171 6456 395 8172 1066 397 8173 1067 713 8174 1065 1117 8175 6459 395 8176 1066 713 8177 1065 392 8178 6457 1117 8179 6459 713 8180 1065 392 8181 6457 713 8182 1065 1305 8183 6458 401 8184 1072 403 8185 1073 714 8186 1071 1118 8187 6462 401 8188 1072 714 8189 1071 398 8190 6460 1118 8191 6462 714 8192 1071 398 8193 6460 714 8194 1071 1306 8195 6461 307 8196 1081 309 8197 1082 839 8198 1080 1119 8199 6463 307 8200 1081 839 8201 1080 1119 8202 6463 839 8203 1080 36 8204 6464 1125 8205 1096 450 8206 1097 1048 8207 1095 259 8208 6465 1125 8209 1096 1048 8210 1095 259 8211 6465 1048 8212 1095 260 8213 6466 918 8214 1120 917 8215 1121 441 8216 1119 1132 8217 6468 918 8218 1120 441 8219 1119 1132 8220 6468 441 8221 1119 442 8222 6469 915 8223 1123 916 8224 1124 438 8225 1122 1134 8226 6470 915 8227 1123 438 8228 1122 1134 8229 6470 438 8230 1122 437 8231 6471 1147 8232 1153 143 8233 1154 1046 8234 1152 222 8235 6474 1147 8236 1153 1046 8237 1152 222 8238 6474 1046 8239 1152 428 8240 6475 1148 8241 1156 628 8242 1157 1047 8243 1155 429 8244 6476 1148 8245 1156 1047 8246 1155 429 8247 6476 1047 8248 1155 229 8249 6477 1164 8250 1198 23 8251 1199 1110 8252 1197 91 8253 6480 1164 8254 1198 1110 8255 1197 91 8256 6480 1110 8257 1197 339 8258 6481 1165 8259 1201 21 8260 1202 1109 8261 1200 135 8262 6482 1165 8263 1201 1109 8264 1200 135 8265 6482 1109 8266 1200 329 8267 6483 1166 8268 1312 32 8269 1313 1206 8270 1311 82 8271 6489 1166 8272 1312 1206 8273 1311 82 8274 6489 1206 8275 1311 337 8276 6490 1163 8277 1315 39 8278 1316 1208 8279 1314 331 8280 6491 1163 8281 1315 1208 8282 1314 331 8283 6491 1208 8284 1314 47 8285 6492 128 8286 1540 127 8287 6509 1043 8288 1541 128 8289 1540 1043 8290 1541 649 8291 1539 128 8292 1540 649 8293 1539 650 8294 6510 128 8295 1540 650 8296 6510 576 8297 6511 1319 8298 1741 635 8299 1742 636 8300 1740 206 8301 6543 1319 8302 1741 636 8303 1740 206 8304 6543 636 8305 1740 1159 8306 6542 800 8307 6541 206 8308 6543 1159 8309 6542 800 8310 6541 1159 8311 6542 797 8312 6540 799 8313 6539 800 8314 6541 797 8315 6540 799 8316 6539 797 8317 6540 622 8318 6538 798 8319 6537 799 8320 6539 622 8321 6538 798 8322 6537 622 8323 6538 621 8324 6535 561 8325 6536 798 8326 6537 621 8327 6535 846 8328 6531 561 8329 6536 621 8330 6535 846 8331 6531 621 8332 6535 847 8333 6534 846 8334 6531 847 8335 6534 1293 8336 6532 846 8337 6531 1293 8338 6532 604 8339 6533 1046 8340 2250 143 8341 6566 706 8342 2251 1046 8343 2250 706 8344 2251 1204 8345 2252 397 8346 6564 1046 8347 2250 1204 8348 2252 397 8349 6564 1204 8350 2252 1296 8351 6565 1047 8352 2256 628 8353 6570 282 8354 2257 1047 8355 2256 282 8356 2257 1202 8357 2258 403 8358 6568 1047 8359 2256 1202 8360 2258 403 8361 6568 1202 8362 2258 1295 8363 6569 1097 8364 2265 141 8365 6575 684 8366 2266 1097 8367 2265 684 8368 2266 1203 8369 2267 591 8370 6573 1097 8371 2265 1203 8372 2267 591 8373 6573 1203 8374 2267 1293 8375 6574 1048 8376 2268 450 8377 6578 453 8378 2269 1048 8379 2268 453 8380 2269 1201 8381 2270 309 8382 6576 1048 8383 2268 1201 8384 2270 309 8385 6576 1201 8386 2270 1294 8387 6577 32 8388 2347 652 8389 2348 792 8390 2346 1206 8391 6590 32 8392 2347 792 8393 2346 520 8394 6588 1206 8395 6590 792 8396 2346 520 8397 6588 792 8398 2346 1108 8399 6589 21 8400 2356 632 8401 2357 875 8402 2355 1109 8403 6595 21 8404 2356 875 8405 2355 545 8406 6593 1109 8407 6595 875 8408 2355 545 8409 6593 875 8410 2355 1205 8411 6594 844 8412 6632 843 8413 6633 756 8414 6631 844 8415 6632 756 8416 6631 757 8417 6634 643 8418 6690 1052 8419 6655 932 8420 6688 660 8421 6689 643 8422 6690 932 8423 6688 1154 8424 6687 660 8425 6689 932 8426 6688 1154 8427 6687 932 8428 6688 931 8429 6686 1153 8430 6685 1154 8431 6687 931 8432 6686 1153 8433 6685 931 8434 6686 788 8435 6684 757 8436 6634 1153 8437 6685 788 8438 6684 757 8439 6634 788 8440 6684 982 8441 6683 844 8442 6632 757 8443 6634 982 8444 6683 844 8445 6632 982 8446 6683 981 8447 6682 1029 8448 6681 844 8449 6632 981 8450 6682 1029 8451 6681 981 8452 6682 1410 8453 6680 786 8454 6679 1029 8455 6681 1410 8456 6680 786 8457 6679 1410 8458 6680 979 8459 6677 1161 8460 6678 786 8461 6679 979 8462 6677 761 8463 6676 1161 8464 6678 979 8465 6677 761 8466 6676 979 8467 6677 978 8468 6673 642 8469 2752 636 8470 2753 635 8471 2751 643 8472 6690 642 8473 2752 635 8474 2751 1052 8475 6655 643 8476 6690 635 8477 2751 1053 8478 6653 1052 8479 6655 635 8480 2751 1053 8481 6653 635 8482 2751 639 8483 6654 1053 8484 6653 639 8485 6654 638 8486 6652 860 8487 6651 1053 8488 6653 638 8489 6652 860 8490 6651 638 8491 6652 1002 8492 6650 1001 8493 6649 860 8494 6651 1002 8495 6650 1001 8496 6649 1002 8497 6650 753 8498 6636 1412 8499 6648 1001 8500 6649 753 8501 6636 753 8502 6636 752 8503 6637 777 8504 6635 753 8505 6636 777 8506 6635 778 8507 6638 1412 8508 6648 753 8509 6636 778 8510 6638 999 8511 6647 1412 8512 6648 778 8513 6638 999 8514 6647 778 8515 6638 698 8516 6646 1000 8517 6645 999 8518 6647 698 8519 6646 1000 8520 6645 698 8521 6646 697 8522 6644 950 8523 6642 1000 8524 6645 697 8525 6644 950 8526 6642 697 8527 6644 830 8528 6643 950 8529 6642 830 8530 6643 828 8531 6640 693 8532 6609 950 8533 6642 828 8534 6640 828 8535 6640 827 8536 6641 773 8537 6639 828 8538 6640 773 8539 6639 772 8540 6607 693 8541 6609 828 8542 6640 772 8543 6607 694 8544 6606 693 8545 6609 772 8546 6607 694 8547 6606 772 8548 6607 1051 8549 6608 694 8550 6606 1051 8551 6608 1050 8552 6610 1405 8553 6611 694 8554 6606 1050 8555 6610 1405 8556 6611 1050 8557 6610 677 8558 6612 988 8559 6613 1405 8560 6611 677 8561 6612 988 8562 6613 677 8563 6612 838 8564 6614 676 8565 6615 988 8566 6613 838 8567 6614 838 8568 6614 837 8569 6617 707 8570 6616 838 8571 6614 707 8572 6616 708 8573 6618 676 8574 6615 838 8575 6614 708 8576 6618 703 8577 6619 676 8578 6615 708 8579 6618 703 8580 6619 708 8581 6618 645 8582 6620 702 8583 6621 703 8584 6619 645 8585 6620 702 8586 6621 645 8587 6620 644 8588 6622 1100 8589 6623 702 8590 6621 644 8591 6622 1100 8592 6623 644 8593 6622 848 8594 6624 1100 8595 6623 848 8596 6624 647 8597 6625 699 8598 6626 1100 8599 6623 647 8600 6625 647 8601 6625 646 8602 6657 612 8603 6656 647 8604 6625 612 8605 6656 836 8606 6658 699 8607 6626 647 8608 6625 836 8609 6658 1304 8610 6659 699 8611 6626 836 8612 6658 1304 8613 6659 836 8614 6658 835 8615 6660 1304 8616 6659 835 8617 6660 834 8618 6661 953 8619 6662 1304 8620 6659 834 8621 6661 953 8622 6662 834 8623 6661 1099 8624 6663 1303 8625 6664 953 8626 6662 1099 8627 6663 1303 8628 6664 1099 8629 6663 832 8630 6628 681 8631 6665 1303 8632 6664 832 8633 6628 832 8634 6628 831 8635 6629 755 8636 6627 832 8637 6628 755 8638 6627 679 8639 6630 681 8640 6665 832 8641 6628 679 8642 6630 680 8643 6666 681 8644 6665 679 8645 6630 680 8646 6666 679 8647 6630 1033 8648 6667 1255 8649 6668 680 8650 6666 1033 8651 6667 1255 8652 6668 1033 8653 6667 1032 8654 6669 745 8655 6670 1255 8656 6668 1032 8657 6669 745 8658 6670 1032 8659 6669 900 8660 6671 745 8661 6670 900 8662 6671 899 8663 6672 978 8664 6673 745 8665 6670 899 8666 6672 761 8667 6676 978 8668 6673 899 8669 6672 762 8670 6674 761 8671 6676 899 8672 6672 762 8673 6674 899 8674 6672 901 8675 6675 23 8676 3250 627 8677 3251 803 8678 3249 1110 8679 6718 23 8680 3250 803 8681 3249 532 8682 6716 1110 8683 6718 803 8684 3249 532 8685 6716 803 8686 3249 1207 8687 6717 39 8688 3253 295 8689 3254 878 8690 3252 1208 8691 6721 39 8692 3253 878 8693 3252 555 8694 6719 1208 8695 6721 878 8696 3252 555 8697 6719 878 8698 3252 1111 8699 6720 832 8700 3532 678 8701 3533 243 8702 3531 831 8703 6755 832 8704 3532 243 8705 3531 1064 8706 6754 831 8707 6755 243 8708 3531 1064 8709 6754 243 8710 3531 1179 8711 6753 1063 8712 6752 1064 8713 6754 1179 8714 6753 1063 8715 6752 1179 8716 6753 88 8717 6751 814 8718 6750 1063 8719 6752 88 8720 6751 814 8721 6750 88 8722 6751 96 8723 6748 813 8724 6749 814 8725 6750 96 8726 6748 1402 8727 6746 813 8728 6749 96 8729 6748 1402 8730 6746 96 8731 6748 95 8732 6747 1402 8733 6746 95 8734 6747 1106 8735 6743 815 8736 6745 1402 8737 6746 1106 8738 6743 532 8739 6742 815 8740 6745 1106 8741 6743 532 8742 6742 1106 8743 6743 371 8744 6744 753 8745 3535 861 8746 3536 205 8747 3534 752 8748 6769 753 8749 3535 205 8750 3534 1055 8751 6768 752 8752 6769 205 8753 3534 1055 8754 6768 205 8755 3534 1178 8756 6767 1054 8757 6766 1055 8758 6768 1178 8759 6767 1054 8760 6766 1178 8761 6767 17 8762 6765 754 8763 6764 1054 8764 6766 17 8765 6765 754 8766 6764 17 8767 6765 280 8768 6762 817 8769 6763 754 8770 6764 280 8771 6762 1401 8772 6760 817 8773 6763 280 8774 6762 1401 8775 6760 280 8776 6762 279 8777 6761 1401 8778 6760 279 8779 6761 1105 8780 6757 816 8781 6759 1401 8782 6760 1105 8783 6757 520 8784 6756 816 8785 6759 1105 8786 6757 520 8787 6756 1105 8788 6757 365 8789 6758 838 8790 3544 1045 8791 3545 14 8792 3543 837 8793 6784 838 8794 3544 14 8795 3543 1060 8796 6783 837 8797 6784 14 8798 3543 1060 8799 6783 14 8800 3543 162 8801 6782 1059 8802 6781 1060 8803 6783 162 8804 6782 1059 8805 6781 162 8806 6782 1058 8807 6780 775 8808 6779 1059 8809 6781 1058 8810 6780 775 8811 6779 1058 8812 6780 273 8813 6778 774 8814 6776 775 8815 6779 273 8816 6778 774 8817 6776 273 8818 6778 272 8819 6777 774 8820 6776 272 8821 6777 1103 8822 6773 776 8823 6775 774 8824 6776 1103 8825 6773 555 8826 6772 776 8827 6775 1103 8828 6773 555 8829 6772 1103 8830 6773 353 8831 6774 66 8832 3553 757 8833 3554 756 8834 3552 67 8835 6799 66 8836 3553 756 8837 3552 67 8838 6799 756 8839 3552 1122 8840 6798 1010 8841 6797 67 8842 6799 1122 8843 6798 1010 8844 6797 1122 8845 6798 1121 8846 6796 729 8847 6795 1010 8848 6797 1121 8849 6796 729 8850 6795 1121 8851 6796 666 8852 6794 274 8853 6793 729 8854 6795 666 8855 6794 274 8856 6793 666 8857 6794 665 8858 6791 64 8859 6792 274 8860 6793 665 8861 6791 544 8862 6787 64 8863 6792 665 8864 6791 544 8865 6787 665 8866 6791 667 8867 6790 544 8868 6787 667 8869 6790 1205 8870 6788 544 8871 6787 1205 8872 6788 495 8873 6789 119 8874 3763 741 8875 3764 322 8876 3762 119 8877 3763 322 8878 3762 323 8879 6810 119 8880 3763 323 8881 6810 974 8882 6808 119 8883 3763 974 8884 6808 117 8885 6809 891 8886 4672 1152 8887 4673 445 8888 4671 892 8889 6870 891 8890 4672 445 8891 4671 892 8892 6870 445 8893 4671 446 8894 6871 1241 8895 4868 741 8896 6892 119 8897 4866 1240 8898 4867 1241 8899 4868 119 8900 4866 1397 8901 6893 1240 8902 4867 119 8903 4866 1397 8904 6893 119 8905 4866 139 8906 6894 123 8907 5371 161 8908 6914 1399 8909 5372 123 8910 5371 1399 8911 5372 1300 8912 5370 123 8913 5371 1300 8914 5370 1301 8915 6915 123 8916 5371 1301 8917 6915 738 8918 6916 113 8919 5377 147 8920 6918 1398 8921 5378 113 8922 5377 1398 8923 5378 1297 8924 5376 113 8925 5377 1297 8926 5376 1298 8927 6919 113 8928 5377 1298 8929 6919 735 8930 6920 1432 8931 5677 1436 8932 5678 720 8933 5676 1430 8934 6932 1432 8935 5677 720 8936 5676 1428 8937 6930 1430 8938 6932 720 8939 5676 1428 8940 6930 720 8941 5676 722 8942 6931 485 8943 5689 1448 8944 5690 1446 8945 5688 485 8946 5689 1446 8947 5688 1444 8948 6940 485 8949 5689 1444 8950 6940 1442 8951 6939 485 8952 5689 1442 8953 6939 1441 8954 6937 485 8955 5689 1441 8956 6937 1222 8957 6938 1447 8958 5692 1449 8959 5693 1389 8960 5691 1445 8961 6944 1447 8962 5692 1389 8963 5691 1443 8964 6943 1445 8965 6944 1389 8966 5691 1440 8967 6941 1443 8968 6943 1389 8969 5691 1440 8970 6941 1389 8971 5691 720 8972 6942 1389 8973 5695 1449 8974 5696 1451 8975 5694 1389 8976 5695 1451 8977 5694 1453 8978 6947 1389 8979 5695 1453 8980 6947 1455 8981 6945 1389 8982 5695 1455 8983 6945 597 8984 6946 484 8985 5698 1457 8986 5699 1456 8987 5697 484 8988 5698 1456 8989 5697 1452 8990 6951 484 8991 5698 1452 8992 6951 1450 8993 6950 484 8994 5698 1450 8995 6950 1448 8996 6948 484 8997 5698 1448 8998 6948 485 8999 6949 1458 9000 5704 1457 9001 5705 484 9002 5703 1460 9003 6956 1458 9004 5704 484 9005 5703 1463 9006 6954 1460 9007 6956 484 9008 5703 1463 9009 6954 484 9010 5703 1465 9011 6955 1465 9012 5707 484 9013 5708 1418 9014 5706 1466 9015 6959 1465 9016 5707 1418 9017 5706 1471 9018 6957 1466 9019 6959 1418 9020 5706 1471 9021 6957 1418 9022 5706 1474 9023 6958 597 9024 5713 1461 9025 5714 1462 9026 5712 597 9027 5713 1462 9028 5712 1464 9029 6966 597 9030 5713 1464 9031 6966 1467 9032 6965 597 9033 5713 1467 9034 6965 1472 9035 6964 1262 9036 6961 597 9037 5713 1472 9038 6964 1262 9039 6961 1472 9040 6964 1476 9041 6962 1262 9042 6961 1476 9043 6962 1479 9044 6963 1485 9045 5719 1484 9046 5720 1269 9047 5718 1490 9048 6969 1485 9049 5719 1269 9050 5718 1490 9051 6969 1269 9052 5718 313 9053 6970 1262 9054 5722 1479 9055 5723 1483 9056 5721 1262 9057 5722 1483 9058 5721 1489 9059 6973 1262 9060 5722 1489 9061 6973 1493 9062 6971 1262 9063 5722 1493 9064 6971 98 9065 6972 313 9066 5725 1500 9067 6976 1498 9068 5726 313 9069 5725 1498 9070 5726 1494 9071 5724 313 9072 5725 1494 9073 5724 1491 9074 6974 313 9075 5725 1491 9076 6974 1490 9077 6975 1426 9078 5740 1428 9079 5741 722 9080 5739 1424 9081 6986 1426 9082 5740 722 9083 5739 1535 9084 6985 1424 9085 6986 722 9086 5739 1532 9087 6984 1535 9088 6985 722 9089 5739 1533 9090 6982 1532 9091 6984 722 9092 5739 1533 9093 6982 722 9094 5739 723 9095 6983 1534 9096 6987 110 9097 6988 489 9098 5743 1536 9099 6989 1534 9100 6987 489 9101 5743 1425 9102 6990 1536 9103 6989 489 9104 5743 1427 9105 6991 1425 9106 6990 489 9107 5743 1429 9108 5742 1427 9109 6991 489 9110 5743 1431 9111 5744 1429 9112 5742 489 9113 5743 1433 9114 6992 1431 9115 5744 489 9116 5743 1433 9117 6992 489 9118 5743 1222 9119 6993 1510 9120 5747 1511 9121 5748 1512 9122 5746 1508 9123 6996 1510 9124 5747 1512 9125 5746 1508 9126 6996 1512 9127 5746 1509 9128 6997 1500 9129 5759 1501 9130 7001 1502 9131 5760 1500 9132 5759 1502 9133 5760 1503 9134 5758 1498 9135 7002 1500 9136 5759 1503 9137 5758 1498 9138 7002 1503 9139 5758 1499 9140 7003 1494 9141 5765 1495 9142 5766 1493 9143 5764 1491 9144 7005 1494 9145 5765 1493 9146 5764 1491 9147 7005 1493 9148 5764 1489 9149 7006 1490 9150 5768 1491 9151 5769 1489 9152 5767 1485 9153 7007 1490 9154 5768 1489 9155 5767 1485 9156 7007 1489 9157 5767 1483 9158 7008 1484 9159 5770 1485 9160 7011 1483 9161 5771 1484 9162 5770 1483 9163 5771 1479 9164 5772 1475 9165 7009 1484 9166 5770 1479 9167 5772 1475 9168 7009 1479 9169 5772 1476 9170 7010 1459 9171 5786 1458 9172 5787 1460 9173 5785 1461 9174 7018 1459 9175 5786 1460 9176 5785 1461 9177 7018 1460 9178 5785 1462 9179 7019 1453 9180 5792 1452 9181 5793 1456 9182 5791 1455 9183 7022 1453 9184 5792 1456 9185 5791 1455 9186 7022 1456 9187 5791 1454 9188 7023 1447 9189 5799 1446 9190 7027 1448 9191 5797 1449 9192 5798 1447 9193 5799 1448 9194 5797 1449 9195 5798 1448 9196 5797 1450 9197 7025 1449 9198 5798 1450 9199 7025 1451 9200 7026 1438 9201 5808 1439 9202 7032 1441 9203 5806 1440 9204 5807 1438 9205 5808 1441 9206 5806 1440 9207 5807 1441 9208 5806 1442 9209 7030 1440 9210 5807 1442 9211 7030 1443 9212 7031 1432 9213 5814 1431 9214 7037 1433 9215 5812 1436 9216 5813 1432 9217 5814 1433 9218 5812 1436 9219 5813 1433 9220 5812 1434 9221 7035 1436 9222 5813 1434 9223 7035 1435 9224 7036 1532 9225 5828 1531 9226 5829 1534 9227 5827 1535 9228 7043 1532 9229 5828 1534 9230 5827 1535 9231 7043 1534 9232 5827 1536 9233 7044 1531 9234 5831 1532 9235 5832 1533 9236 5830 1530 9237 7047 1531 9238 5831 1533 9239 5830 1528 9240 7045 1530 9241 7047 1533 9242 5830 1528 9243 7045 1533 9244 5830 1529 9245 7046 1527 9246 5833 1525 9247 7050 1524 9248 5834 1527 9249 5833 1524 9250 5834 1526 9251 5835 1529 9252 7048 1527 9253 5833 1526 9254 5835 1529 9255 7048 1526 9256 5835 1528 9257 7049 1560 9258 5861 1510 9259 5862 1508 9260 5860 1561 9261 7071 1560 9262 5861 1508 9263 5860 1563 9264 7070 1561 9265 7071 1508 9266 5860 1563 9267 7070 1508 9268 5860 1506 9269 7069 1565 9270 7068 1563 9271 7070 1506 9272 7069 1565 9273 7068 1506 9274 7069 1504 9275 7067 1567 9276 7064 1565 9277 7068 1504 9278 7067 1567 9279 7064 1504 9280 7067 1501 9281 7066 1567 9282 7064 1501 9283 7066 1500 9284 7065 1567 9285 7064 1500 9286 7065 313 9287 7061 1569 9288 7063 1567 9289 7064 313 9290 7061 1574 9291 7060 1569 9292 7063 313 9293 7061 1574 9294 7060 313 9295 7061 1577 9296 7062 223 9297 7074 428 9298 7075 1046 9299 7073 223 9300 7074 1046 9301 7073 790 9302 7076 1220 9303 7077 223 9304 7074 790 9305 7076 1220 9306 7077 790 9307 7076 791 9308 5867 51 9309 7078 1220 9310 7077 791 9311 5867 52 9312 7079 51 9313 7078 791 9314 5867 791 9315 5867 1478 9316 5868 1481 9317 5866 52 9318 7079 791 9319 5867 1481 9320 5866 52 9321 7079 1481 9322 5866 1487 9323 7084 52 9324 7079 1487 9325 7084 1580 9326 7083 52 9327 7079 1580 9328 7083 1584 9329 7082 52 9330 7079 1584 9331 7082 1587 9332 7080 52 9333 7079 1587 9334 7080 792 9335 7081 1480 9336 5870 1477 9337 5871 509 9338 5869 397 9339 7086 395 9340 7087 510 9341 7085 396 9342 7088 397 9343 7086 510 9344 7085 396 9345 7088 510 9346 7085 507 9347 7089 509 9348 5869 396 9349 7088 507 9350 7089 509 9351 5869 507 9352 7089 508 9353 7090 1480 9354 5870 509 9355 5869 508 9356 7090 1486 9357 7095 1480 9358 5870 508 9359 7090 1581 9360 7094 1486 9361 7095 508 9362 7090 1585 9363 7093 1581 9364 7094 508 9365 7090 1588 9366 7091 1585 9367 7093 508 9368 7090 1588 9369 7091 508 9370 7090 1108 9371 7092 1578 9372 5877 1577 9373 7102 313 9374 5875 1583 9375 5876 1578 9376 5877 313 9377 5875 1590 9378 7103 1583 9379 5876 313 9380 5875 1590 9381 7103 313 9382 5875 314 9383 7098 1593 9384 7101 1590 9385 7103 314 9386 7098 1597 9387 7100 1593 9388 7101 314 9389 7098 1599 9390 7097 1597 9391 7100 314 9392 7098 1599 9393 7097 314 9394 7098 198 9395 7099 198 9396 5879 1608 9397 5880 1606 9398 5878 198 9399 5879 1606 9400 5878 1604 9401 7107 198 9402 5879 1604 9403 7107 1602 9404 7106 198 9405 5879 1602 9406 7106 1600 9407 7104 198 9408 5879 1600 9409 7104 1599 9410 7105 659 9411 5881 1108 9412 7112 508 9413 5882 659 9414 5881 508 9415 5882 522 9416 5883 659 9417 5881 522 9418 5883 97 9419 7109 657 9420 7111 659 9421 5881 97 9422 7109 1612 9423 7108 657 9424 7111 97 9425 7109 1612 9426 7108 97 9427 7109 1613 9428 7110 97 9429 7113 98 9430 7122 1503 9431 7121 97 9432 7113 1503 9433 7121 1502 9434 7123 97 9435 7113 1502 9436 7123 1505 9437 5885 1515 9438 7125 1558 9439 7126 1559 9440 7124 1512 9441 7127 1515 9442 7125 1559 9443 7124 1512 9444 7127 1559 9445 7124 1562 9446 7128 1509 9447 7129 1512 9448 7127 1562 9449 7128 1509 9450 7129 1562 9451 7128 1564 9452 7131 1507 9453 7132 1509 9454 7129 1564 9455 7131 1507 9456 7132 1564 9457 7131 1566 9458 7133 1505 9459 5885 1507 9460 7132 1566 9461 7133 1505 9462 5885 1566 9463 7133 1568 9464 7134 1505 9465 5885 1568 9466 7134 1570 9467 7136 1505 9468 5885 1570 9469 7136 1575 9470 5886 1505 9471 5885 1575 9472 5886 1579 9473 5884 97 9474 7113 1505 9475 5885 1579 9476 5884 97 9477 7113 1579 9478 5884 1586 9479 7137 97 9480 7113 1586 9481 7137 1591 9482 7135 97 9483 7113 1591 9484 7135 1594 9485 7130 97 9486 7113 1594 9487 7130 1598 9488 7120 97 9489 7113 1598 9490 7120 1601 9491 7119 97 9492 7113 1601 9493 7119 1603 9494 7118 97 9495 7113 1603 9496 7118 1605 9497 7117 97 9498 7113 1605 9499 7117 1607 9500 7116 97 9501 7113 1607 9502 7116 1610 9503 7114 97 9504 7113 1610 9505 7114 1613 9506 7115 6 9507 5888 778 9508 5889 777 9509 5887 7 9510 7145 6 9511 5888 777 9512 5887 7 9513 7145 777 9514 5887 1057 9515 7144 1005 9516 7143 7 9517 7145 1057 9518 7144 1005 9519 7143 1057 9520 7144 1056 9521 7142 724 9522 7141 1005 9523 7143 1056 9524 7142 724 9525 7141 1056 9526 7142 658 9527 7139 1616 9528 7138 724 9529 7141 658 9530 7139 1616 9531 7138 658 9532 7139 1617 9533 7140 1617 9534 5891 658 9535 5892 754 9536 5890 1614 9537 7148 1617 9538 5891 754 9539 5890 1612 9540 7146 1614 9541 7148 754 9542 5890 1612 9543 7146 754 9544 5890 657 9545 7147 1609 9546 7154 1608 9547 7155 198 9548 7153 1611 9549 7158 1609 9550 7154 198 9551 7153 1611 9552 7158 198 9553 7153 108 9554 5893 1615 9555 7159 1611 9556 7158 108 9557 5893 1619 9558 7160 1615 9559 7159 108 9560 5893 1621 9561 7163 1619 9562 7160 108 9563 5893 1623 9564 7168 1621 9565 7163 108 9566 5893 1625 9567 7171 1623 9568 7168 108 9569 5893 1627 9570 7177 1625 9571 7171 108 9572 5893 1629 9573 7179 1627 9574 7177 108 9575 5893 1631 9576 5895 1629 9577 7179 108 9578 5893 1537 9579 5894 1631 9580 5895 108 9581 5893 1537 9582 5894 108 9583 5893 110 9584 7173 1539 9585 7180 1537 9586 5894 110 9587 7173 1541 9588 7178 1539 9589 7180 110 9590 7173 1543 9591 7176 1541 9592 7178 110 9593 7173 1545 9594 7175 1543 9595 7176 110 9596 7173 1547 9597 7170 1545 9598 7175 110 9599 7173 110 9600 7173 1526 9601 7174 1524 9602 7172 1547 9603 7170 110 9604 7173 1524 9605 7172 1547 9606 7170 1524 9607 7172 1522 9608 7169 1549 9609 7167 1547 9610 7170 1522 9611 7169 1549 9612 7167 1522 9613 7169 1520 9614 7166 1551 9615 7165 1549 9616 7167 1520 9617 7166 1551 9618 7165 1520 9619 7166 1518 9620 7164 1553 9621 7162 1551 9622 7165 1518 9623 7164 1553 9624 7162 1518 9625 7164 1516 9626 7161 1555 9627 7157 1553 9628 7162 1516 9629 7161 1555 9630 7157 1516 9631 7161 1513 9632 7156 1557 9633 7149 1555 9634 7157 1513 9635 7156 1557 9636 7149 1513 9637 7156 1511 9638 7152 1557 9639 7149 1511 9640 7152 1510 9641 7150 1557 9642 7149 1510 9643 7150 1560 9644 7151 1527 9645 7191 723 9646 7192 724 9647 5897 1525 9648 7193 1527 9649 7191 724 9650 5897 724 9651 5897 1616 9652 7182 1618 9653 7181 724 9654 5897 1618 9655 7181 1620 9656 7183 724 9657 5897 1620 9658 7183 1622 9659 7184 724 9660 5897 1622 9661 7184 1624 9662 7185 724 9663 5897 1624 9664 7185 1626 9665 7186 724 9666 5897 1626 9667 7186 1628 9668 7194 724 9669 5897 1628 9670 7194 1630 9671 7201 724 9672 5897 1630 9673 7201 1632 9674 7206 724 9675 5897 1632 9676 7206 1538 9677 5898 724 9678 5897 1538 9679 5898 1540 9680 5896 1525 9681 7193 724 9682 5897 1540 9683 5896 1525 9684 7193 1540 9685 5896 1542 9686 7207 1525 9687 7193 1542 9688 7207 1544 9689 7205 1525 9690 7193 1544 9691 7205 1546 9692 7204 1525 9693 7193 1546 9694 7204 1548 9695 7203 1523 9696 7202 1525 9697 7193 1548 9698 7203 1523 9699 7202 1548 9700 7203 1550 9701 7200 1521 9702 7199 1523 9703 7202 1550 9704 7200 1521 9705 7199 1550 9706 7200 1552 9707 7198 1519 9708 7197 1521 9709 7199 1552 9710 7198 1519 9711 7197 1552 9712 7198 1554 9713 7196 1517 9714 7195 1519 9715 7197 1554 9716 7196 1517 9717 7195 1554 9718 7196 1556 9719 7190 1514 9720 7187 1517 9721 7195 1556 9722 7190 1514 9723 7187 1556 9724 7190 1558 9725 7188 1514 9726 7187 1558 9727 7188 1515 9728 7189 1496 9729 7209 1571 9730 7210 1572 9731 7208 1497 9732 7211 1496 9733 7209 1572 9734 7208 1596 9735 5899 1595 9736 7216 33 9737 5900 1596 9738 5899 33 9739 5900 620 9740 5901 1572 9741 7208 1596 9742 5899 620 9743 5901 1497 9744 7211 1572 9745 7208 620 9746 5901 1468 9747 7212 1497 9748 7211 620 9749 5901 1468 9750 7212 620 9751 5901 633 9752 7215 1468 9753 7212 633 9754 7215 34 9755 7213 1468 9756 7212 34 9757 7213 1469 9758 7214 1556 9759 5937 1555 9760 5938 1557 9761 5936 1558 9762 7232 1556 9763 5937 1557 9764 5936 1558 9765 7232 1557 9766 5936 1559 9767 7233 1611 9768 5990 1615 9769 7253 1618 9770 5991 1611 9771 5990 1618 9772 5991 1616 9773 5992 1611 9774 5990 1616 9775 5992 1617 9776 7251 1611 9777 5990 1617 9778 7251 1614 9779 7252 1613 9780 5994 1610 9781 7254 1609 9782 5995 1613 9783 5994 1609 9784 5995 1611 9785 5993 1613 9786 5994 1611 9787 5993 1614 9788 7255 1613 9789 5994 1614 9790 7255 1612 9791 7256 1608 9792 5997 1609 9793 5998 1610 9794 5996 1606 9795 7257 1608 9796 5997 1610 9797 5996 1606 9798 7257 1610 9799 5996 1607 9800 7258 1598 9801 6009 1597 9802 6010 1599 9803 6008 1601 9804 7262 1598 9805 6009 1599 9806 6008 1601 9807 7262 1599 9808 6008 1600 9809 7263</p>
        </triangles>
        <triangles count="1884" material="PlasticFBXASC032-FBXASC032MatteFBXASC032FBXASC040BlackFBXASC041">
          <input semantic="VERTEX" offset="0" source="#bottom_cover-VERTEX"/>
          <input semantic="NORMAL" offset="1" source="#bottom_cover-Normal0"/>
          <input semantic="TEXCOORD" offset="2" set="0" source="#bottom_cover-UV0"/>
          <p> 1818 9810 7463 2102 9811 7747 2099 9812 7744 2100 9813 7745 2009 9814 7654 2387 9815 8032 1904 9816 7549 2000 9817 7645 2205 9818 7850 2022 9819 7667 2512 9820 8157 1923 9821 7568 1946 9834 7591 2614 9835 8259 2161 9836 7806 1858 9837 7503 1806 9838 7451 1913 9839 7558 2102 9840 7747 2056 9841 7701 2099 9842 7744 2206 9843 7851 2014 9844 7659 1869 9845 7514 2509 9846 8154 2053 9847 7698 2262 9848 7907 2363 9849 8008 1794 9850 7439 1746 9851 7391 1860 9864 7505 1942 9865 7587 2354 9866 7999 1744 9867 7389 2608 9868 8253 1948 9869 7593 2615 9870 8260 2114 9871 7759 2034 9872 7679 2100 9873 7745 2387 9874 8032 2113 9875 7758 2227 9876 7872 2128 9877 7773 1682 9878 7327 2051 9879 7696 2598 9880 8243 1959 9881 7604 2512 9888 8157 1858 9889 7503 1913 9890 7558 1700 9891 7345 2402 9892 8047 2362 9893 8007 1758 9912 7403 2256 9913 7901 1757 9914 7402 2256 9915 7901 2363 9916 8008 1746 9917 7391 1726 9918 7371 2627 9919 8272 2028 9920 7673 1690 9921 7335 2425 9922 8070 2587 9923 8232 2010 9924 7655 2026 9925 7671 2233 9926 7878 2105 9927 7750 2196 9928 7841 1989 9929 7634 1720 9930 7365 2492 9931 8137 2089 9932 7734 2509 9933 8154 2262 9934 7907 2172 9935 7817 1865 9936 7510 1977 9937 7622 1990 9938 7635 2341 9939 7986 1723 9940 7368 1992 9941 7637 2000 9954 7645 1904 9955 7549 2027 9956 7672 1928 9957 7573 2740 9958 8385 1713 9959 7358 2663 9960 8308 1972 9961 7617 2254 9962 7899 1874 9963 7519 1700 9964 7345 1782 9965 7427 2425 9972 8070 2456 9973 8101 2485 9974 8130 1744 9975 7389 1948 9976 7593 1942 9977 7587 2345 9978 7990 2360 9979 8005 1974 9980 7619 2165 9981 7810 1732 9982 7377 1720 9983 7365 2464 9984 8109 2625 9985 8270 1802 9986 7447 2387 9987 8032 2009 9988 7654 2601 9989 8246 1899 9990 7544 2090 9991 7735 1785 9992 7430 2490 9993 8135 2088 9994 7733 2297 9995 7942 2456 9996 8101 1707 9997 7352 2485 9998 8130 2605 9999 8250 2028 10000 7673 2627 10001 8272 1810 10008 7455 2091 10009 7736 1960 10010 7605 2584 10011 8229 2622 10012 8267 2053 10013 7698 2277 10014 7922 2321 10015 7966 2075 10016 7720 1987 10017 7632 1863 10018 7508 1821 10019 7466 1723 10020 7368 2305 10021 7950 2311 10022 7956 2029 10023 7674 2206 10024 7851 1760 10025 7405 1805 10032 7450 1837 10033 7482 2081 10034 7726 2360 10035 8005 2345 10036 7990 1735 10037 7380 1887 10038 7532 1822 10039 7467 1920 10040 7565 2256 10041 7901 1746 10042 7391 1757 10043 7402 2685 10044 8330 2078 10045 7723 2040 10046 7685 1947 10047 7592 1845 10048 7490 2064 10049 7709 1977 10056 7622 1865 10057 7510 2002 10058 7647 1860 10059 7505 1744 10060 7389 1942 10061 7587 2488 10062 8133 1711 10063 7356 2400 10064 8045 1795 10065 7440 1831 10066 7476 2381 10067 8026 2071 10068 7716 1891 10069 7536 2135 10070 7780 1871 10071 7516 2145 10072 7790 2323 10073 7968 2492 10074 8137 1889 10075 7534 2089 10076 7734 2082 10077 7727 2060 10078 7705 2038 10079 7683 1998 10080 7643 2063 10081 7708 2713 10082 8358 2197 10083 7842 2222 10084 7867 2169 10085 7814 2449 10086 8094 2443 10087 8088 1817 10088 7462 2009 10089 7654 2270 10090 7915 1777 10091 7422 1858 10092 7503 2229 10093 7874 2106 10094 7751 2092 10095 7737 2293 10096 7938 2177 10097 7822 1946 10098 7591 1951 10099 7596 2030 10100 7675 2094 10101 7739 1876 10102 7521 1936 10103 7581 1954 10104 7599 1750 10105 7395 1832 10106 7477 2518 10107 8163 1838 10108 7483 2312 10109 7957 2624 10110 8269 2714 10111 8359 2440 10112 8085 2022 10113 7667 1923 10114 7568 2598 10115 8243 1899 10116 7544 1785 10117 7430 2300 10118 7945 1779 10119 7424 1918 10120 7563 1903 10121 7548 2228 10122 7873 2327 10123 7972 1734 10124 7379 2282 10125 7927 2010 10126 7655 1809 10127 7454 1747 10128 7392 2146 10129 7791 2001 10130 7646 1717 10131 7362 2581 10132 8226 2708 10133 8353 2425 10140 8070 2485 10141 8130 2587 10142 8232 1773 10143 7418 2076 10144 7721 2391 10145 8036 1871 10146 7516 2323 10147 7968 2730 10148 8375 2196 10149 7841 2105 10150 7750 2411 10151 8056 2264 10158 7909 1977 10159 7622 2002 10160 7647 2114 10161 7759 2099 10162 7744 2034 10163 7679 1863 10164 7508 2273 10165 7918 2103 10166 7748 2015 10167 7660 2410 10168 8055 2102 10169 7747 2444 10170 8089 1874 10171 7519 1782 10172 7427 2000 10173 7645 2027 10174 7672 1991 10175 7636 2592 10176 8237 1887 10177 7532 1920 10178 7565 1967 10179 7612 2465 10180 8110 2128 10181 7773 2029 10182 7674 2488 10183 8133 2400 10184 8045 2301 10185 7946 2021 10186 7666 2462 10187 8107 2467 10188 8112 2288 10189 7933 1906 10190 7551 1876 10191 7521 2193 10192 7838 1936 10193 7581 2568 10194 8213 1958 10195 7603 2364 10196 8009 2166 10197 7811 2369 10198 8014 2420 10199 8065 1971 10200 7616 2102 10201 7747 1818 10202 7463 1993 10203 7638 2175 10204 7820 2689 10205 8334 2164 10206 7809 2038 10207 7683 2060 10208 7705 1901 10209 7546 2024 10210 7669 1803 10211 7448 1827 10218 7472 2427 10219 8072 2289 10220 7934 1897 10221 7542 2365 10222 8010 2249 10223 7894 1946 10224 7591 2444 10225 8089 1904 10226 7549 2718 10227 8363 2275 10228 7920 1957 10229 7602 2594 10230 8239 2204 10231 7849 2450 10232 8095 2474 10233 8119 1981 10234 7626 1692 10235 7337 1773 10236 7418 1846 10237 7491 2076 10238 7721 2050 10239 7695 2237 10240 7882 1949 10241 7594 2264 10242 7909 2002 10243 7647 1850 10244 7495 1969 10245 7614 2100 10246 7745 2113 10247 7758 1710 10248 7355 1681 10249 7326 1670 10250 7315 2509 10251 8154 2584 10252 8229 2053 10253 7698 1933 10254 7578 2194 10255 7839 1725 10256 7370 2373 10257 8018 1723 10258 7368 2408 10259 8053 2423 10260 8068 2240 10261 7885 1992 10262 7637 2304 10263 7949 2253 10264 7898 1886 10265 7531 2362 10266 8007 2402 10267 8047 1819 10268 7464 2188 10269 7833 1991 10270 7636 2027 10271 7672 1762 10272 7407 2161 10273 7806 2382 10274 8027 1936 10275 7581 2061 10276 7706 1843 10277 7488 1918 10278 7563 1785 10279 7430 1903 10280 7548 2512 10281 8157 1970 10282 7615 1858 10283 7503 2034 10284 7679 2098 10285 7743 2001 10286 7646 2333 10287 7978 2264 10288 7909 1850 10289 7495 2237 10290 7882 2302 10291 7947 1949 10292 7594 2146 10293 7791 1860 10294 7505 2354 10295 7999 2051 10296 7696 2022 10297 7667 2598 10298 8243 1757 10299 7402 1746 10300 7391 2424 10301 8069 1823 10302 7468 2248 10303 7893 2148 10304 7793 2080 10305 7725 1911 10306 7556 1950 10307 7595 1861 10308 7506 1923 10309 7568 2677 10310 8322 2222 10311 7867 2197 10312 7842 2588 10313 8233 1726 10314 7371 1721 10315 7366 2241 10316 7886 2034 10317 7679 2001 10318 7646 2615 10319 8260 1987 10320 7632 1821 10321 7466 1990 10322 7635 2102 10323 7747 2225 10324 7870 1867 10325 7512 2448 10326 8093 1723 10327 7368 2004 10328 7649 2327 10329 7972 1689 10330 7334 1734 10331 7379 2332 10332 7977 2369 10333 8014 2166 10334 7811 1791 10335 7436 2432 10336 8077 2259 10337 7904 2248 10338 7893 2035 10339 7680 2058 10340 7703 2346 10341 7991 2350 10342 7995 2215 10343 7860 2387 10344 8032 1877 10345 7522 2585 10346 8230 1891 10347 7536 1726 10348 7371 2484 10349 8129 2149 10350 7794 2287 10351 7932 2487 10352 8132 2353 10353 7998 1919 10354 7564 2330 10355 7975 1973 10356 7618 2041 10357 7686 1799 10358 7444 2163 10359 7808 2466 10360 8111 2430 10361 8075 1858 10368 7503 2106 10369 7751 1806 10370 7451 2173 10371 7818 2079 10372 7724 2155 10373 7800 2176 10374 7821 1731 10375 7376 1764 10376 7409 2562 10377 8207 2294 10378 7939 2033 10379 7678 2527 10380 8172 2472 10381 8117 1827 10382 7472 2165 10383 7810 2688 10384 8333 2066 10385 7711 2705 10386 8350 2297 10387 7942 1968 10388 7613 2070 10389 7715 2229 10390 7874 1858 10391 7503 1916 10392 7561 2115 10393 7760 2719 10394 8364 1875 10395 7520 1939 10396 7584 1683 10397 7328 2155 10398 7800 2079 10399 7724 1805 10400 7450 1946 10401 7591 2174 10402 7819 1951 10403 7596 2344 10410 7989 2072 10411 7717 2397 10412 8042 2594 10413 8239 1737 10414 7382 1664 10415 7309 2451 10416 8096 2454 10417 8099 2235 10418 7880 1897 10419 7542 2558 10420 8203 2365 10421 8010 1739 10422 7384 1901 10423 7546 1803 10424 7448 2451 10425 8096 2308 10426 7953 2454 10427 8099 2068 10428 7713 2052 10429 7697 2162 10430 7807 2679 10431 8324 2226 10432 7871 1717 10433 7362 2344 10440 7989 2180 10441 7825 2072 10442 7717 2052 10443 7697 2491 10444 8136 2698 10445 8343 2549 10452 8194 1744 10453 7389 2118 10454 7763 1744 10455 7389 1748 10456 7393 2190 10457 7835 1692 10458 7337 1668 10459 7313 1745 10460 7390 2302 10461 7947 1745 10462 7390 1949 10463 7594 1746 10464 7391 2280 10465 7925 2424 10466 8069 1753 10467 7398 1746 10468 7391 1657 10469 7302 2098 10470 7743 1747 10471 7392 2001 10472 7646 2146 10473 7791 1747 10474 7392 1860 10475 7505 1748 10476 7393 2340 10477 7985 2113 10478 7758 1744 10479 7389 2563 10480 8208 1748 10481 7393 1964 10488 7609 2084 10489 7729 2463 10490 8108 1964 10491 7609 2111 10492 7756 2084 10493 7729 2060 10500 7705 2082 10501 7727 2158 10502 7803 2441 10503 8086 1810 10504 7455 1960 10505 7605 1753 10506 7398 2586 10507 8231 1746 10508 7391 2465 10509 8110 2533 10510 8178 2128 10511 7773 1989 10512 7634 2192 10513 7837 2105 10514 7750 2114 10515 7759 1818 10516 7463 2099 10517 7744 1955 10524 7600 1768 10525 7413 2136 10526 7781 2152 10527 7797 1875 10528 7520 1683 10529 7328 1757 10530 7402 1763 10531 7408 2112 10532 7757 2424 10533 8069 2339 10534 7984 1757 10535 7402 1763 10536 7408 1959 10537 7604 2112 10538 7757 2392 10539 8037 2283 10540 7928 2038 10541 7683 2612 10542 8257 1985 10543 7630 1877 10544 7522 2493 10545 8138 2413 10546 8058 2284 10547 7929 1760 10548 7405 2331 10549 7976 1786 10550 7431 2003 10551 7648 2206 10552 7851 2318 10553 7963 1700 10560 7345 2337 10561 7982 2357 10562 8002 1685 10563 7330 2328 10564 7973 2030 10565 7675 1959 10566 7604 2572 10567 8217 2051 10568 7696 1757 10569 7402 2380 10570 8025 1763 10571 7408 1970 10572 7615 1764 10573 7409 1858 10574 7503 1764 10575 7409 2603 10576 8248 1858 10577 7503 1994 10578 7639 1696 10579 7341 2117 10580 7762 2375 10581 8020 2075 10582 7720 2117 10583 7762 2274 10584 7919 2464 10585 8109 1965 10586 7610 2693 10587 8338 2352 10588 7997 2251 10589 7896 2040 10590 7685 1947 10591 7592 2064 10592 7709 2120 10593 7765 2097 10594 7742 2102 10595 7747 2154 10596 7799 2315 10597 7960 2416 10598 8061 1768 10599 7413 2080 10600 7725 2361 10601 8006 2608 10602 8253 1744 10603 7389 2190 10604 7835 2405 10605 8050 1655 10606 7300 2576 10607 8221 1861 10608 7506 2742 10609 8387 2478 10610 8123 2714 10611 8359 2163 10612 7808 2430 10613 8075 2486 10626 8131 2140 10627 7785 1826 10628 7471 2140 10629 7785 2486 10630 8131 2479 10631 8124 1822 10632 7467 1944 10633 7589 1920 10634 7565 1774 10635 7419 2406 10636 8051 2016 10637 7661 2501 10638 8146 1912 10639 7557 2523 10640 8168 2023 10641 7668 2272 10642 7917 1838 10643 7483 2147 10644 7792 2202 10645 7847 2074 10646 7719 1723 10647 7368 1883 10648 7528 2351 10649 7996 1865 10650 7510 2231 10651 7876 1881 10652 7526 1658 10653 7303 2013 10654 7658 2115 10655 7760 1800 10656 7445 2419 10657 8064 1778 10658 7423 2187 10659 7832 2721 10660 8366 2366 10661 8011 2227 10662 7872 1904 10663 7549 1966 10664 7611 1887 10665 7532 1779 10666 7424 1822 10667 7467 2106 10668 7751 2314 10669 7959 1806 10670 7451 1974 10671 7619 2198 10672 7843 2345 10673 7990 1685 10674 7330 2030 10675 7675 2255 10676 7900 2508 10677 8153 2482 10678 8127 1714 10679 7359 2221 10680 7866 1925 10681 7570 2388 10682 8033 2355 10683 8000 1700 10684 7345 2303 10685 7948 2358 10686 8003 2093 10687 7738 2031 10688 7676 2206 10689 7851 2468 10690 8113 1988 10691 7633 2411 10692 8056 2242 10693 7887 2196 10694 7841 2468 10695 8113 2206 10696 7851 2029 10697 7674 1785 10698 7430 1651 10699 7296 1903 10700 7548 2176 10701 7821 1764 10702 7409 2269 10703 7914 2373 10704 8018 2408 10705 8053 1711 10706 7356 1760 10707 7405 1786 10708 7431 2260 10709 7905 2138 10710 7783 2534 10711 8179 2268 10712 7913 2033 10713 7678 1924 10714 7569 1917 10715 7562 1929 10716 7574 1661 10717 7306 2539 10718 8184 1661 10719 7306 1904 10720 7549 1943 10721 7588 2557 10722 8202 2147 10723 7792 2074 10724 7719 2147 10725 7792 2009 10726 7654 2013 10727 7658 2119 10728 7764 2170 10729 7815 1716 10730 7361 2517 10731 8162 2034 10732 7679 1695 10733 7340 1700 10734 7345 2412 10735 8057 1996 10736 7641 1791 10737 7436 2324 10738 7969 2432 10739 8077 1792 10740 7437 1869 10741 7514 2014 10742 7659 1672 10743 7317 2311 10744 7956 2305 10745 7950 2175 10746 7820 2710 10747 8355 2689 10748 8334 2346 10749 7991 2035 10750 7680 2248 10751 7893 1794 10752 7439 1657 10753 7302 1746 10754 7391 2211 10755 7856 2743 10756 8388 1797 10757 7442 2399 10758 8044 2194 10759 7839 1933 10760 7578 2025 10761 7670 2010 10762 7655 2233 10763 7878 1974 10764 7619 2063 10765 7708 1998 10766 7643 2512 10767 8157 1913 10768 7558 1923 10769 7568 2584 10770 8229 1705 10771 7350 2622 10772 8267 2427 10773 8072 1797 10774 7442 2289 10775 7934 1798 10776 7443 1690 10777 7335 2587 10778 8232 2226 10779 7871 2302 10780 7947 2237 10781 7882 2197 10782 7842 2169 10783 7814 2165 10784 7810 2748 10785 8393 1834 10786 7479 1682 10787 7327 2367 10788 8012 2360 10789 8005 1735 10790 7380 2174 10791 7819 2019 10792 7664 2394 10793 8039 1801 10794 7446 2439 10795 8084 2032 10796 7677 1723 10797 7368 2322 10798 7967 1809 10799 7454 2116 10800 7761 2105 10801 7750 2422 10802 8067 1818 10803 7463 2435 10804 8080 1953 10805 7598 1703 10806 7348 2509 10807 8154 2172 10808 7817 2164 10809 7809 2392 10810 8037 2038 10811 7683 1804 10812 7449 2536 10813 8181 2550 10814 8195 2102 10815 7747 2319 10816 7964 2225 10817 7870 2475 10818 8120 2042 10819 7687 2394 10820 8039 2149 10821 7794 2042 10822 7687 2287 10823 7932 1806 10824 7451 2046 10825 7691 1913 10826 7558 2046 10827 7691 2538 10828 8183 2377 10829 8022 2535 10836 8180 2070 10837 7715 2368 10838 8013 1958 10839 7603 2418 10840 8063 2364 10841 8009 2230 10842 7875 1801 10843 7446 1997 10844 7642 1768 10845 7413 2361 10846 8006 2136 10847 7781 2527 10848 8172 2066 10849 7711 2472 10850 8117 1810 10851 7455 2441 10852 8086 1732 10853 7377 2353 10854 7998 2495 10855 8140 1919 10856 7564 2279 10857 7924 2467 10858 8112 1906 10859 7551 2088 10860 7733 2254 10861 7899 2297 10862 7942 2101 10863 7746 2431 10864 8076 2229 10865 7874 1754 10866 7399 2480 10867 8125 1971 10868 7616 2301 10869 7946 2238 10870 7883 2021 10871 7666 2474 10872 8119 2576 10873 8221 1981 10874 7626 1707 10875 7352 2726 10876 8371 2485 10877 8130 1815 10878 7460 2545 10879 8190 1848 10880 7493 1928 10881 7573 1688 10882 7333 1815 10883 7460 2095 10890 7740 1734 10891 7379 1689 10892 7334 1817 10893 7462 2448 10894 8093 2004 10895 7649 1818 10896 7463 2057 10897 7702 1971 10898 7616 2057 10899 7702 1818 10900 7463 1953 10901 7598 1819 10902 7464 2048 10903 7693 2458 10904 8103 2188 10905 7833 1931 10906 7576 1991 10907 7636 2141 10914 7786 1683 10915 7328 1777 10916 7422 2152 10917 7797 1683 10918 7328 2236 10919 7881 2647 10920 8292 1944 10921 7589 2707 10922 8352 1779 10923 7424 1903 10924 7548 1822 10925 7467 2078 10926 7723 1947 10927 7592 2040 10928 7685 2316 10929 7961 1823 10930 7468 1719 10931 7364 2288 10932 7933 1954 10933 7599 1906 10934 7551 1936 10935 7581 2193 10936 7838 2061 10937 7706 1668 10938 7313 1692 10939 7337 2609 10940 8254 2609 10941 8254 1692 10942 7337 1981 10943 7626 1721 10944 7366 2126 10945 7771 2241 10946 7886 2241 10947 7886 2126 10948 7771 1898 10949 7543 2403 10950 8048 2469 10951 8114 1670 10952 7315 1681 10953 7326 2403 10954 8048 1670 10955 7315 2577 10956 8222 1828 10957 7473 2404 10958 8049 2112 10959 7757 1959 10960 7604 2389 10961 8034 1985 10962 7630 2104 10963 7749 2626 10964 8271 2135 10965 7780 1891 10966 7536 2484 10967 8129 1977 10968 7622 2264 10969 7909 1963 10970 7608 1695 10971 7340 2056 10972 7701 2325 10973 7970 2248 10974 7893 2520 10975 8165 2148 10976 7793 1921 10977 7566 2378 10978 8023 1831 10979 7476 2412 10980 8057 1982 10981 7627 1996 10982 7641 2369 10983 8014 2332 10984 7977 1832 10985 7477 1784 10986 7429 2029 10987 7674 2350 10988 7995 2215 10989 7860 2350 10990 7995 1833 10991 7478 2613 10992 8258 1706 10993 7351 1904 10994 7549 2109 10995 7754 2366 10996 8011 2721 10997 8366 1937 10998 7582 2531 10999 8176 2335 11000 7980 1633 11001 7278 2347 11002 7992 2333 11003 7978 2489 11004 8134 2455 11005 8100 1940 11006 7585 2592 11007 8237 1920 11008 7565 2121 11009 7766 1837 11010 7482 1972 11011 7617 2081 11012 7726 2703 11013 8348 2036 11014 7681 1730 11015 7375 1928 11016 7573 2458 11017 8103 2048 11018 7693 2513 11019 8158 2023 11020 7668 1838 11021 7483 2501 11028 8146 1840 11029 7485 1912 11030 7557 2054 11031 7699 2463 11032 8108 1667 11033 7312 1700 11040 7345 2183 11041 7828 1697 11042 7342 2183 11043 7828 1931 11044 7576 2188 11045 7833 1700 11046 7345 2433 11047 8078 2457 11048 8102 2433 11049 8078 1714 11050 7359 2457 11051 8102 2220 11052 7865 1649 11053 7294 2153 11054 7798 2041 11055 7686 1973 11056 7618 2417 11057 8062 2410 11058 8055 2015 11059 7660 2611 11060 8256 2315 11061 7960 1999 11062 7644 2416 11063 8061 1846 11064 7491 1668 11065 7313 2076 11066 7721 2479 11067 8124 1898 11068 7543 1668 11069 7313 2053 11070 7698 2299 11071 7944 2262 11072 7907 2308 11073 7953 1847 11074 7492 2454 11075 8099 1848 11076 7493 1918 11077 7563 1779 11078 7424 1904 11079 7549 2205 11080 7850 1966 11081 7611 2494 11088 8139 2396 11089 8041 1678 11090 7323 2157 11091 7802 2107 11092 7752 1744 11093 7389 2518 11094 8163 1688 11095 7333 1838 11096 7483 1918 11097 7563 2300 11098 7945 1785 11099 7430 1852 11100 7497 2044 11101 7689 2269 11102 7914 1944 11103 7589 2436 11104 8081 1852 11105 7497 2097 11106 7742 2619 11107 8264 2276 11108 7921 2620 11109 8265 2334 11110 7979 1993 11111 7638 1748 11118 7393 2113 11119 7758 2190 11120 7835 2606 11121 8251 2391 11122 8036 2076 11123 7721 2714 11124 8359 2624 11125 8269 2497 11126 8142 2718 11127 8363 1856 11128 7501 2275 11129 7920 2711 11130 8356 2705 11131 8350 2418 11132 8063 1811 11133 7456 2330 11134 7975 2395 11135 8040 2191 11136 7836 1858 11137 7503 2087 11138 7732 2096 11139 7741 2556 11140 8201 2368 11141 8013 1860 11148 7505 1747 11149 7392 2209 11150 7854 1744 11151 7389 1860 11152 7505 2118 11153 7763 1720 11154 7365 2197 11155 7842 2165 11156 7810 1923 11157 7568 1861 11158 7506 2156 11159 7801 2292 11160 7937 2220 11161 7865 2153 11162 7798 2167 11163 7812 2678 11164 8323 1665 11165 7310 2234 11166 7879 1671 11167 7316 2152 11168 7797 2691 11169 8336 1863 11170 7508 2103 11171 7748 2116 11172 7761 2422 11173 8067 2281 11174 7926 2515 11175 8160 2481 11176 8126 1693 11177 7338 1821 11178 7466 1865 11179 7510 1990 11180 7635 1821 11181 7466 2384 11182 8029 2141 11183 7786 2214 11184 7859 2215 11185 7860 2699 11186 8344 1933 11187 7578 1725 11188 7370 2214 11189 7859 1867 11190 7512 1894 11191 7539 1722 11192 7367 2056 11193 7701 2069 11194 7714 2325 11195 7970 1702 11196 7347 1813 11197 7458 2522 11198 8167 2682 11199 8327 1868 11200 7513 2616 11201 8261 1792 11202 7437 2329 11203 7974 1869 11204 7514 1672 11205 7317 2003 11206 7648 2318 11207 7963 1827 11208 7472 2472 11209 8117 2427 11210 8072 2533 11211 8178 2442 11212 8087 2128 11213 7773 2037 11214 7682 2546 11215 8191 1802 11216 7447 2625 11217 8270 2376 11218 8021 1802 11219 7447 1951 11220 7596 2482 11221 8127 2508 11222 8153 1876 11223 7521 2094 11224 7739 2149 11225 7794 2201 11226 7846 1873 11227 7518 2070 11228 7715 2573 11229 8218 2542 11230 8187 2525 11231 8170 1788 11232 7433 2326 11233 7971 1874 11234 7519 1762 11235 7407 2357 11236 8002 2337 11237 7982 2230 11238 7875 1997 11239 7642 1671 11240 7316 2152 11241 7797 1671 11242 7316 1875 11243 7520 2007 11244 7652 2487 11245 8132 2287 11246 7932 2178 11247 7823 1662 11248 7307 1824 11249 7469 2481 11250 8126 2171 11251 7816 1693 11252 7338 2009 11253 7654 2700 11254 8345 2601 11255 8246 2623 11256 8268 2579 11257 8224 1878 11258 7523 2717 11259 8362 2493 11260 8138 2284 11261 7929 1633 11262 7278 2333 11263 7978 2567 11264 8212 2209 11265 7854 2578 11266 8223 1860 11267 7505 2429 11268 8074 1759 11269 7404 2104 11270 7749 2693 11271 8338 2251 11272 7896 2284 11273 7929 1865 11274 7510 1881 11275 7526 2002 11276 7647 2009 11277 7654 2100 11278 7745 2270 11279 7915 1882 11280 7527 2399 11281 8044 1933 11282 7578 1882 11283 7527 1723 11284 7368 2399 11285 8044 2240 11286 7885 2341 11287 7986 1992 11288 7637 2074 11289 7719 2351 11290 7996 1883 11291 7528 2397 11292 8042 1884 11293 7529 2344 11294 7989 1905 11295 7550 1884 11296 7529 1995 11297 7640 2151 11298 7796 1721 11299 7366 2615 11300 8260 2114 11301 7759 1885 11302 7530 2464 11303 8109 2074 11304 7719 2202 11305 7847 2351 11306 7996 1886 11307 7531 2253 11308 7898 2428 11309 8073 1698 11310 7343 1779 11311 7424 1887 11312 7532 2065 11313 7710 1698 11314 7343 1887 11315 7532 2666 11316 8311 2080 11317 7725 1768 11318 7413 1768 11319 7413 2375 11320 8020 2315 11321 7960 1752 11322 7397 2574 11323 8219 2696 11324 8341 1681 11325 7326 1752 11326 7397 2696 11327 8341 2049 11328 7694 1890 11329 7535 1765 11330 7410 2075 11331 7720 2321 11332 7966 2348 11333 7993 1885 11334 7530 2470 11335 8115 2464 11336 8109 1891 11337 7536 1721 11338 7366 1726 11339 7371 2319 11352 7964 2526 11353 8171 1894 11354 7539 1863 11355 7508 1987 11356 7632 2273 11357 7918 2256 11370 7901 2452 11371 8097 2363 11372 8008 1897 11373 7542 1644 11374 7289 2749 11375 8394 2446 11376 8091 1708 11377 7353 2695 11378 8340 1708 11379 7353 1668 11380 7313 2695 11381 8340 2090 11382 7735 1899 11383 7544 2008 11384 7653 2272 11385 7917 2312 11386 7957 1838 11387 7483 2160 11394 7805 2452 11395 8097 2256 11396 7901 1901 11397 7546 1978 11398 7623 1654 11399 7299 1686 11400 7331 2359 11401 8004 1724 11402 7369 1724 11403 7369 2513 11404 8158 1838 11405 7483 2044 11406 7689 1903 11407 7548 1651 11408 7296 2503 11409 8148 1822 11410 7467 1903 11411 7548 1904 11412 7549 2227 11413 7872 1682 11414 7327 2613 11415 8258 1904 11416 7549 1682 11417 7327 1884 11418 7529 1905 11419 7550 2085 11420 7730 2425 11421 8070 1905 11422 7550 2456 11423 8101 1824 11424 7469 2217 11425 7862 1700 11426 7345 1662 11427 7307 2217 11428 7862 1824 11429 7469 1648 11430 7293 2135 11431 7780 2484 11432 8129 2265 11433 7910 1880 11434 7525 1907 11435 7552 1770 11436 7415 2291 11437 7936 2430 11438 8075 2043 11439 7688 1796 11440 7441 1908 11441 7553 2565 11442 8210 2097 11443 7742 2276 11444 7921 1767 11445 7412 2516 11446 8161 2461 11447 8106 1808 11448 7453 2138 11449 7783 2268 11450 7913 1684 11451 7329 1910 11452 7555 2039 11453 7684 2316 11454 7961 2426 11455 8071 1911 11456 7556 2010 11457 7655 2282 11458 7927 2026 11459 7671 2177 11460 7822 2293 11461 7938 2268 11462 7913 2008 11463 7653 1912 11464 7557 2313 11465 7958 1780 11466 7425 2207 11467 7852 2415 11468 8060 1913 11469 7558 2477 11470 8122 2317 11471 7962 1916 11484 7561 2304 11485 7949 2115 11486 7760 2304 11487 7949 1916 11488 7561 2253 11489 7898 1917 11490 7562 2349 11491 7994 2747 11492 8392 1785 11493 7430 2090 11494 7735 2747 11495 8392 2545 11496 8190 1918 11497 7563 1848 11498 7493 1918 11499 7563 2529 11500 8174 1851 11501 7496 2007 11502 7652 2287 11503 7932 1919 11504 7564 2088 11505 7733 2663 11506 8308 2254 11507 7899 2398 11508 8043 2597 11509 8242 2438 11510 8083 2398 11511 8043 2121 11512 7766 1920 11513 7565 1795 11514 7440 1921 11515 7566 1831 11516 7476 2437 11517 8082 1921 11518 7566 1795 11519 7440 1796 11526 7441 2043 11527 7688 2317 11528 7962 2189 11529 7834 2317 11530 7962 2477 11531 8122 1924 11532 7569 2033 11533 7678 2543 11534 8188 2096 11535 7741 2368 11536 8013 2191 11537 7836 1697 11538 7342 2183 11539 7828 2188 11540 7833 2303 11541 7948 1925 11542 7570 2221 11543 7866 1838 11556 7483 1928 11557 7573 2432 11558 8077 1688 11559 7333 1928 11560 7573 1838 11561 7483 2355 11562 8000 2303 11563 7948 2221 11564 7866 1782 11565 7427 1929 11566 7574 1943 11567 7588 1780 11568 7425 2377 11569 8022 1930 11570 7575 1642 11571 7287 2079 11572 7724 2173 11573 7818 2362 11574 8007 1819 11575 7464 2224 11576 7869 2224 11577 7869 1819 11578 7464 1713 11579 7358 1932 11580 7577 2581 11581 8226 1717 11582 7362 1717 11583 7362 2226 11584 7871 1932 11585 7577 2408 11586 8053 2218 11587 7863 1711 11588 7356 1711 11589 7356 2218 11590 7863 1866 11591 7511 1714 11604 7359 2219 11605 7864 2457 11606 8102 1872 11607 7517 2219 11608 7864 1714 11609 7359 2733 11610 8378 2232 11611 7877 2347 11612 7992 1963 11613 7608 2604 11614 8249 2517 11615 8162 2443 11622 8088 2449 11623 8094 2719 11624 8364 1734 11625 7379 2719 11626 8364 1875 11627 7520 1940 11628 7585 2455 11629 8100 1636 11630 7281 2339 11631 7984 2380 11632 8025 1757 11633 7402 1942 11640 7587 1948 11641 7593 1647 11642 7292 1942 11643 7587 2548 11644 8193 2354 11645 7999 2444 11646 8089 1782 11647 7427 1943 11648 7588 1904 11649 7549 2444 11650 8089 1943 11651 7588 2438 11652 8083 2597 11653 8242 1944 11654 7589 1944 11655 7589 1852 11656 7497 2498 11657 8143 2278 11658 7923 1836 11659 7481 2280 11660 7925 1887 11661 7532 1945 11662 7590 2065 11663 7710 2419 11664 8064 2109 11665 7754 1778 11666 7423 1706 11667 7351 1946 11668 7591 1904 11669 7549 2610 11670 8255 2078 11671 7723 2316 11672 7961 2701 11673 8346 1888 11674 7533 2154 11675 7799 2566 11676 8211 2204 11677 7849 1948 11678 7593 1647 11679 7292 1948 11680 7593 2290 11681 7935 1668 11682 7313 1949 11683 7594 1745 11684 7390 1708 11685 7353 2476 11686 8121 1668 11687 7313 2674 11688 8319 2704 11689 8349 1911 11690 7556 1809 11691 7454 2320 11692 7965 2704 11693 8349 1872 11694 7517 1951 11695 7596 2697 11696 8342 1674 11697 7319 2394 11698 8039 2042 11699 7687 1952 11700 7597 2469 11701 8114 2403 11702 8048 1797 11703 7442 2469 11704 8114 1952 11705 7597 1754 11706 7399 1953 11707 7598 2105 11708 7750 2435 11709 8080 2546 11710 8191 1953 11711 7598 1700 11712 7345 1954 11713 7599 1832 11714 7477 2217 11715 7862 2471 11716 8116 1700 11717 7345 2580 11718 8225 2136 11719 7781 2234 11720 7879 2277 11721 7922 1756 11722 7401 2321 11723 7966 2473 11730 8118 2748 11731 8393 1682 11732 7327 2041 11733 7686 1957 11734 7602 1799 11735 7444 2111 11736 7756 2395 11737 8040 2084 11738 7729 1958 11739 7603 2711 11740 8356 2418 11741 8063 1637 11742 7282 2083 11743 7728 1720 11744 7365 1828 11745 7473 1959 11746 7604 2404 11747 8049 2561 11748 8206 1681 11749 7326 1889 11750 7534 1681 11751 7326 1960 11752 7605 2091 11753 7736 2623 11760 8268 2274 11761 7919 2579 11762 8224 2715 11763 8360 1871 11764 7516 1962 11765 7607 2511 11766 8156 1977 11767 7622 1963 11768 7608 2511 11769 8156 2716 11770 8361 2517 11771 8162 1750 11772 7395 1954 11773 7599 2288 11774 7933 2054 11775 7699 1964 11776 7609 2463 11777 8108 1891 11778 7536 2336 11779 7981 1965 11780 7610 2370 11781 8015 1680 11782 7325 2595 11783 8240 1698 11784 7343 2271 11785 7916 1779 11786 7424 2271 11787 7916 1848 11788 7493 1779 11789 7424 2227 11790 7872 2065 11791 7710 1967 11792 7612 2227 11793 7872 1967 11794 7612 2128 11795 7773 2583 11796 8228 1684 11797 7329 1968 11798 7613 1968 11799 7613 1684 11800 7329 2039 11801 7684 1969 11802 7614 2113 11803 7758 2340 11804 7985 2100 11805 7745 1969 11806 7614 1678 11807 7323 2269 11808 7914 1764 11809 7409 1970 11810 7615 1852 11811 7497 2269 11812 7914 1970 11813 7615 1971 11814 7616 2530 11815 8175 1702 11816 7347 2102 11817 7747 1971 11818 7616 2120 11819 7765 1837 11820 7482 1730 11821 7375 2544 11822 8189 2544 11823 8189 2431 11824 8076 2542 11825 8187 1844 11826 7489 1973 11827 7618 2460 11828 8105 2222 11829 7867 2483 11830 8128 2524 11831 8169 2537 11832 8182 1687 11833 7332 2342 11834 7987 2198 11835 7843 1974 11836 7619 2207 11837 7852 2325 11850 7970 1977 11851 7622 2511 11852 8156 1977 11853 7622 1830 11854 7475 2589 11855 8234 1847 11856 7492 1978 11857 7623 2510 11858 8155 1978 11859 7623 1901 11860 7546 2510 11861 8155 1801 11862 7446 1979 11863 7624 1997 11864 7642 1979 11865 7624 1801 11866 7446 2032 11867 7677 1762 11868 7407 1980 11869 7625 2357 11870 8002 1980 11871 7625 1762 11872 7407 2382 11873 8027 2606 11874 8251 1825 11875 7470 1981 11876 7626 1655 11877 7300 2555 11878 8200 2576 11879 8221 1982 11880 7627 1686 11881 7331 1996 11882 7641 1686 11883 7331 1982 11884 7627 2359 11885 8004 1983 11886 7628 1672 11887 7317 2305 11888 7950 1672 11889 7317 1983 11890 7628 2003 11891 7648 2331 11892 7976 1984 11893 7629 1786 11894 7431 1723 11895 7368 1786 11896 7431 1984 11897 7629 1985 11898 7630 2626 11899 8271 1829 11900 7474 1985 11901 7630 2585 11902 8230 1877 11903 7522 2200 11904 7845 2350 11905 7995 2346 11906 7991 2175 11907 7820 2462 11908 8107 2710 11909 8355 1894 11910 7539 1643 11911 7288 2554 11912 8199 2371 11913 8016 1894 11914 7539 2554 11915 8199 2242 11916 7887 2411 11917 8056 2414 11918 8059 2515 11919 8160 1693 11920 7338 1988 11921 7633 2192 11922 7837 1989 11923 7634 2059 11924 7704 2196 11925 7841 2238 11926 7883 1989 11927 7634 1990 11928 7635 2371 11929 8016 1987 11930 7632 1990 11931 7635 1977 11932 7622 2069 11933 7714 2224 11934 7869 1713 11935 7358 2295 11936 7940 2740 11937 8385 2295 11938 7940 1713 11939 7358 1792 11940 7437 2014 11941 7659 1992 11942 7637 1723 11943 7368 1792 11944 7437 1992 11945 7637 1853 11946 7498 1993 11947 7638 1635 11948 7280 1853 11949 7498 2175 11950 7820 1993 11951 7638 1804 11952 7449 2410 11953 8055 2536 11954 8181 2410 11955 8055 1804 11956 7449 2102 11957 7747 1737 11958 7382 2594 11959 8239 2593 11960 8238 1884 11961 7529 1737 11962 7382 1995 11963 7640 2374 11964 8019 2324 11965 7969 1791 11966 7436 1700 11967 7345 2374 11968 8019 1791 11969 7436 1997 11970 7642 1979 11971 7624 2228 11972 7873 1671 11973 7316 2447 11974 8092 1875 11975 7520 1796 11976 7441 2440 11977 8085 1908 11978 7553 2537 11979 8182 2342 11980 7987 1998 11981 7643 2150 11982 7795 2416 11983 8061 1999 11984 7644 1696 11985 7341 1999 11986 7644 2117 11987 7762 2740 11988 8385 2000 11989 7645 1991 11990 7636 2000 11991 7645 1815 11992 7460 2205 11993 7850 2151 11994 7796 1634 11995 7279 1721 11996 7366 2421 11997 8066 1634 11998 7279 2001 11999 7646 2002 12000 7647 1881 12001 7526 1709 12002 7354 2002 12003 7647 2396 12004 8041 1850 12005 7495 2206 12006 7851 2338 12007 7983 1760 12008 7405 2331 12009 7976 1760 12010 7405 2338 12011 7983 1886 12012 7531 2428 12013 8073 1712 12014 7357 1723 12015 7368 1712 12016 7357 2428 12017 8073 2211 12018 7856 1797 12019 7442 2427 12020 8072 1870 12021 7515 2442 12022 8087 2005 12023 7650 2334 12024 7979 2620 12025 8265 2685 12026 8330 2006 12027 7651 1699 12028 7344 2521 12029 8166 1662 12030 7307 2495 12031 8140 2353 12032 7998 1662 12033 7307 2178 12034 7823 2007 12035 7652 2523 12036 8168 1912 12037 7557 2008 12038 7653 1775 12039 7420 2008 12040 7653 1899 12041 7544 2009 12042 7654 2014 12043 7659 2206 12044 7851 2147 12045 7792 1789 12046 7434 2009 12047 7654 1723 12048 7368 2010 12049 7655 2025 12050 7670 2010 12051 7655 1723 12052 7368 1809 12053 7454 2013 12066 7658 2009 12067 7654 1777 12068 7422 1777 12069 7422 1683 12070 7328 2013 12071 7658 1789 12072 7434 2423 12073 8068 2009 12074 7654 2423 12075 8068 1789 12076 7434 2240 12077 7885 2461 12078 8106 1845 12079 7490 2150 12080 7795 2461 12081 8106 2516 12082 8161 1845 12083 7490 1718 12084 7363 2455 12085 8100 2489 12086 8134 2398 12087 8043 1774 12088 7419 2016 12089 7661 1685 12090 7330 1700 12091 7345 2017 12092 7662 2328 12093 7973 1685 12094 7330 2017 12095 7662 2569 12096 8214 2573 12097 8218 2525 12098 8170 2297 12099 7942 1733 12100 7378 1968 12101 7613 1800 12102 7445 1735 12103 7380 2019 12104 7664 2252 12105 7897 2475 12106 8120 1735 12107 7380 2020 12108 7665 2220 12109 7865 1862 12110 7507 2459 12111 8104 2417 12112 8062 2466 12113 8111 2683 12114 8328 2021 12115 7666 1656 12116 7301 2238 12117 7883 2196 12118 7841 2021 12119 7666 2258 12120 7903 2022 12121 7667 2051 12122 7696 1774 12123 7419 1944 12124 7589 2498 12125 8143 2420 12126 8065 2054 12127 7699 1667 12128 7312 2420 12129 8065 1667 12130 7312 2272 12131 7917 2392 12132 8037 2393 12133 8038 2283 12134 7928 2599 12135 8244 1758 12136 7403 2024 12137 7669 1679 12138 7324 2437 12139 8082 1795 12140 7440 1723 12141 7368 2437 12142 8082 1679 12143 7324 2026 12144 7671 2282 12145 7927 2426 12146 8071 1831 12147 7476 2378 12148 8023 2727 12149 8372 1904 12150 7549 1661 12151 7306 2027 12152 7672 2221 12153 7866 2388 12154 8033 1661 12155 7306 1726 12156 7371 2028 12157 7673 2681 12158 8326 1773 12159 7418 2391 12160 8036 2675 12161 8320 2499 12162 8144 1866 12163 7511 2699 12164 8344 2029 12165 7674 1833 12166 7478 2350 12167 7995 2328 12168 7973 1781 12169 7426 2030 12170 7675 1781 12171 7426 1946 12172 7591 2030 12173 7675 2145 12174 7790 2693 12175 8338 2323 12176 7968 2429 12177 8074 2612 12178 8257 1759 12179 7404 2327 12180 7972 2434 12181 8079 1689 12182 7334 2434 12183 8079 1723 12184 7368 1689 12185 7334 2313 12186 7958 2177 12187 7822 1787 12188 7432 1787 12189 7432 2543 12190 8188 2033 12191 7678 1937 12192 7582 2335 12193 7980 2034 12194 7679 2119 12195 7764 2098 12196 7743 2034 12197 7679 1725 12198 7370 1831 12199 7476 2500 12200 8145 2214 12201 7859 1725 12202 7370 2215 12203 7860 2079 12204 7724 1642 12205 7287 2036 12206 7681 2314 12207 7959 2377 12208 8022 2538 12209 8183 1666 12210 7311 2618 12211 8263 2422 12212 8067 1871 12213 7516 2376 12214 8021 1962 12215 7607 2628 12216 8273 2389 12217 8034 2737 12218 8382 2577 12219 8222 2038 12220 7683 1828 12221 7473 2039 12222 7684 1910 12223 7555 1808 12224 7453 2568 12225 8213 2364 12226 8009 2293 12227 7938 1635 12228 7280 1993 12229 7638 2334 12230 7979 2276 12231 7921 1635 12232 7280 2040 12233 7685 2041 12234 7686 2718 12235 8363 1957 12236 7602 2459 12237 8104 2466 12238 8111 2163 12239 7808 2252 12240 7897 2042 12241 7687 2475 12242 8120 2540 12243 8185 1805 12244 7450 2081 12245 7726 2742 12246 8387 1861 12247 7506 2677 12248 8322 1770 12249 7415 2043 12250 7688 2684 12251 8329 2436 12252 8081 2503 12253 8148 1903 12254 7548 1715 12255 7360 2436 12256 8081 1944 12257 7589 2046 12264 7691 1780 12265 7425 2415 12266 8060 1780 12267 7425 2046 12268 7691 2377 12269 8022 2490 12270 8135 2297 12271 7942 2705 12272 8350 2519 12273 8164 2490 12274 8135 1857 12275 7502 2259 12276 7904 2432 12277 8077 2048 12278 7693 1928 12279 7573 2048 12280 7693 2432 12281 8077 2319 12282 7964 2550 12283 8195 2526 12284 8171 2049 12285 7694 1765 12286 7410 2273 12287 7918 2581 12288 8226 2050 12289 7695 2476 12290 8121 2581 12291 8226 1932 12292 7577 2050 12293 7695 2572 12294 8217 1636 12295 7281 2051 12296 7696 2752 12297 8397 2406 12298 8051 1636 12299 7281 1690 12300 7335 2590 12301 8235 2425 12302 8070 2226 12303 7871 2407 12304 8052 2302 12305 7947 1847 12306 7492 2296 12307 7941 1738 12308 7383 2296 12309 7941 1897 12310 7542 2749 12311 8394 2369 12312 8014 2054 12313 7699 2420 12314 8065 1750 12315 7395 1964 12316 7609 2054 12317 7699 2056 12324 7701 1867 12325 7512 2069 12326 7714 2102 12327 7747 1867 12328 7512 2056 12329 7701 2057 12330 7702 1754 12331 7399 1971 12332 7616 1754 12333 7399 2057 12334 7702 1953 12335 7598 2500 12336 8145 1831 12337 7476 2058 12338 7703 1831 12339 7476 2727 12340 8372 2520 12341 8165 1989 12342 7634 2238 12343 7883 2059 12344 7704 2480 12345 8125 2530 12346 8175 1971 12347 7616 1681 12348 7326 1710 12349 7355 2060 12350 7705 1710 12351 7355 2164 12352 7809 2060 12353 7705 1700 12354 7345 1843 12355 7488 2061 12356 7706 1824 12357 7469 1700 12358 7345 2445 12359 8090 2275 12360 7920 2187 12361 7832 2366 12362 8011 2062 12363 7707 1706 12364 7351 2613 12365 8258 2109 12366 7754 2721 12367 8366 1778 12368 7423 1974 12369 7619 2360 12370 8005 2063 12371 7708 2516 12372 8161 2528 12373 8173 1845 12374 7490 2276 12375 7921 2040 12376 7685 2064 12377 7709 2280 12378 7925 2065 12379 7710 1945 12380 7590 2586 12381 8231 1753 12382 7398 2465 12383 8110 2165 12384 7810 2066 12385 7711 2732 12386 8377 1810 12387 7455 2732 12388 8377 2066 12389 7711 2491 12396 8136 2052 12397 7697 2068 12398 7713 2068 12399 7713 2343 12400 7988 2491 12401 8136 1990 12402 7635 2069 12403 7714 1722 12404 7367 1867 12405 7512 1722 12406 7367 2069 12407 7714 2535 12408 8180 2541 12409 8186 2070 12410 7715 2541 12411 8186 2201 12412 7846 2070 12413 7715 1680 12414 7325 2709 12415 8354 1907 12416 7552 1680 12417 7325 2370 12418 8015 2336 12419 7981 1948 12420 7593 2401 12421 8046 2290 12422 7935 2738 12423 8383 2072 12424 7717 1664 12425 7309 1918 12426 7563 2073 12427 7718 2529 12428 8174 2545 12429 8190 1815 12430 7460 1688 12431 7333 2557 12432 8202 2074 12433 7719 1776 12434 7421 1776 12435 7421 2074 12436 7719 1883 12437 7528 1768 12438 7413 2075 12439 7720 2375 12440 8020 1768 12441 7413 2277 12442 7922 2075 12443 7720 1668 12444 7313 1825 12445 7470 2076 12446 7721 1825 12447 7470 2606 12448 8251 2076 12449 7721 1993 12450 7638 2689 12451 8334 2620 12452 8265 1986 12453 7631 2248 12454 7893 2077 12455 7722 2372 12456 8017 2006 12457 7651 2521 12458 8166 2078 12459 7723 1823 12460 7468 2316 12461 7961 1837 12462 7482 2703 12463 8348 1730 12464 7375 2079 12465 7724 1837 12466 7482 1805 12467 7450 2080 12468 7725 2316 12469 7961 1911 12470 7556 2666 12471 8311 1676 12472 7321 2080 12473 7725 2540 12474 8185 2081 12475 7726 1727 12476 7372 2081 12477 7726 1972 12478 7617 2663 12479 8308 2082 12480 7727 2577 12481 8222 2158 12482 7803 2577 12483 8222 2082 12484 7727 2038 12485 7683 2746 12486 8391 1959 12487 7604 2598 12488 8243 1959 12489 7604 2083 12490 7728 1637 12491 7282 2084 12492 7729 2596 12493 8241 1840 12494 7485 2084 12495 7729 2395 12496 8040 2596 12497 8241 2085 12498 7730 2052 12499 7697 2698 12500 8343 1884 12501 7529 2085 12502 7730 1742 12503 7387 2087 12510 7732 1764 12511 7409 1731 12512 7376 2349 12513 7994 2087 12514 7732 1731 12515 7376 1919 12516 7564 2287 12517 7932 2720 12518 8365 1919 12519 7564 2720 12520 8365 2047 12521 7692 1720 12522 7365 2089 12523 7734 2694 12524 8339 1752 12525 7397 2404 12526 8049 2574 12527 8219 2562 12528 8207 2090 12529 7735 2294 12530 7939 2090 12531 7735 1917 12532 7562 2747 12533 8392 1827 12534 7472 1681 12535 7326 2091 12536 7736 2527 12537 8172 1827 12538 7472 2091 12539 7736 1840 12540 7485 2596 12541 8241 2092 12542 7737 1840 12543 7485 2092 12544 7737 1912 12545 7557 2281 12546 7926 1871 12547 7516 2730 12548 8375 2358 12549 8003 2481 12550 8126 2093 12551 7738 1872 12552 7517 2094 12553 7739 2219 12554 7864 1872 12555 7517 2697 12556 8342 2496 12557 8141 2443 12558 8088 2095 12559 7740 1817 12560 7462 1817 12561 7462 2095 12562 7740 2448 12563 8093 1638 12564 7283 2096 12565 7741 2191 12566 7836 2534 12567 8179 2543 12568 8188 1787 12569 7432 2356 12570 8001 2097 12571 7742 2120 12572 7765 2097 12573 7742 2356 12574 8001 2619 12575 8264 2119 12576 7764 1716 12577 7361 2098 12578 7743 1716 12579 7361 2578 12580 8223 2209 12581 7854 1695 12582 7340 2582 12583 8227 2056 12584 7701 2034 12585 7679 2099 12586 7744 1695 12587 7340 1709 12588 7354 2100 12589 7745 1678 12590 7323 1709 12591 7354 1881 12592 7526 2100 12593 7745 2542 12594 8187 2101 12595 7746 2525 12596 8170 2542 12597 8187 2431 12598 8076 2101 12599 7746 2097 12600 7742 2565 12601 8210 2102 12602 7747 1767 12603 7412 2015 12604 7660 2102 12605 7747 1756 12606 7401 2103 12607 7748 2321 12608 7966 2103 12609 7748 2273 12610 7918 1765 12611 7410 2104 12612 7749 1880 12613 7525 2265 12614 7910 1759 12615 7404 2564 12616 8209 2104 12617 7749 2546 12618 8191 2105 12619 7750 1953 12620 7598 1666 12621 7311 2422 12622 8067 2105 12623 7750 2431 12624 8076 2106 12625 7751 2229 12626 7874 1730 12627 7375 2734 12628 8379 2106 12629 7751 2563 12630 8208 2340 12631 7985 1748 12632 7393 1678 12633 7323 2107 12634 7752 2494 12635 8139 2712 12642 8357 2109 12643 7754 2419 12644 8064 2712 12645 8357 2062 12646 7707 2109 12647 7754 2111 12654 7756 1811 12655 7456 2395 12656 8040 2467 12657 8112 2279 12658 7924 1811 12659 7456 1758 12660 7403 2112 12661 7757 2389 12662 8034 2112 12663 7757 1758 12664 7403 1757 12665 7402 1655 12666 7300 2113 12667 7758 2391 12668 8036 1726 12669 7371 1855 12670 7500 2113 12671 7758 2435 12672 8080 1818 12673 7463 2114 12674 7759 2114 12675 7759 2464 12676 8109 1802 12677 7447 1683 12678 7328 2115 12679 7760 2013 12680 7658 1939 12681 7584 2115 12682 7760 1683 12683 7328 2116 12684 7761 1783 12685 7428 2414 12686 8059 2116 12687 7761 2281 12688 7926 1783 12689 7428 1994 12690 7639 2117 12691 7762 1890 12692 7535 1890 12693 7535 2348 12694 7993 1765 12695 7410 2118 12696 7763 2567 12697 8212 1879 12698 7524 1879 12699 7524 2549 12700 8194 2118 12701 7763 1790 12702 7435 2119 12703 7764 2034 12704 7679 2170 12705 7815 2119 12706 7764 1790 12707 7435 1971 12708 7616 1702 12709 7347 2120 12710 7765 2120 12711 7765 2682 12712 8327 2616 12713 8261 1836 12714 7481 2278 12715 7923 2121 12716 7766 2489 12717 8134 1940 12718 7585 1836 12719 7481 2126 12744 7771 2446 12745 8091 2695 12746 8340 2126 12747 7771 1721 12748 7366 1634 12749 7279 2505 12756 8150 1870 12757 7515 2165 12758 7810 2442 12759 8087 1870 12760 7515 2128 12761 7773 2135 12798 7780 2265 12799 7910 1907 12800 7552 2709 12801 8354 2135 12802 7780 1907 12803 7552 2234 12804 7879 2136 12805 7781 1671 12806 7316 2136 12807 7781 1950 12808 7595 2320 12809 7965 1829 12810 7474 2387 12811 8032 2137 12812 7782 2137 12813 7782 1985 12814 7630 1829 12815 7474 1910 12816 7555 2138 12817 7783 1808 12818 7453 2556 12819 8201 2535 12820 8180 2368 12821 8013 2605 12828 8250 2140 12829 7785 1846 12830 7491 2140 12831 7785 2605 12832 8250 2627 12833 8272 1821 12834 7466 2141 12835 7786 1865 12836 7510 2141 12837 7786 2231 12838 7876 1865 12839 7510 2608 12852 8253 2566 12853 8211 1948 12854 7593 2576 12855 8221 2751 12856 8396 2405 12857 8050 2715 12858 8360 1962 12859 7607 1766 12860 7411 2352 12861 7997 2623 12862 8268 1878 12863 7523 2679 12864 8324 2673 12865 8318 2146 12866 7791 2001 12867 7646 2146 12868 7791 2421 12869 8066 2147 12870 7792 1658 12871 7303 2202 12872 7847 1658 12873 7303 2147 12874 7792 2013 12875 7658 1823 12876 7468 2148 12877 7793 1719 12878 7364 2378 12879 8023 1719 12880 7364 2727 12881 8372 1674 12882 7319 2149 12883 7794 2496 12884 8141 1674 12885 7319 2042 12886 7687 2149 12887 7794 1696 12888 7341 2150 12889 7795 1999 12890 7644 2015 12891 7660 2575 12892 8220 2611 12893 8256 2001 12894 7646 2151 12895 7796 2615 12896 8260 1634 12897 7279 2151 12898 7796 2001 12899 7646 1863 12900 7508 2152 12901 7797 2236 12902 7881 1863 12903 7508 2234 12904 7879 2152 12905 7797 1665 12906 7310 2678 12907 8323 2153 12908 7798 2197 12909 7842 2706 12910 8351 2588 12911 8233 1947 12912 7592 2154 12913 7799 1845 12914 7490 2701 12915 8346 2154 12916 7799 1947 12917 7592 2155 12918 7800 2252 12919 7897 1735 12920 7380 1735 12921 7380 2173 12922 7818 2155 12923 7800 2390 12924 8035 2156 12925 7801 1861 12926 7506 2746 12927 8391 2598 12928 8243 1720 12929 7365 1744 12930 7389 2549 12931 8194 2157 12932 7802 1850 12933 7495 2396 12934 8041 2494 12935 8139 1752 12936 7397 1681 12937 7326 2158 12938 7803 2158 12939 7803 1681 12940 7326 2060 12941 7705 2256 12948 7901 2409 12949 8054 2160 12950 7805 2506 12951 8151 2739 12952 8384 1654 12953 7299 2326 12954 7971 1788 12955 7433 2161 12956 7806 1788 12957 7433 1946 12958 7591 2161 12959 7806 2548 12960 8193 2162 12961 7807 2354 12962 7999 2607 12963 8252 1740 12964 7385 2162 12965 7807 2497 12966 8142 2459 12967 8104 2163 12968 7808 2714 12969 8359 2497 12970 8142 2163 12971 7808 2298 12972 7943 2392 12973 8037 2164 12974 7809 2164 12975 7809 1710 12976 7355 2602 12977 8247 2600 12978 8245 1799 12979 7444 1682 12980 7327 2505 12981 8150 2165 12982 7810 1682 12983 7327 1724 12984 7369 2166 12985 7811 1902 12986 7547 1902 12987 7547 2166 12988 7811 2023 12989 7668 2742 12990 8387 2167 12991 7812 2478 12992 8123 1770 12993 7415 2678 12994 8323 2167 12995 7812 2728 13002 8373 1799 13003 7444 2524 13004 8169 2169 13005 7814 1799 13006 7444 2600 13007 8245 2531 13008 8176 1937 13009 7582 2733 13010 8378 1633 13011 7278 2567 13012 8212 2531 13013 8176 2481 13014 8126 2358 13015 8003 2171 13016 7816 1877 13017 7522 2387 13018 8032 2601 13019 8246 2393 13020 8038 2392 13021 8037 1803 13022 7448 2553 13023 8198 1803 13024 7448 2172 13025 7817 1642 13026 7287 2173 13027 7818 1930 13028 7575 2198 13029 7843 1930 13030 7575 2345 13031 7990 2174 13032 7819 1800 13033 7445 2019 13034 7664 1800 13035 7445 2174 13036 7819 2419 13037 8064 2462 13038 8107 2175 13039 7820 2301 13040 7946 2175 13041 7820 1853 13042 7498 1868 13043 7513 2176 13044 7821 2532 13045 8177 1785 13046 7430 1785 13047 7430 2453 13048 8098 2176 13049 7821 1912 13050 7557 2177 13051 7822 2313 13052 7958 1912 13053 7557 2092 13054 7737 2177 13055 7822 2178 13056 7823 2487 13057 8132 2007 13058 7652 1876 13059 7521 2178 13060 7823 2193 13061 7838 2180 13068 7825 2750 13069 8395 2072 13070 7717 2343 13071 7988 1647 13072 7292 2491 13073 8136 1897 13080 7542 2182 13081 7827 1644 13082 7289 2452 13083 8097 2182 13084 7827 2363 13085 8008 2183 13086 7828 1842 13087 7487 1931 13088 7576 2183 13089 7828 1700 13090 7345 1842 13091 7487 2624 13110 8269 1998 13111 7643 2713 13112 8358 1856 13113 7501 2187 13114 7832 2275 13115 7920 1697 13116 7342 2188 13117 7833 1925 13118 7570 1925 13119 7570 2188 13120 7833 2027 13121 7672 1796 13122 7441 2537 13123 8182 2440 13124 8085 2189 13125 7834 1796 13126 7441 2317 13127 7962 2405 13128 8050 2190 13129 7835 1655 13130 7300 1655 13131 7300 2190 13132 7835 2113 13133 7758 1924 13134 7569 1638 13135 7283 2191 13136 7836 2191 13137 7836 2087 13138 7732 2349 13139 7994 1754 13140 7399 2192 13141 7837 2059 13142 7704 2192 13143 7837 1754 13144 7399 2105 13145 7750 2178 13146 7823 1824 13147 7469 2193 13148 7838 2193 13149 7838 1824 13150 7469 2445 13151 8090 1679 13152 7324 1795 13153 7440 2194 13154 7839 2194 13155 7839 1795 13156 7440 2381 13157 8026 2242 13164 7887 1656 13165 7301 2196 13166 7841 1656 13167 7301 2021 13168 7666 2196 13169 7841 2502 13170 8147 1861 13171 7506 2478 13172 8123 2390 13173 8035 1861 13174 7506 2502 13175 8147 1780 13176 7425 2198 13177 7843 2207 13178 7852 2198 13179 7843 1780 13180 7425 1930 13181 7575 1793 13188 7438 2200 13189 7845 2346 13190 7991 2021 13191 7666 2683 13192 8328 1793 13193 7438 2201 13194 7846 2569 13195 8214 1873 13196 7518 1733 13197 7378 2583 13198 8228 1968 13199 7613 2202 13200 7847 1886 13201 7531 1712 13202 7357 1658 13203 7303 1886 13204 7531 2202 13205 7847 2204 13212 7849 2401 13213 8046 1948 13214 7593 2204 13215 7849 2594 13216 8239 1664 13217 7309 1815 13218 7460 1848 13219 7493 2205 13220 7850 2205 13221 7850 1848 13222 7493 2271 13223 7916 2700 13224 8345 2009 13225 7654 2206 13226 7851 1988 13227 7633 1693 13228 7338 2206 13229 7851 1687 13230 7332 2415 13231 8060 2207 13232 7852 1687 13233 7332 2207 13234 7852 2342 13235 7987 1716 13242 7361 2209 13243 7854 2098 13244 7743 1747 13245 7392 2098 13246 7743 2209 13247 7854 2646 13254 8291 2211 13255 7856 2427 13256 8072 1794 13257 7439 2211 13258 7856 1657 13259 7302 1866 13272 7511 2214 13273 7859 2699 13274 8344 2218 13275 7863 2214 13276 7859 1866 13277 7511 2346 13278 7991 2215 13279 7860 2035 13280 7680 1725 13281 7370 2035 13282 7680 2215 13283 7860 2456 13284 8101 2216 13285 7861 1707 13286 7352 2751 13287 8396 2576 13288 8221 2594 13289 8239 2279 13290 7924 1906 13291 7551 2217 13292 7862 2217 13293 7862 1906 13294 7551 2471 13295 8116 1882 13296 7527 1933 13297 7578 2218 13298 7863 2218 13299 7863 1933 13300 7578 2214 13301 7859 2094 13302 7739 1936 13303 7581 2219 13304 7864 2219 13305 7864 1936 13306 7581 1843 13307 7488 2460 13308 8105 2220 13309 7865 1844 13310 7489 1844 13311 7489 2220 13312 7865 2020 13313 7665 2355 13314 8000 2221 13315 7866 1929 13316 7574 1929 13317 7574 2221 13318 7866 1661 13319 7306 2222 13320 7867 2460 13321 8105 2483 13322 8128 2588 13323 8233 2617 13324 8262 2222 13325 7867 1842 13332 7487 2224 13333 7869 1931 13334 7576 1931 13335 7576 2224 13336 7869 2295 13337 7940 1894 13338 7539 1867 13339 7512 2225 13340 7870 2319 13341 7964 1894 13342 7539 2225 13343 7870 2052 13344 7697 2607 13345 8252 2162 13346 7807 2226 13347 7871 2052 13348 7697 1690 13349 7335 1966 13350 7611 1698 13351 7343 2227 13352 7872 1698 13353 7343 2065 13354 7710 2227 13355 7872 2228 13356 7873 1875 13357 7520 2447 13358 8092 2228 13359 7873 1734 13360 7379 1875 13361 7520 2525 13362 8170 2101 13363 7746 2229 13364 7874 2070 13365 7715 1873 13366 7518 2229 13367 7874 1809 13368 7454 2322 13369 7967 2230 13370 7875 1809 13371 7454 2230 13372 7875 2320 13373 7965 1777 13374 7422 2231 13375 7876 2141 13376 7786 2231 13377 7876 1777 13378 7422 2270 13379 7915 2676 13380 8321 2733 13381 8378 1937 13382 7582 1835 13383 7480 2676 13384 8321 2517 13385 8162 2025 13386 7670 2233 13387 7878 1921 13388 7566 1921 13389 7566 2233 13390 7878 2378 13391 8023 1756 13392 7401 2580 13393 8225 2234 13394 7879 1756 13395 7401 2234 13396 7879 1863 13397 7508 2454 13398 8099 2702 13399 8347 2235 13400 7880 2182 13401 7827 2452 13402 8097 1644 13403 7289 2236 13404 7881 1821 13405 7466 1863 13406 7508 2236 13407 7881 1683 13408 7328 2591 13409 8236 2226 13410 7871 2237 13411 7882 1932 13412 7577 1932 13413 7577 2237 13414 7882 2050 13415 7695 2059 13416 7704 2238 13417 7883 1813 13418 7458 1813 13419 7458 2238 13420 7883 2522 13421 8167 1789 13428 7434 1776 13429 7421 2240 13430 7885 2240 13431 7885 1776 13432 7421 2341 13433 7986 1826 13434 7471 2241 13435 7886 2486 13436 8131 1726 13437 7371 2241 13438 7886 1826 13439 7471 1784 13440 7429 2242 13441 7887 2414 13442 8059 2242 13443 7887 1784 13444 7429 1656 13445 7301 1699 13476 7344 2248 13477 7893 2521 13478 8166 1699 13479 7344 2077 13480 7722 2248 13481 7893 2249 13482 7894 2504 13483 8149 1897 13484 7542 2743 13485 8388 2731 13486 8376 1797 13487 7442 2493 13494 8138 2717 13495 8362 2595 13496 8240 2352 13497 7997 1878 13498 7523 2251 13499 7896 2252 13500 7897 2155 13501 7800 1805 13502 7450 2252 13503 7897 1805 13504 7450 2042 13505 7687 1916 13506 7561 1817 13507 7462 2253 13508 7898 2253 13509 7898 1817 13510 7462 2004 13511 7649 1812 13512 7457 2018 13513 7663 2254 13514 7899 1972 13515 7617 1812 13516 7457 2254 13517 7899 2508 13518 8153 1714 13519 7359 2255 13520 7900 2255 13521 7900 1714 13522 7359 2433 13523 8078 1901 13524 7546 2409 13525 8054 2256 13526 7901 1758 13527 7403 2599 13528 8244 2256 13529 7901 2258 13536 7903 1774 13537 7419 2498 13538 8143 1774 13539 7419 2258 13540 7903 2406 13541 8051 2402 13542 8047 2259 13543 7904 1819 13544 7464 1819 13545 7464 2259 13546 7904 2048 13547 7693 2373 13548 8018 1711 13549 7356 2260 13550 7905 2260 13551 7905 1711 13552 7356 2488 13553 8133 2299 13560 7944 1739 13561 7384 2262 13562 7907 1803 13563 7448 2553 13564 8198 1739 13565 7384 1963 13572 7608 2264 13573 7909 2604 13574 8249 2333 13575 7978 2347 13576 7992 2264 13577 7909 2626 13578 8271 2104 13579 7749 2265 13580 7910 2135 13581 7780 1648 13582 7293 2265 13583 7910 2268 13596 7913 2534 13597 8179 1787 13598 7432 1787 13599 7432 2177 13600 7822 2268 13601 7913 2532 13602 8177 2176 13603 7821 2269 13604 7914 1651 13605 7296 2269 13606 7914 2044 13607 7689 1881 13608 7526 2270 13609 7915 2100 13610 7745 1881 13611 7526 2231 13612 7876 2270 13613 7915 1966 13614 7611 2271 13615 7916 1698 13616 7343 2205 13617 7850 2271 13618 7916 1966 13619 7611 2272 13620 7917 1775 13621 7420 1899 13622 7544 1667 13623 7312 2523 13624 8168 2272 13625 7917 1643 13626 7288 2273 13627 7918 1987 13628 7632 1643 13629 7288 2049 13630 7694 2273 13631 7918 2274 13632 7919 2625 13633 8270 2464 13634 8109 2274 13635 7919 1766 13636 7411 1962 13637 7607 1834 13638 7479 1957 13639 7602 2275 13640 7920 1834 13641 7479 2275 13642 7920 2366 13643 8011 1909 13644 7554 2276 13645 7921 2064 13646 7709 2565 13647 8210 2276 13648 7921 1909 13649 7554 2277 13650 7922 1768 13651 7413 1955 13652 7600 1756 13653 7401 2277 13654 7922 2580 13655 8225 1945 13656 7590 1887 13657 7532 2592 13658 8237 2280 13659 7925 1945 13660 7590 2278 13661 7923 2279 13662 7924 1662 13663 7307 2353 13664 7998 1662 13665 7307 2279 13666 7924 2217 13667 7862 1675 13668 7320 2280 13669 7925 1746 13670 7391 2280 13671 7925 1675 13672 7320 2065 13673 7710 1864 13674 7509 1783 13675 7428 2281 13676 7926 2730 13677 8375 1864 13678 7509 2281 13679 7926 2282 13680 7927 1911 13681 7556 2426 13682 8071 2282 13683 7927 2674 13684 8319 1911 13685 7556 2024 13686 7669 1758 13687 7403 2283 13688 7928 2628 13689 8273 1758 13690 7403 2389 13691 8034 1880 13692 7525 2284 13693 7929 2413 13694 8058 1759 13695 7404 2284 13696 7929 2564 13697 8209 2287 13710 7932 1727 13711 7372 2720 13712 8365 2287 13713 7932 2540 13714 8185 1727 13715 7372 2288 13716 7933 2111 13717 7756 1964 13718 7609 1750 13719 7395 2288 13720 7933 1964 13721 7609 1797 13722 7442 1952 13723 7597 2289 13724 7934 1952 13725 7597 2403 13726 8048 2289 13727 7934 2750 13728 8395 2290 13729 7935 2072 13730 7717 2290 13731 7935 1664 13732 7309 2072 13733 7717 2684 13734 8329 2043 13735 7688 1908 13736 7553 2291 13737 7936 2714 13738 8359 2430 13739 8075 2220 13740 7865 2292 13741 7937 1862 13742 7507 2153 13743 7798 2678 13744 8323 2292 13745 7937 2293 13746 7938 2364 13747 8009 1808 13748 7453 2268 13749 7913 2293 13750 7938 1808 13751 7453 2090 13752 7735 2008 13753 7653 2294 13754 7939 2294 13755 7939 2008 13756 7653 2313 13757 7958 1931 13758 7576 2295 13759 7940 1991 13760 7636 2740 13761 8385 1991 13762 7636 2295 13763 7940 2299 13764 7944 2053 13765 7698 2296 13766 7941 2558 13767 8203 1897 13768 7542 2296 13769 7941 2254 13770 7899 2018 13771 7663 2297 13772 7942 2018 13773 7663 1733 13774 7378 2297 13775 7942 2172 13776 7817 2298 13777 7943 1703 13778 7348 2298 13779 7943 2164 13780 7809 1703 13781 7348 2299 13782 7944 1847 13783 7492 1739 13784 7384 1847 13785 7492 2299 13786 7944 2296 13787 7941 2300 13788 7945 2518 13789 8163 1899 13790 7544 1918 13791 7563 1851 13792 7496 2300 13793 7945 2301 13794 7946 2175 13795 7820 1868 13796 7513 2238 13797 7883 2301 13798 7946 2522 13799 8167 2687 13800 8332 1798 13801 7443 1745 13802 7390 2407 13803 8052 1798 13804 7443 2687 13805 8332 1700 13806 7345 1697 13807 7342 2303 13808 7948 2303 13809 7948 1697 13810 7342 1925 13811 7570 1658 13812 7303 2304 13813 7949 1886 13814 7531 2304 13815 7949 1658 13816 7303 2115 13817 7760 2305 13818 7950 1723 13819 7368 1984 13820 7629 1983 13821 7628 2305 13822 7950 1984 13823 7629 1847 13836 7492 2308 13837 7953 1978 13838 7623 1978 13839 7623 2506 13840 8151 1654 13841 7299 1723 13854 7368 2311 13855 7956 1792 13856 7437 2329 13857 7974 1792 13858 7437 2311 13859 7956 2272 13860 7917 1899 13861 7544 2312 13862 7957 1899 13863 7544 2518 13864 8163 2312 13865 7957 2294 13866 7939 2313 13867 7958 2033 13868 7678 2033 13869 7678 2313 13870 7958 1787 13871 7432 2734 13872 8379 2314 13873 7959 2106 13874 7751 2036 13875 7681 1642 13876 7287 2314 13877 7959 1888 13878 7533 1768 13879 7413 2315 13880 7960 1888 13881 7533 2315 13882 7960 2154 13883 7799 1676 13884 7321 2610 13885 8255 2316 13886 7961 1676 13887 7321 2316 13888 7961 2080 13889 7725 1913 13890 7558 2317 13891 7962 1923 13892 7568 1923 13893 7568 2317 13894 7962 2677 13895 8322 2206 13896 7851 1869 13897 7514 2318 13898 7963 2329 13899 7974 2318 13900 7963 1869 13901 7514 2102 13902 7747 1804 13903 7449 2319 13904 7964 2319 13905 7964 1804 13906 7449 2550 13907 8195 1671 13908 7316 2136 13909 7781 2320 13910 7965 2230 13911 7875 1671 13912 7316 2320 13913 7965 2321 13914 7966 1765 13915 7410 2348 13916 7993 2321 13917 7966 2103 13918 7748 1765 13919 7410 2322 13920 7967 1801 13921 7446 2230 13922 7875 1801 13923 7446 2322 13924 7967 2439 13925 8084 2031 13926 7676 2323 13927 7968 2693 13928 8338 2031 13929 7676 2093 13930 7738 2323 13931 7968 2324 13932 7969 1686 13933 7331 1724 13934 7369 1686 13935 7331 2324 13936 7969 2374 13937 8019 2325 13938 7970 2069 13939 7714 1830 13940 7475 1977 13941 7622 2325 13942 7970 1830 13943 7475 1762 13944 7407 2326 13945 7971 2161 13946 7806 2326 13947 7971 1762 13948 7407 2337 13949 7982 2327 13950 7972 1979 13951 7624 2434 13952 8079 1979 13953 7624 2327 13954 7972 2228 13955 7873 2328 13956 7973 1980 13957 7625 1781 13958 7426 1980 13959 7625 2328 13960 7973 2017 13961 7662 1672 13962 7317 2329 13963 7974 2311 13964 7956 2329 13965 7974 1672 13966 7317 2318 13967 7963 2330 13968 7975 2519 13969 8164 1857 13970 7502 2330 13971 7975 1857 13972 7502 1701 13973 7346 1983 13974 7628 2331 13975 7976 2338 13976 7983 2331 13977 7976 1983 13978 7628 1984 13979 7629 2332 13980 7977 1982 13981 7627 2412 13982 8057 1982 13983 7627 2332 13984 7977 2166 13985 7811 2567 13986 8212 2333 13987 7978 1879 13988 7524 1879 13989 7524 2333 13990 7978 1850 13991 7495 2040 13992 7685 1635 13993 7280 2334 13994 7979 2334 13995 7979 2685 13996 8330 2040 13997 7685 2335 13998 7980 1790 13999 7435 2034 14000 7679 2335 14001 7980 2170 14002 7815 1790 14003 7435 1680 14004 7325 2336 14005 7981 2071 14006 7716 1891 14007 7536 2071 14008 7716 2336 14009 7981 2326 14010 7971 2337 14011 7982 1874 14012 7519 2337 14013 7982 1700 14014 7345 1874 14015 7519 2206 14016 7851 2003 14017 7648 2338 14018 7983 1983 14019 7628 2338 14020 7983 2003 14021 7648 2380 14022 8025 2339 14023 7984 1940 14024 7585 2339 14025 7984 2424 14026 8069 1940 14027 7585 1969 14028 7614 2340 14029 7985 1678 14030 7323 2563 14031 8208 1678 14032 7323 2340 14033 7985 1776 14034 7421 1883 14035 7528 2341 14036 7986 1723 14037 7368 2341 14038 7986 1883 14039 7528 2342 14040 7987 2207 14041 7852 1974 14042 7619 1998 14043 7643 2342 14044 7987 1974 14045 7619 2343 14046 7988 2068 14047 7713 1942 14048 7587 1647 14049 7292 2343 14050 7988 1942 14051 7587 1742 14052 7387 2686 14053 8331 2344 14054 7989 1884 14055 7529 1742 14056 7387 2344 14057 7989 1930 14058 7575 2173 14059 7818 2345 14060 7990 2173 14061 7818 1735 14062 7380 2345 14063 7990 1986 14064 7631 1793 14065 7438 2346 14066 7991 1986 14067 7631 2346 14068 7991 2248 14069 7893 2347 14070 7992 1835 14071 7480 2264 14072 7909 2347 14073 7992 2232 14074 7877 1835 14075 7480 1890 14076 7535 2117 14077 7762 2348 14078 7993 2075 14079 7720 2348 14080 7993 2117 14081 7762 1924 14082 7569 2349 14083 7994 1917 14084 7562 1924 14085 7569 2191 14086 7836 2349 14087 7994 1784 14088 7429 2350 14089 7995 1656 14090 7301 2200 14091 7845 1656 14092 7301 2350 14093 7995 1712 14094 7357 1723 14095 7368 2351 14096 7996 2202 14097 7847 1712 14098 7357 2351 14099 7996 2693 14100 8338 2145 14101 7790 2352 14102 7997 2145 14103 7790 1766 14104 7411 2352 14105 7997 1811 14106 7456 2353 14107 7998 2330 14108 7975 2279 14109 7924 2353 14110 7998 1811 14111 7456 2354 14112 7999 2679 14113 8324 2146 14114 7791 2162 14115 7807 1740 14116 7385 2354 14117 7999 1700 14118 7345 2355 14119 8000 1782 14120 7427 1782 14121 7427 2355 14122 8000 1929 14123 7574 2356 14124 8001 1853 14125 7498 2619 14126 8264 2616 14127 8261 2356 14128 8001 2120 14129 7765 1700 14130 7345 2357 14131 8002 2017 14132 7662 1980 14133 7625 2017 14134 7662 2357 14135 8002 2358 14136 8003 2612 14137 8257 1877 14138 7522 2358 14139 8003 1877 14140 7522 2171 14141 7816 1982 14142 7627 2166 14143 7811 2359 14144 8004 2359 14145 8004 2166 14146 7811 1724 14147 7369 2360 14148 8005 2367 14149 8012 1778 14150 7423 2063 14151 7708 2360 14152 8005 1778 14153 7423 2361 14154 8006 2080 14155 7725 1950 14156 7595 2361 14157 8006 1950 14158 7595 2136 14159 7781 1700 14160 7345 2362 14161 8007 1842 14162 7487 1842 14163 7487 2362 14164 8007 2224 14165 7869 2182 14166 7827 1897 14167 7542 2363 14168 8008 2504 14169 8149 2363 14170 8008 1897 14171 7542 1808 14172 7453 2364 14173 8009 2039 14174 7684 2364 14175 8009 2418 14176 8063 2039 14177 7684 2731 14178 8376 2365 14179 8010 1797 14180 7442 2558 14181 8203 2622 14182 8267 2365 14183 8010 2062 14184 7707 1834 14185 7479 2366 14186 8011 2062 14187 7707 2366 14188 8011 2109 14189 7754 1800 14190 7445 2367 14191 8012 1735 14192 7380 2367 14193 8012 1800 14194 7445 1778 14195 7423 2191 14196 7836 2368 14197 8013 1858 14198 7503 2368 14199 8013 2070 14200 7715 1858 14201 7503 1750 14202 7395 2369 14203 8014 1832 14204 7477 2369 14205 8014 1750 14206 7395 2054 14207 7699 2336 14208 7981 2370 14209 8015 1965 14210 7610 2579 14211 8224 2370 14212 8015 2595 14213 8240 1894 14214 7539 2371 14215 8016 1722 14216 7367 2371 14217 8016 1990 14218 7635 1722 14219 7367 2078 14220 7723 2685 14221 8330 2372 14222 8017 2078 14223 7723 2372 14224 8017 1823 14225 7468 1723 14226 7368 2373 14227 8018 1786 14228 7431 1786 14229 7431 2373 14230 8018 2260 14231 7905 1996 14232 7641 1686 14233 7331 2374 14234 8019 2374 14235 8019 1700 14236 7345 1996 14237 7641 2375 14238 8020 2117 14239 7762 1999 14240 7644 2315 14241 7960 2375 14242 8020 1999 14243 7644 2376 14244 8021 2037 14245 7682 1802 14246 7447 1871 14247 7516 2618 14248 8263 2376 14249 8021 2314 14250 7959 1642 14251 7287 2377 14252 8022 1642 14253 7287 1930 14254 7575 2377 14255 8022 2233 14256 7878 2026 14257 7671 2378 14258 8023 2378 14259 8023 2026 14260 7671 1719 14261 7364 2380 14268 8025 1940 14269 7585 1636 14270 7281 2380 14271 8025 1636 14272 7281 1763 14273 7408 2194 14274 7839 2381 14275 8026 1725 14276 7370 2381 14277 8026 1831 14278 7476 1725 14279 7370 2161 14280 7806 1781 14281 7426 2382 14282 8027 1980 14283 7625 2382 14284 8027 1781 14285 7426 2384 14292 8029 1683 14293 7328 2141 14294 7786 2384 14295 8029 2591 14296 8236 1683 14297 7328 1829 14310 7474 1726 14311 7371 2387 14312 8032 2387 14313 8032 1726 14314 7371 2113 14315 7758 1925 14316 7570 2027 14317 7672 2388 14318 8033 2388 14319 8033 2027 14320 7672 1661 14321 7306 2389 14322 8034 1828 14323 7473 2737 14324 8382 2389 14325 8034 1959 14326 7604 1828 14327 7473 2197 14328 7842 1720 14329 7365 2390 14330 8035 2156 14331 7801 2390 14332 8035 1720 14333 7365 2391 14334 8036 2113 14335 7758 1855 14336 7500 1855 14337 7500 2675 14338 8320 2391 14339 8036 2392 14340 8037 2298 14341 7943 2172 14342 7817 2172 14343 7817 1803 14344 7448 2392 14345 8037 2393 14346 8038 2024 14347 7669 2283 14348 7928 2393 14349 8038 2507 14350 8152 2024 14351 7669 2174 14352 7819 2394 14353 8039 1951 14354 7596 1674 14355 7319 1951 14356 7596 2394 14357 8039 2395 14358 8040 1701 14359 7346 2596 14360 8241 2395 14361 8040 2330 14362 7975 1701 14363 7346 2396 14364 8041 1709 14365 7354 1678 14366 7323 2002 14367 7647 1709 14368 7354 2396 14369 8041 1884 14370 7529 2397 14371 8042 1737 14372 7382 1737 14373 7382 2738 14374 8383 1664 14375 7309 2398 14376 8043 2016 14377 7661 1718 14378 7363 2121 14379 7766 2398 14380 8043 1718 14381 7363 2399 14382 8044 1679 14383 7324 2194 14384 7839 1723 14385 7368 1679 14386 7324 2399 14387 8044 2029 14388 7674 2400 14389 8045 1866 14390 7511 1711 14391 7356 1866 14392 7511 2400 14393 8045 2401 14394 8046 2204 14395 7849 1664 14396 7309 2401 14397 8046 1664 14398 7309 2290 14399 7935 1700 14400 7345 1791 14401 7436 2402 14402 8047 2402 14403 8047 1791 14404 7436 2259 14405 7904 1681 14406 7326 1827 14407 7472 2403 14408 8048 2403 14409 8048 1827 14410 7472 2289 14411 7934 2404 14412 8049 1637 14413 7282 2574 14414 8219 2404 14415 8049 1959 14416 7604 1637 14417 7282 2405 14418 8050 2144 14419 7789 2190 14420 7835 2144 14421 7789 2405 14422 8050 1769 14423 7414 1636 14424 7281 2406 14425 8051 2051 14426 7696 2406 14427 8051 2258 14428 7903 2051 14429 7696 1690 14430 7335 2407 14431 8052 2226 14432 7871 2407 14433 8052 1690 14434 7335 1798 14435 7443 1723 14436 7368 1882 14437 7527 2408 14438 8053 2408 14439 8053 1882 14440 7527 2218 14441 7863 2409 14442 8054 1654 14443 7299 2160 14444 7805 2409 14445 8054 1901 14446 7546 1654 14447 7299 2410 14448 8055 2611 14449 8256 1994 14450 7639 2410 14451 8055 1994 14452 7639 2536 14453 8181 2411 14454 8056 2116 14455 7761 2414 14456 8059 2411 14457 8056 2105 14458 7750 2116 14459 7761 1700 14460 7345 1832 14461 7477 2412 14462 8057 1832 14463 7477 2332 14464 7977 2412 14465 8057 2413 14466 8058 1680 14467 7325 1907 14468 7552 1907 14469 7552 1880 14470 7525 2413 14471 8058 1783 14472 7428 1988 14473 7633 2414 14474 8059 1784 14475 7429 2414 14476 8059 1988 14477 7633 2046 14478 7691 2415 14479 8060 1913 14480 7558 2415 14481 8060 2477 14482 8122 1913 14483 7558 2154 14484 7799 2416 14485 8061 1845 14486 7490 2150 14487 7795 1845 14488 7490 2416 14489 8061 1844 14490 7489 2417 14491 8062 1973 14492 7618 2417 14493 8062 1844 14494 7489 2466 14495 8111 2418 14496 8063 2705 14497 8350 1968 14498 7613 2039 14499 7684 2418 14500 8063 1968 14501 7613 1946 14502 7591 2712 14503 8357 2419 14504 8064 2174 14505 7819 1946 14506 7591 2419 14507 8064 2023 14508 7668 2420 14509 8065 2272 14510 7917 2166 14511 7811 2420 14512 8065 2023 14513 7668 2421 14514 8066 2146 14515 7791 2673 14516 8318 2708 14517 8353 2421 14518 8066 1717 14519 7362 2618 14520 8263 1871 14521 7516 2422 14522 8067 2422 14523 8067 1871 14524 7516 2281 14525 7926 2014 14526 7659 2423 14527 8068 1992 14528 7637 2423 14529 8068 2014 14530 7659 2009 14531 7654 2424 14532 8069 1836 14533 7481 1940 14534 7585 2280 14535 7925 1836 14536 7481 2424 14537 8069 1905 14538 7550 2425 14539 8070 2085 14540 7730 2425 14541 8070 2052 14542 7697 2085 14543 7730 2316 14544 7961 1719 14545 7364 2426 14546 8071 2026 14547 7671 2426 14548 8071 1719 14549 7364 2472 14550 8117 2005 14551 7650 2427 14552 8072 2427 14553 8072 2005 14554 7650 2646 14555 8291 2253 14556 7898 2004 14557 7649 2428 14558 8073 1723 14559 7368 2428 14560 8073 2004 14561 7649 2612 14562 8257 2429 14563 8074 1985 14564 7630 1985 14565 7630 2429 14566 8074 2104 14567 7749 2020 14568 7665 1862 14569 7507 2430 14570 8075 1770 14571 7415 2430 14572 8075 2678 14573 8323 1730 14574 7375 2106 14575 7751 2431 14576 8076 2544 14577 8189 1730 14578 7375 2431 14579 8076 2432 14580 8077 1724 14581 7369 1838 14582 7483 2324 14583 7969 1724 14584 7369 2432 14585 8077 1700 14586 7345 1685 14587 7330 2433 14588 8078 1685 14589 7330 2255 14590 7900 2433 14591 8078 1723 14592 7368 2434 14593 8079 2032 14594 7677 1979 14595 7624 2032 14596 7677 2434 14597 8079 1802 14598 7447 2435 14599 8080 2114 14600 7759 1802 14601 7447 2546 14602 8191 2435 14603 8080 2044 14604 7689 1852 14605 7497 2436 14606 8081 2044 14607 7689 2436 14608 8081 1903 14609 7548 2437 14610 8082 1723 14611 7368 2025 14612 7670 2437 14613 8082 2025 14614 7670 1921 14615 7566 1774 14616 7419 2438 14617 8083 1944 14618 7589 1774 14619 7419 2398 14620 8043 2438 14621 8083 1723 14622 7368 2032 14623 7677 2439 14624 8084 2322 14625 7967 1723 14626 7368 2439 14627 8084 1998 14628 7643 2624 14629 8269 2440 14630 8085 2440 14631 8085 2537 14632 8182 1998 14633 7643 2561 14634 8206 1889 14635 7534 2441 14636 8086 2441 14637 8086 1889 14638 7534 2492 14639 8137 2442 14640 8087 1657 14641 7302 2005 14642 7650 1753 14643 7398 1657 14644 7302 2442 14645 8087 2443 14646 8088 1734 14647 7379 2095 14648 7740 1734 14649 7379 2443 14650 8088 2719 14651 8364 1946 14652 7591 1788 14653 7433 2444 14654 8089 2444 14655 8089 1788 14656 7433 1874 14657 7519 2445 14658 8090 1700 14659 7345 2061 14660 7706 2193 14661 7838 2445 14662 8090 2061 14663 7706 2708 14664 8353 1708 14665 7353 2446 14666 8091 2446 14667 8091 2126 14668 7771 1634 14669 7279 1997 14670 7642 2228 14671 7873 2447 14672 8092 1997 14673 7642 2447 14674 8092 1671 14675 7316 2095 14676 7740 1689 14677 7334 2448 14678 8093 1723 14679 7368 2448 14680 8093 1689 14681 7334 1916 14682 7561 2449 14683 8094 1817 14684 7462 2449 14685 8094 1916 14686 7561 2719 14687 8364 2450 14688 8095 2751 14689 8396 2594 14690 8239 2608 14691 8253 1769 14692 7414 2450 14693 8095 1654 14694 7299 2739 14695 8384 2160 14696 7805 2160 14697 7805 2451 14698 8096 2235 14699 7880 2160 14700 7805 2235 14701 7880 2452 14702 8097 1644 14703 7289 2452 14704 8097 2235 14705 7880 2453 14706 8098 1785 14707 7430 2747 14708 8392 2453 14709 8098 1731 14710 7376 2176 14711 7821 1847 14712 7492 1738 14713 7383 2454 14714 8099 1738 14715 7383 2702 14716 8347 2454 14717 8099 2455 14718 8100 2752 14719 8397 1636 14720 7281 1718 14721 7363 2016 14722 7661 2455 14723 8100 1905 14724 7550 1995 14725 7640 2456 14726 8101 2216 14727 7861 2456 14728 8101 2593 14729 8238 1700 14730 7345 2457 14731 8102 1843 14732 7488 2219 14733 7864 1843 14734 7488 2457 14735 8102 2458 14736 8103 1928 14737 7573 1713 14738 7358 1819 14739 7464 2458 14740 8103 1713 14741 7358 2041 14742 7686 2459 14743 8104 1728 14744 7373 2459 14745 8104 2041 14746 7686 2417 14747 8062 2222 14748 7867 1649 14749 7294 2460 14750 8105 1649 14751 7294 2220 14752 7865 2460 14753 8105 2015 14754 7660 2461 14755 8106 2575 14756 8220 2015 14757 7660 1767 14758 7412 2461 14759 8106 1793 14760 7438 2462 14761 8107 2021 14762 7666 1793 14763 7438 1986 14764 7631 2462 14765 8107 2463 14766 8108 1840 14767 7485 2501 14768 8146 2463 14769 8108 2084 14770 7729 1840 14771 7485 2464 14772 8109 1891 14773 7536 1965 14774 7610 2470 14775 8115 1891 14776 7536 2464 14777 8109 2465 14778 8110 1967 14779 7612 2065 14780 7710 2065 14781 7710 2586 14782 8231 2465 14783 8110 2466 14784 8111 2020 14785 7665 2430 14786 8075 2466 14787 8111 1844 14788 7489 2020 14789 7665 2467 14790 8112 1811 14791 7456 2111 14792 7756 2288 14793 7933 2467 14794 8112 2111 14795 7756 1784 14796 7429 2468 14797 8113 2029 14798 7674 2468 14799 8113 1784 14800 7429 1988 14801 7633 2469 14802 8114 1705 14803 7350 1670 14804 7315 1797 14805 7442 1705 14806 7350 2469 14807 8114 2470 14808 8115 1721 14809 7366 1891 14810 7536 1721 14811 7366 2470 14812 8115 1885 14813 7530 1906 14814 7551 1954 14815 7599 2471 14816 8116 1954 14817 7599 1700 14818 7345 2471 14819 8116 2005 14820 7650 2472 14821 8117 1870 14822 7515 2688 14823 8333 2165 14824 7810 1870 14825 7515 1799 14826 7444 1957 14827 7602 2473 14828 8118 1799 14829 7444 2473 14830 8118 1682 14831 7327 1707 14832 7352 2474 14833 8119 2726 14834 8371 1814 14835 7459 2474 14836 8119 1692 14837 7337 1735 14838 7380 2475 14839 8120 2019 14840 7664 2475 14841 8120 2394 14842 8039 2019 14843 7664 2476 14844 8121 2050 14845 7695 1949 14846 7594 1668 14847 7313 2476 14848 8121 1949 14849 7594 1687 14850 7332 2477 14851 8122 2415 14852 8060 1687 14853 7332 2189 14854 7834 2477 14855 8122 2167 14856 7812 1665 14857 7310 2478 14858 8123 2502 14859 8147 2478 14860 8123 2706 14861 8351 1668 14862 7313 1846 14863 7491 2479 14864 8124 2140 14865 7785 2479 14866 8124 1846 14867 7491 1754 14868 7399 2059 14869 7704 2480 14870 8125 2480 14871 8125 2059 14872 7704 1813 14873 7458 2481 14874 8126 1864 14875 7509 2093 14876 7738 2481 14877 8126 2515 14878 8160 1864 14879 7509 2482 14880 8127 1872 14881 7517 1714 14882 7359 2482 14883 8127 1951 14884 7596 1872 14885 7517 2728 14886 8373 1973 14887 7618 1799 14888 7444 2460 14889 8105 1973 14890 7618 2483 14891 8128 1829 14892 7474 2484 14893 8129 1726 14894 7371 1829 14895 7474 1648 14896 7293 2484 14897 8129 1814 14898 7459 1692 14899 7337 2485 14900 8130 1692 14901 7337 2587 14902 8232 2485 14903 8130 2241 14904 7886 1898 14905 7543 2486 14906 8131 2486 14907 8131 1898 14908 7543 2479 14909 8124 2178 14910 7823 1876 14911 7521 2487 14912 8132 1876 14913 7521 2149 14914 7794 2487 14915 8132 2488 14916 8133 2029 14917 7674 1760 14918 7405 1760 14919 7405 2260 14920 7905 2488 14921 8133 2489 14922 8134 2121 14923 7766 1718 14924 7363 2121 14925 7766 2489 14926 8134 1836 14927 7481 2490 14928 8135 2047 14929 7692 2088 14930 7733 2519 14931 8164 2047 14932 7692 2490 14933 8135 2180 14934 7825 2491 14935 8136 1647 14936 7292 2344 14937 7989 2686 14938 8331 2180 14939 7825 1720 14940 7365 1732 14941 7377 2492 14942 8137 1732 14943 7377 2441 14944 8086 2492 14945 8137 2413 14946 8058 2493 14947 8138 1680 14948 7325 2493 14949 8138 2595 14950 8240 1680 14951 7325 2494 14952 8139 2107 14953 7752 2157 14954 7802 2157 14955 7802 1850 14956 7495 2494 14957 8139 1662 14958 7307 2007 14959 7652 2495 14960 8140 2495 14961 8140 2007 14962 7652 1919 14963 7564 2094 14964 7739 2496 14965 8141 2149 14966 7794 2094 14967 7739 1872 14968 7517 2496 14969 8141 2624 14970 8269 1728 14971 7373 2497 14972 8142 2497 14973 8142 1728 14974 7373 2459 14975 8104 1852 14976 7497 2022 14977 7667 2498 14978 8143 2258 14979 7903 2498 14980 8143 2022 14981 7667 2499 14982 8144 2029 14983 7674 1866 14984 7511 1833 14985 7478 2029 14986 7674 2499 14987 8144 1725 14988 7370 2500 14989 8145 2035 14990 7680 2500 14991 8145 2058 14992 7703 2035 14993 7680 1667 14994 7312 2501 14995 8146 2523 14996 8168 1667 14997 7312 2463 14998 8108 2501 14999 8146 2197 15000 7842 2502 15001 8147 2706 15002 8351 2390 15003 8035 2502 15004 8147 2197 15005 7842 2647 15006 8292 1822 15007 7467 2503 15008 8148 2503 15009 8148 2436 15010 8081 1715 15011 7360 2504 15012 8149 2249 15013 7894 1794 15014 7439 2363 15015 8008 2504 15016 8149 1794 15017 7439 2505 15018 8150 2128 15019 7773 1870 15020 7515 2128 15021 7773 2505 15022 8150 1682 15023 7327 2506 15024 8151 1978 15025 7623 2308 15026 7953 2451 15027 8096 2506 15028 8151 2308 15029 7953 2507 15030 8152 2393 15031 8038 1803 15032 7448 2024 15033 7669 2507 15034 8152 1803 15035 7448 1951 15036 7596 2508 15037 8153 2030 15038 7675 2030 15039 7675 2508 15040 8153 2255 15041 7900 1710 15042 7355 2584 15043 8229 2509 15044 8154 2509 15045 8154 2602 15046 8247 1710 15047 7355 1847 15048 7492 2510 15049 8155 1739 15050 7384 1901 15051 7546 1739 15052 7384 2510 15053 8155 2511 15054 8156 1695 15055 7340 2325 15056 7970 1695 15057 7340 2511 15058 8156 2517 15059 8162 1970 15060 7615 2512 15061 8157 1852 15062 7497 2022 15063 7667 1852 15064 7497 2512 15065 8157 1724 15066 7369 1902 15067 7547 2513 15068 8158 1902 15069 7547 2023 15070 7668 2513 15071 8158 2515 15078 8160 1988 15079 7633 1783 15080 7428 1864 15081 7509 2515 15082 8160 1783 15083 7428 1767 15084 7412 1909 15085 7554 2516 15086 8161 2516 15087 8161 1909 15088 7554 2528 15089 8173 2676 15090 8321 1937 15091 7582 2517 15092 8162 2517 15093 8162 1937 15094 7582 2034 15095 7679 2300 15096 7945 1851 15097 7496 2518 15098 8163 1851 15099 7496 1688 15100 7333 2518 15101 8163 2330 15102 7975 1919 15103 7564 2519 15104 8164 2519 15105 8164 1919 15106 7564 2047 15107 7692 2248 15108 7893 2058 15109 7703 2520 15110 8165 1831 15111 7476 2520 15112 8165 2058 15113 7703 2372 15114 8017 2521 15115 8166 1823 15116 7468 2521 15117 8166 2248 15118 7893 1823 15119 7468 2301 15120 7946 1868 15121 7513 2522 15122 8167 1702 15123 7347 2522 15124 8167 1868 15125 7513 1775 15126 7420 2523 15127 8168 2008 15128 7653 2272 15129 7917 2523 15130 8168 1775 15131 7420 1799 15132 7444 2169 15133 7814 2524 15134 8169 2169 15135 7814 2222 15136 7867 2524 15137 8169 1873 15138 7518 2525 15139 8170 2229 15140 7874 2569 15141 8214 2525 15142 8170 1873 15143 7518 2526 15144 8171 1643 15145 7288 1894 15146 7539 2526 15147 8171 2550 15148 8195 1643 15149 7288 2527 15150 8172 1810 15151 7455 2066 15152 7711 1810 15153 7455 2527 15154 8172 2091 15155 7736 2528 15156 8173 2064 15157 7709 1845 15158 7490 1909 15159 7554 2064 15160 7709 2528 15161 8173 2529 15162 8174 1688 15163 7333 1851 15164 7496 2073 15165 7718 1688 15166 7333 2529 15167 8174 2530 15168 8175 1813 15169 7458 1702 15170 7347 2530 15171 8175 2480 15172 8125 1813 15173 7458 2170 15174 7815 2531 15175 8176 2567 15176 8212 2531 15177 8176 2170 15178 7815 2335 15179 7980 1651 15180 7296 2532 15181 8177 2269 15182 7914 2532 15183 8177 1651 15184 7296 1785 15185 7430 2533 15186 8178 1753 15187 7398 2442 15188 8087 1753 15189 7398 2533 15190 8178 2465 15191 8110 2534 15192 8179 2138 15193 7783 2096 15194 7741 2534 15195 8179 2096 15196 7741 1638 15197 7283 1910 15198 7555 1684 15199 7329 2535 15200 8180 1910 15201 7555 2535 15202 8180 2556 15203 8201 2536 15204 8181 1994 15205 7639 1890 15206 7535 2536 15207 8181 1890 15208 7535 2049 15209 7694 2189 15210 7834 1687 15211 7332 2537 15212 8182 2189 15213 7834 2537 15214 8182 1796 15215 7441 2046 15216 7691 1806 15217 7451 2538 15218 8183 2314 15219 7959 2538 15220 8183 1806 15221 7451 1943 15222 7588 1929 15223 7574 2539 15224 8184 1661 15225 7306 1943 15226 7588 2539 15227 8184 2042 15228 7687 2540 15229 8185 2287 15230 7932 1805 15231 7450 2540 15232 8185 2042 15233 7687 1684 15234 7329 2583 15235 8228 2541 15236 8186 1684 15237 7329 2541 15238 8186 2535 15239 8180 1812 15240 7457 2542 15241 8187 2573 15242 8218 1812 15243 7457 2544 15244 8189 2542 15245 8187 2543 15246 8188 1638 15247 7283 1924 15248 7569 2543 15249 8188 2534 15250 8179 1638 15251 7283 1972 15252 7617 2544 15253 8189 1812 15254 7457 1837 15255 7482 2544 15256 8189 1972 15257 7617 2073 15258 7718 1918 15259 7563 2545 15260 8190 2073 15261 7718 2545 15262 8190 1688 15263 7333 2037 15264 7682 1666 15265 7311 2546 15266 8191 1666 15267 7311 2105 15268 7750 2546 15269 8191 2548 15276 8193 1942 15277 7587 2068 15278 7713 2162 15279 7807 2548 15280 8193 2068 15281 7713 1879 15282 7524 1850 15283 7495 2549 15284 8194 2157 15285 7802 2549 15286 8194 1850 15287 7495 2550 15288 8195 2536 15289 8181 2049 15290 7694 2550 15291 8195 2049 15292 7694 1643 15293 7288 2553 15306 8198 2262 15307 7907 1739 15308 7384 2262 15309 7907 2553 15310 8198 2172 15311 7817 2554 15312 8199 1643 15313 7288 1987 15314 7632 2371 15315 8016 2554 15316 8199 1987 15317 7632 2576 15318 8221 2555 15319 8200 1981 15320 7626 2606 15321 8251 1981 15322 7626 2555 15323 8200 2138 15324 7783 2556 15325 8201 2096 15326 7741 2138 15327 7783 1910 15328 7555 2556 15329 8201 1789 15330 7434 2557 15331 8202 1776 15332 7421 1789 15333 7434 2147 15334 7792 2557 15335 8202 2622 15336 8267 2558 15337 8203 2053 15338 7698 2296 15339 7941 2053 15340 7698 2558 15341 8203 1960 15354 7605 2561 15355 8206 2441 15356 8086 1681 15357 7326 2561 15358 8206 1960 15359 7605 2562 15360 8207 1917 15361 7562 2090 15362 7735 2562 15363 8207 2033 15364 7678 1917 15365 7562 2107 15366 7752 1678 15367 7323 2563 15368 8208 2107 15369 7752 2563 15370 8208 1744 15371 7389 2104 15372 7749 2564 15373 8209 1880 15374 7525 2284 15375 7929 1880 15376 7525 2564 15377 8209 1767 15378 7412 2565 15379 8210 1909 15380 7554 2565 15381 8210 1767 15382 7412 2102 15383 7747 2204 15384 7849 2566 15385 8211 2450 15386 8095 2566 15387 8211 2608 15388 8253 2450 15389 8095 2170 15390 7815 2567 15391 8212 1716 15392 7361 2578 15393 8223 1716 15394 7361 2567 15395 8212 2092 15396 7737 2568 15397 8213 2293 15398 7938 2092 15399 7737 1958 15400 7603 2568 15401 8213 1733 15402 7378 2569 15403 8214 2201 15404 7846 1733 15405 7378 2018 15406 7663 2569 15407 8214 1763 15420 7408 2572 15421 8217 1959 15422 7604 1636 15423 7281 2572 15424 8217 1763 15425 7408 2018 15426 7663 2573 15427 8218 2569 15428 8214 2018 15429 7663 1812 15430 7457 2573 15431 8218 2694 15432 8339 2089 15433 7734 2574 15434 8219 2089 15435 7734 2696 15436 8341 2574 15437 8219 2575 15438 8220 2461 15439 8106 2150 15440 7795 2575 15441 8220 2150 15442 7795 1696 15443 7341 1707 15444 7352 2216 15445 7861 2576 15446 8221 1707 15447 7352 2576 15448 8221 2474 15449 8119 1752 15450 7397 2577 15451 8222 2404 15452 8049 2577 15453 8222 1752 15454 7397 2158 15455 7803 2118 15456 7763 2578 15457 8223 2567 15458 8212 2578 15459 8223 2118 15460 7763 1860 15461 7505 2274 15462 7919 1965 15463 7610 2579 15464 8224 2370 15465 8015 2579 15466 8224 1965 15467 7610 2277 15468 7922 1955 15469 7600 2580 15470 8225 1955 15471 7600 2136 15472 7781 2580 15473 8225 2581 15474 8226 1708 15475 7353 2708 15476 8353 1708 15477 7353 2581 15478 8226 2476 15479 8121 2099 15480 7744 2056 15481 7701 2582 15482 8227 2582 15483 8227 1695 15484 7340 2099 15485 7744 2583 15486 8228 2201 15487 7846 2541 15488 8186 2583 15489 8228 1733 15490 7378 2201 15491 7846 1670 15492 7315 2584 15493 8229 1710 15494 7355 2584 15495 8229 1670 15496 7315 1705 15497 7350 1985 15498 7630 2137 15499 7782 2585 15500 8230 2387 15501 8032 2585 15502 8230 2137 15503 7782 2586 15504 8231 1675 15505 7320 1746 15506 7391 1675 15507 7320 2586 15508 8231 2065 15509 7710 2587 15510 8232 1692 15511 7337 1745 15512 7390 1798 15513 7443 2587 15514 8232 1745 15515 7390 2588 15516 8233 1665 15517 7310 2153 15518 7798 2617 15519 8262 2588 15520 8233 2153 15521 7798 2069 15522 7714 2589 15523 8234 1830 15524 7475 1977 15525 7622 2589 15526 8234 2069 15527 7714 2590 15528 8235 1690 15529 7335 2052 15530 7697 2425 15531 8070 2590 15532 8235 2052 15533 7697 1821 15534 7466 2236 15535 7881 2591 15536 8236 1821 15537 7466 2591 15538 8236 2384 15539 8029 2278 15540 7923 2592 15541 8237 2121 15542 7766 2592 15543 8237 2278 15544 7923 1945 15545 7590 2456 15546 8101 1995 15547 7640 2593 15548 8238 1995 15549 7640 1737 15550 7382 2593 15551 8238 2594 15552 8239 2576 15553 8221 2216 15554 7861 2594 15555 8239 2216 15556 7861 2593 15557 8238 2595 15558 8240 2717 15559 8362 1878 15560 7523 2595 15561 8240 1878 15562 7523 2579 15563 8224 2596 15564 8241 1958 15565 7603 2092 15566 7737 2596 15567 8241 1701 15568 7346 1958 15569 7603 2597 15570 8242 1920 15571 7565 1944 15572 7589 1920 15573 7565 2597 15574 8242 2398 15575 8043 2156 15576 7801 1720 15577 7365 2598 15578 8243 1923 15579 7568 2156 15580 7801 2598 15581 8243 1901 15582 7546 2599 15583 8244 2024 15584 7669 2599 15585 8244 1901 15586 7546 2256 15587 7901 2165 15588 7810 2169 15589 7814 2600 15590 8245 1682 15591 7327 2165 15592 7810 2600 15593 8245 2171 15594 7816 1877 15595 7522 2601 15596 8246 2700 15597 8345 2171 15598 7816 2601 15599 8246 2509 15600 8154 1703 15601 7348 2602 15602 8247 2602 15603 8247 1703 15604 7348 2164 15605 7809 2087 15606 7732 1858 15607 7503 2603 15608 8248 1764 15609 7409 2087 15610 7732 2603 15611 8248 2604 15612 8249 1835 15613 7480 2517 15614 8162 2264 15615 7909 1835 15616 7480 2604 15617 8249 1773 15618 7418 2605 15619 8250 1846 15620 7491 2605 15621 8250 1773 15622 7418 2028 15623 7673 2391 15624 8036 2606 15625 8251 1655 15626 7300 1655 15627 7300 2606 15628 8251 2555 15629 8200 2607 15630 8252 2052 15631 7697 2226 15632 7871 1740 15633 7385 2607 15634 8252 2226 15635 7871 2190 15636 7835 2144 15637 7789 2608 15638 8253 2144 15639 7789 1769 15640 7414 2608 15641 8253 1981 15642 7626 1825 15643 7470 2609 15644 8254 1825 15645 7470 1668 15646 7313 2609 15647 8254 1947 15648 7592 2610 15649 8255 1676 15650 7321 1947 15651 7592 2078 15652 7723 2610 15653 8255 2611 15654 8256 2575 15655 8220 1696 15656 7341 2611 15657 8256 1696 15658 7341 1994 15659 7639 2612 15660 8257 2358 15661 8003 2031 15662 7676 2612 15663 8257 2031 15664 7676 1759 15665 7404 1834 15666 7479 2062 15667 7707 2613 15668 8258 1834 15669 7479 2613 15670 8258 1682 15671 7327 1946 15672 7591 1781 15673 7426 2614 15674 8259 2614 15675 8259 1781 15676 7426 2161 15677 7806 2615 15678 8260 1721 15679 7366 1885 15680 7530 2615 15681 8260 1885 15682 7530 2114 15683 7759 1853 15684 7498 2616 15685 8261 1868 15686 7513 2356 15687 8001 2616 15688 8261 1853 15689 7498 2617 15690 8262 2153 15691 7798 1649 15692 7294 2617 15693 8262 1649 15694 7294 2222 15695 7867 2618 15696 8263 2037 15697 7682 2376 15698 8021 2618 15699 8263 1666 15700 7311 2037 15701 7682 2619 15702 8264 1635 15703 7280 2276 15704 7921 2619 15705 8264 1853 15706 7498 1635 15707 7280 2620 15708 8265 1699 15709 7344 2006 15710 7651 2620 15711 8265 2689 15712 8334 1699 15713 7344 1797 15720 7442 2622 15721 8267 1705 15722 7350 1797 15723 7442 2365 15724 8010 2622 15725 8267 1766 15726 7411 2623 15727 8268 2352 15728 7997 2274 15729 7919 2623 15730 8268 1766 15731 7411 2713 15732 8358 1856 15733 7501 2624 15734 8269 1856 15735 7501 1728 15736 7373 2624 15737 8269 1962 15738 7607 2376 15739 8021 2625 15740 8270 2274 15741 7919 1962 15742 7607 2625 15743 8270 2265 15744 7910 1648 15745 7293 2626 15746 8271 1829 15747 7474 2626 15748 8271 1648 15749 7293 1726 15750 7371 1826 15751 7471 2627 15752 8272 2140 15753 7785 2627 15754 8272 1826 15755 7471 2283 15756 7928 2628 15757 8273 2038 15758 7683 2628 15759 8273 2283 15760 7928 1758 15761 7403 2211 15864 7856 2646 15865 8291 1657 15866 7302 1657 15867 7302 2646 15868 8291 2005 15869 7650 2503 15870 8148 1715 15871 7360 2647 15872 8292 2647 15873 8292 1715 15874 7360 1944 15875 7589 1727 15966 7372 2081 15967 7726 2663 15968 8308 1727 15969 7372 2663 15970 8308 2088 15971 7733 1888 15984 7533 2666 15985 8311 1768 15986 7413 1888 15987 7533 2701 15988 8346 2666 15989 8311 2421 16026 8066 2673 16027 8318 1717 16028 7362 2673 16029 8318 2679 16030 8324 1717 16031 7362 2674 16032 8319 1809 16033 7454 2704 16034 8349 2674 16035 8319 2282 16036 7927 1809 16037 7454 1773 16038 7418 2675 16039 8320 2028 16040 7673 2028 16041 7673 2675 16042 8320 2681 16043 8326 2733 16044 8378 2676 16045 8321 2232 16046 7877 2232 16047 7877 2676 16048 8321 1835 16049 7480 1770 16050 7415 2677 16051 8322 2043 16052 7688 2043 16053 7688 2677 16054 8322 2317 16055 7962 2678 16056 8323 2430 16057 8075 1862 16058 7507 2292 16059 7937 2678 16060 8323 1862 16061 7507 2679 16062 8324 1740 16063 7385 2226 16064 7871 2679 16065 8324 2354 16066 7999 1740 16067 7385 2675 16074 8320 1855 16075 7500 2681 16076 8326 1855 16077 7500 1726 16078 7371 2681 16079 8326 1868 16080 7513 2682 16081 8327 1702 16082 7347 2682 16083 8327 2120 16084 7765 1702 16085 7347 2200 16086 7845 2683 16087 8328 1656 16088 7301 2683 16089 8328 2200 16090 7845 1793 16091 7438 2291 16092 7936 1770 16093 7415 2684 16094 8329 2291 16095 7936 2684 16096 8329 1908 16097 7553 2685 16098 8330 2006 16099 7651 2372 16100 8017 2685 16101 8330 2620 16102 8265 2006 16103 7651 2686 16104 8331 2698 16105 8343 2491 16106 8136 2686 16107 8331 2491 16108 8136 2180 16109 7825 1745 16110 7390 2302 16111 7947 2687 16112 8332 2407 16113 8052 2687 16114 8332 2302 16115 7947 2688 16116 8333 1870 16117 7515 2472 16118 8117 2688 16119 8333 2472 16120 8117 2066 16121 7711 2710 16122 8355 2077 16123 7722 2689 16124 8334 2689 16125 8334 2077 16126 7722 1699 16127 7344 1756 16134 7401 2691 16135 8336 2103 16136 7748 2691 16137 8336 1756 16138 7401 1863 16139 7508 1759 16146 7404 2693 16147 8338 2284 16148 7929 2031 16149 7676 2693 16150 8338 1759 16151 7404 1637 16152 7282 1720 16153 7365 2694 16154 8339 2694 16155 8339 2574 16156 8219 1637 16157 7282 1898 16158 7543 2695 16159 8340 1668 16160 7313 2126 16161 7771 2695 16162 8340 1898 16163 7543 1681 16164 7326 2696 16165 8341 1889 16166 7534 1889 16167 7534 2696 16168 8341 2089 16169 7734 1674 16170 7319 2496 16171 8141 2697 16172 8342 1674 16173 7319 2697 16174 8342 1951 16175 7596 2686 16176 8331 1742 16177 7387 2698 16178 8343 2698 16179 8343 1742 16180 7387 2085 16181 7730 1833 16182 7478 2499 16183 8144 2699 16184 8344 1833 16185 7478 2699 16186 8344 2215 16187 7860 2206 16188 7851 1693 16189 7338 2700 16190 8345 1693 16191 7338 2171 16192 7816 2700 16193 8345 2701 16194 8346 1947 16195 7592 1676 16196 7321 2701 16197 8346 1676 16198 7321 2666 16199 8311 2702 16200 8347 1644 16201 7289 2235 16202 7880 2702 16203 8347 2749 16204 8394 1644 16205 7289 2703 16206 8348 1837 16207 7482 2079 16208 7724 2703 16209 8348 2079 16210 7724 2036 16211 7681 2320 16212 7965 1950 16213 7595 2704 16214 8349 1950 16215 7595 1911 16216 7556 2704 16217 8349 1857 16218 7502 2705 16219 8350 2711 16220 8356 1857 16221 7502 2490 16222 8135 2705 16223 8350 2706 16224 8351 1665 16225 7310 2588 16226 8233 2478 16227 8123 1665 16228 7310 2706 16229 8351 1822 16230 7467 2707 16231 8352 1944 16232 7589 1822 16233 7467 2647 16234 8292 2707 16235 8352 2708 16236 8353 2446 16237 8091 1634 16238 7279 2421 16239 8066 2708 16240 8353 1634 16241 7279 2135 16242 7780 2709 16243 8354 2071 16244 7716 2709 16245 8354 1680 16246 7325 2071 16247 7716 2710 16248 8355 1986 16249 7631 2077 16250 7722 1986 16251 7631 2710 16252 8355 2462 16253 8107 1701 16254 7346 2711 16255 8356 1958 16256 7603 1701 16257 7346 1857 16258 7502 2711 16259 8356 2062 16260 7707 2712 16261 8357 1706 16262 7351 2712 16263 8357 1946 16264 7591 1706 16265 7351 2713 16266 8358 2063 16267 7708 2187 16268 7832 1856 16269 7501 2713 16270 8358 2187 16271 7832 2714 16272 8359 1908 16273 7553 2440 16274 8085 2714 16275 8359 2291 16276 7936 1908 16277 7553 2715 16278 8360 1766 16279 7411 2145 16280 7790 1871 16281 7516 2715 16282 8360 2145 16283 7790 2716 16284 8361 1963 16285 7608 2517 16286 8162 2511 16287 8156 1963 16288 7608 2716 16289 8361 2251 16290 7896 2717 16291 8362 2284 16292 7929 1878 16293 7523 2717 16294 8362 2251 16295 7896 1728 16296 7373 1856 16297 7501 2718 16298 8363 2718 16299 8363 2041 16300 7686 1728 16301 7373 2115 16302 7760 1939 16303 7584 2719 16304 8364 2719 16305 8364 1939 16306 7584 1875 16307 7520 2720 16308 8365 2088 16309 7733 2047 16310 7692 2720 16311 8365 1727 16312 7372 2088 16313 7733 2187 16314 7832 2063 16315 7708 2721 16316 8366 2721 16317 8366 2063 16318 7708 1778 16319 7423 2726 16344 8371 1814 16345 7459 2485 16346 8130 2726 16347 8371 2474 16348 8119 1814 16349 7459 2727 16350 8372 2148 16351 7793 2520 16352 8165 1719 16353 7364 2148 16354 7793 2727 16355 8372 2728 16356 8373 2524 16357 8169 2483 16358 8128 2728 16359 8373 2483 16360 8128 1973 16361 7618 2093 16368 7738 1864 16369 7509 2730 16370 8375 2323 16371 7968 2093 16372 7738 2730 16373 8375 2365 16374 8010 2731 16375 8376 2249 16376 7894 2731 16377 8376 2743 16378 8388 2249 16379 7894 1810 16380 7455 1732 16381 7377 2732 16382 8377 1732 16383 7377 2165 16384 7810 2732 16385 8377 1633 16386 7278 2733 16387 8378 2347 16388 7992 1633 16389 7278 2531 16390 8176 2733 16391 8378 2036 16392 7681 2314 16393 7959 2734 16394 8379 2036 16395 7681 2734 16396 8379 1730 16397 7375 2628 16410 8273 2737 16411 8382 2038 16412 7683 2737 16413 8382 1828 16414 7473 2038 16415 7683 2072 16416 7717 2738 16417 8383 2397 16418 8042 2738 16419 8383 1737 16420 7382 2397 16421 8042 2506 16422 8151 2451 16423 8096 2739 16424 8384 2160 16425 7805 2739 16426 8384 2451 16427 8096 1928 16428 7573 1815 16429 7460 2740 16430 8385 1815 16431 7460 2000 16432 7645 2740 16433 8385 1770 16440 7415 2742 16441 8387 2677 16442 8322 2742 16443 8387 1770 16444 7415 2167 16445 7812 2249 16446 7894 2743 16447 8388 1794 16448 7439 2211 16449 7856 1794 16450 7439 2743 16451 8388 2083 16464 7728 2746 16465 8391 1720 16466 7365 2746 16467 8391 2083 16468 7728 1959 16469 7604 2747 16470 8392 1731 16471 7376 2453 16472 8098 2349 16473 7994 1731 16474 7376 2747 16475 8392 2748 16476 8393 1957 16477 7602 1834 16478 7479 2748 16479 8393 2473 16480 8118 1957 16481 7602 2749 16482 8394 1738 16483 7383 2296 16484 7941 2702 16485 8347 1738 16486 7383 2749 16487 8394 2180 16488 7825 1647 16489 7292 2750 16490 8395 2750 16491 8395 1647 16492 7292 2290 16493 7935 2751 16494 8396 2450 16495 8095 1769 16496 7414 2751 16497 8396 1769 16498 7414 2405 16499 8050 2752 16500 8397 2016 16501 7661 2406 16502 8051 2016 16503 7661 2752 16504 8397 2455 16505 8100</p>
        </triangles>
        <triangles count="348" material="CarbonFBXASC032FiberFBXASC032-FBXASC032Twill">
          <input semantic="VERTEX" offset="0" source="#bottom_cover-VERTEX"/>
          <input semantic="NORMAL" offset="1" source="#bottom_cover-Normal0"/>
          <input semantic="TEXCOORD" offset="2" set="0" source="#bottom_cover-UV0"/>
          <p> 2307 9822 7952 2570 9823 8215 1772 9824 7417 2383 9825 8028 2551 9826 8196 2067 9827 7712 2203 9828 7848 2184 9829 7829 1922 9830 7567 1771 9831 7416 2571 9832 8216 2246 9833 7891 2086 9852 7731 1772 9853 7417 2570 9854 8215 2181 9855 7826 1729 9856 7374 1841 9857 7486 2127 9858 7772 2067 9859 7712 2551 9860 8196 2723 9861 8368 1741 9862 7386 2223 9863 7868 2212 9882 7857 2649 9883 8294 2630 9884 8275 1926 9885 7571 2179 9886 7824 1900 9887 7545 1645 9894 7290 2744 9895 8389 2667 9896 8312 2210 9897 7855 2309 9898 7954 2660 9899 8305 1896 9900 7541 2263 9901 7908 1646 9902 7291 2139 9903 7784 2379 9904 8024 2552 9905 8197 2123 9906 7768 1914 9907 7559 2266 9908 7911 2139 9909 7784 2552 9910 8197 2285 9911 7930 1755 9942 7400 2310 9943 7955 2633 9944 8278 2650 9945 8295 2307 9946 7952 1772 9947 7417 1771 9948 7416 2306 9949 7951 2571 9950 8216 1975 9951 7620 2632 9952 8277 2634 9953 8279 2385 9966 8030 1704 9967 7349 2199 9968 7844 2011 9969 7656 2125 9970 7770 2045 9971 7690 2186 10002 7831 2386 10003 8031 2257 10004 7902 2383 10005 8028 1893 10006 7538 2551 10007 8196 2261 10026 7906 2133 10027 7778 1915 10028 7560 2654 10029 8299 2645 10030 8290 2208 10031 7853 2055 10050 7700 2012 10051 7657 2124 10052 7769 1976 10053 7621 2631 10054 8276 2640 10055 8285 2306 10134 7951 1771 10135 7416 2651 10136 8296 2379 10137 8024 1895 10138 7540 2552 10139 8197 2239 10152 7884 1854 10153 7499 2131 10154 7776 2656 10155 8301 2636 10156 8281 2185 10157 7830 2723 10212 8368 2142 10213 7787 1741 10214 7386 1729 10215 7374 2655 10216 8300 2168 10217 7813 1938 10362 7583 2195 10363 7840 2639 10364 8284 2641 10365 8286 2195 10366 7840 1938 10367 7583 1892 10404 7537 1761 10405 7406 2244 10406 7889 2669 10407 8314 2244 10408 7889 1743 10409 7388 1961 10434 7606 2247 10435 7892 1820 10436 7465 2134 10437 7779 2247 10438 7892 1961 10439 7606 1927 10446 7572 2185 10447 7830 2657 10448 8302 2656 10449 8301 2185 10450 7830 1927 10451 7572 1704 10482 7349 2680 10483 8325 2199 10484 7844 2210 10485 7855 2660 10486 8305 2547 10487 8192 2514 10494 8159 1755 10495 7400 2633 10496 8278 2729 10497 8374 2186 10498 7831 2692 10499 8337 2725 10518 8370 2729 10519 8374 2692 10520 8337 2514 10521 8159 1926 10522 7571 2559 10523 8204 1956 10554 7601 2239 10555 7884 2131 10556 7776 2132 10557 7777 2239 10558 7884 1956 10559 7601 2110 10614 7755 2243 10615 7888 1761 10616 7406 2668 10617 8313 1743 10618 7388 2243 10619 7888 1646 10620 7291 2108 10621 7753 2250 10622 7895 2745 10623 8390 2672 10624 8317 1645 10625 7290 1938 10830 7583 2639 10831 8284 2644 10832 8289 1807 10833 7452 2134 10834 7779 1961 10835 7606 2132 10884 7777 1816 10885 7461 2239 10886 7884 2185 10887 7830 2637 10888 8282 2657 10889 8302 2247 10908 7892 2143 10909 7788 1820 10910 7465 2641 10911 8286 2653 10912 8298 2195 10913 7840 1839 11022 7484 2245 11023 7890 2661 11024 8306 2662 11025 8307 2245 11026 7890 1839 11027 7484 2560 11034 8205 2547 11035 8192 1841 11036 7486 2680 11037 8325 2690 11038 8335 2621 11039 8266 1677 11082 7322 2383 11083 8028 2067 11084 7712 2307 11085 7952 2658 11086 8303 2570 11087 8215 2266 11112 7911 1694 11113 7339 2122 11114 7767 2629 11115 8274 2648 11116 8293 2212 11117 7857 2159 11142 7804 2286 11143 7931 1859 11144 7504 1859 11145 7504 2286 11146 7931 1673 11147 7318 2379 11340 8024 2139 11341 7784 1736 11342 7381 2306 11343 7951 2659 11344 8304 2571 11345 8216 2638 11346 8283 1976 11347 7621 2642 11348 8287 2012 11349 7657 1640 11350 7285 2129 11351 7774 2011 11358 7656 1639 11359 7284 2130 11360 7775 1975 11361 7620 2635 11362 8280 2643 11363 8288 1652 11364 7297 2159 11365 7804 1859 11366 7504 1839 11367 7484 2661 11368 8306 2652 11369 8297 1650 11388 7295 2212 11389 7857 2630 11390 8275 2629 11391 8274 2212 11392 7857 1650 11393 7295 1926 11472 7571 1751 11473 7396 2179 11474 7824 2735 11475 8380 2203 11476 7848 1922 11477 7567 2223 11478 7868 1741 11479 7386 2736 11480 8381 1749 11481 7394 2181 11482 7826 1841 11483 7486 1653 11520 7298 2266 11521 7911 2122 11522 7767 2123 11523 7768 2266 11524 7911 1653 11525 7298 2741 11544 8386 1926 11545 7571 1900 11546 7545 2203 11547 7848 2725 11548 8370 2184 11549 7829 1743 11550 7388 2213 11551 7858 2671 11552 8316 2670 11553 8315 2213 11554 7858 1743 11555 7388 1934 11592 7579 1691 11593 7336 2267 11594 7912 2213 11595 7858 2665 11596 8310 2671 11597 8316 2267 11598 7912 1641 11599 7286 1935 11600 7580 2670 11601 8315 2664 11602 8309 2213 11603 7858 2208 11616 7853 1938 11617 7583 2644 11618 8289 2645 11619 8290 1938 11620 7583 2208 11621 7853 2286 11634 7931 1941 11635 7586 1673 11636 7318 2662 11637 8307 2722 11638 8367 2245 11639 7890 1761 11724 7406 2267 11725 7912 1935 11726 7580 1934 11727 7579 2267 11728 7912 1761 11729 7406 1807 11754 7452 1961 11755 7606 2261 11756 7906 2261 11757 7906 1961 11758 7606 2133 11759 7778 1660 11838 7305 1975 11839 7620 2634 11840 8279 1975 11841 7620 1660 11842 7305 2635 11843 8280 1976 11844 7621 1659 11845 7304 2642 11846 8287 1659 11847 7304 1976 11848 7621 2640 11849 8285 1663 12054 7308 2011 12055 7656 2130 12056 7775 2011 12057 7656 1663 12058 7308 2125 12059 7770 1669 12060 7314 2012 12061 7657 2129 12062 7774 2012 12063 7657 1669 12064 7314 2124 12065 7769 2385 12258 8030 2045 12259 7690 1704 12260 7349 2309 12261 7954 2210 12262 7855 2632 12263 8277 2257 12318 7902 2386 12319 8031 2055 12320 7700 2310 12321 7955 1755 12322 7400 2631 12323 8276 1849 12390 7494 2067 12391 7712 2127 12392 7772 2086 12393 7731 2570 12394 8215 2724 12395 8369 2672 12504 8317 2086 12505 7731 1645 12506 7290 1645 12507 7290 2086 12508 7731 2724 12509 8369 2127 12636 7772 2551 12637 8196 2108 12638 7753 2672 12639 8317 1772 12640 7417 2086 12641 7731 2552 12648 8197 2110 12649 7755 2285 12650 7930 1771 12651 7416 2246 12652 7891 2668 12653 8313 1653 12720 7298 2122 12721 7767 1854 12722 7499 2636 12723 8281 2629 12724 8274 1650 12725 7295 1816 12726 7461 2123 12727 7768 1653 12728 7298 1650 12729 7295 2630 12730 8275 2637 12731 8282 1659 12732 7304 2640 12733 8285 2658 12734 8303 2124 12735 7769 1669 12736 7314 1677 12737 7322 1663 12738 7308 1736 12739 7381 2125 12740 7770 1660 12741 7305 2634 12742 8279 2659 12743 8304 1849 12750 7494 2127 12751 7772 1646 12752 7291 1646 12753 7291 2127 12754 7772 2108 12755 7753 2642 12762 8287 1659 12763 7304 2650 12764 8295 1669 12765 7314 2129 12766 7774 1893 12767 7538 1663 12768 7308 2130 12769 7775 1895 12770 7540 1660 12771 7305 2651 12772 8296 2635 12773 8280 1956 12774 7601 2131 12775 7776 1641 12776 7286 2664 12777 8309 2656 12778 8301 1927 12779 7572 1691 12780 7336 2132 12781 7777 1956 12782 7601 1927 12783 7572 2657 12784 8302 2665 12785 8310 1961 12786 7606 1820 12787 7465 2133 12788 7778 2645 12789 8290 2641 12790 8286 1938 12791 7583 2195 12792 7840 2652 12793 8297 2639 12794 8284 2134 12795 7779 1652 12796 7297 2247 12797 7892 2139 12822 7784 2285 12823 7930 1892 12824 7537 2571 12825 8216 2669 12826 8314 2246 12827 7891 2142 12840 7787 1807 12841 7452 2261 12842 7906 2208 12843 7853 2644 12844 8289 2655 12845 8300 2653 12846 8298 2662 12847 8307 1839 12848 7484 1859 12849 7504 1673 12850 7318 2143 12851 7788 2245 12942 7890 2667 12943 8312 2661 12944 8306 2159 12945 7804 1896 12946 7541 2286 12947 7931 1841 12996 7486 1729 12997 7374 2168 12998 7813 2621 12999 8266 2723 13000 8368 2223 13001 7868 1914 13062 7559 2735 13063 8380 1922 13064 7567 1900 13065 7545 2179 13066 7824 2649 13067 8294 1741 13074 7386 1915 13075 7560 2736 13076 8381 2181 13077 7826 2654 13078 8299 1729 13079 7374 1922 13092 7567 2184 13093 7829 1694 13094 7339 2648 13095 8293 2741 13096 8386 1900 13097 7545 2185 13098 7830 1650 13099 7295 2637 13100 8282 2636 13101 8281 1650 13102 7295 2185 13103 7830 2386 13104 8031 2186 13105 7831 1640 13106 7285 2633 13107 8278 2310 13108 7955 2638 13109 8283 2653 13158 8298 1839 13159 7484 2195 13160 7840 2195 13161 7840 1839 13162 7484 2652 13163 8297 2309 13182 7954 2643 13183 8288 2660 13184 8305 2385 13185 8030 2199 13186 7844 1639 13187 7284 2186 13206 7831 2729 13207 8374 2514 13208 8159 2203 13209 7848 2735 13210 8380 1751 13211 7396 2654 13236 8299 2208 13237 7853 1729 13238 7374 1729 13239 7374 2208 13240 7853 2655 13241 8300 1704 13248 7349 2045 13249 7690 2210 13250 7855 2690 13251 8335 2560 13252 8205 1841 13253 7486 2212 13260 7857 1900 13261 7545 2649 13262 8294 2648 13263 8293 1900 13264 7545 2212 13265 7857 2213 13266 7858 1927 13267 7572 2665 13268 8310 2664 13269 8309 1927 13270 7572 2213 13271 7858 1749 13326 7394 2223 13327 7868 2736 13328 8381 2199 13329 7844 2680 13330 8325 2547 13331 8192 2239 13422 7884 1653 13423 7298 1854 13424 7499 1816 13425 7461 1653 13426 7298 2239 13427 7884 1743 13446 7388 2671 13447 8316 2243 13448 7888 2243 13449 7888 1934 13450 7579 1761 13451 7406 2244 13452 7889 2670 13453 8315 1743 13454 7388 1761 13455 7406 1935 13456 7580 2244 13457 7889 2245 13458 7890 1645 13459 7290 2667 13460 8312 2722 13461 8367 1645 13462 7290 2245 13463 7890 2246 13464 7891 1743 13465 7388 2668 13466 8313 2669 13467 8314 1743 13468 7388 2246 13469 7891 2247 13470 7892 1859 13471 7504 2143 13472 7788 1652 13473 7297 1859 13474 7504 2247 13475 7892 1646 13488 7291 2250 13489 7895 1941 13490 7586 2722 13491 8367 2745 13492 8390 1645 13493 7290 2559 13530 8204 1926 13531 7571 2692 13532 8337 2257 13533 7902 2055 13534 7700 1755 13535 7400 1741 13554 7386 2261 13555 7906 1915 13556 7560 2142 13557 7787 2261 13558 7906 1741 13559 7386 2263 13566 7908 1849 13567 7494 1646 13568 7291 1645 13569 7290 2724 13570 8369 2744 13571 8389 2266 13584 7911 1922 13585 7567 1694 13586 7339 1914 13587 7559 1922 13588 7567 2266 13589 7911 2267 13590 7912 1956 13591 7601 1641 13592 7286 1691 13593 7336 1956 13594 7601 2267 13595 7912 2285 13698 7930 1761 13699 7406 1892 13700 7537 2110 13701 7755 1761 13702 7406 2285 13703 7930 2286 13704 7931 1646 13705 7291 1941 13706 7586 1896 13707 7541 1646 13708 7291 2286 13709 7931 1660 13824 7305 2306 13825 7951 2651 13826 8296 2306 13827 7951 1660 13828 7305 2659 13829 8304 1659 13830 7304 2307 13831 7952 2650 13832 8295 2307 13833 7952 1659 13834 7304 2658 13835 8303 2309 13842 7954 1975 13843 7620 2643 13844 8288 1975 13845 7620 2309 13846 7954 2632 13847 8277 1976 13848 7621 2310 13849 7955 2631 13850 8276 2310 13851 7955 1976 13852 7621 2638 13853 8283 1663 14262 7308 2379 14263 8024 1736 14264 7381 2379 14265 8024 1663 14266 7308 1895 14267 7540 1669 14286 7314 2383 14287 8028 1677 14288 7322 2383 14289 8028 1669 14290 7314 1893 14291 7538 2385 14298 8030 2011 14299 7656 2045 14300 7690 2011 14301 7656 2385 14302 8030 1639 14303 7284 2012 14304 7657 2386 14305 8031 1640 14306 7285 2386 14307 8031 2012 14308 7657 2055 14309 7700 2203 15072 7848 1751 15073 7396 2514 15074 8159 2514 15075 8159 1751 15076 7396 1926 15077 7571 2547 15270 8192 1749 15271 7394 1841 15272 7486 2680 15273 8325 1749 15274 7394 2547 15275 8192 2108 15294 7753 2551 15295 8196 1772 15296 7417 2551 15297 8196 2650 15298 8295 1772 15299 7417 2552 15300 8197 2651 15301 8296 1771 15302 7416 2110 15303 7755 2552 15304 8197 1771 15305 7416 1755 15342 7400 2514 15343 8159 2559 15344 8204 2257 15345 7902 1755 15346 7400 2559 15347 8204 2210 15348 7855 2547 15349 8192 2560 15350 8205 1704 15351 7349 2210 15352 7855 2560 15353 8205 2067 15408 7712 1849 15409 7494 2570 15410 8215 2067 15411 7712 2570 15412 8215 2658 15413 8303 2139 15414 7784 1892 15415 7537 2571 15416 8216 2139 15417 7784 2571 15418 8216 2659 15419 8304 2621 15714 8266 2690 15715 8335 1841 15716 7486 2621 15717 8266 1841 15718 7486 2168 15719 7813 1854 15762 7499 2122 15763 7767 2629 15764 8274 2122 15765 7767 2648 15766 8293 2629 15767 8274 2123 15768 7768 1816 15769 7461 2630 15770 8275 2123 15771 7768 2630 15772 8275 2649 15773 8294 2055 15774 7700 2124 15775 7769 2631 15776 8276 2055 15777 7700 2631 15778 8276 1755 15779 7400 2045 15780 7690 2125 15781 7770 2632 15782 8277 2045 15783 7690 2632 15784 8277 2210 15785 7855 2186 15786 7831 2514 15787 8159 2633 15788 8278 1640 15789 7285 2186 15790 7831 2633 15791 8278 2125 15792 7770 2634 15793 8279 2632 15794 8277 2125 15795 7770 1736 15796 7381 2634 15797 8279 2130 15798 7775 2643 15799 8288 2635 15800 8280 1895 15801 7540 2130 15802 7775 2635 15803 8280 1854 15804 7499 2629 15805 8274 2636 15806 8281 2131 15807 7776 1854 15808 7499 2636 15809 8281 1816 15810 7461 2132 15811 7777 2637 15812 8282 1816 15813 7461 2637 15814 8282 2630 15815 8275 2129 15816 7774 1640 15817 7285 2638 15818 8283 1640 15819 7285 2633 15820 8278 2638 15821 8283 2134 15822 7779 2644 15823 8289 2639 15824 8284 1652 15825 7297 2134 15826 7779 2639 15827 8284 2124 15828 7769 2640 15829 8285 2631 15830 8276 2124 15831 7769 1677 15832 7322 2640 15833 8285 1820 15834 7465 2143 15835 7788 2641 15836 8286 1820 15837 7465 2641 15838 8286 2645 15839 8290 2129 15840 7774 2638 15841 8283 2642 15842 8287 1893 15843 7538 2129 15844 7774 2642 15845 8287 2130 15846 7775 1639 15847 7284 2643 15848 8288 1639 15849 7284 2660 15850 8305 2643 15851 8288 1807 15852 7452 2655 15853 8300 2644 15854 8289 2134 15855 7779 1807 15856 7452 2644 15857 8289 2133 15858 7778 1820 15859 7465 2645 15860 8290 2133 15861 7778 2645 15862 8290 2654 15863 8299 1694 15876 7339 2741 15877 8386 2648 15878 8293 2122 15879 7767 1694 15880 7339 2648 15881 8293 1914 15882 7559 2123 15883 7768 2649 15884 8294 1914 15885 7559 2649 15886 8294 2179 15887 7824 1893 15888 7538 2642 15889 8287 2650 15890 8295 2551 15891 8196 1893 15892 7538 2650 15893 8295 1895 15894 7540 2635 15895 8280 2651 15896 8296 2552 15897 8197 1895 15898 7540 2651 15899 8296 1652 15900 7297 2639 15901 8284 2652 15902 8297 2159 15903 7804 1652 15904 7297 2652 15905 8297 2143 15906 7788 1673 15907 7318 2653 15908 8298 2143 15909 7788 2653 15910 8298 2641 15911 8286 1915 15912 7560 2133 15913 7778 2654 15914 8299 1915 15915 7560 2654 15916 8299 2181 15917 7826 2142 15918 7787 2168 15919 7813 2655 15920 8300 1807 15921 7452 2142 15922 7787 2655 15923 8300 2131 15924 7776 2636 15925 8281 2656 15926 8301 1641 15927 7286 2131 15928 7776 2656 15929 8301 2132 15930 7777 1691 15931 7336 2657 15932 8302 2132 15933 7777 2657 15934 8302 2637 15935 8282 1677 15936 7322 2067 15937 7712 2658 15938 8303 1677 15939 7322 2658 15940 8303 2640 15941 8285 1736 15942 7381 2139 15943 7784 2659 15944 8304 1736 15945 7381 2659 15946 8304 2634 15947 8279 2199 15948 7844 2547 15949 8192 2660 15950 8305 1639 15951 7284 2199 15952 7844 2660 15953 8305 2159 15954 7804 2652 15955 8297 2661 15956 8306 1896 15957 7541 2159 15958 7804 2661 15959 8306 1673 15960 7318 1941 15961 7586 2662 15962 8307 1673 15963 7318 2662 15964 8307 2653 15965 8298 1935 15972 7580 1641 15973 7286 2664 15974 8309 1641 15975 7286 2656 15976 8301 2664 15977 8309 1691 15978 7336 1934 15979 7579 2665 15980 8310 1691 15981 7336 2665 15982 8310 2657 15983 8302 1896 15990 7541 2661 15991 8306 2667 15992 8312 2263 15993 7908 1896 15994 7541 2667 15995 8312 2110 15996 7755 1771 15997 7416 2668 15998 8313 2243 15999 7888 2110 16000 7755 2668 16001 8313 1892 16002 7537 2669 16003 8314 2571 16004 8216 1892 16005 7537 2244 16006 7889 2669 16007 8314 1935 16008 7580 2664 16009 8309 2670 16010 8315 2244 16011 7889 1935 16012 7580 2670 16013 8315 1934 16014 7579 2243 16015 7888 2671 16016 8316 1934 16017 7579 2671 16018 8316 2665 16019 8310 2108 16020 7753 1772 16021 7417 2672 16022 8317 2250 16023 7895 2108 16024 7753 2672 16025 8317 2680 16068 8325 2621 16069 8266 2223 16070 7868 1749 16071 7394 2680 16072 8325 2223 16073 7868 2680 16128 8325 1704 16129 7349 2690 16130 8335 2690 16131 8335 1704 16132 7349 2560 16133 8205 2692 16140 8337 2186 16141 7831 2257 16142 7902 2692 16143 8337 2257 16144 7902 2559 16145 8204 1941 16320 7586 2745 16321 8390 2722 16322 8367 1941 16323 7586 2722 16324 8367 2662 16325 8307 2723 16326 8368 2621 16327 8266 2168 16328 7813 2142 16329 7787 2723 16330 8368 2168 16331 7813 1849 16332 7494 2724 16333 8369 2570 16334 8215 1849 16335 7494 2744 16336 8389 2724 16337 8369 1926 16338 7571 2184 16339 7829 2725 16340 8370 1926 16341 7571 2725 16342 8370 2692 16343 8337 2729 16362 8374 2203 16363 7848 2514 16364 8159 2729 16365 8374 2725 16366 8370 2203 16367 7848 2735 16398 8380 1914 16399 7559 2179 16400 7824 2735 16401 8380 2179 16402 7824 1751 16403 7396 2181 16404 7826 1749 16405 7394 2736 16406 8381 2736 16407 8381 1915 16408 7560 2181 16409 7826 2184 16434 7829 1926 16435 7571 2741 16436 8386 1694 16437 7339 2184 16438 7829 2741 16439 8386 2263 16452 7908 2667 16453 8312 2744 16454 8389 1849 16455 7494 2263 16456 7908 2744 16457 8389 2250 16458 7895 2672 16459 8317 2745 16460 8390 1941 16461 7586 2250 16462 7895 2745 16463 8390</p>
        </triangles>
      </mesh>
    </geometry>
  </library_geometries>
  <library_visual_scenes>
    <visual_scene id="robocore_body_bottom" name="robocore_body_bottom">
      <node name="bottom_cover" id="bottom_cover" sid="bottom_cover">
        <matrix sid="matrix">9.999998 -0.000022 -0.000026 -0.000000 0.000026 0.000248 10.000001 0.000001 0.000022 9.999999 -0.000248 -0.000000 0.000000 0.000000 0.000000 1.000000</matrix>
        <instance_geometry url="#bottom_cover-lib">
          <bind_material>
            <technique_common>
              <instance_material symbol="OpaqueFBXASC040240FBXASC044245FBXASC044247FBXASC041FBXASC032FBXASC0401FBXASC041" target="#OpaqueFBXASC040240FBXASC044245FBXASC044247FBXASC041FBXASC032FBXASC0401FBXASC041"/>
              <instance_material symbol="PlasticFBXASC032-FBXASC032MatteFBXASC032FBXASC040BlackFBXASC041" target="#PlasticFBXASC032-FBXASC032MatteFBXASC032FBXASC040BlackFBXASC041"/>
              <instance_material symbol="CarbonFBXASC032FiberFBXASC032-FBXASC032Twill" target="#CarbonFBXASC032FiberFBXASC032-FBXASC032Twill"/>
            </technique_common>
          </bind_material>
        </instance_geometry>
        <extra>
          <technique profile="FCOLLADA">
            <visibility>1.000000</visibility>
          </technique>
        </extra>
      </node>
      <extra>
        <technique profile="MAX3D">
          <frame_rate>30.000000</frame_rate>
        </technique>
        <technique profile="FCOLLADA">
          <start_time>0.000000</start_time>
          <end_time>3.333333</end_time>
        </technique>
      </extra>
    </visual_scene>
  </library_visual_scenes>
  <scene>
    <instance_visual_scene url="#robocore_body_bottom"/>
  </scene>
</COLLADA>
